node_id,longitude,latitude,node_type,source_id
N12d4796945_41d8905942,12.4796945,41.8905942,road_vertex,way/1216287334
N12d4796963_41d8905625,12.4796963,41.8905625,road_vertex,way/1216287334
N12d4797073_41d8905308,12.4797073,41.8905308,road_vertex,way/1216287334
N12d4797178_41d8906177,12.4797178,41.8906177,road_vertex,way/1216287334
N12d4798244_41d8906419,12.4798244,41.8906419,road_vertex,way/1216287334
N12d4799608_41d8901664,12.4799608,41.8901664,road_vertex,way/1216287334
N12d4799641_41d8828274,12.4799641,41.8828274,road_vertex,way/24534435
N12d4800076_41d8901444,12.4800076,41.8901444,road_vertex,way/1216287334
N12d4800289_41d8853461,12.4800289,41.8853461,road_vertex,way/24534753
N12d4800346_41d8841271,12.4800346,41.8841271,road_vertex,way/24468733
N12d4800355_41d8901418,12.4800355,41.8901418,road_vertex,way/1216287334
N12d4801313_41d8936403,12.4801313,41.8936403,road_vertex,way/125226016
N12d4801356_41d8949619,12.4801356,41.8949619,road_vertex,way/218949681
N12d4801619_41d8942877,12.4801619,41.8942877,road_vertex,way/41156437
N12d4802084_41d8843736,12.4802084,41.8843736,road_vertex,way/24534751
N12d4802112_41d8897696,12.4802112,41.8897696,road_vertex,way/1216287334
N12d4802145_41d8963353,12.4802145,41.8963353,road_vertex,way/36780069
N12d4802472_41d8896296,12.4802472,41.8896296,road_vertex,way/1216287334
N12d4802534_41d8963164,12.4802534,41.8963164,road_vertex,way/140186878
N12d4802548_41d8935728,12.4802548,41.8935728,road_vertex,way/125226016
N12d4802563_41d8943063,12.4802563,41.8943063,road_vertex,way/41156437
N12d4802591_41d8963008,12.4802591,41.8963008,road_vertex,way/140186878
N12d4802644_41d8949812,12.4802644,41.8949812,road_vertex,way/218949681
N12d4802727_41d8844189,12.4802727,41.8844189,road_vertex,way/24534751
N12d4802795_41d8843206,12.4802795,41.8843206,road_vertex,way/24468852
N12d4802863_41d8895091,12.4802863,41.8895091,road_vertex,way/1216287334
N12d4803021_41d8948869,12.4803021,41.8948869,road_vertex,way/1137951732
N12d4803024_41d8949037,12.4803024,41.8949037,road_vertex,way/1137951732
N12d4803038_41d8948782,12.4803038,41.8948782,road_vertex,way/1137951732
N12d4803038_41d8949176,12.4803038,41.8949176,road_vertex,way/1137951732
N12d4803094_41d8949313,12.4803094,41.8949313,road_vertex,way/1137951732
N12d4803099_41d8948716,12.4803099,41.8948716,road_vertex,way/1137951732
N12d4803109_41d8964064,12.4803109,41.8964064,road_vertex,way/1197185105
N12d4803146_41d8949400,12.4803146,41.8949400,road_vertex,way/1137951732
N12d4803153_41d8851826,12.4803153,41.8851826,road_vertex,way/24534753
N12d4803170_41d8935865,12.4803170,41.8935865,road_vertex,way/125226016
N12d4803199_41d8949445,12.4803199,41.8949445,road_vertex,way/1137951732
N12d4803302_41d8949479,12.4803302,41.8949479,road_vertex,way/1137951732
N12d4803305_41d8963588,12.4803305,41.8963588,road_vertex,way/36780069
N12d4803357_41d8893744,12.4803357,41.8893744,road_vertex,way/1216287334
N12d4803413_41d8963324,12.4803413,41.8963324,road_vertex,way/140186878
N12d4803429_41d8892585,12.4803429,41.8892585,road_vertex,way/43675696
N12d4803469_41d8963186,12.4803469,41.8963186,road_vertex,way/140186878
N12d4803541_41d8907623,12.4803541,41.8907623,road_vertex,way/1216287334
N12d4803557_41d8949990,12.4803557,41.8949990,road_vertex,way/218949681
N12d4803609_41d8962857,12.4803609,41.8962857,road_vertex,way/28159703
N12d4803624_41d8857081,12.4803624,41.8857081,road_vertex,way/40872929
N12d4803641_41d8856909,12.4803641,41.8856909,road_vertex,way/40872929
N12d4803678_41d8857253,12.4803678,41.8857253,road_vertex,way/40872929
N12d4803738_41d8962574,12.4803738,41.8962574,road_vertex,way/1197185107
N12d4803771_41d8893713,12.4803771,41.8893713,road_vertex,way/1216287334
N12d4803830_41d8907567,12.4803830,41.8907567,road_vertex,way/1216287334
N12d4803962_41d8907427,12.4803962,41.8907427,road_vertex,way/1216287334
N12d4804001_41d8893179,12.4804001,41.8893179,road_vertex,way/43675696
N12d4804055_41d8857884,12.4804055,41.8857884,road_vertex,way/40872929
N12d4804150_41d8917117,12.4804150,41.8917117,road_vertex,way/1238101044
N12d4804159_41d8845338,12.4804159,41.8845338,road_vertex,way/24534751
N12d4804159_41d8906977,12.4804159,41.8906977,road_vertex,way/1216287334
N12d4804221_41d8917681,12.4804221,41.8917681,road_vertex,way/1238101044
N12d4804238_41d8856588,12.4804238,41.8856588,road_vertex,way/40872929
N12d4804315_41d8935309,12.4804315,41.8935309,road_vertex,way/125226016
N12d4804355_41d8918094,12.4804355,41.8918094,road_vertex,way/1238101044
N12d4804463_41d8871002,12.4804463,41.8871002,road_vertex,way/1216295043
N12d4804490_41d8915511,12.4804490,41.8915511,road_vertex,way/1238101044
N12d4804600_41d8918936,12.4804600,41.8918936,road_vertex,way/1238101044
N12d4804667_41d8893811,12.4804667,41.8893811,road_vertex,way/43675696
N12d4804767_41d8907113,12.4804767,41.8907113,road_vertex,way/961979108
N12d4804773_41d8943720,12.4804773,41.8943720,road_vertex,way/41156437
N12d4804813_41d8958450,12.4804813,41.8958450,road_vertex,way/1137951719
N12d4804851_41d8892859,12.4804851,41.8892859,road_vertex,way/1216287331
N12d4804854_41d8859188,12.4804854,41.8859188,road_vertex,way/40872929
N12d4804879_41d8844819,12.4804879,41.8844819,road_vertex,way/24468852
N12d4804926_41d8887064,12.4804926,41.8887064,road_vertex,way/1220408612
N12d4804969_41d8850675,12.4804969,41.8850675,road_vertex,way/24534753
N12d4804992_41d8971931,12.4804992,41.8971931,road_vertex,way/36780070
N12d4805017_41d8950271,12.4805017,41.8950271,road_vertex,way/218949681
N12d4805128_41d8924056,12.4805128,41.8924056,road_vertex,way/303405560
N12d4805137_41d8914809,12.4805137,41.8914809,road_vertex,way/123817495
N12d4805158_41d8880594,12.4805158,41.8880594,road_vertex,way/834012173
N12d4805209_41d8893274,12.4805209,41.8893274,road_vertex,way/1216287331
N12d4805223_41d8886455,12.4805223,41.8886455,road_vertex,way/1220408612
N12d4805232_41d8913743,12.4805232,41.8913743,road_vertex,way/1238101044
N12d4805303_41d8894320,12.4805303,41.8894320,road_vertex,way/43675696
N12d4805350_41d8884269,12.4805350,41.8884269,road_vertex,way/27350520
N12d4805361_41d8855693,12.4805361,41.8855693,road_vertex,way/40872929
N12d4805457_41d8908966,12.4805457,41.8908966,road_vertex,way/32504840
N12d4805473_41d8946715,12.4805473,41.8946715,road_vertex,way/222995600
N12d4805494_41d8924784,12.4805494,41.8924784,road_vertex,way/303405560
N12d4805545_41d8970544,12.4805545,41.8970544,road_vertex,way/36780070
N12d4805554_41d8886040,12.4805554,41.8886040,road_vertex,way/1220408612
N12d4805558_41d8889793,12.4805558,41.8889793,road_vertex,way/1005876887
N12d4805587_41d8946911,12.4805587,41.8946911,road_vertex,way/222995600
N12d4805597_41d8893655,12.4805597,41.8893655,road_vertex,way/1216287331
N12d4805614_41d8946953,12.4805614,41.8946953,road_vertex,way/1137951732
N12d4805661_41d8950354,12.4805661,41.8950354,road_vertex,way/218949681
N12d4805758_41d8947173,12.4805758,41.8947173,road_vertex,way/222995600
N12d4805759_41d8879751,12.4805759,41.8879751,road_vertex,way/1216287332
N12d4805819_41d8969854,12.4805819,41.8969854,road_vertex,way/36780070
N12d4805832_41d8894618,12.4805832,41.8894618,road_vertex,way/43675696
N12d4806049_41d8925698,12.4806049,41.8925698,road_vertex,way/303405560
N12d4806081_41d8907386,12.4806081,41.8907386,road_vertex,way/961979108
N12d4806237_41d8910880,12.4806237,41.8910880,road_vertex,way/1238101044
N12d4806243_41d8947899,12.4806243,41.8947899,road_vertex,way/222995600
N12d4806248_41d8861559,12.4806248,41.8861559,road_vertex,way/40872929
N12d4806253_41d8894158,12.4806253,41.8894158,road_vertex,way/1216287331
N12d4806260_41d8885678,12.4806260,41.8885678,road_vertex,way/1220408612
N12d4806301_41d8950067,12.4806301,41.8950067,road_vertex,way/1137951732
N12d4806302_41d8951749,12.4806302,41.8951749,road_vertex,way/1137951711
N12d4806314_41d8923259,12.4806314,41.8923259,road_vertex,way/1238101041
N12d4806319_41d8895400,12.4806319,41.8895400,road_vertex,way/961979105
N12d4806352_41d8950444,12.4806352,41.8950444,road_vertex,way/218949681
N12d4806403_41d8894859,12.4806403,41.8894859,road_vertex,way/43675696
N12d4806403_41d8920870,12.4806403,41.8920870,road_vertex,way/123817471
N12d4806418_41d8844906,12.4806418,41.8844906,road_vertex,way/1052631578
N12d4806468_41d8926275,12.4806468,41.8926275,road_vertex,way/303405560
N12d4806530_41d8921177,12.4806530,41.8921177,road_vertex,way/123817471
N12d4806578_41d8894316,12.4806578,41.8894316,road_vertex,way/1216287331
N12d4806582_41d8895467,12.4806582,41.8895467,road_vertex,way/961979105
N12d4806636_41d8884063,12.4806636,41.8884063,road_vertex,way/27350520
N12d4806640_41d8950107,12.4806640,41.8950107,road_vertex,way/1137951732
N12d4806654_41d8951809,12.4806654,41.8951809,road_vertex,way/1137951711
N12d4806667_41d8928805,12.4806667,41.8928805,road_vertex,way/1238101040
N12d4806722_41d8948667,12.4806722,41.8948667,road_vertex,way/222995600
N12d4806725_41d8867901,12.4806725,41.8867901,road_vertex,way/143725205
N12d4806726_41d8915619,12.4806726,41.8915619,road_vertex,way/123817469
N12d4806838_41d8915347,12.4806838,41.8915347,road_vertex,way/123817495
N12d4806855_41d8950113,12.4806855,41.8950113,road_vertex,way/1137951732
N12d4806863_41d8921213,12.4806863,41.8921213,road_vertex,way/123817471
N12d4806904_41d8894416,12.4806904,41.8894416,road_vertex,way/1216287331
N12d4806918_41d8950475,12.4806918,41.8950475,road_vertex,way/218949681
N12d4806942_41d8854439,12.4806942,41.8854439,road_vertex,way/40872929
N12d4806991_41d8951866,12.4806991,41.8951866,road_vertex,way/1137951718
N12d4806997_41d8883834,12.4806997,41.8883834,road_vertex,way/27350520
N12d4807003_41d8885513,12.4807003,41.8885513,road_vertex,way/1220408612
N12d4807011_41d8950096,12.4807011,41.8950096,road_vertex,way/1137951732
N12d4807043_41d8949279,12.4807043,41.8949279,road_vertex,way/222995600
N12d4807050_41d8910062,12.4807050,41.8910062,road_vertex,way/1238101044
N12d4807055_41d8951873,12.4807055,41.8951873,road_vertex,way/1137951718
N12d4807087_41d8926979,12.4807087,41.8926979,road_vertex,way/303405560
N12d4807133_41d8952233,12.4807133,41.8952233,road_vertex,way/1137951719
N12d4807165_41d8900142,12.4807165,41.8900142,road_vertex,way/1216287334
N12d4807171_41d8895095,12.4807171,41.8895095,road_vertex,way/43675696
N12d4807180_41d8920977,12.4807180,41.8920977,road_vertex,way/123817471
N12d4807186_41d8924876,12.4807186,41.8924876,road_vertex,way/1238101041
N12d4807193_41d8847108,12.4807193,41.8847108,road_vertex,way/1433379450
N12d4807211_41d8951872,12.4807211,41.8951872,road_vertex,way/1137951718
N12d4807229_41d8949702,12.4807229,41.8949702,road_vertex,way/222995600
N12d4807271_41d8951879,12.4807271,41.8951879,road_vertex,way/1137951719
N12d4807276_41d8867329,12.4807276,41.8867329,road_vertex,way/143725205
N12d4807320_41d8951750,12.4807320,41.8951750,road_vertex,way/1137951719
N12d4807333_41d8950033,12.4807333,41.8950033,road_vertex,way/1137951732
N12d4807362_41d8942003,12.4807362,41.8942003,road_vertex,way/41156421
N12d4807369_41d8950148,12.4807369,41.8950148,road_vertex,way/222995600
N12d4807373_41d8951604,12.4807373,41.8951604,road_vertex,way/1137951714
N12d4807375_41d8907655,12.4807375,41.8907655,road_vertex,way/1359177693
N12d4807376_41d8909924,12.4807376,41.8909924,road_vertex,way/1359177415
N12d4807412_41d8909860,12.4807412,41.8909860,road_vertex,way/1359177415
N12d4807431_41d8950454,12.4807431,41.8950454,road_vertex,way/222995600
N12d4807464_41d8846766,12.4807464,41.8846766,road_vertex,way/24534817
N12d4807479_41d8964916,12.4807479,41.8964916,road_vertex,way/1197185106
N12d4807524_41d8914368,12.4807524,41.8914368,road_vertex,way/123817469
N12d4807525_41d8951181,12.4807525,41.8951181,road_vertex,way/1137951714
N12d4807576_41d8951039,12.4807576,41.8951039,road_vertex,way/1137951715
N12d4807620_41d8908042,12.4807620,41.8908042,road_vertex,way/1359177417
N12d4807631_41d8909328,12.4807631,41.8909328,road_vertex,way/961979112
N12d4807634_41d8927519,12.4807634,41.8927519,road_vertex,way/303405560
N12d4807653_41d8950935,12.4807653,41.8950935,road_vertex,way/1137951715
N12d4807695_41d8847537,12.4807695,41.8847537,road_vertex,way/1433379450
N12d4807704_41d8920327,12.4807704,41.8920327,road_vertex,way/123817471
N12d4807748_41d8907718,12.4807748,41.8907718,road_vertex,way/1359177693
N12d4807750_41d8937511,12.4807750,41.8937511,road_vertex,way/125226016
N12d4807761_41d8882672,12.4807761,41.8882672,road_vertex,way/27350520
N12d4807761_41d8964953,12.4807761,41.8964953,road_vertex,way/1197185106
N12d4807764_41d8846541,12.4807764,41.8846541,road_vertex,way/24534817
N12d4807764_41d8879975,12.4807764,41.8879975,road_vertex,way/834012173
N12d4807789_41d8944658,12.4807789,41.8944658,road_vertex,way/1175160272
N12d4807793_41d8950386,12.4807793,41.8950386,road_vertex,way/10639982
N12d4807823_41d8925797,12.4807823,41.8925797,road_vertex,way/1238101041
N12d4807823_41d8945005,12.4807823,41.8945005,road_vertex,way/220218290
N12d4807825_41d8889890,12.4807825,41.8889890,road_vertex,way/1005876887
N12d4807825_41d8895278,12.4807825,41.8895278,road_vertex,way/43675696
N12d4807861_41d8950844,12.4807861,41.8950844,road_vertex,way/1137951715
N12d4807886_41d8908665,12.4807886,41.8908665,road_vertex,way/1359176520
N12d4807894_41d8885417,12.4807894,41.8885417,road_vertex,way/1220408612
N12d4807902_41d8908107,12.4807902,41.8908107,road_vertex,way/1359177417
N12d4807908_41d8888872,12.4807908,41.8888872,road_vertex,way/40860380
N12d4807908_41d8898437,12.4807908,41.8898437,road_vertex,way/1216287335
N12d4807918_41d8949918,12.4807918,41.8949918,road_vertex,way/1137951732
N12d4807925_41d8866565,12.4807925,41.8866565,road_vertex,way/40872929
N12d4807926_41d8964547,12.4807926,41.8964547,road_vertex,way/36780070
N12d4807998_41d8885851,12.4807998,41.8885851,road_vertex,way/40860382
N12d4808053_41d8908349,12.4808053,41.8908349,road_vertex,way/1359177416
N12d4808085_41d8924205,12.4808085,41.8924205,road_vertex,way/123817459
N12d4808088_41d8889704,12.4808088,41.8889704,road_vertex,way/1005876886
N12d4808091_41d8944816,12.4808091,41.8944816,road_vertex,way/713339406
N12d4808094_41d8923863,12.4808094,41.8923863,road_vertex,way/123817459
N12d4808099_41d8847246,12.4808099,41.8847246,road_vertex,way/1272829842
N12d4808114_41d8950308,12.4808114,41.8950308,road_vertex,way/10639982
N12d4808127_41d8889903,12.4808127,41.8889903,road_vertex,way/40860384
N12d4808154_41d8848573,12.4808154,41.8848573,road_vertex,way/24534753
N12d4808187_41d8846267,12.4808187,41.8846267,road_vertex,way/1052631578
N12d4808236_41d8898502,12.4808236,41.8898502,road_vertex,way/1216287335
N12d4808241_41d8913630,12.4808241,41.8913630,road_vertex,way/123817469
N12d4808254_41d8865988,12.4808254,41.8865988,road_vertex,way/40872929
N12d4808300_41d8949812,12.4808300,41.8949812,road_vertex,way/1137951732
N12d4808303_41d8864673,12.4808303,41.8864673,road_vertex,way/40872929
N12d4808309_41d8924410,12.4808309,41.8924410,road_vertex,way/123817459
N12d4808329_41d8965043,12.4808329,41.8965043,road_vertex,way/1197185106
N12d4808354_41d8923653,12.4808354,41.8923653,road_vertex,way/123817459
N12d4808405_41d8959595,12.4808405,41.8959595,road_vertex,way/125226009
N12d4808430_41d8944993,12.4808430,41.8944993,road_vertex,way/713339406
N12d4808436_41d8865436,12.4808436,41.8865436,road_vertex,way/40872929
N12d4808439_41d8959299,12.4808439,41.8959299,road_vertex,way/125226009
N12d4808459_41d8865022,12.4808459,41.8865022,road_vertex,way/40872929
N12d4808463_41d8885952,12.4808463,41.8885952,road_vertex,way/40860382
N12d4808464_41d8959889,12.4808464,41.8959889,road_vertex,way/125226009
N12d4808474_41d8865209,12.4808474,41.8865209,road_vertex,way/40872929
N12d4808489_41d8950187,12.4808489,41.8950187,road_vertex,way/10639982
N12d4808505_41d8945025,12.4808505,41.8945025,road_vertex,way/1137951732
N12d4808531_41d8881462,12.4808531,41.8881462,road_vertex,way/834012173
N12d4808533_41d8949715,12.4808533,41.8949715,road_vertex,way/1137951732
N12d4808547_41d8896025,12.4808547,41.8896025,road_vertex,way/961979105
N12d4808562_41d8848280,12.4808562,41.8848280,road_vertex,way/24534753
N12d4808564_41d8959018,12.4808564,41.8959018,road_vertex,way/125226009
N12d4808586_41d8895462,12.4808586,41.8895462,road_vertex,way/43675696
N12d4808601_41d8909487,12.4808601,41.8909487,road_vertex,way/32504840
N12d4808604_41d8881542,12.4808604,41.8881542,road_vertex,way/834012173
N12d4808614_41d8960166,12.4808614,41.8960166,road_vertex,way/125226009
N12d4808621_41d8928324,12.4808621,41.8928324,road_vertex,way/303405560
N12d4808635_41d8923243,12.4808635,41.8923243,road_vertex,way/123817458
N12d4808639_41d8848224,12.4808639,41.8848224,road_vertex,way/1433379450
N12d4808681_41d8923601,12.4808681,41.8923601,road_vertex,way/123817459
N12d4808700_41d8924481,12.4808700,41.8924481,road_vertex,way/123817459
N12d4808771_41d8958765,12.4808771,41.8958765,road_vertex,way/125226009
N12d4808784_41d8950065,12.4808784,41.8950065,road_vertex,way/10639982
N12d4808789_41d8846704,12.4808789,41.8846704,road_vertex,way/1272829844
N12d4808794_41d8922570,12.4808794,41.8922570,road_vertex,way/123817458
N12d4808816_41d8949524,12.4808816,41.8949524,road_vertex,way/1144459368
N12d4808820_41d8926958,12.4808820,41.8926958,road_vertex,way/1238101041
N12d4808845_41d8960411,12.4808845,41.8960411,road_vertex,way/125226009
N12d4808866_41d8835166,12.4808866,41.8835166,road_vertex,way/24534818
N12d4808870_41d8949487,12.4808870,41.8949487,road_vertex,way/1137951732
N12d4808873_41d8924848,12.4808873,41.8924848,road_vertex,way/123817457
N12d4808886_41d8896193,12.4808886,41.8896193,road_vertex,way/1216287334
N12d4808905_41d8877045,12.4808905,41.8877045,road_vertex,way/1216295043
N12d4808913_41d8896130,12.4808913,41.8896130,road_vertex,way/1216287334
N12d4808920_41d8846916,12.4808920,41.8846916,road_vertex,way/1272829844
N12d4808929_41d8949611,12.4808929,41.8949611,road_vertex,way/1144459368
N12d4808942_41d8886185,12.4808942,41.8886185,road_vertex,way/40860382
N12d4808953_41d8912842,12.4808953,41.8912842,road_vertex,way/123817469
N12d4808961_41d8910456,12.4808961,41.8910456,road_vertex,way/1238101044
N12d4809000_41d8922098,12.4809000,41.8922098,road_vertex,way/123817458
N12d4809001_41d8847964,12.4809001,41.8847964,road_vertex,way/24534753
N12d4809044_41d8924363,12.4809044,41.8924363,road_vertex,way/123817459
N12d4809051_41d8958553,12.4809051,41.8958553,road_vertex,way/125226009
N12d4809065_41d8923736,12.4809065,41.8923736,road_vertex,way/123817459
N12d4809080_41d8873841,12.4809080,41.8873841,road_vertex,way/1216295042
N12d4809104_41d8949259,12.4809104,41.8949259,road_vertex,way/1137951732
N12d4809146_41d8960608,12.4809146,41.8960608,road_vertex,way/125226009
N12d4809156_41d8895599,12.4809156,41.8895599,road_vertex,way/961979106
N12d4809184_41d8877590,12.4809184,41.8877590,road_vertex,way/1216295043
N12d4809211_41d8949825,12.4809211,41.8949825,road_vertex,way/1044774782
N12d4809230_41d8924046,12.4809230,41.8924046,road_vertex,way/123817459
N12d4809240_41d8912556,12.4809240,41.8912556,road_vertex,way/123817469
N12d4809277_41d8949043,12.4809277,41.8949043,road_vertex,way/1137951732
N12d4809291_41d8940714,12.4809291,41.8940714,road_vertex,way/125226018
N12d4809333_41d8888088,12.4809333,41.8888088,road_vertex,way/123971370
N12d4809333_41d8925202,12.4809333,41.8925202,road_vertex,way/123817457
N12d4809345_41d8903670,12.4809345,41.8903670,road_vertex,way/1359177418
N12d4809352_41d8948894,12.4809352,41.8948894,road_vertex,way/1137951732
N12d4809359_41d8895139,12.4809359,41.8895139,road_vertex,way/1216287333
N12d4809390_41d8958396,12.4809390,41.8958396,road_vertex,way/125226009
N12d4809396_41d8948725,12.4809396,41.8948725,road_vertex,way/1137951732
N12d4809422_41d8895001,12.4809422,41.8895001,road_vertex,way/1216287333
N12d4809425_41d8849651,12.4809425,41.8849651,road_vertex,way/24534752
N12d4809476_41d8921815,12.4809476,41.8921815,road_vertex,way/123817458
N12d4809499_41d8960749,12.4809499,41.8960749,road_vertex,way/125226009
N12d4809503_41d8950048,12.4809503,41.8950048,road_vertex,way/1137951710
N12d4809509_41d8949585,12.4809509,41.8949585,road_vertex,way/10639982
N12d4809546_41d8887284,12.4809546,41.8887284,road_vertex,way/39483817
N12d4809575_41d8882603,12.4809575,41.8882603,road_vertex,way/1220408612
N12d4809584_41d8908753,12.4809584,41.8908753,road_vertex,way/1359176521
N12d4809601_41d8880747,12.4809601,41.8880747,road_vertex,way/1216287332
N12d4809611_41d8898814,12.4809611,41.8898814,road_vertex,way/961979107
N12d4809729_41d8912154,12.4809729,41.8912154,road_vertex,way/123817469
N12d4809767_41d8958300,12.4809767,41.8958300,road_vertex,way/125226009
N12d4809779_41d8895067,12.4809779,41.8895067,road_vertex,way/1216287331
N12d4809781_41d8878778,12.4809781,41.8878778,road_vertex,way/1216287332
N12d4809786_41d8912919,12.4809786,41.8912919,road_vertex,way/123817475
N12d4809816_41d8950260,12.4809816,41.8950260,road_vertex,way/1137951716
N12d4809823_41d8898333,12.4809823,41.8898333,road_vertex,way/81836874
N12d4809826_41d8949253,12.4809826,41.8949253,road_vertex,way/10639982
N12d4809840_41d8946233,12.4809840,41.8946233,road_vertex,way/1137951732
N12d4809849_41d8890269,12.4809849,41.8890269,road_vertex,way/40860384
N12d4809850_41d8883229,12.4809850,41.8883229,road_vertex,way/40860382
N12d4809888_41d8960825,12.4809888,41.8960825,road_vertex,way/125226009
N12d4809915_41d8912978,12.4809915,41.8912978,road_vertex,way/123817475
N12d4809935_41d8925639,12.4809935,41.8925639,road_vertex,way/123817457
N12d4809967_41d8945642,12.4809967,41.8945642,road_vertex,way/1137951732
N12d4809998_41d8894945,12.4809998,41.8894945,road_vertex,way/1216287331
N12d4809999_41d8921744,12.4809999,41.8921744,road_vertex,way/123817458
N12d4810021_41d8912030,12.4810021,41.8912030,road_vertex,way/123817473
N12d4810028_41d8878872,12.4810028,41.8878872,road_vertex,way/1216287332
N12d4810039_41d8902024,12.4810039,41.8902024,road_vertex,way/1359177418
N12d4810070_41d8945686,12.4810070,41.8945686,road_vertex,way/713339405
N12d4810098_41d8881238,12.4810098,41.8881238,road_vertex,way/834012172
N12d4810121_41d8948807,12.4810121,41.8948807,road_vertex,way/10639982
N12d4810136_41d8888762,12.4810136,41.8888762,road_vertex,way/1005876886
N12d4810136_41d8912506,12.4810136,41.8912506,road_vertex,way/123817475
N12d4810156_41d8880291,12.4810156,41.8880291,road_vertex,way/1216287332
N12d4810164_41d8958272,12.4810164,41.8958272,road_vertex,way/125226009
N12d4810176_41d8917383,12.4810176,41.8917383,road_vertex,way/123817471
N12d4810188_41d8943348,12.4810188,41.8943348,road_vertex,way/22979122
N12d4810193_41d8911575,12.4810193,41.8911575,road_vertex,way/123817470
N12d4810208_41d8929449,12.4810208,41.8929449,road_vertex,way/1393890966
N12d4810229_41d8912169,12.4810229,41.8912169,road_vertex,way/123817473
N12d4810248_41d8930719,12.4810248,41.8930719,road_vertex,way/1238101040
N12d4810255_41d8912575,12.4810255,41.8912575,road_vertex,way/123817476
N12d4810289_41d8960832,12.4810289,41.8960832,road_vertex,way/125226009
N12d4810307_41d8998133,12.4810307,41.8998133,road_vertex,way/1175160235
N12d4810315_41d8950120,12.4810315,41.8950120,road_vertex,way/1137951710
N12d4810333_41d8882014,12.4810333,41.8882014,road_vertex,way/1220408612
N12d4810347_41d8879902,12.4810347,41.8879902,road_vertex,way/1216287332
N12d4810368_41d8948337,12.4810368,41.8948337,road_vertex,way/36779947
N12d4810377_41d8912472,12.4810377,41.8912472,road_vertex,way/123817476
N12d4810417_41d8888777,12.4810417,41.8888777,road_vertex,way/1005876886
N12d4810424_41d8877190,12.4810424,41.8877190,road_vertex,way/834012175
N12d4810539_41d8882358,12.4810539,41.8882358,road_vertex,way/27350526
N12d4810554_41d8921956,12.4810554,41.8921956,road_vertex,way/123817458
N12d4810554_41d8997528,12.4810554,41.8997528,road_vertex,way/1175160235
N12d4810560_41d8958313,12.4810560,41.8958313,road_vertex,way/125226009
N12d4810564_41d8881723,12.4810564,41.8881723,road_vertex,way/834012172
N12d4810579_41d8910806,12.4810579,41.8910806,road_vertex,way/1238101044
N12d4810629_41d8964795,12.4810629,41.8964795,road_vertex,way/140186878
N12d4810647_41d8939923,12.4810647,41.8939923,road_vertex,way/125226018
N12d4810649_41d8926099,12.4810649,41.8926099,road_vertex,way/123817457
N12d4810679_41d8964646,12.4810679,41.8964646,road_vertex,way/140186878
N12d4810681_41d8960769,12.4810681,41.8960769,road_vertex,way/125226009
N12d4810700_41d8912416,12.4810700,41.8912416,road_vertex,way/123817476
N12d4810717_41d8881979,12.4810717,41.8881979,road_vertex,way/1220408612
N12d4810770_41d8946191,12.4810770,41.8946191,road_vertex,way/215331126
N12d4810788_41d8900141,12.4810788,41.8900141,road_vertex,way/1359177418
N12d4810887_41d8950042,12.4810887,41.8950042,road_vertex,way/1137951709
N12d4810898_41d8945769,12.4810898,41.8945769,road_vertex,way/215331126
N12d4810919_41d8895998,12.4810919,41.8895998,road_vertex,way/43675696
N12d4810931_41d8958420,12.4810931,41.8958420,road_vertex,way/125226009
N12d4810959_41d8928760,12.4810959,41.8928760,road_vertex,way/1238101041
N12d4810966_41d8922299,12.4810966,41.8922299,road_vertex,way/123817458
N12d4810982_41d8909809,12.4810982,41.8909809,road_vertex,way/32504840
N12d4810986_41d8899125,12.4810986,41.8899125,road_vertex,way/961979107
N12d4811006_41d8876992,12.4811006,41.8876992,road_vertex,way/1216295042
N12d4811044_41d8960642,12.4811044,41.8960642,road_vertex,way/125226009
N12d4811054_41d8887211,12.4811054,41.8887211,road_vertex,way/39483889
N12d4811098_41d8996075,12.4811098,41.8996075,road_vertex,way/1175160235
N12d4811103_41d8945108,12.4811103,41.8945108,road_vertex,way/215331126
N12d4811158_41d8885187,12.4811158,41.8885187,road_vertex,way/123971362
N12d4811172_41d8836911,12.4811172,41.8836911,road_vertex,way/190509871
N12d4811172_41d8922747,12.4811172,41.8922747,road_vertex,way/123817458
N12d4811198_41d8939421,12.4811198,41.8939421,road_vertex,way/125226016
N12d4811202_41d8895381,12.4811202,41.8895381,road_vertex,way/124077475
N12d4811206_41d8884882,12.4811206,41.8884882,road_vertex,way/123971362
N12d4811222_41d8928531,12.4811222,41.8928531,road_vertex,way/99368265
N12d4811224_41d8939789,12.4811224,41.8939789,road_vertex,way/125226017
N12d4811260_41d8958588,12.4811260,41.8958588,road_vertex,way/125226009
N12d4811286_41d8876896,12.4811286,41.8876896,road_vertex,way/834012175
N12d4811292_41d8942652,12.4811292,41.8942652,road_vertex,way/22979122
N12d4811299_41d8926430,12.4811299,41.8926430,road_vertex,way/123817457
N12d4811320_41d8850175,12.4811320,41.8850175,road_vertex,way/1433379451
N12d4811326_41d8899006,12.4811326,41.8899006,road_vertex,way/1359177419
N12d4811329_41d8995427,12.4811329,41.8995427,road_vertex,way/1175160235
N12d4811335_41d8898971,12.4811335,41.8898971,road_vertex,way/1359177419
N12d4811347_41d8930257,12.4811347,41.8930257,road_vertex,way/1393890966
N12d4811357_41d8960454,12.4811357,41.8960454,road_vertex,way/125226009
N12d4811370_41d8881940,12.4811370,41.8881940,road_vertex,way/1216287331
N12d4811373_41d8885637,12.4811373,41.8885637,road_vertex,way/123971362
N12d4811378_41d8923231,12.4811378,41.8923231,road_vertex,way/123817458
N12d4811380_41d8884621,12.4811380,41.8884621,road_vertex,way/123971362
N12d4811430_41d8994979,12.4811430,41.8994979,road_vertex,way/1175160235
N12d4811443_41d8948574,12.4811443,41.8948574,road_vertex,way/1144319668
N12d4811448_41d8948216,12.4811448,41.8948216,road_vertex,way/1144319668
N12d4811456_41d8898701,12.4811456,41.8898701,road_vertex,way/1216288705
N12d4811457_41d8948874,12.4811457,41.8948874,road_vertex,way/1144319668
N12d4811463_41d8899087,12.4811463,41.8899087,road_vertex,way/1216288704
N12d4811475_41d8947882,12.4811475,41.8947882,road_vertex,way/1144319668
N12d4811498_41d8949174,12.4811498,41.8949174,road_vertex,way/1144319668
N12d4811510_41d8947560,12.4811510,41.8947560,road_vertex,way/1144319668
N12d4811519_41d8944384,12.4811519,41.8944384,road_vertex,way/215331126
N12d4811529_41d8958807,12.4811529,41.8958807,road_vertex,way/125226009
N12d4811532_41d8940068,12.4811532,41.8940068,road_vertex,way/125226016
N12d4811538_41d8993990,12.4811538,41.8993990,road_vertex,way/1175160235
N12d4811548_41d8947281,12.4811548,41.8947281,road_vertex,way/1144319668
N12d4811563_41d8850511,12.4811563,41.8850511,road_vertex,way/40872929
N12d4811566_41d8949508,12.4811566,41.8949508,road_vertex,way/1144319668
N12d4811566_41d8949950,12.4811566,41.8949950,road_vertex,way/1144459338
N12d4811587_41d8885805,12.4811587,41.8885805,road_vertex,way/123971362
N12d4811599_41d8898378,12.4811599,41.8898378,road_vertex,way/1216288706
N12d4811603_41d8960218,12.4811603,41.8960218,road_vertex,way/125226009
N12d4811608_41d8946974,12.4811608,41.8946974,road_vertex,way/1144319668
N12d4811626_41d8849939,12.4811626,41.8849939,road_vertex,way/24468734
N12d4811653_41d8909155,12.4811653,41.8909155,road_vertex,way/1359176522
N12d4811653_41d8947710,12.4811653,41.8947710,road_vertex,way/125226010
N12d4811654_41d8929346,12.4811654,41.8929346,road_vertex,way/1238101041
N12d4811665_41d8949855,12.4811665,41.8949855,road_vertex,way/1144459338
N12d4811667_41d8850428,12.4811667,41.8850428,road_vertex,way/1433379451
N12d4811675_41d8947488,12.4811675,41.8947488,road_vertex,way/125226010
N12d4811707_41d8993366,12.4811707,41.8993366,road_vertex,way/1175160235
N12d4811722_41d8946540,12.4811722,41.8946540,road_vertex,way/1144319668
N12d4811722_41d8959067,12.4811722,41.8959067,road_vertex,way/125226009
N12d4811726_41d8890681,12.4811726,41.8890681,road_vertex,way/1216287331
N12d4811739_41d8877611,12.4811739,41.8877611,road_vertex,way/495085305
N12d4811765_41d8950101,12.4811765,41.8950101,road_vertex,way/1144319668
N12d4811768_41d8959946,12.4811768,41.8959946,road_vertex,way/125226009
N12d4811777_41d8945857,12.4811777,41.8945857,road_vertex,way/1144319664
N12d4811830_41d8959355,12.4811830,41.8959355,road_vertex,way/125226009
N12d4811842_41d8946189,12.4811842,41.8946189,road_vertex,way/1144319668
N12d4811847_41d8959654,12.4811847,41.8959654,road_vertex,way/125226009
N12d4811860_41d8923490,12.4811860,41.8923490,road_vertex,way/618096445
N12d4811874_41d8950260,12.4811874,41.8950260,road_vertex,way/1144319668
N12d4811875_41d8884383,12.4811875,41.8884383,road_vertex,way/123971362
N12d4811875_41d8952286,12.4811875,41.8952286,road_vertex,way/1137951720
N12d4811877_41d8882600,12.4811877,41.8882600,road_vertex,way/1216287331
N12d4811909_41d8931786,12.4811909,41.8931786,road_vertex,way/1238101040
N12d4811922_41d8992611,12.4811922,41.8992611,road_vertex,way/1175160235
N12d4811932_41d8850642,12.4811932,41.8850642,road_vertex,way/1433379451
N12d4811953_41d8885940,12.4811953,41.8885940,road_vertex,way/123971362
N12d4811958_41d8943754,12.4811958,41.8943754,road_vertex,way/215331126
N12d4811961_41d8945881,12.4811961,41.8945881,road_vertex,way/1144319668
N12d4811965_41d8926737,12.4811965,41.8926737,road_vertex,way/123817457
N12d4811971_41d8898817,12.4811971,41.8898817,road_vertex,way/81836874
N12d4811981_41d8850180,12.4811981,41.8850180,road_vertex,way/40872929
N12d4812023_41d8950398,12.4812023,41.8950398,road_vertex,way/1144319668
N12d4812166_41d8922954,12.4812166,41.8922954,road_vertex,way/41156424
N12d4812167_41d8922436,12.4812167,41.8922436,road_vertex,way/41156424
N12d4812173_41d8899251,12.4812173,41.8899251,road_vertex,way/1216288704
N12d4812173_41d8945419,12.4812173,41.8945419,road_vertex,way/1144459344
N12d4812212_41d8923278,12.4812212,41.8923278,road_vertex,way/41156424
N12d4812234_41d8921943,12.4812234,41.8921943,road_vertex,way/41156424
N12d4812236_41d8950489,12.4812236,41.8950489,road_vertex,way/1144319668
N12d4812261_41d8884332,12.4812261,41.8884332,road_vertex,way/123971362
N12d4812277_41d8835368,12.4812277,41.8835368,road_vertex,way/1272829837
N12d4812282_41d8923486,12.4812282,41.8923486,road_vertex,way/618096445
N12d4812305_41d8881268,12.4812305,41.8881268,road_vertex,way/603411419
N12d4812320_41d8945151,12.4812320,41.8945151,road_vertex,way/1144319668
N12d4812323_41d8895501,12.4812323,41.8895501,road_vertex,way/124077475
N12d4812383_41d8885963,12.4812383,41.8885963,road_vertex,way/123971362
N12d4812394_41d8921285,12.4812394,41.8921285,road_vertex,way/41156424
N12d4812400_41d8892808,12.4812400,41.8892808,road_vertex,way/123971346
N12d4812421_41d8923783,12.4812421,41.8923783,road_vertex,way/41156424
N12d4812430_41d8889023,12.4812430,41.8889023,road_vertex,way/1216287331
N12d4812453_41d8951945,12.4812453,41.8951945,road_vertex,way/1137951716
N12d4812455_41d8942079,12.4812455,41.8942079,road_vertex,way/22979122
N12d4812488_41d8927462,12.4812488,41.8927462,road_vertex,way/123817457
N12d4812519_41d8945516,12.4812519,41.8945516,road_vertex,way/1144459344
N12d4812552_41d8927020,12.4812552,41.8927020,road_vertex,way/123817457
N12d4812560_41d8850592,12.4812560,41.8850592,road_vertex,way/24468734
N12d4812575_41d8944748,12.4812575,41.8944748,road_vertex,way/1144319668
N12d4812579_41d8920762,12.4812579,41.8920762,road_vertex,way/41156424
N12d4812604_41d8942849,12.4812604,41.8942849,road_vertex,way/215331126
N12d4812636_41d8849803,12.4812636,41.8849803,road_vertex,way/1272829844
N12d4812644_41d8884384,12.4812644,41.8884384,road_vertex,way/123971362
N12d4812646_41d8927154,12.4812646,41.8927154,road_vertex,way/123817457
N12d4812647_41d8927292,12.4812647,41.8927292,road_vertex,way/123817457
N12d4812685_41d8952103,12.4812685,41.8952103,road_vertex,way/1137951716
N12d4812748_41d8835706,12.4812748,41.8835706,road_vertex,way/1272829837
N12d4812784_41d8931315,12.4812784,41.8931315,road_vertex,way/1393890966
N12d4812785_41d8914372,12.4812785,41.8914372,road_vertex,way/123817471
N12d4812799_41d8880264,12.4812799,41.8880264,road_vertex,way/961979118
N12d4812799_41d8884447,12.4812799,41.8884447,road_vertex,way/123971362
N12d4812801_41d8920446,12.4812801,41.8920446,road_vertex,way/41156424
N12d4812802_41d8940920,12.4812802,41.8940920,road_vertex,way/125226016
N12d4812803_41d8952997,12.4812803,41.8952997,road_vertex,way/1137951718
N12d4812826_41d8884149,12.4812826,41.8884149,road_vertex,way/1216287331
N12d4812829_41d8888083,12.4812829,41.8888083,road_vertex,way/1216287331
N12d4812836_41d8880165,12.4812836,41.8880165,road_vertex,way/961979118
N12d4812846_41d8895557,12.4812846,41.8895557,road_vertex,way/1216288706
N12d4812851_41d8952267,12.4812851,41.8952267,road_vertex,way/1137951716
N12d4812856_41d8880389,12.4812856,41.8880389,road_vertex,way/961979118
N12d4812867_41d8911576,12.4812867,41.8911576,road_vertex,way/123817476
N12d4812869_41d8952817,12.4812869,41.8952817,road_vertex,way/1137951716
N12d4812871_41d8924304,12.4812871,41.8924304,road_vertex,way/41156424
N12d4812884_41d8885822,12.4812884,41.8885822,road_vertex,way/123971362
N12d4812891_41d8887155,12.4812891,41.8887155,road_vertex,way/39483817
N12d4812898_41d8879440,12.4812898,41.8879440,road_vertex,way/495085305
N12d4812900_41d8884270,12.4812900,41.8884270,road_vertex,way/1216287331
N12d4812902_41d8895376,12.4812902,41.8895376,road_vertex,way/1216288706
N12d4812909_41d8950642,12.4812909,41.8950642,road_vertex,way/1144459334
N12d4812917_41d8952418,12.4812917,41.8952418,road_vertex,way/1137951716
N12d4812921_41d8849346,12.4812921,41.8849346,road_vertex,way/120930913
N12d4812923_41d8952496,12.4812923,41.8952496,road_vertex,way/1137951720
N12d4812928_41d8952560,12.4812928,41.8952560,road_vertex,way/1137951716
N12d4812990_41d8950452,12.4812990,41.8950452,road_vertex,way/1144459334
N12d4812993_41d8989994,12.4812993,41.8989994,road_vertex,way/1175160235
N12d4812996_41d8956898,12.4812996,41.8956898,road_vertex,way/1197185113
N12d4813063_41d8892508,12.4813063,41.8892508,road_vertex,way/123971387
N12d4813075_41d8899084,12.4813075,41.8899084,road_vertex,way/81836874
N12d4813083_41d8941141,12.4813083,41.8941141,road_vertex,way/1175160272
N12d4813084_41d8944014,12.4813084,41.8944014,road_vertex,way/1144319668
N12d4813100_41d8880694,12.4813100,41.8880694,road_vertex,way/961979118
N12d4813114_41d8914551,12.4813114,41.8914551,road_vertex,way/123817466
N12d4813115_41d8885715,12.4813115,41.8885715,road_vertex,way/123971362
N12d4813126_41d8879804,12.4813126,41.8879804,road_vertex,way/1415671438
N12d4813126_41d8913942,12.4813126,41.8913942,road_vertex,way/123817471
N12d4813140_41d8835987,12.4813140,41.8835987,road_vertex,way/1272829837
N12d4813148_41d8886902,12.4813148,41.8886902,road_vertex,way/1216287331
N12d4813179_41d8958359,12.4813179,41.8958359,road_vertex,way/125226007
N12d4813183_41d8950702,12.4813183,41.8950702,road_vertex,way/1144319668
N12d4813186_41d8957145,12.4813186,41.8957145,road_vertex,way/1197185114
N12d4813199_41d8849601,12.4813199,41.8849601,road_vertex,way/120930913
N12d4813204_41d8942032,12.4813204,41.8942032,road_vertex,way/215331126
N12d4813208_41d8879930,12.4813208,41.8879930,road_vertex,way/1415671438
N12d4813219_41d8850963,12.4813219,41.8850963,road_vertex,way/24468734
N12d4813236_41d8932932,12.4813236,41.8932932,road_vertex,way/1238101040
N12d4813277_41d8885076,12.4813277,41.8885076,road_vertex,way/1216287331
N12d4813296_41d8910180,12.4813296,41.8910180,road_vertex,way/32504840
N12d4813315_41d8919760,12.4813315,41.8919760,road_vertex,way/41156424
N12d4813324_41d8950742,12.4813324,41.8950742,road_vertex,way/1144319668
N12d4813326_41d8949615,12.4813326,41.8949615,road_vertex,way/1144459328
N12d4813372_41d8885633,12.4813372,41.8885633,road_vertex,way/1216287331
N12d4813377_41d8949517,12.4813377,41.8949517,road_vertex,way/1144459328
N12d4813418_41d8957187,12.4813418,41.8957187,road_vertex,way/1197185114
N12d4813507_41d8950835,12.4813507,41.8950835,road_vertex,way/1144459335
N12d4813541_41d8943460,12.4813541,41.8943460,road_vertex,way/1144319668
N12d4813550_41d8951191,12.4813550,41.8951191,road_vertex,way/1144319668
N12d4813552_41d8957335,12.4813552,41.8957335,road_vertex,way/125226004
N12d4813559_41d8951305,12.4813559,41.8951305,road_vertex,way/1144319668
N12d4813565_41d8848777,12.4813565,41.8848777,road_vertex,way/120930913
N12d4813568_41d8950931,12.4813568,41.8950931,road_vertex,way/1144319668
N12d4813568_41d8951066,12.4813568,41.8951066,road_vertex,way/1144319668
N12d4813607_41d8950819,12.4813607,41.8950819,road_vertex,way/1144459335
N12d4813609_41d8957227,12.4813609,41.8957227,road_vertex,way/1197185114
N12d4813623_41d8941577,12.4813623,41.8941577,road_vertex,way/215331126
N12d4813623_41d8951423,12.4813623,41.8951423,road_vertex,way/1144319668
N12d4813642_41d8851575,12.4813642,41.8851575,road_vertex,way/1429879786
N12d4813663_41d8892277,12.4813663,41.8892277,road_vertex,way/123971384
N12d4813675_41d8940679,12.4813675,41.8940679,road_vertex,way/1366267649
N12d4813685_41d8899594,12.4813685,41.8899594,road_vertex,way/1216288704
N12d4813692_41d8893604,12.4813692,41.8893604,road_vertex,way/1216288706
N12d4813707_41d8950818,12.4813707,41.8950818,road_vertex,way/1144459335
N12d4813717_41d8899759,12.4813717,41.8899759,road_vertex,way/1216288704
N12d4813717_41d8946633,12.4813717,41.8946633,road_vertex,way/125226010
N12d4813719_41d8909503,12.4813719,41.8909503,road_vertex,way/1359176522
N12d4813740_41d8951518,12.4813740,41.8951518,road_vertex,way/1144319668
N12d4813750_41d8956957,12.4813750,41.8956957,road_vertex,way/125226000
N12d4813764_41d8891713,12.4813764,41.8891713,road_vertex,way/123971387
N12d4813764_41d8940747,12.4813764,41.8940747,road_vertex,way/1366267649
N12d4813792_41d8950830,12.4813792,41.8950830,road_vertex,way/1144459335
N12d4813821_41d8893443,12.4813821,41.8893443,road_vertex,way/1216288706
N12d4813829_41d8849941,12.4813829,41.8849941,road_vertex,way/120930913
N12d4813832_41d8957264,12.4813832,41.8957264,road_vertex,way/1197185114
N12d4813840_41d8851221,12.4813840,41.8851221,road_vertex,way/24468734
N12d4813843_41d8914961,12.4813843,41.8914961,road_vertex,way/546596243
N12d4813848_41d8873252,12.4813848,41.8873252,road_vertex,way/351897105
N12d4813878_41d8987864,12.4813878,41.8987864,road_vertex,way/1175160235
N12d4813895_41d8946520,12.4813895,41.8946520,road_vertex,way/125226010
N12d4813895_41d8954349,12.4813895,41.8954349,road_vertex,way/1197185113
N12d4813899_41d8951582,12.4813899,41.8951582,road_vertex,way/1144319668
N12d4813915_41d8893354,12.4813915,41.8893354,road_vertex,way/1216288706
N12d4813915_41d8895618,12.4813915,41.8895618,road_vertex,way/124077475
N12d4813939_41d8891548,12.4813939,41.8891548,road_vertex,way/123971387
N12d4813960_41d8987662,12.4813960,41.8987662,road_vertex,way/1175160235
N12d4813984_41d8987604,12.4813984,41.8987604,road_vertex,way/1175160235
N12d4814005_41d8932311,12.4814005,41.8932311,road_vertex,way/1393890966
N12d4814009_41d8909343,12.4814009,41.8909343,road_vertex,way/124077482
N12d4814018_41d8956374,12.4814018,41.8956374,road_vertex,way/287483278
N12d4814020_41d8893252,12.4814020,41.8893252,road_vertex,way/1216288706
N12d4814026_41d8839033,12.4814026,41.8839033,road_vertex,way/352066919
N12d4814050_41d8883965,12.4814050,41.8883965,road_vertex,way/135737306
N12d4814057_41d8946379,12.4814057,41.8946379,road_vertex,way/125226010
N12d4814069_41d8956706,12.4814069,41.8956706,road_vertex,way/287483278
N12d4814083_41d8942969,12.4814083,41.8942969,road_vertex,way/1144319668
N12d4814122_41d8925473,12.4814122,41.8925473,road_vertex,way/949721438
N12d4814134_41d8888293,12.4814134,41.8888293,road_vertex,way/603411409
N12d4814155_41d8891373,12.4814155,41.8891373,road_vertex,way/123971387
N12d4814155_41d8893148,12.4814155,41.8893148,road_vertex,way/1216288706
N12d4814173_41d8912856,12.4814173,41.8912856,road_vertex,way/123817471
N12d4814179_41d8899854,12.4814179,41.8899854,road_vertex,way/1216288704
N12d4814183_41d8946162,12.4814183,41.8946162,road_vertex,way/125226010
N12d4814188_41d8953273,12.4814188,41.8953273,road_vertex,way/1137951718
N12d4814212_41d8950918,12.4814212,41.8950918,road_vertex,way/1144459329
N12d4814232_41d8953424,12.4814232,41.8953424,road_vertex,way/1197185113
N12d4814238_41d8850618,12.4814238,41.8850618,road_vertex,way/1272829844
N12d4814246_41d8915198,12.4814246,41.8915198,road_vertex,way/546625526
N12d4814251_41d8947284,12.4814251,41.8947284,road_vertex,way/224892438
N12d4814254_41d8953306,12.4814254,41.8953306,road_vertex,way/1137951718
N12d4814257_41d8953361,12.4814257,41.8953361,road_vertex,way/1137951718
N12d4814267_41d8946005,12.4814267,41.8946005,road_vertex,way/1144459345
N12d4814268_41d8941135,12.4814268,41.8941135,road_vertex,way/191158859
N12d4814274_41d8899352,12.4814274,41.8899352,road_vertex,way/81836874
N12d4814275_41d8946756,12.4814275,41.8946756,road_vertex,way/224892438
N12d4814279_41d8948010,12.4814279,41.8948010,road_vertex,way/224892438
N12d4814290_41d8946414,12.4814290,41.8946414,road_vertex,way/224892438
N12d4814305_41d8924893,12.4814305,41.8924893,road_vertex,way/949721438
N12d4814311_41d8893041,12.4814311,41.8893041,road_vertex,way/1216288706
N12d4814312_41d8850130,12.4814312,41.8850130,road_vertex,way/120930913
N12d4814316_41d8848108,12.4814316,41.8848108,road_vertex,way/120930913
N12d4814333_41d8911202,12.4814333,41.8911202,road_vertex,way/1238101044
N12d4814338_41d8891260,12.4814338,41.8891260,road_vertex,way/123971387
N12d4814348_41d8953450,12.4814348,41.8953450,road_vertex,way/1197185112
N12d4814358_41d8948624,12.4814358,41.8948624,road_vertex,way/224892438
N12d4814371_41d8945817,12.4814371,41.8945817,road_vertex,way/125226012
N12d4814449_41d8885188,12.4814449,41.8885188,road_vertex,way/123971387
N12d4814451_41d8886894,12.4814451,41.8886894,road_vertex,way/123971379
N12d4814471_41d8945593,12.4814471,41.8945593,road_vertex,way/125226012
N12d4814489_41d8949246,12.4814489,41.8949246,road_vertex,way/224892442
N12d4814490_41d8909569,12.4814490,41.8909569,road_vertex,way/1359176522
N12d4814515_41d8911703,12.4814515,41.8911703,road_vertex,way/123817476
N12d4814516_41d8945421,12.4814516,41.8945421,road_vertex,way/125226012
N12d4814517_41d8925843,12.4814517,41.8925843,road_vertex,way/41156424
N12d4814531_41d8851439,12.4814531,41.8851439,road_vertex,way/24468734
N12d4814567_41d8892952,12.4814567,41.8892952,road_vertex,way/1216288707
N12d4814574_41d8891147,12.4814574,41.8891147,road_vertex,way/123971387
N12d4814585_41d8956115,12.4814585,41.8956115,road_vertex,way/1297716850
N12d4814602_41d8892755,12.4814602,41.8892755,road_vertex,way/1216288707
N12d4814611_41d8895622,12.4814611,41.8895622,road_vertex,way/124077475
N12d4814620_41d8928144,12.4814620,41.8928144,road_vertex,way/41156425
N12d4814636_41d8945767,12.4814636,41.8945767,road_vertex,way/1144459345
N12d4814647_41d8956269,12.4814647,41.8956269,road_vertex,way/1297716850
N12d4814668_41d8927542,12.4814668,41.8927542,road_vertex,way/41156425
N12d4814669_41d8949763,12.4814669,41.8949763,road_vertex,way/224892438
N12d4814732_41d8942495,12.4814732,41.8942495,road_vertex,way/1144459342
N12d4814746_41d8892222,12.4814746,41.8892222,road_vertex,way/888675622
N12d4814791_41d8892928,12.4814791,41.8892928,road_vertex,way/1216288706
N12d4814803_41d8928522,12.4814803,41.8928522,road_vertex,way/41156425
N12d4814828_41d8910350,12.4814828,41.8910350,road_vertex,way/32504840
N12d4814833_41d8917472,12.4814833,41.8917472,road_vertex,way/1101819942
N12d4814853_41d8956364,12.4814853,41.8956364,road_vertex,way/1297716850
N12d4814860_41d8891816,12.4814860,41.8891816,road_vertex,way/888675622
N12d4814896_41d8927144,12.4814896,41.8927144,road_vertex,way/41156425
N12d4814896_41d8942609,12.4814896,41.8942609,road_vertex,way/1144459342
N12d4814918_41d8899976,12.4814918,41.8899976,road_vertex,way/1216288704
N12d4814918_41d8912384,12.4814918,41.8912384,road_vertex,way/123817471
N12d4814921_41d8909606,12.4814921,41.8909606,road_vertex,way/1359176522
N12d4814925_41d8926162,12.4814925,41.8926162,road_vertex,way/41156424
N12d4814927_41d8889042,12.4814927,41.8889042,road_vertex,way/603411409
N12d4814928_41d8945552,12.4814928,41.8945552,road_vertex,way/1144459345
N12d4814936_41d8953557,12.4814936,41.8953557,road_vertex,way/1197185112
N12d4814943_41d8915605,12.4814943,41.8915605,road_vertex,way/546625526
N12d4814948_41d8839758,12.4814948,41.8839758,road_vertex,way/352066920
N12d4814957_41d8950305,12.4814957,41.8950305,road_vertex,way/224892438
N12d4814960_41d8951779,12.4814960,41.8951779,road_vertex,way/1144459336
N12d4814965_41d8917870,12.4814965,41.8917870,road_vertex,way/546596232
N12d4814966_41d8940681,12.4814966,41.8940681,road_vertex,way/48520535
N12d4815005_41d8891345,12.4815005,41.8891345,road_vertex,way/1216289862
N12d4815005_41d8951653,12.4815005,41.8951653,road_vertex,way/1144459336
N12d4815025_41d8891237,12.4815025,41.8891237,road_vertex,way/1216289862
N12d4815047_41d8942713,12.4815047,41.8942713,road_vertex,way/1144459342
N12d4815053_41d8982130,12.4815053,41.8982130,road_vertex,way/1175160237
N12d4815079_41d8953236,12.4815079,41.8953236,road_vertex,way/287483278
N12d4815081_41d8847369,12.4815081,41.8847369,road_vertex,way/120930913
N12d4815101_41d8852025,12.4815101,41.8852025,road_vertex,way/1429879786
N12d4815110_41d8984921,12.4815110,41.8984921,road_vertex,way/1175160235
N12d4815124_41d8951325,12.4815124,41.8951325,road_vertex,way/1144459331
N12d4815129_41d8922485,12.4815129,41.8922485,road_vertex,way/123817501
N12d4815133_41d8920899,12.4815133,41.8920899,road_vertex,way/123817501
N12d4815161_41d8934638,12.4815161,41.8934638,road_vertex,way/1366267647
N12d4815175_41d8883198,12.4815175,41.8883198,road_vertex,way/603411417
N12d4815199_41d8949100,12.4815199,41.8949100,road_vertex,way/224892442
N12d4815211_41d8945288,12.4815211,41.8945288,road_vertex,way/1144459345
N12d4815217_41d8926281,12.4815217,41.8926281,road_vertex,way/41156424
N12d4815244_41d8915776,12.4815244,41.8915776,road_vertex,way/546625525
N12d4815249_41d8874652,12.4815249,41.8874652,road_vertex,way/351897105
N12d4815254_41d8917539,12.4815254,41.8917539,road_vertex,way/546596233
N12d4815264_41d8941902,12.4815264,41.8941902,road_vertex,way/713339407
N12d4815286_41d8928946,12.4815286,41.8928946,road_vertex,way/41156425
N12d4815301_41d8950789,12.4815301,41.8950789,road_vertex,way/1144459331
N12d4815312_41d8934559,12.4815312,41.8934559,road_vertex,way/1366267648
N12d4815313_41d8953642,12.4815313,41.8953642,road_vertex,way/1197185112
N12d4815330_41d8887770,12.4815330,41.8887770,road_vertex,way/123971379
N12d4815341_41d8892175,12.4815341,41.8892175,road_vertex,way/123971384
N12d4815348_41d8926592,12.4815348,41.8926592,road_vertex,way/41156425
N12d4815395_41d8952638,12.4815395,41.8952638,road_vertex,way/31875595
N12d4815398_41d8899567,12.4815398,41.8899567,road_vertex,way/81836874
N12d4815434_41d8953603,12.4815434,41.8953603,road_vertex,way/1429889470
N12d4815435_41d8917870,12.4815435,41.8917870,road_vertex,way/1101819942
N12d4815439_41d8850230,12.4815439,41.8850230,road_vertex,way/120930913
N12d4815439_41d8874866,12.4815439,41.8874866,road_vertex,way/351897105
N12d4815442_41d8942044,12.4815442,41.8942044,road_vertex,way/1144319668
N12d4815505_41d8851656,12.4815505,41.8851656,road_vertex,way/24468734
N12d4815525_41d8957601,12.4815525,41.8957601,road_vertex,way/1197185114
N12d4815528_41d8949047,12.4815528,41.8949047,road_vertex,way/224892442
N12d4815531_41d8933605,12.4815531,41.8933605,road_vertex,way/1393890966
N12d4815537_41d8940541,12.4815537,41.8940541,road_vertex,way/22979083
N12d4815544_41d8972833,12.4815544,41.8972833,road_vertex,way/60616319
N12d4815562_41d8953364,12.4815562,41.8953364,road_vertex,way/1429889471
N12d4815581_41d8926388,12.4815581,41.8926388,road_vertex,way/546596229
N12d4815587_41d8911818,12.4815587,41.8911818,road_vertex,way/123817476
N12d4815615_41d8947165,12.4815615,41.8947165,road_vertex,way/1144459341
N12d4815624_41d8953584,12.4815624,41.8953584,road_vertex,way/777223436
N12d4815681_41d8891464,12.4815681,41.8891464,road_vertex,way/123971346
N12d4815742_41d8944799,12.4815742,41.8944799,road_vertex,way/1144459345
N12d4815751_41d8846770,12.4815751,41.8846770,road_vertex,way/120930913
N12d4815754_41d8932430,12.4815754,41.8932430,road_vertex,way/1238101041
N12d4815764_41d8886402,12.4815764,41.8886402,road_vertex,way/123971387
N12d4815776_41d8949040,12.4815776,41.8949040,road_vertex,way/224892442
N12d4815779_41d8875224,12.4815779,41.8875224,road_vertex,way/351897105
N12d4815790_41d8912124,12.4815790,41.8912124,road_vertex,way/123817476
N12d4815798_41d8910455,12.4815798,41.8910455,road_vertex,way/32504840
N12d4815798_41d8983209,12.4815798,41.8983209,road_vertex,way/1175160235
N12d4815810_41d8953604,12.4815810,41.8953604,road_vertex,way/777223436
N12d4815828_41d8900125,12.4815828,41.8900125,road_vertex,way/1359177421
N12d4815843_41d8916149,12.4815843,41.8916149,road_vertex,way/546625524
N12d4815850_41d8952704,12.4815850,41.8952704,road_vertex,way/1429889471
N12d4815851_41d8883305,12.4815851,41.8883305,road_vertex,way/135737306
N12d4815861_41d8947319,12.4815861,41.8947319,road_vertex,way/1144459341
N12d4815900_41d8918500,12.4815900,41.8918500,road_vertex,way/546574971
N12d4815907_41d8918604,12.4815907,41.8918604,road_vertex,way/546574971
N12d4815913_41d8893780,12.4815913,41.8893780,road_vertex,way/961979113
N12d4815938_41d8918400,12.4815938,41.8918400,road_vertex,way/546574971
N12d4815957_41d8918701,12.4815957,41.8918701,road_vertex,way/546574971
N12d4816003_41d8840563,12.4816003,41.8840563,road_vertex,way/352066920
N12d4816007_41d8940455,12.4816007,41.8940455,road_vertex,way/22979083
N12d4816013_41d8895596,12.4816013,41.8895596,road_vertex,way/961979114
N12d4816015_41d8918313,12.4816015,41.8918313,road_vertex,way/1101819941
N12d4816018_41d8916767,12.4816018,41.8916767,road_vertex,way/618096450
N12d4816021_41d8895164,12.4816021,41.8895164,road_vertex,way/961979114
N12d4816029_41d8916320,12.4816029,41.8916320,road_vertex,way/618096450
N12d4816046_41d8918781,12.4816046,41.8918781,road_vertex,way/546574971
N12d4816057_41d8923342,12.4816057,41.8923342,road_vertex,way/123817488
N12d4816062_41d8947416,12.4816062,41.8947416,road_vertex,way/1144459341
N12d4816066_41d8851151,12.4816066,41.8851151,road_vertex,way/1272829844
N12d4816087_41d8952162,12.4816087,41.8952162,road_vertex,way/1429889472
N12d4816090_41d8934114,12.4816090,41.8934114,road_vertex,way/1393890966
N12d4816105_41d8952001,12.4816105,41.8952001,road_vertex,way/1144319668
N12d4816112_41d8982383,12.4816112,41.8982383,road_vertex,way/1175160235
N12d4816135_41d8918246,12.4816135,41.8918246,road_vertex,way/546574971
N12d4816152_41d8952002,12.4816152,41.8952002,road_vertex,way/1429889472
N12d4816155_41d8939730,12.4816155,41.8939730,road_vertex,way/48520535
N12d4816164_41d8918837,12.4816164,41.8918837,road_vertex,way/546574971
N12d4816167_41d8951288,12.4816167,41.8951288,road_vertex,way/1144459331
N12d4816185_41d8923043,12.4816185,41.8923043,road_vertex,way/123817488
N12d4816199_41d8949040,12.4816199,41.8949040,road_vertex,way/1144459356
N12d4816200_41d8944417,12.4816200,41.8944417,road_vertex,way/1144459345
N12d4816224_41d8941531,12.4816224,41.8941531,road_vertex,way/1144319668
N12d4816256_41d8950677,12.4816256,41.8950677,road_vertex,way/224892439
N12d4816268_41d8952003,12.4816268,41.8952003,road_vertex,way/1144319668
N12d4816274_41d8951363,12.4816274,41.8951363,road_vertex,way/1144459331
N12d4816278_41d8918212,12.4816278,41.8918212,road_vertex,way/546574971
N12d4816287_41d8883557,12.4816287,41.8883557,road_vertex,way/123971375
N12d4816288_41d8890455,12.4816288,41.8890455,road_vertex,way/603411409
N12d4816299_41d8918862,12.4816299,41.8918862,road_vertex,way/546574971
N12d4816333_41d8951431,12.4816333,41.8951431,road_vertex,way/1144459331
N12d4816342_41d8875817,12.4816342,41.8875817,road_vertex,way/351897105
N12d4816370_41d8945903,12.4816370,41.8945903,road_vertex,way/1144459340
N12d4816388_41d8916338,12.4816388,41.8916338,road_vertex,way/1232291710
N12d4816408_41d8846291,12.4816408,41.8846291,road_vertex,way/120930913
N12d4816416_41d8895598,12.4816416,41.8895598,road_vertex,way/124077475
N12d4816423_41d8884402,12.4816423,41.8884402,road_vertex,way/123971377
N12d4816429_41d8918216,12.4816429,41.8918216,road_vertex,way/546574971
N12d4816438_41d8918855,12.4816438,41.8918855,road_vertex,way/546574971
N12d4816462_41d8934483,12.4816462,41.8934483,road_vertex,way/10140484
N12d4816463_41d8951973,12.4816463,41.8951973,road_vertex,way/1144319668
N12d4816467_41d8948844,12.4816467,41.8948844,road_vertex,way/1144319668
N12d4816471_41d8949041,12.4816471,41.8949041,road_vertex,way/1144459356
N12d4816476_41d8947511,12.4816476,41.8947511,road_vertex,way/1144459357
N12d4816479_41d8851821,12.4816479,41.8851821,road_vertex,way/24468734
N12d4816481_41d8949450,12.4816481,41.8949450,road_vertex,way/1144319668
N12d4816495_41d8948315,12.4816495,41.8948315,road_vertex,way/1144319668
N12d4816500_41d8899722,12.4816500,41.8899722,road_vertex,way/81836874
N12d4816522_41d8877999,12.4816522,41.8877999,road_vertex,way/834012177
N12d4816567_41d8918815,12.4816567,41.8918815,road_vertex,way/546574971
N12d4816568_41d8918258,12.4816568,41.8918258,road_vertex,way/546574971
N12d4816581_41d8951804,12.4816581,41.8951804,road_vertex,way/1144459332
N12d4816587_41d8949966,12.4816587,41.8949966,road_vertex,way/1144319668
N12d4816593_41d8926887,12.4816593,41.8926887,road_vertex,way/546596229
N12d4816595_41d8950638,12.4816595,41.8950638,road_vertex,way/1144459355
N12d4816602_41d8953735,12.4816602,41.8953735,road_vertex,way/777223436
N12d4816615_41d8947664,12.4816615,41.8947664,road_vertex,way/1144319668
N12d4816635_41d8941264,12.4816635,41.8941264,road_vertex,way/1144319668
N12d4816647_41d8951916,12.4816647,41.8951916,road_vertex,way/1144459332
N12d4816659_41d8947545,12.4816659,41.8947545,road_vertex,way/1144459357
N12d4816664_41d8945929,12.4816664,41.8945929,road_vertex,way/1144459340
N12d4816673_41d8918747,12.4816673,41.8918747,road_vertex,way/546596239
N12d4816678_41d8940382,12.4816678,41.8940382,road_vertex,way/22979083
N12d4816681_41d8918332,12.4816681,41.8918332,road_vertex,way/546574971
N12d4816712_41d8957965,12.4816712,41.8957965,road_vertex,way/140186778
N12d4816736_41d8891049,12.4816736,41.8891049,road_vertex,way/123971380
N12d4816740_41d8950407,12.4816740,41.8950407,road_vertex,way/1144319668
N12d4816749_41d8918650,12.4816749,41.8918650,road_vertex,way/546574971
N12d4816753_41d8918430,12.4816753,41.8918430,road_vertex,way/546574971
N12d4816755_41d8957840,12.4816755,41.8957840,road_vertex,way/1197185114
N12d4816777_41d8918540,12.4816777,41.8918540,road_vertex,way/546574971
N12d4816798_41d8951841,12.4816798,41.8951841,road_vertex,way/1144319668
N12d4816828_41d8829184,12.4816828,41.8829184,road_vertex,way/1272829833
N12d4816833_41d8957610,12.4816833,41.8957610,road_vertex,way/140186778
N12d4816837_41d8947059,12.4816837,41.8947059,road_vertex,way/1144319668
N12d4816846_41d8943910,12.4816846,41.8943910,road_vertex,way/1144459345
N12d4816846_41d8950602,12.4816846,41.8950602,road_vertex,way/1144459355
N12d4816847_41d8910548,12.4816847,41.8910548,road_vertex,way/32504840
N12d4816857_41d8933675,12.4816857,41.8933675,road_vertex,way/1366267648
N12d4816864_41d8945974,12.4816864,41.8945974,road_vertex,way/1144459340
N12d4816878_41d8966319,12.4816878,41.8966319,road_vertex,way/36780068
N12d4816883_41d8938369,12.4816883,41.8938369,road_vertex,way/1238101040
N12d4816925_41d8951750,12.4816925,41.8951750,road_vertex,way/1144319668
N12d4816929_41d8950754,12.4816929,41.8950754,road_vertex,way/1144319668
N12d4816935_41d8933630,12.4816935,41.8933630,road_vertex,way/1366267648
N12d4816935_41d8941157,12.4816935,41.8941157,road_vertex,way/1144319668
N12d4816951_41d8966083,12.4816951,41.8966083,road_vertex,way/140186878
N12d4816954_41d8957290,12.4816954,41.8957290,road_vertex,way/287483278
N12d4816999_41d8933587,12.4816999,41.8933587,road_vertex,way/1366267646
N12d4817008_41d8965927,12.4817008,41.8965927,road_vertex,way/140186878
N12d4817014_41d8900268,12.4817014,41.8900268,road_vertex,way/1359177421
N12d4817016_41d8923213,12.4817016,41.8923213,road_vertex,way/123817488
N12d4817043_41d8951622,12.4817043,41.8951622,road_vertex,way/1144319668
N12d4817045_41d8950967,12.4817045,41.8950967,road_vertex,way/1144319668
N12d4817111_41d8951477,12.4817111,41.8951477,road_vertex,way/1144319668
N12d4817112_41d8951178,12.4817112,41.8951178,road_vertex,way/1144319668
N12d4817114_41d8946532,12.4817114,41.8946532,road_vertex,way/1144319668
N12d4817126_41d8951408,12.4817126,41.8951408,road_vertex,way/1144319668
N12d4817129_41d8951332,12.4817129,41.8951332,road_vertex,way/1144319668
N12d4817135_41d8943706,12.4817135,41.8943706,road_vertex,way/1144459347
N12d4817143_41d8966344,12.4817143,41.8966344,road_vertex,way/36780068
N12d4817147_41d8941136,12.4817147,41.8941136,road_vertex,way/1144459363
N12d4817150_41d8922867,12.4817150,41.8922867,road_vertex,way/949721437
N12d4817158_41d8885085,12.4817158,41.8885085,road_vertex,way/123971377
N12d4817173_41d8940974,12.4817173,41.8940974,road_vertex,way/1144459363
N12d4817178_41d8946115,12.4817178,41.8946115,road_vertex,way/1144459358
N12d4817182_41d8949077,12.4817182,41.8949077,road_vertex,way/243931705
N12d4817195_41d8915671,12.4817195,41.8915671,road_vertex,way/1232291710
N12d4817200_41d8949482,12.4817200,41.8949482,road_vertex,way/243931705
N12d4817200_41d8966764,12.4817200,41.8966764,road_vertex,way/1197185104
N12d4817224_41d8948742,12.4817224,41.8948742,road_vertex,way/243931705
N12d4817233_41d8912112,12.4817233,41.8912112,road_vertex,way/123817471
N12d4817241_41d8831543,12.4817241,41.8831543,road_vertex,way/1272829835
N12d4817242_41d8956844,12.4817242,41.8956844,road_vertex,way/1297716850
N12d4817271_41d8940360,12.4817271,41.8940360,road_vertex,way/713339403
N12d4817284_41d8949917,12.4817284,41.8949917,road_vertex,way/243931705
N12d4817325_41d8924191,12.4817325,41.8924191,road_vertex,way/949721437
N12d4817335_41d8936430,12.4817335,41.8936430,road_vertex,way/1238101040
N12d4817335_41d8951402,12.4817335,41.8951402,road_vertex,way/1144319665
N12d4817345_41d8939897,12.4817345,41.8939897,road_vertex,way/713339403
N12d4817358_41d8966354,12.4817358,41.8966354,road_vertex,way/188079067
N12d4817361_41d8939790,12.4817361,41.8939790,road_vertex,way/713339400
N12d4817368_41d8948214,12.4817368,41.8948214,road_vertex,way/243931705
N12d4817372_41d8946205,12.4817372,41.8946205,road_vertex,way/1144459358
N12d4817375_41d8939757,12.4817375,41.8939757,road_vertex,way/713339400
N12d4817397_41d8938769,12.4817397,41.8938769,road_vertex,way/713339402
N12d4817413_41d8939743,12.4817413,41.8939743,road_vertex,way/713339400
N12d4817421_41d8941179,12.4817421,41.8941179,road_vertex,way/1144319668
N12d4817438_41d8884911,12.4817438,41.8884911,road_vertex,way/123971375
N12d4817440_41d8885208,12.4817440,41.8885208,road_vertex,way/123971388
N12d4817452_41d8937925,12.4817452,41.8937925,road_vertex,way/1238101040
N12d4817452_41d8950420,12.4817452,41.8950420,road_vertex,way/243931705
N12d4817455_41d8937552,12.4817455,41.8937552,road_vertex,way/1238101040
N12d4817465_41d8927347,12.4817465,41.8927347,road_vertex,way/546596229
N12d4817502_41d8946040,12.4817502,41.8946040,road_vertex,way/1144319668
N12d4817521_41d8845572,12.4817521,41.8845572,road_vertex,way/120930913
N12d4817521_41d8943434,12.4817521,41.8943434,road_vertex,way/1144459345
N12d4817547_41d8947770,12.4817547,41.8947770,road_vertex,way/243931705
N12d4817553_41d8891060,12.4817553,41.8891060,road_vertex,way/123971380
N12d4817575_41d8965747,12.4817575,41.8965747,road_vertex,way/188079067
N12d4817581_41d8941264,12.4817581,41.8941264,road_vertex,way/1144319668
N12d4817590_41d8950761,12.4817590,41.8950761,road_vertex,way/157166025
N12d4817612_41d8935581,12.4817612,41.8935581,road_vertex,way/10140484
N12d4817615_41d8944142,12.4817615,41.8944142,road_vertex,way/1144459351
N12d4817642_41d8889912,12.4817642,41.8889912,road_vertex,way/123971387
N12d4817658_41d8965524,12.4817658,41.8965524,road_vertex,way/188079067
N12d4817678_41d8899859,12.4817678,41.8899859,road_vertex,way/81836874
N12d4817682_41d8831871,12.4817682,41.8831871,road_vertex,way/1272829835
N12d4817683_41d8966360,12.4817683,41.8966360,road_vertex,way/36780068
N12d4817693_41d8938515,12.4817693,41.8938515,road_vertex,way/48520535
N12d4817695_41d8965422,12.4817695,41.8965422,road_vertex,way/1197185107
N12d4817697_41d8951064,12.4817697,41.8951064,road_vertex,way/157166025
N12d4817712_41d8941419,12.4817712,41.8941419,road_vertex,way/1144319668
N12d4817736_41d8940406,12.4817736,41.8940406,road_vertex,way/22979083
N12d4817743_41d8943301,12.4817743,41.8943301,road_vertex,way/1144459345
N12d4817751_41d8900325,12.4817751,41.8900325,road_vertex,way/1359177421
N12d4817754_41d8922983,12.4817754,41.8922983,road_vertex,way/949721437
N12d4817768_41d8947667,12.4817768,41.8947667,road_vertex,way/107293137
N12d4817771_41d8966889,12.4817771,41.8966889,road_vertex,way/996687516
N12d4817779_41d8947969,12.4817779,41.8947969,road_vertex,way/107293137
N12d4817792_41d8947313,12.4817792,41.8947313,road_vertex,way/243931705
N12d4817796_41d8951388,12.4817796,41.8951388,road_vertex,way/1144319659
N12d4817798_41d8934330,12.4817798,41.8934330,road_vertex,way/1238101041
N12d4817802_41d8953046,12.4817802,41.8953046,road_vertex,way/157166025
N12d4817816_41d8935796,12.4817816,41.8935796,road_vertex,way/10140484
N12d4817831_41d8948278,12.4817831,41.8948278,road_vertex,way/107293137
N12d4817856_41d8941677,12.4817856,41.8941677,road_vertex,way/1144319668
N12d4817871_41d8895586,12.4817871,41.8895586,road_vertex,way/124077474
N12d4817876_41d8951887,12.4817876,41.8951887,road_vertex,way/157166025
N12d4817896_41d8952625,12.4817896,41.8952625,road_vertex,way/157166025
N12d4817902_41d8948636,12.4817902,41.8948636,road_vertex,way/107293137
N12d4817902_41d8952421,12.4817902,41.8952421,road_vertex,way/157166025
N12d4817904_41d8945603,12.4817904,41.8945603,road_vertex,way/1144319668
N12d4817905_41d8952298,12.4817905,41.8952298,road_vertex,way/157166025
N12d4817913_41d8965421,12.4817913,41.8965421,road_vertex,way/777223434
N12d4817914_41d8938259,12.4817914,41.8938259,road_vertex,way/48520535
N12d4817922_41d8978001,12.4817922,41.8978001,road_vertex,way/1175160235
N12d4817936_41d8939222,12.4817936,41.8939222,road_vertex,way/713339402
N12d4817978_41d8892942,12.4817978,41.8892942,road_vertex,way/1216288706
N12d4817987_41d8930615,12.4817987,41.8930615,road_vertex,way/41156425
N12d4818004_41d8936014,12.4818004,41.8936014,road_vertex,way/10140484
N12d4818015_41d8949040,12.4818015,41.8949040,road_vertex,way/107293137
N12d4818028_41d8966343,12.4818028,41.8966343,road_vertex,way/36780068
N12d4818033_41d8952705,12.4818033,41.8952705,road_vertex,way/135417823
N12d4818037_41d8974564,12.4818037,41.8974564,road_vertex,way/1175160237
N12d4818038_41d8943125,12.4818038,41.8943125,road_vertex,way/1144459345
N12d4818048_41d8939309,12.4818048,41.8939309,road_vertex,way/713339401
N12d4818058_41d8850474,12.4818058,41.8850474,road_vertex,way/120930913
N12d4818065_41d8958127,12.4818065,41.8958127,road_vertex,way/1197185114
N12d4818067_41d8939328,12.4818067,41.8939328,road_vertex,way/713339401
N12d4818075_41d8965381,12.4818075,41.8965381,road_vertex,way/777223434
N12d4818076_41d8942644,12.4818076,41.8942644,road_vertex,way/125226012
N12d4818078_41d8939351,12.4818078,41.8939351,road_vertex,way/713339401
N12d4818101_41d8938046,12.4818101,41.8938046,road_vertex,way/48520535
N12d4818107_41d8940495,12.4818107,41.8940495,road_vertex,way/22979083
N12d4818109_41d8832188,12.4818109,41.8832188,road_vertex,way/1272829836
N12d4818153_41d8936216,12.4818153,41.8936216,road_vertex,way/10140484
N12d4818156_41d8939535,12.4818156,41.8939535,road_vertex,way/713339401
N12d4818178_41d8951378,12.4818178,41.8951378,road_vertex,way/1144319661
N12d4818180_41d8952511,12.4818180,41.8952511,road_vertex,way/135417823
N12d4818182_41d8954035,12.4818182,41.8954035,road_vertex,way/1236403465
N12d4818202_41d8965284,12.4818202,41.8965284,road_vertex,way/777223434
N12d4818213_41d8949676,12.4818213,41.8949676,road_vertex,way/157166019
N12d4818241_41d8852426,12.4818241,41.8852426,road_vertex,way/1429879786
N12d4818243_41d8951203,12.4818243,41.8951203,road_vertex,way/1429889473
N12d4818264_41d8946909,12.4818264,41.8946909,road_vertex,way/107293135
N12d4818265_41d8946562,12.4818265,41.8946562,road_vertex,way/243931704
N12d4818270_41d8937846,12.4818270,41.8937846,road_vertex,way/48520535
N12d4818270_41d8944736,12.4818270,41.8944736,road_vertex,way/1144459347
N12d4818273_41d8952388,12.4818273,41.8952388,road_vertex,way/135417823
N12d4818277_41d8951374,12.4818277,41.8951374,road_vertex,way/1429889473
N12d4818278_41d8965178,12.4818278,41.8965178,road_vertex,way/777223434
N12d4818284_41d8939863,12.4818284,41.8939863,road_vertex,way/713339400
N12d4818286_41d8849665,12.4818286,41.8849665,road_vertex,way/120930913
N12d4818292_41d8947247,12.4818292,41.8947247,road_vertex,way/107293135
N12d4818295_41d8928510,12.4818295,41.8928510,road_vertex,way/1232291711
N12d4818299_41d8942639,12.4818299,41.8942639,road_vertex,way/1144319668
N12d4818303_41d8831416,12.4818303,41.8831416,road_vertex,way/203755078
N12d4818311_41d8939891,12.4818311,41.8939891,road_vertex,way/713339400
N12d4818315_41d8936528,12.4818315,41.8936528,road_vertex,way/10140484
N12d4818345_41d8947635,12.4818345,41.8947635,road_vertex,way/107293135
N12d4818362_41d8951375,12.4818362,41.8951375,road_vertex,way/1144319661
N12d4818365_41d8939896,12.4818365,41.8939896,road_vertex,way/713339400
N12d4818365_41d8942741,12.4818365,41.8942741,road_vertex,way/1144319668
N12d4818374_41d8951445,12.4818374,41.8951445,road_vertex,way/1429889473
N12d4818374_41d8964898,12.4818374,41.8964898,road_vertex,way/1236333860
N12d4818374_41d8966296,12.4818374,41.8966296,road_vertex,way/36780068
N12d4818381_41d8945208,12.4818381,41.8945208,road_vertex,way/1144319668
N12d4818388_41d8895578,12.4818388,41.8895578,road_vertex,way/124077473
N12d4818392_41d8876994,12.4818392,41.8876994,road_vertex,way/834012177
N12d4818401_41d8952840,12.4818401,41.8952840,road_vertex,way/22979111
N12d4818419_41d8950418,12.4818419,41.8950418,road_vertex,way/157166019
N12d4818422_41d8889565,12.4818422,41.8889565,road_vertex,way/123971387
N12d4818428_41d8944879,12.4818428,41.8944879,road_vertex,way/1144459359
N12d4818435_41d8936945,12.4818435,41.8936945,road_vertex,way/41156423
N12d4818444_41d8902516,12.4818444,41.8902516,road_vertex,way/1185999079
N12d4818449_41d8948055,12.4818449,41.8948055,road_vertex,way/107293135
N12d4818454_41d8888865,12.4818454,41.8888865,road_vertex,way/123971387
N12d4818467_41d8952049,12.4818467,41.8952049,road_vertex,way/135417823
N12d4818484_41d8973450,12.4818484,41.8973450,road_vertex,way/1175160237
N12d4818487_41d8849326,12.4818487,41.8849326,road_vertex,way/120930913
N12d4818493_41d8939865,12.4818493,41.8939865,road_vertex,way/713339400
N12d4818493_41d8942891,12.4818493,41.8942891,road_vertex,way/1144459345
N12d4818494_41d8892950,12.4818494,41.8892950,road_vertex,way/1216288706
N12d4818511_41d8830608,12.4818511,41.8830608,road_vertex,way/1272829840
N12d4818511_41d8940718,12.4818511,41.8940718,road_vertex,way/22979083
N12d4818541_41d8919846,12.4818541,41.8919846,road_vertex,way/546596239
N12d4818554_41d8845013,12.4818554,41.8845013,road_vertex,way/120930913
N12d4818555_41d8946175,12.4818555,41.8946175,road_vertex,way/243931704
N12d4818557_41d8889469,12.4818557,41.8889469,road_vertex,way/123971387
N12d4818559_41d8937508,12.4818559,41.8937508,road_vertex,way/48520535
N12d4818573_41d8930799,12.4818573,41.8930799,road_vertex,way/41156425
N12d4818607_41d8943023,12.4818607,41.8943023,road_vertex,way/1144319668
N12d4818615_41d8945035,12.4818615,41.8945035,road_vertex,way/1144459359
N12d4818621_41d8830530,12.4818621,41.8830530,road_vertex,way/1272829833
N12d4818635_41d8889112,12.4818635,41.8889112,road_vertex,way/123971387
N12d4818638_41d8889373,12.4818638,41.8889373,road_vertex,way/123971387
N12d4818642_41d8943880,12.4818642,41.8943880,road_vertex,way/1144459351
N12d4818645_41d8950879,12.4818645,41.8950879,road_vertex,way/157166019
N12d4818646_41d8951644,12.4818646,41.8951644,road_vertex,way/1197185116
N12d4818667_41d8948748,12.4818667,41.8948748,road_vertex,way/135417817
N12d4818669_41d8938039,12.4818669,41.8938039,road_vertex,way/22979121
N12d4818674_41d8936905,12.4818674,41.8936905,road_vertex,way/41156423
N12d4818677_41d8889238,12.4818677,41.8889238,road_vertex,way/123971387
N12d4818678_41d8952776,12.4818678,41.8952776,road_vertex,way/22979111
N12d4818679_41d8966242,12.4818679,41.8966242,road_vertex,way/36780068
N12d4818687_41d8973021,12.4818687,41.8973021,road_vertex,way/1175160237
N12d4818695_41d8827782,12.4818695,41.8827782,road_vertex,way/1272829833
N12d4818697_41d8900393,12.4818697,41.8900393,road_vertex,way/1359177421
N12d4818714_41d8928112,12.4818714,41.8928112,road_vertex,way/1232291711
N12d4818755_41d8951377,12.4818755,41.8951377,road_vertex,way/1144319660
N12d4818773_41d8943257,12.4818773,41.8943257,road_vertex,way/1144319668
N12d4818773_41d8954147,12.4818773,41.8954147,road_vertex,way/777223436
N12d4818774_41d8946432,12.4818774,41.8946432,road_vertex,way/107293140
N12d4818782_41d8892990,12.4818782,41.8892990,road_vertex,way/1216288706
N12d4818787_41d8944908,12.4818787,41.8944908,road_vertex,way/1144319668
N12d4818793_41d8946722,12.4818793,41.8946722,road_vertex,way/107293140
N12d4818798_41d8946132,12.4818798,41.8946132,road_vertex,way/107293140
N12d4818814_41d8938638,12.4818814,41.8938638,road_vertex,way/22979121
N12d4818830_41d8911504,12.4818830,41.8911504,road_vertex,way/1359176523
N12d4818834_41d8943829,12.4818834,41.8943829,road_vertex,way/1144459350
N12d4818855_41d8945842,12.4818855,41.8945842,road_vertex,way/243931704
N12d4818865_41d8946971,12.4818865,41.8946971,road_vertex,way/107293140
N12d4818886_41d8951107,12.4818886,41.8951107,road_vertex,way/135417821
N12d4818889_41d8911372,12.4818889,41.8911372,road_vertex,way/1359176523
N12d4818900_41d8952702,12.4818900,41.8952702,road_vertex,way/22979111
N12d4818901_41d8949487,12.4818901,41.8949487,road_vertex,way/135417817
N12d4818909_41d8899997,12.4818909,41.8899997,road_vertex,way/81836874
N12d4818910_41d8929066,12.4818910,41.8929066,road_vertex,way/1232291712
N12d4818912_41d8943518,12.4818912,41.8943518,road_vertex,way/1144319668
N12d4818920_41d8911242,12.4818920,41.8911242,road_vertex,way/1359103692
N12d4818949_41d8939155,12.4818949,41.8939155,road_vertex,way/22979121
N12d4818951_41d8947220,12.4818951,41.8947220,road_vertex,way/107293140
N12d4818964_41d8941042,12.4818964,41.8941042,road_vertex,way/22979083
N12d4818990_41d8928991,12.4818990,41.8928991,road_vertex,way/1232291712
N12d4818991_41d8893043,12.4818991,41.8893043,road_vertex,way/1216288706
N12d4818997_41d8936835,12.4818997,41.8936835,road_vertex,way/41156423
N12d4819003_41d8830970,12.4819003,41.8830970,road_vertex,way/1272829840
N12d4819034_41d8949950,12.4819034,41.8949950,road_vertex,way/135417817
N12d4819043_41d8943777,12.4819043,41.8943777,road_vertex,way/1366268704
N12d4819056_41d8886910,12.4819056,41.8886910,road_vertex,way/123971388
N12d4819064_41d8954226,12.4819064,41.8954226,road_vertex,way/1429889474
N12d4819071_41d8910707,12.4819071,41.8910707,road_vertex,way/1359103692
N12d4819077_41d8973573,12.4819077,41.8973573,road_vertex,way/60616319
N12d4819092_41d8939673,12.4819092,41.8939673,road_vertex,way/713339398
N12d4819100_41d8950207,12.4819100,41.8950207,road_vertex,way/135417817
N12d4819106_41d8944647,12.4819106,41.8944647,road_vertex,way/1144319668
N12d4819111_41d8951379,12.4819111,41.8951379,road_vertex,way/1144319662
N12d4819115_41d8954141,12.4819115,41.8954141,road_vertex,way/1429889474
N12d4819143_41d8944072,12.4819143,41.8944072,road_vertex,way/1144319668
N12d4819147_41d8950406,12.4819147,41.8950406,road_vertex,way/243931702
N12d4819148_41d8945538,12.4819148,41.8945538,road_vertex,way/243931703
N12d4819152_41d8895552,12.4819152,41.8895552,road_vertex,way/124077473
N12d4819161_41d8947920,12.4819161,41.8947920,road_vertex,way/157166021
N12d4819165_41d8952537,12.4819165,41.8952537,road_vertex,way/22979111
N12d4819171_41d8893112,12.4819171,41.8893112,road_vertex,way/1216288706
N12d4819171_41d8937331,12.4819171,41.8937331,road_vertex,way/1447810833
N12d4819186_41d8937374,12.4819186,41.8937374,road_vertex,way/713339399
N12d4819194_41d8944499,12.4819194,41.8944499,road_vertex,way/1144319668
N12d4819203_41d8944279,12.4819203,41.8944279,road_vertex,way/1144319668
N12d4819205_41d8943735,12.4819205,41.8943735,road_vertex,way/1366268705
N12d4819214_41d8909997,12.4819214,41.8909997,road_vertex,way/1359176524
N12d4819220_41d8966132,12.4819220,41.8966132,road_vertex,way/36780068
N12d4819231_41d8937477,12.4819231,41.8937477,road_vertex,way/713339399
N12d4819234_41d8833024,12.4819234,41.8833024,road_vertex,way/1335609477
N12d4819243_41d8909856,12.4819243,41.8909856,road_vertex,way/1359176524
N12d4819246_41d8887081,12.4819246,41.8887081,road_vertex,way/123971388
N12d4819269_41d8962297,12.4819269,41.8962297,road_vertex,way/1236333860
N12d4819278_41d8844644,12.4819278,41.8844644,road_vertex,way/120930913
N12d4819278_41d8951380,12.4819278,41.8951380,road_vertex,way/1144319662
N12d4819283_41d8954350,12.4819283,41.8954350,road_vertex,way/1376048897
N12d4819287_41d8900427,12.4819287,41.8900427,road_vertex,way/1359177421
N12d4819297_41d8941317,12.4819297,41.8941317,road_vertex,way/22979083
N12d4819299_41d8832196,12.4819299,41.8832196,road_vertex,way/778306401
N12d4819300_41d8902509,12.4819300,41.8902509,road_vertex,way/1185999079
N12d4819306_41d8948430,12.4819306,41.8948430,road_vertex,way/157166021
N12d4819315_41d8893201,12.4819315,41.8893201,road_vertex,way/1216288706
N12d4819322_41d8952413,12.4819322,41.8952413,road_vertex,way/22979111
N12d4819341_41d8935810,12.4819341,41.8935810,road_vertex,way/1238101041
N12d4819354_41d8936742,12.4819354,41.8936742,road_vertex,way/41156423
N12d4819362_41d8945561,12.4819362,41.8945561,road_vertex,way/107293138
N12d4819381_41d8945945,12.4819381,41.8945945,road_vertex,way/107293138
N12d4819387_41d8948735,12.4819387,41.8948735,road_vertex,way/157166021
N12d4819420_41d8945197,12.4819420,41.8945197,road_vertex,way/243931703
N12d4819424_41d8930681,12.4819424,41.8930681,road_vertex,way/1232291712
N12d4819434_41d8946341,12.4819434,41.8946341,road_vertex,way/107293138
N12d4819436_41d8951036,12.4819436,41.8951036,road_vertex,way/1144319662
N12d4819439_41d8948966,12.4819439,41.8948966,road_vertex,way/157166021
N12d4819440_41d8887159,12.4819440,41.8887159,road_vertex,way/123971388
N12d4819440_41d8911545,12.4819440,41.8911545,road_vertex,way/1238101044
N12d4819450_41d8952231,12.4819450,41.8952231,road_vertex,way/1197185116
N12d4819467_41d8949116,12.4819467,41.8949116,road_vertex,way/157166021
N12d4819478_41d8949303,12.4819478,41.8949303,road_vertex,way/243931702
N12d4819493_41d8845323,12.4819493,41.8845323,road_vertex,way/120930913
N12d4819520_41d8952132,12.4819520,41.8952132,road_vertex,way/22979111
N12d4819533_41d8893358,12.4819533,41.8893358,road_vertex,way/1216288706
N12d4819537_41d8936120,12.4819537,41.8936120,road_vertex,way/1238101042
N12d4819539_41d8937799,12.4819539,41.8937799,road_vertex,way/713339399
N12d4819558_41d8953392,12.4819558,41.8953392,road_vertex,way/1429889474
N12d4819570_41d8902516,12.4819570,41.8902516,road_vertex,way/1185999080
N12d4819580_41d8941584,12.4819580,41.8941584,road_vertex,way/48520537
N12d4819597_41d8900536,12.4819597,41.8900536,road_vertex,way/1359177421
N12d4819598_41d8931983,12.4819598,41.8931983,road_vertex,way/41156423
N12d4819604_41d8937757,12.4819604,41.8937757,road_vertex,way/36779949
N12d4819617_41d8932100,12.4819617,41.8932100,road_vertex,way/41156423
N12d4819619_41d8944904,12.4819619,41.8944904,road_vertex,way/32454741
N12d4819624_41d8931775,12.4819624,41.8931775,road_vertex,way/41156423
N12d4819625_41d8946965,12.4819625,41.8946965,road_vertex,way/157166030
N12d4819648_41d8951903,12.4819648,41.8951903,road_vertex,way/22979111
N12d4819665_41d8887150,12.4819665,41.8887150,road_vertex,way/123971388
N12d4819677_41d8852675,12.4819677,41.8852675,road_vertex,way/1429879786
N12d4819678_41d8950503,12.4819678,41.8950503,road_vertex,way/1144319662
N12d4819688_41d8932244,12.4819688,41.8932244,road_vertex,way/41156423
N12d4819694_41d8930429,12.4819694,41.8930429,road_vertex,way/1232291712
N12d4819698_41d8900091,12.4819698,41.8900091,road_vertex,way/81836874
N12d4819706_41d8901914,12.4819706,41.8901914,road_vertex,way/1359177422
N12d4819708_41d8929720,12.4819708,41.8929720,road_vertex,way/1232291712
N12d4819711_41d8948675,12.4819711,41.8948675,road_vertex,way/157166030
N12d4819719_41d8936596,12.4819719,41.8936596,road_vertex,way/41156423
N12d4819721_41d8930179,12.4819721,41.8930179,road_vertex,way/1232291712
N12d4819743_41d8900624,12.4819743,41.8900624,road_vertex,way/1359177421
N12d4819743_41d8901188,12.4819743,41.8901188,road_vertex,way/1359177422
N12d4819759_41d8893570,12.4819759,41.8893570,road_vertex,way/1216288706
N12d4819763_41d8931607,12.4819763,41.8931607,road_vertex,way/41156423
N12d4819771_41d8889320,12.4819771,41.8889320,road_vertex,way/1216289862
N12d4819776_41d8973617,12.4819776,41.8973617,road_vertex,way/1175160235
N12d4819789_41d8900674,12.4819789,41.8900674,road_vertex,way/1359177422
N12d4819791_41d8902509,12.4819791,41.8902509,road_vertex,way/1185999080
N12d4819795_41d8939437,12.4819795,41.8939437,road_vertex,way/713339399
N12d4819802_41d8947528,12.4819802,41.8947528,road_vertex,way/157166030
N12d4819807_41d8894586,12.4819807,41.8894586,road_vertex,way/1216288706
N12d4819820_41d8939254,12.4819820,41.8939254,road_vertex,way/713339399
N12d4819822_41d8830449,12.4819822,41.8830449,road_vertex,way/203755078
N12d4819822_41d8948216,12.4819822,41.8948216,road_vertex,way/157166030
N12d4819823_41d8938619,12.4819823,41.8938619,road_vertex,way/713339399
N12d4819829_41d8952503,12.4819829,41.8952503,road_vertex,way/1429889476
N12d4819835_41d8939326,12.4819835,41.8939326,road_vertex,way/713339399
N12d4819841_41d8947846,12.4819841,41.8947846,road_vertex,way/157166030
N12d4819843_41d8944529,12.4819843,41.8944529,road_vertex,way/32454741
N12d4819855_41d8932499,12.4819855,41.8932499,road_vertex,way/41156423
N12d4819856_41d8832626,12.4819856,41.8832626,road_vertex,way/1272829838
N12d4819856_41d8950033,12.4819856,41.8950033,road_vertex,way/1144459366
N12d4819864_41d8938205,12.4819864,41.8938205,road_vertex,way/713346694
N12d4819872_41d8939409,12.4819872,41.8939409,road_vertex,way/1425906264
N12d4819873_41d8935898,12.4819873,41.8935898,road_vertex,way/1238101041
N12d4819878_41d8949980,12.4819878,41.8949980,road_vertex,way/1144319662
N12d4819902_41d8893768,12.4819902,41.8893768,road_vertex,way/1216288706
N12d4819904_41d8936491,12.4819904,41.8936491,road_vertex,way/1238101042
N12d4819905_41d8942391,12.4819905,41.8942391,road_vertex,way/48520537
N12d4819913_41d8912360,12.4819913,41.8912360,road_vertex,way/123817471
N12d4819919_41d8931491,12.4819919,41.8931491,road_vertex,way/41156423
N12d4819929_41d8952766,12.4819929,41.8952766,road_vertex,way/1429889475
N12d4819938_41d8894472,12.4819938,41.8894472,road_vertex,way/1216288706
N12d4819939_41d8973312,12.4819939,41.8973312,road_vertex,way/1175160235
N12d4819950_41d8928881,12.4819950,41.8928881,road_vertex,way/546596229
N12d4819955_41d8893879,12.4819955,41.8893879,road_vertex,way/1216288706
N12d4819964_41d8938625,12.4819964,41.8938625,road_vertex,way/86242193
N12d4819972_41d8939432,12.4819972,41.8939432,road_vertex,way/1425906264
N12d4819978_41d8949646,12.4819978,41.8949646,road_vertex,way/1144319662
N12d4819999_41d8894036,12.4819999,41.8894036,road_vertex,way/1216288706
N12d4820008_41d8894357,12.4820008,41.8894357,road_vertex,way/1216288706
N12d4820008_41d8952632,12.4820008,41.8952632,road_vertex,way/1429889476
N12d4820026_41d8894226,12.4820026,41.8894226,road_vertex,way/1216288706
N12d4820062_41d8889158,12.4820062,41.8889158,road_vertex,way/1216289863
N12d4820062_41d8950013,12.4820062,41.8950013,road_vertex,way/1144459366
N12d4820063_41d8947351,12.4820063,41.8947351,road_vertex,way/1144319662
N12d4820066_41d8872058,12.4820066,41.8872058,road_vertex,way/25420417
N12d4820076_41d8944105,12.4820076,41.8944105,road_vertex,way/32454741
N12d4820083_41d8938146,12.4820083,41.8938146,road_vertex,way/713346694
N12d4820087_41d8936390,12.4820087,41.8936390,road_vertex,way/41156423
N12d4820095_41d8972838,12.4820095,41.8972838,road_vertex,way/1175160235
N12d4820103_41d8950982,12.4820103,41.8950982,road_vertex,way/22979111
N12d4820115_41d8935765,12.4820115,41.8935765,road_vertex,way/1238101041
N12d4820116_41d8949119,12.4820116,41.8949119,road_vertex,way/1144319662
N12d4820118_41d8904043,12.4820118,41.8904043,road_vertex,way/123971360
N12d4820119_41d8947587,12.4820119,41.8947587,road_vertex,way/1144319662
N12d4820129_41d8931371,12.4820129,41.8931371,road_vertex,way/41156423
N12d4820145_41d8905868,12.4820145,41.8905868,road_vertex,way/124077480
N12d4820147_41d8932964,12.4820147,41.8932964,road_vertex,way/41156423
N12d4820162_41d8906798,12.4820162,41.8906798,road_vertex,way/209893188
N12d4820180_41d8891080,12.4820180,41.8891080,road_vertex,way/123971380
N12d4820180_41d8948742,12.4820180,41.8948742,road_vertex,way/1144319662
N12d4820182_41d8902514,12.4820182,41.8902514,road_vertex,way/1185999078
N12d4820182_41d8947991,12.4820182,41.8947991,road_vertex,way/1144319662
N12d4820188_41d8936788,12.4820188,41.8936788,road_vertex,way/1447810833
N12d4820194_41d8958524,12.4820194,41.8958524,road_vertex,way/1197185114
N12d4820195_41d8886896,12.4820195,41.8886896,road_vertex,way/123971388
N12d4820202_41d8948414,12.4820202,41.8948414,road_vertex,way/1144319662
N12d4820210_41d8892221,12.4820210,41.8892221,road_vertex,way/123971384
N12d4820217_41d8935599,12.4820217,41.8935599,road_vertex,way/1238101041
N12d4820224_41d8920422,12.4820224,41.8920422,road_vertex,way/546596239
N12d4820225_41d8938082,12.4820225,41.8938082,road_vertex,way/1386069096
N12d4820248_41d8925244,12.4820248,41.8925244,road_vertex,way/949721437
N12d4820258_41d8952507,12.4820258,41.8952507,road_vertex,way/1429889475
N12d4820265_41d8943680,12.4820265,41.8943680,road_vertex,way/32454741
N12d4820288_41d8888951,12.4820288,41.8888951,road_vertex,way/1216289863
N12d4820291_41d8910174,12.4820291,41.8910174,road_vertex,way/52923503
N12d4820299_41d8936278,12.4820299,41.8936278,road_vertex,way/41156423
N12d4820309_41d8831929,12.4820309,41.8831929,road_vertex,way/1272829840
N12d4820311_41d8848856,12.4820311,41.8848856,road_vertex,way/120930913
N12d4820311_41d8943457,12.4820311,41.8943457,road_vertex,way/1366268705
N12d4820338_41d8845752,12.4820338,41.8845752,road_vertex,way/120930913
N12d4820338_41d8931277,12.4820338,41.8931277,road_vertex,way/41156423
N12d4820338_41d8959102,12.4820338,41.8959102,road_vertex,way/1236333860
N12d4820357_41d8938022,12.4820357,41.8938022,road_vertex,way/1386069096
N12d4820359_41d8967420,12.4820359,41.8967420,road_vertex,way/996687516
N12d4820362_41d8966124,12.4820362,41.8966124,road_vertex,way/1544765575
N12d4820391_41d8910740,12.4820391,41.8910740,road_vertex,way/366796437
N12d4820408_41d8900157,12.4820408,41.8900157,road_vertex,way/123971360
N12d4820441_41d8950169,12.4820441,41.8950169,road_vertex,way/22979111
N12d4820475_41d8936140,12.4820475,41.8936140,road_vertex,way/41156423
N12d4820493_41d8888763,12.4820493,41.8888763,road_vertex,way/1216289864
N12d4820514_41d8904095,12.4820514,41.8904095,road_vertex,way/888672889
N12d4820524_41d8949975,12.4820524,41.8949975,road_vertex,way/1144459365
N12d4820533_41d8958590,12.4820533,41.8958590,road_vertex,way/1236333859
N12d4820554_41d8939652,12.4820554,41.8939652,road_vertex,way/1425906264
N12d4820558_41d8968292,12.4820558,41.8968292,road_vertex,way/1175160237
N12d4820576_41d8835960,12.4820576,41.8835960,road_vertex,way/1335609477
N12d4820584_41d8958455,12.4820584,41.8958455,road_vertex,way/1236333859
N12d4820600_41d8832152,12.4820600,41.8832152,road_vertex,way/1272829839
N12d4820606_41d8944060,12.4820606,41.8944060,road_vertex,way/107293136
N12d4820608_41d8905872,12.4820608,41.8905872,road_vertex,way/124077480
N12d4820609_41d8931217,12.4820609,41.8931217,road_vertex,way/41156423
N12d4820616_41d8933792,12.4820616,41.8933792,road_vertex,way/41156423
N12d4820619_41d8905435,12.4820619,41.8905435,road_vertex,way/124077480
N12d4820620_41d8903486,12.4820620,41.8903486,road_vertex,way/888672889
N12d4820635_41d8937896,12.4820635,41.8937896,road_vertex,way/1386069095
N12d4820642_41d8959162,12.4820642,41.8959162,road_vertex,way/1137951700
N12d4820649_41d8903169,12.4820649,41.8903169,road_vertex,way/888672890
N12d4820657_41d8935933,12.4820657,41.8935933,road_vertex,way/99368261
N12d4820671_41d8967657,12.4820671,41.8967657,road_vertex,way/996687516
N12d4820691_41d8902871,12.4820691,41.8902871,road_vertex,way/888672891
N12d4820736_41d8958025,12.4820736,41.8958025,road_vertex,way/287483278
N12d4820745_41d8904824,12.4820745,41.8904824,road_vertex,way/888672889
N12d4820745_41d8967890,12.4820745,41.8967890,road_vertex,way/996687516
N12d4820771_41d8887587,12.4820771,41.8887587,road_vertex,way/123971376
N12d4820786_41d8935675,12.4820786,41.8935675,road_vertex,way/41156423
N12d4820789_41d8950228,12.4820789,41.8950228,road_vertex,way/48520536
N12d4820796_41d8944525,12.4820796,41.8944525,road_vertex,way/107293136
N12d4820808_41d8949952,12.4820808,41.8949952,road_vertex,way/1144459365
N12d4820818_41d8889388,12.4820818,41.8889388,road_vertex,way/123971360
N12d4820828_41d8951051,12.4820828,41.8951051,road_vertex,way/48520536
N12d4820829_41d8903168,12.4820829,41.8903168,road_vertex,way/888672890
N12d4820837_41d8891069,12.4820837,41.8891069,road_vertex,way/123971380
N12d4820841_41d8895499,12.4820841,41.8895499,road_vertex,way/123971360
N12d4820843_41d8892213,12.4820843,41.8892213,road_vertex,way/123971384
N12d4820847_41d8893022,12.4820847,41.8893022,road_vertex,way/123971360
N12d4820854_41d8880842,12.4820854,41.8880842,road_vertex,way/135737306
N12d4820859_41d8949191,12.4820859,41.8949191,road_vertex,way/107293136
N12d4820860_41d8957674,12.4820860,41.8957674,road_vertex,way/140186779
N12d4820862_41d8931223,12.4820862,41.8931223,road_vertex,way/41156423
N12d4820871_41d8894465,12.4820871,41.8894465,road_vertex,way/123971360
N12d4820880_41d8894037,12.4820880,41.8894037,road_vertex,way/123971360
N12d4820895_41d8957577,12.4820895,41.8957577,road_vertex,way/1376048897
N12d4820914_41d8935352,12.4820914,41.8935352,road_vertex,way/41156423
N12d4820946_41d8945130,12.4820946,41.8945130,road_vertex,way/107293136
N12d4820946_41d8951655,12.4820946,41.8951655,road_vertex,way/48520536
N12d4820968_41d8934674,12.4820968,41.8934674,road_vertex,way/41156423
N12d4820976_41d8935059,12.4820976,41.8935059,road_vertex,way/41156423
N12d4821008_41d8900546,12.4821008,41.8900546,road_vertex,way/888672891
N12d4821018_41d8945623,12.4821018,41.8945623,road_vertex,way/107293136
N12d4821026_41d8947974,12.4821026,41.8947974,road_vertex,way/107293136
N12d4821063_41d8936050,12.4821063,41.8936050,road_vertex,way/99368261
N12d4821072_41d8957608,12.4821072,41.8957608,road_vertex,way/1376048897
N12d4821078_41d8947087,12.4821078,41.8947087,road_vertex,way/107293136
N12d4821087_41d8946415,12.4821087,41.8946415,road_vertex,way/107293136
N12d4821107_41d8952081,12.4821107,41.8952081,road_vertex,way/1197185115
N12d4821144_41d8931293,12.4821144,41.8931293,road_vertex,way/41156423
N12d4821162_41d8886358,12.4821162,41.8886358,road_vertex,way/961979116
N12d4821168_41d8899189,12.4821168,41.8899189,road_vertex,way/888672891
N12d4821202_41d8968420,12.4821202,41.8968420,road_vertex,way/996687517
N12d4821209_41d8970255,12.4821209,41.8970255,road_vertex,way/1175160235
N12d4821222_41d8910817,12.4821222,41.8910817,road_vertex,way/366796437
N12d4821298_41d8936056,12.4821298,41.8936056,road_vertex,way/99368263
N12d4821314_41d8929795,12.4821314,41.8929795,road_vertex,way/546596229
N12d4821318_41d8952475,12.4821318,41.8952475,road_vertex,way/48520536
N12d4821331_41d8889098,12.4821331,41.8889098,road_vertex,way/123971346
N12d4821351_41d8872868,12.4821351,41.8872868,road_vertex,way/25420417
N12d4821356_41d8931442,12.4821356,41.8931442,road_vertex,way/41156423
N12d4821365_41d8949907,12.4821365,41.8949907,road_vertex,way/1144459365
N12d4821369_41d8836539,12.4821369,41.8836539,road_vertex,way/1335609476
N12d4821387_41d8911871,12.4821387,41.8911871,road_vertex,way/888670754
N12d4821387_41d8912738,12.4821387,41.8912738,road_vertex,way/123817471
N12d4821392_41d8949905,12.4821392,41.8949905,road_vertex,way/1144459367
N12d4821420_41d8893998,12.4821420,41.8893998,road_vertex,way/123971385
N12d4821459_41d8886644,12.4821459,41.8886644,road_vertex,way/961979116
N12d4821481_41d8943163,12.4821481,41.8943163,road_vertex,way/1366268705
N12d4821491_41d8847718,12.4821491,41.8847718,road_vertex,way/120930913
N12d4821531_41d8936016,12.4821531,41.8936016,road_vertex,way/99368263
N12d4821563_41d8931693,12.4821563,41.8931693,road_vertex,way/41156423
N12d4821568_41d8894239,12.4821568,41.8894239,road_vertex,way/123971385
N12d4821583_41d8894551,12.4821583,41.8894551,road_vertex,way/123971385
N12d4821593_41d8952829,12.4821593,41.8952829,road_vertex,way/48520536
N12d4821647_41d8894702,12.4821647,41.8894702,road_vertex,way/888672891
N12d4821651_41d8949974,12.4821651,41.8949974,road_vertex,way/1425906264
N12d4821655_41d8949880,12.4821655,41.8949880,road_vertex,way/1425906264
N12d4821669_41d8949518,12.4821669,41.8949518,road_vertex,way/1425906264
N12d4821690_41d8931963,12.4821690,41.8931963,road_vertex,way/41156423
N12d4821692_41d8950438,12.4821692,41.8950438,road_vertex,way/1425906264
N12d4821707_41d8956218,12.4821707,41.8956218,road_vertex,way/1376048897
N12d4821713_41d8955958,12.4821713,41.8955958,road_vertex,way/1376048897
N12d4821720_41d8910886,12.4821720,41.8910886,road_vertex,way/366796437
N12d4821728_41d8886897,12.4821728,41.8886897,road_vertex,way/123971376
N12d4821729_41d8935670,12.4821729,41.8935670,road_vertex,way/99368263
N12d4821792_41d8949130,12.4821792,41.8949130,road_vertex,way/1425906264
N12d4821811_41d8950826,12.4821811,41.8950826,road_vertex,way/1425906264
N12d4821813_41d8906159,12.4821813,41.8906159,road_vertex,way/888672889
N12d4821814_41d8888787,12.4821814,41.8888787,road_vertex,way/82201173
N12d4821827_41d8968545,12.4821827,41.8968545,road_vertex,way/1197185095
N12d4821833_41d8894243,12.4821833,41.8894243,road_vertex,way/123971385
N12d4821853_41d8834925,12.4821853,41.8834925,road_vertex,way/1335609477
N12d4821855_41d8943047,12.4821855,41.8943047,road_vertex,way/1425906264
N12d4821858_41d8894006,12.4821858,41.8894006,road_vertex,way/123971385
N12d4821862_41d8953187,12.4821862,41.8953187,road_vertex,way/48520536
N12d4821916_41d8918236,12.4821916,41.8918236,road_vertex,way/123817493
N12d4821923_41d8836957,12.4821923,41.8836957,road_vertex,way/1335609475
N12d4821964_41d8951654,12.4821964,41.8951654,road_vertex,way/1197185115
N12d4821974_41d8847149,12.4821974,41.8847149,road_vertex,way/120930913
N12d4821992_41d8930304,12.4821992,41.8930304,road_vertex,way/546596228
N12d4822001_41d8846600,12.4822001,41.8846600,road_vertex,way/120930915
N12d4822001_41d8951235,12.4822001,41.8951235,road_vertex,way/1425906264
N12d4822010_41d8887771,12.4822010,41.8887771,road_vertex,way/1216289864
N12d4822077_41d8966821,12.4822077,41.8966821,road_vertex,way/290492196
N12d4822095_41d8846850,12.4822095,41.8846850,road_vertex,way/120930913
N12d4822118_41d8882144,12.4822118,41.8882144,road_vertex,way/135737306
N12d4822126_41d8910962,12.4822126,41.8910962,road_vertex,way/366796437
N12d4822181_41d8968098,12.4822181,41.8968098,road_vertex,way/1197185095
N12d4822183_41d8951544,12.4822183,41.8951544,road_vertex,way/1425906264
N12d4822191_41d8935343,12.4822191,41.8935343,road_vertex,way/99368268
N12d4822213_41d8853192,12.4822213,41.8853192,road_vertex,way/1429879786
N12d4822240_41d8958329,12.4822240,41.8958329,road_vertex,way/287483278
N12d4822277_41d8871175,12.4822277,41.8871175,road_vertex,way/24468731
N12d4822287_41d8870850,12.4822287,41.8870850,road_vertex,way/24468731
N12d4822312_41d8871423,12.4822312,41.8871423,road_vertex,way/24468731
N12d4822316_41d8933751,12.4822316,41.8933751,road_vertex,way/41156423
N12d4822339_41d8913328,12.4822339,41.8913328,road_vertex,way/123817471
N12d4822340_41d8870492,12.4822340,41.8870492,road_vertex,way/24468731
N12d4822376_41d8891064,12.4822376,41.8891064,road_vertex,way/888667262
N12d4822399_41d8871691,12.4822399,41.8871691,road_vertex,way/24468731
N12d4822414_41d8870155,12.4822414,41.8870155,road_vertex,way/24468731
N12d4822422_41d8951830,12.4822422,41.8951830,road_vertex,way/603411440
N12d4822436_41d8953818,12.4822436,41.8953818,road_vertex,way/48520536
N12d4822486_41d8934091,12.4822486,41.8934091,road_vertex,way/41156423
N12d4822503_41d8871939,12.4822503,41.8871939,road_vertex,way/24468731
N12d4822508_41d8922174,12.4822508,41.8922174,road_vertex,way/1232291714
N12d4822521_41d8869834,12.4822521,41.8869834,road_vertex,way/24468731
N12d4822548_41d8944010,12.4822548,41.8944010,road_vertex,way/1425906264
N12d4822569_41d8967972,12.4822569,41.8967972,road_vertex,way/1197185095
N12d4822581_41d8930799,12.4822581,41.8930799,road_vertex,way/546596228
N12d4822656_41d8945317,12.4822656,41.8945317,road_vertex,way/1425906264
N12d4822664_41d8890633,12.4822664,41.8890633,road_vertex,way/999286024
N12d4822665_41d8869473,12.4822665,41.8869473,road_vertex,way/24468731
N12d4822747_41d8952125,12.4822747,41.8952125,road_vertex,way/603411440
N12d4822751_41d8913918,12.4822751,41.8913918,road_vertex,way/123817471
N12d4822754_41d8934361,12.4822754,41.8934361,road_vertex,way/41156423
N12d4822779_41d8869186,12.4822779,41.8869186,road_vertex,way/24468731
N12d4822787_41d8935051,12.4822787,41.8935051,road_vertex,way/99368268
N12d4822812_41d8890292,12.4822812,41.8890292,road_vertex,way/123971361
N12d4822833_41d8946545,12.4822833,41.8946545,road_vertex,way/1425906264
N12d4822835_41d8890122,12.4822835,41.8890122,road_vertex,way/123971361
N12d4822836_41d8890425,12.4822836,41.8890425,road_vertex,way/999286024
N12d4822846_41d8845981,12.4822846,41.8845981,road_vertex,way/120930915
N12d4822859_41d8921938,12.4822859,41.8921938,road_vertex,way/1232291714
N12d4822882_41d8890520,12.4822882,41.8890520,road_vertex,way/123971361
N12d4822889_41d8919026,12.4822889,41.8919026,road_vertex,way/123817504
N12d4822897_41d8890021,12.4822897,41.8890021,road_vertex,way/123971361
N12d4822921_41d8968075,12.4822921,41.8968075,road_vertex,way/1544765574
N12d4822939_41d8917029,12.4822939,41.8917029,road_vertex,way/123817496
N12d4822974_41d8890603,12.4822974,41.8890603,road_vertex,way/123971361
N12d4822985_41d8909862,12.4822985,41.8909862,road_vertex,way/209893188
N12d4823016_41d8889881,12.4823016,41.8889881,road_vertex,way/123971361
N12d4823027_41d8954657,12.4823027,41.8954657,road_vertex,way/122109226
N12d4823041_41d8945896,12.4823041,41.8945896,road_vertex,way/1425906264
N12d4823060_41d8868634,12.4823060,41.8868634,road_vertex,way/24468731
N12d4823068_41d8914402,12.4823068,41.8914402,road_vertex,way/123817471
N12d4823079_41d8934485,12.4823079,41.8934485,road_vertex,way/41156423
N12d4823088_41d8946212,12.4823088,41.8946212,road_vertex,way/1425906264
N12d4823094_41d8853310,12.4823094,41.8853310,road_vertex,way/1429879786
N12d4823123_41d8890674,12.4823123,41.8890674,road_vertex,way/123971361
N12d4823123_41d8952413,12.4823123,41.8952413,road_vertex,way/603411440
N12d4823148_41d8889756,12.4823148,41.8889756,road_vertex,way/123971361
N12d4823226_41d8932453,12.4823226,41.8932453,road_vertex,way/41156423
N12d4823231_41d8911226,12.4823231,41.8911226,road_vertex,way/366796437
N12d4823253_41d8955327,12.4823253,41.8955327,road_vertex,way/122109226
N12d4823254_41d8874163,12.4823254,41.8874163,road_vertex,way/1208915577
N12d4823268_41d8932716,12.4823268,41.8932716,road_vertex,way/41156423
N12d4823289_41d8967114,12.4823289,41.8967114,road_vertex,way/1544765574
N12d4823295_41d8852809,12.4823295,41.8852809,road_vertex,way/1272829843
N12d4823296_41d8835094,12.4823296,41.8835094,road_vertex,way/778306401
N12d4823322_41d8919316,12.4823322,41.8919316,road_vertex,way/123817504
N12d4823375_41d8932247,12.4823375,41.8932247,road_vertex,way/41156423
N12d4823404_41d8890753,12.4823404,41.8890753,road_vertex,way/123971361
N12d4823423_41d8966761,12.4823423,41.8966761,road_vertex,way/1544765575
N12d4823447_41d8889539,12.4823447,41.8889539,road_vertex,way/123971361
N12d4823449_41d8914685,12.4823449,41.8914685,road_vertex,way/123817471
N12d4823495_41d8934501,12.4823495,41.8934501,road_vertex,way/99368262
N12d4823519_41d8921465,12.4823519,41.8921465,road_vertex,way/123817504
N12d4823545_41d8867905,12.4823545,41.8867905,road_vertex,way/24468731
N12d4823585_41d8952672,12.4823585,41.8952672,road_vertex,way/603411440
N12d4823591_41d8944859,12.4823591,41.8944859,road_vertex,way/712386040
N12d4823598_41d8874207,12.4823598,41.8874207,road_vertex,way/1208915577
N12d4823657_41d8931978,12.4823657,41.8931978,road_vertex,way/546596230
N12d4823684_41d8853499,12.4823684,41.8853499,road_vertex,way/1429879786
N12d4823685_41d8851842,12.4823685,41.8851842,road_vertex,way/1272829844
N12d4823729_41d8916626,12.4823729,41.8916626,road_vertex,way/123817496
N12d4823741_41d8919700,12.4823741,41.8919700,road_vertex,way/123817504
N12d4823776_41d8933332,12.4823776,41.8933332,road_vertex,way/41156423
N12d4823778_41d8914765,12.4823778,41.8914765,road_vertex,way/123817474
N12d4823831_41d8934368,12.4823831,41.8934368,road_vertex,way/41156423
N12d4823864_41d8866260,12.4823864,41.8866260,road_vertex,way/973348307
N12d4823871_41d8944919,12.4823871,41.8944919,road_vertex,way/712386040
N12d4823934_41d8923270,12.4823934,41.8923270,road_vertex,way/546598047
N12d4823955_41d8948337,12.4823955,41.8948337,road_vertex,way/124808540
N12d4823973_41d8943915,12.4823973,41.8943915,road_vertex,way/712386040
N12d4824016_41d8955265,12.4824016,41.8955265,road_vertex,way/32454219
N12d4824026_41d8920686,12.4824026,41.8920686,road_vertex,way/123817504
N12d4824034_41d8952866,12.4824034,41.8952866,road_vertex,way/603411440
N12d4824106_41d8852916,12.4824106,41.8852916,road_vertex,way/106205318
N12d4824111_41d8933751,12.4824111,41.8933751,road_vertex,way/41156423
N12d4824119_41d8934097,12.4824119,41.8934097,road_vertex,way/41156423
N12d4824226_41d8943321,12.4824226,41.8943321,road_vertex,way/712386040
N12d4824241_41d8955396,12.4824241,41.8955396,road_vertex,way/1544765575
N12d4824246_41d8947606,12.4824246,41.8947606,road_vertex,way/124808540
N12d4824253_41d8923551,12.4824253,41.8923551,road_vertex,way/546598047
N12d4824283_41d8932546,12.4824283,41.8932546,road_vertex,way/546596230
N12d4824296_41d8914053,12.4824296,41.8914053,road_vertex,way/618096449
N12d4824331_41d8953373,12.4824331,41.8953373,road_vertex,way/603411440
N12d4824334_41d8911556,12.4824334,41.8911556,road_vertex,way/366796437
N12d4824360_41d8953196,12.4824360,41.8953196,road_vertex,way/603411440
N12d4824363_41d8953520,12.4824363,41.8953520,road_vertex,way/603411440
N12d4824380_41d8942234,12.4824380,41.8942234,road_vertex,way/712386040
N12d4824429_41d8852278,12.4824429,41.8852278,road_vertex,way/24534110
N12d4824434_41d8952999,12.4824434,41.8952999,road_vertex,way/603411440
N12d4824465_41d8953651,12.4824465,41.8953651,road_vertex,way/603411440
N12d4824479_41d8866590,12.4824479,41.8866590,road_vertex,way/973348307
N12d4824486_41d8873665,12.4824486,41.8873665,road_vertex,way/834012176
N12d4824492_41d8946993,12.4824492,41.8946993,road_vertex,way/124808544
N12d4824525_41d8853158,12.4824525,41.8853158,road_vertex,way/106205318
N12d4824554_41d8945071,12.4824554,41.8945071,road_vertex,way/712386039
N12d4824590_41d8851978,12.4824590,41.8851978,road_vertex,way/24534110
N12d4824607_41d8953743,12.4824607,41.8953743,road_vertex,way/603411440
N12d4824653_41d8946577,12.4824653,41.8946577,road_vertex,way/124808544
N12d4824678_41d8948498,12.4824678,41.8948498,road_vertex,way/124808540
N12d4824744_41d8943449,12.4824744,41.8943449,road_vertex,way/603411444
N12d4824756_41d8851678,12.4824756,41.8851678,road_vertex,way/24534110
N12d4824769_41d8932906,12.4824769,41.8932906,road_vertex,way/999270649
N12d4824796_41d8910773,12.4824796,41.8910773,road_vertex,way/22880307
N12d4824826_41d8854109,12.4824826,41.8854109,road_vertex,way/1429879786
N12d4824861_41d8910676,12.4824861,41.8910676,road_vertex,way/22880307
N12d4824918_41d8851409,12.4824918,41.8851409,road_vertex,way/24534110
N12d4824923_41d8910614,12.4824923,41.8910614,road_vertex,way/22880307
N12d4824971_41d8912643,12.4824971,41.8912643,road_vertex,way/888670754
N12d4825014_41d8955133,12.4825014,41.8955133,road_vertex,way/1544765580
N12d4825015_41d8910553,12.4825015,41.8910553,road_vertex,way/209893188
N12d4825020_41d8940735,12.4825020,41.8940735,road_vertex,way/124808546
N12d4825029_41d8871459,12.4825029,41.8871459,road_vertex,way/834012170
N12d4825029_41d8871978,12.4825029,41.8871978,road_vertex,way/834012170
N12d4825073_41d8909679,12.4825073,41.8909679,road_vertex,way/366796440
N12d4825075_41d8910516,12.4825075,41.8910516,road_vertex,way/22880307
N12d4825084_41d8851139,12.4825084,41.8851139,road_vertex,way/24534110
N12d4825102_41d8853497,12.4825102,41.8853497,road_vertex,way/106205318
N12d4825147_41d8945207,12.4825147,41.8945207,road_vertex,way/712386037
N12d4825162_41d8873253,12.4825162,41.8873253,road_vertex,way/1331640115
N12d4825185_41d8886478,12.4825185,41.8886478,road_vertex,way/82201173
N12d4825209_41d8912851,12.4825209,41.8912851,road_vertex,way/888670755
N12d4825243_41d8944922,12.4825243,41.8944922,road_vertex,way/712386038
N12d4825249_41d8910457,12.4825249,41.8910457,road_vertex,way/22880307
N12d4825274_41d8912765,12.4825274,41.8912765,road_vertex,way/888670755
N12d4825276_41d8867000,12.4825276,41.8867000,road_vertex,way/973348307
N12d4825277_41d8911934,12.4825277,41.8911934,road_vertex,way/366796437
N12d4825288_41d8967597,12.4825288,41.8967597,road_vertex,way/290492196
N12d4825315_41d8884048,12.4825315,41.8884048,road_vertex,way/961979115
N12d4825390_41d8850678,12.4825390,41.8850678,road_vertex,way/24534110
N12d4825432_41d8898194,12.4825432,41.8898194,road_vertex,way/123971371
N12d4825437_41d8910410,12.4825437,41.8910410,road_vertex,way/22880307
N12d4825461_41d8884245,12.4825461,41.8884245,road_vertex,way/961979115
N12d4825472_41d8948675,12.4825472,41.8948675,road_vertex,way/124808552
N12d4825492_41d8967638,12.4825492,41.8967638,road_vertex,way/1544765573
N12d4825552_41d8853806,12.4825552,41.8853806,road_vertex,way/106205318
N12d4825560_41d8953972,12.4825560,41.8953972,road_vertex,way/603411440
N12d4825579_41d8850368,12.4825579,41.8850368,road_vertex,way/24534110
N12d4825617_41d8945317,12.4825617,41.8945317,road_vertex,way/712386037
N12d4825618_41d8944034,12.4825618,41.8944034,road_vertex,way/712996457
N12d4825634_41d8910389,12.4825634,41.8910389,road_vertex,way/22880307
N12d4825698_41d8912132,12.4825698,41.8912132,road_vertex,way/366796437
N12d4825762_41d8850060,12.4825762,41.8850060,road_vertex,way/24534110
N12d4825762_41d8896623,12.4825762,41.8896623,road_vertex,way/123971364
N12d4825762_41d8903859,12.4825762,41.8903859,road_vertex,way/123971382
N12d4825771_41d8895273,12.4825771,41.8895273,road_vertex,way/123971364
N12d4825779_41d8910393,12.4825779,41.8910393,road_vertex,way/22880307
N12d4825804_41d8924914,12.4825804,41.8924914,road_vertex,way/546598047
N12d4825820_41d8953365,12.4825820,41.8953365,road_vertex,way/124808530
N12d4825829_41d8872831,12.4825829,41.8872831,road_vertex,way/1331640115
N12d4825873_41d8902967,12.4825873,41.8902967,road_vertex,way/123971382
N12d4825890_41d8884732,12.4825890,41.8884732,road_vertex,way/123971373
N12d4825938_41d8910415,12.4825938,41.8910415,road_vertex,way/22880307
N12d4825943_41d8948773,12.4825943,41.8948773,road_vertex,way/124808552
N12d4825977_41d8849664,12.4825977,41.8849664,road_vertex,way/24534110
N12d4826002_41d8952941,12.4826002,41.8952941,road_vertex,way/124808530
N12d4826018_41d8884881,12.4826018,41.8884881,road_vertex,way/1216289865
N12d4826042_41d8909241,12.4826042,41.8909241,road_vertex,way/303405104
N12d4826047_41d8906318,12.4826047,41.8906318,road_vertex,way/123971382
N12d4826099_41d8884972,12.4826099,41.8884972,road_vertex,way/1216289865
N12d4826109_41d8910467,12.4826109,41.8910467,road_vertex,way/1183867087
N12d4826119_41d8912361,12.4826119,41.8912361,road_vertex,way/366796437
N12d4826184_41d8915020,12.4826184,41.8915020,road_vertex,way/119666623
N12d4826186_41d8849269,12.4826186,41.8849269,road_vertex,way/24534110
N12d4826186_41d8946917,12.4826186,41.8946917,road_vertex,way/124808544
N12d4826192_41d8915079,12.4826192,41.8915079,road_vertex,way/119666623
N12d4826216_41d8914971,12.4826216,41.8914971,road_vertex,way/119666623
N12d4826232_41d8904602,12.4826232,41.8904602,road_vertex,way/123971382
N12d4826240_41d8910105,12.4826240,41.8910105,road_vertex,way/1183867088
N12d4826250_41d8969054,12.4826250,41.8969054,road_vertex,way/1197185095
N12d4826251_41d8915158,12.4826251,41.8915158,road_vertex,way/119666623
N12d4826294_41d8933785,12.4826294,41.8933785,road_vertex,way/1105928918
N12d4826300_41d8933642,12.4826300,41.8933642,road_vertex,way/1105928918
N12d4826308_41d8933913,12.4826308,41.8933913,road_vertex,way/1105928918
N12d4826312_41d8933516,12.4826312,41.8933516,road_vertex,way/1105928918
N12d4826324_41d8909585,12.4826324,41.8909585,road_vertex,way/1183867088
N12d4826327_41d8933379,12.4826327,41.8933379,road_vertex,way/1105928918
N12d4826339_41d8915218,12.4826339,41.8915218,road_vertex,way/119666623
N12d4826340_41d8934026,12.4826340,41.8934026,road_vertex,way/1105928918
N12d4826347_41d8909103,12.4826347,41.8909103,road_vertex,way/888670751
N12d4826348_41d8914876,12.4826348,41.8914876,road_vertex,way/119666623
N12d4826351_41d8975306,12.4826351,41.8975306,road_vertex,way/60616326
N12d4826381_41d8933188,12.4826381,41.8933188,road_vertex,way/1105928918
N12d4826381_41d8942352,12.4826381,41.8942352,road_vertex,way/712996457
N12d4826390_41d8934137,12.4826390,41.8934137,road_vertex,way/1105928918
N12d4826412_41d8933099,12.4826412,41.8933099,road_vertex,way/1105928918
N12d4826461_41d8934269,12.4826461,41.8934269,road_vertex,way/1105928918
N12d4826470_41d8912555,12.4826470,41.8912555,road_vertex,way/366796437
N12d4826488_41d8932931,12.4826488,41.8932931,road_vertex,way/1105928918
N12d4826528_41d8934381,12.4826528,41.8934381,road_vertex,way/1105928918
N12d4826533_41d8967831,12.4826533,41.8967831,road_vertex,way/108565603
N12d4826539_41d8915328,12.4826539,41.8915328,road_vertex,way/119666623
N12d4826548_41d8914772,12.4826548,41.8914772,road_vertex,way/119666623
N12d4826552_41d8945514,12.4826552,41.8945514,road_vertex,way/712386036
N12d4826573_41d8966385,12.4826573,41.8966385,road_vertex,way/777223435
N12d4826582_41d8914588,12.4826582,41.8914588,road_vertex,way/119666623
N12d4826591_41d8908992,12.4826591,41.8908992,road_vertex,way/124077478
N12d4826592_41d8932788,12.4826592,41.8932788,road_vertex,way/1105928918
N12d4826604_41d8966649,12.4826604,41.8966649,road_vertex,way/1197185098
N12d4826605_41d8934496,12.4826605,41.8934496,road_vertex,way/1105928918
N12d4826643_41d8914444,12.4826643,41.8914444,road_vertex,way/119666623
N12d4826646_41d8852660,12.4826646,41.8852660,road_vertex,way/52582207
N12d4826655_41d8955761,12.4826655,41.8955761,road_vertex,way/1544765576
N12d4826678_41d8932663,12.4826678,41.8932663,road_vertex,way/1105928918
N12d4826680_41d8885787,12.4826680,41.8885787,road_vertex,way/834012179
N12d4826764_41d8914286,12.4826764,41.8914286,road_vertex,way/1360947660
N12d4826767_41d8934663,12.4826767,41.8934663,road_vertex,way/1105928918
N12d4826809_41d8912770,12.4826809,41.8912770,road_vertex,way/366796437
N12d4826812_41d8949881,12.4826812,41.8949881,road_vertex,way/124808552
N12d4826821_41d8941151,12.4826821,41.8941151,road_vertex,way/124808546
N12d4826823_41d8847963,12.4826823,41.8847963,road_vertex,way/24534110
N12d4826824_41d8943860,12.4826824,41.8943860,road_vertex,way/603411444
N12d4826826_41d8955332,12.4826826,41.8955332,road_vertex,way/1544765580
N12d4826840_41d8916798,12.4826840,41.8916798,road_vertex,way/24533698
N12d4826848_41d8916679,12.4826848,41.8916679,road_vertex,way/24533698
N12d4826853_41d8913398,12.4826853,41.8913398,road_vertex,way/888670754
N12d4826863_41d8916924,12.4826863,41.8916924,road_vertex,way/24533698
N12d4826871_41d8873877,12.4826871,41.8873877,road_vertex,way/25420418
N12d4826873_41d8916577,12.4826873,41.8916577,road_vertex,way/24533698
N12d4826882_41d8915620,12.4826882,41.8915620,road_vertex,way/119666623
N12d4826902_41d8934781,12.4826902,41.8934781,road_vertex,way/1105928918
N12d4826907_41d8932430,12.4826907,41.8932430,road_vertex,way/1105928918
N12d4826908_41d8916490,12.4826908,41.8916490,road_vertex,way/24533698
N12d4826910_41d8917043,12.4826910,41.8917043,road_vertex,way/24533698
N12d4826974_41d8916342,12.4826974,41.8916342,road_vertex,way/24533698
N12d4826989_41d8917161,12.4826989,41.8917161,road_vertex,way/24533698
N12d4827031_41d8934876,12.4827031,41.8934876,road_vertex,way/1105928918
N12d4827036_41d8940388,12.4827036,41.8940388,road_vertex,way/125226011
N12d4827039_41d8916250,12.4827039,41.8916250,road_vertex,way/24533698
N12d4827041_41d8847487,12.4827041,41.8847487,road_vertex,way/24534110
N12d4827049_41d8932298,12.4827049,41.8932298,road_vertex,way/1105928918
N12d4827053_41d8913842,12.4827053,41.8913842,road_vertex,way/888670754
N12d4827069_41d8913623,12.4827069,41.8913623,road_vertex,way/1359181696
N12d4827073_41d8939117,12.4827073,41.8939117,road_vertex,way/125226011
N12d4827111_41d8913609,12.4827111,41.8913609,road_vertex,way/1359181696
N12d4827124_41d8913026,12.4827124,41.8913026,road_vertex,way/366796437
N12d4827124_41d8916165,12.4827124,41.8916165,road_vertex,way/24533698
N12d4827128_41d8917288,12.4827128,41.8917288,road_vertex,way/24533698
N12d4827135_41d8884260,12.4827135,41.8884260,road_vertex,way/1216289867
N12d4827146_41d8932209,12.4827146,41.8932209,road_vertex,way/1105928918
N12d4827186_41d8947160,12.4827186,41.8947160,road_vertex,way/130182473
N12d4827202_41d8837073,12.4827202,41.8837073,road_vertex,way/1272829841
N12d4827207_41d8891818,12.4827207,41.8891818,road_vertex,way/123971361
N12d4827210_41d8954366,12.4827210,41.8954366,road_vertex,way/1544765576
N12d4827216_41d8847083,12.4827216,41.8847083,road_vertex,way/24534110
N12d4827231_41d8934988,12.4827231,41.8934988,road_vertex,way/1105928918
N12d4827237_41d8916079,12.4827237,41.8916079,road_vertex,way/24533698
N12d4827278_41d8917404,12.4827278,41.8917404,road_vertex,way/24533698
N12d4827361_41d8916008,12.4827361,41.8916008,road_vertex,way/119666623
N12d4827402_41d8939144,12.4827402,41.8939144,road_vertex,way/712996885
N12d4827406_41d8846534,12.4827406,41.8846534,road_vertex,way/24534110
N12d4827434_41d8913332,12.4827434,41.8913332,road_vertex,way/366796437
N12d4827442_41d8935069,12.4827442,41.8935069,road_vertex,way/1105928918
N12d4827483_41d8947235,12.4827483,41.8947235,road_vertex,way/130182480
N12d4827493_41d8935968,12.4827493,41.8935968,road_vertex,way/999270648
N12d4827495_41d8838090,12.4827495,41.8838090,road_vertex,way/120880023
N12d4827514_41d8953300,12.4827514,41.8953300,road_vertex,way/130182481
N12d4827536_41d8953246,12.4827536,41.8953246,road_vertex,way/712475396
N12d4827540_41d8915930,12.4827540,41.8915930,road_vertex,way/24533698
N12d4827545_41d8884587,12.4827545,41.8884587,road_vertex,way/1216289867
N12d4827551_41d8913468,12.4827551,41.8913468,road_vertex,way/888670757
N12d4827554_41d8846057,12.4827554,41.8846057,road_vertex,way/24534110
N12d4827633_41d8855396,12.4827633,41.8855396,road_vertex,way/106205318
N12d4827633_41d8931861,12.4827633,41.8931861,road_vertex,way/1105928918
N12d4827646_41d8945756,12.4827646,41.8945756,road_vertex,way/712386035
N12d4827660_41d8952954,12.4827660,41.8952954,road_vertex,way/712475396
N12d4827671_41d8913610,12.4827671,41.8913610,road_vertex,way/303404946
N12d4827684_41d8895284,12.4827684,41.8895284,road_vertex,way/123971383
N12d4827719_41d8915882,12.4827719,41.8915882,road_vertex,way/24533698
N12d4827725_41d8884730,12.4827725,41.8884730,road_vertex,way/1216289867
N12d4827732_41d8898122,12.4827732,41.8898122,road_vertex,way/123971383
N12d4827735_41d8935137,12.4827735,41.8935137,road_vertex,way/1105928918
N12d4827744_41d8897777,12.4827744,41.8897777,road_vertex,way/123971383
N12d4827760_41d8899245,12.4827760,41.8899245,road_vertex,way/123971383
N12d4827765_41d8952703,12.4827765,41.8952703,road_vertex,way/130182483
N12d4827802_41d8939174,12.4827802,41.8939174,road_vertex,way/712996885
N12d4827850_41d8890287,12.4827850,41.8890287,road_vertex,way/123971361
N12d4827868_41d8942700,12.4827868,41.8942700,road_vertex,way/124808554
N12d4827877_41d8915855,12.4827877,41.8915855,road_vertex,way/24533698
N12d4827881_41d8913354,12.4827881,41.8913354,road_vertex,way/1359181697
N12d4827888_41d8933275,12.4827888,41.8933275,road_vertex,way/999270651
N12d4827922_41d8926626,12.4827922,41.8926626,road_vertex,way/999270640
N12d4827929_41d8913338,12.4827929,41.8913338,road_vertex,way/1359181698
N12d4827933_41d8952306,12.4827933,41.8952306,road_vertex,way/130182483
N12d4827938_41d8855684,12.4827938,41.8855684,road_vertex,way/106205318
N12d4827942_41d8851642,12.4827942,41.8851642,road_vertex,way/999286049
N12d4827983_41d8915842,12.4827983,41.8915842,road_vertex,way/24533698
N12d4827985_41d8884937,12.4827985,41.8884937,road_vertex,way/1216289867
N12d4827989_41d8931679,12.4827989,41.8931679,road_vertex,way/1105928918
N12d4828002_41d8892138,12.4828002,41.8892138,road_vertex,way/888667261
N12d4828008_41d8935192,12.4828008,41.8935192,road_vertex,way/1105928918
N12d4828017_41d8952107,12.4828017,41.8952107,road_vertex,way/130182478
N12d4828025_41d8968085,12.4828025,41.8968085,road_vertex,way/108565603
N12d4828026_41d8955464,12.4828026,41.8955464,road_vertex,way/1544765580
N12d4828035_41d8932704,12.4828035,41.8932704,road_vertex,way/999270651
N12d4828090_41d8933806,12.4828090,41.8933806,road_vertex,way/999270651
N12d4828112_41d8926791,12.4828112,41.8926791,road_vertex,way/999270641
N12d4828135_41d8914058,12.4828135,41.8914058,road_vertex,way/123817468
N12d4828140_41d8855915,12.4828140,41.8855915,road_vertex,way/106205318
N12d4828144_41d8843928,12.4828144,41.8843928,road_vertex,way/24534110
N12d4828159_41d8914943,12.4828159,41.8914943,road_vertex,way/1360947660
N12d4828160_41d8843871,12.4828160,41.8843871,road_vertex,way/1214084231
N12d4828162_41d8942522,12.4828162,41.8942522,road_vertex,way/712996457
N12d4828180_41d8951719,12.4828180,41.8951719,road_vertex,way/130182482
N12d4828227_41d8913318,12.4828227,41.8913318,road_vertex,way/1359181699
N12d4828234_41d8935218,12.4828234,41.8935218,road_vertex,way/1105928918
N12d4828258_41d8915848,12.4828258,41.8915848,road_vertex,way/24533698
N12d4828266_41d8843491,12.4828266,41.8843491,road_vertex,way/24534110
N12d4828267_41d8913482,12.4828267,41.8913482,road_vertex,way/1359181699
N12d4828276_41d8951491,12.4828276,41.8951491,road_vertex,way/130182482
N12d4828307_41d8856176,12.4828307,41.8856176,road_vertex,way/106205318
N12d4828307_41d8913654,12.4828307,41.8913654,road_vertex,way/1359181699
N12d4828318_41d8848981,12.4828318,41.8848981,road_vertex,way/999286049
N12d4828347_41d8931529,12.4828347,41.8931529,road_vertex,way/1105928918
N12d4828366_41d8969724,12.4828366,41.8969724,road_vertex,way/1197185095
N12d4828371_41d8843177,12.4828371,41.8843177,road_vertex,way/24534110
N12d4828390_41d8914257,12.4828390,41.8914257,road_vertex,way/123817468
N12d4828402_41d8886059,12.4828402,41.8886059,road_vertex,way/123971361
N12d4828409_41d8913796,12.4828409,41.8913796,road_vertex,way/1359181699
N12d4828412_41d8947453,12.4828412,41.8947453,road_vertex,way/130182480
N12d4828424_41d8969654,12.4828424,41.8969654,road_vertex,way/1044774783
N12d4828435_41d8955503,12.4828435,41.8955503,road_vertex,way/1544765580
N12d4828459_41d8951063,12.4828459,41.8951063,road_vertex,way/130182470
N12d4828464_41d8842904,12.4828464,41.8842904,road_vertex,way/24534110
N12d4828465_41d8847189,12.4828465,41.8847189,road_vertex,way/999286049
N12d4828474_41d8960706,12.4828474,41.8960706,road_vertex,way/1544765573
N12d4828497_41d8856560,12.4828497,41.8856560,road_vertex,way/106205318
N12d4828503_41d8927130,12.4828503,41.8927130,road_vertex,way/999270642
N12d4828517_41d8913913,12.4828517,41.8913913,road_vertex,way/1359181699
N12d4828523_41d8863063,12.4828523,41.8863063,road_vertex,way/82718895
N12d4828528_41d8915926,12.4828528,41.8915926,road_vertex,way/24533698
N12d4828547_41d8935232,12.4828547,41.8935232,road_vertex,way/1105928918
N12d4828573_41d8847009,12.4828573,41.8847009,road_vertex,way/999286049
N12d4828573_41d8932250,12.4828573,41.8932250,road_vertex,way/999270651
N12d4828579_41d8842630,12.4828579,41.8842630,road_vertex,way/24534110
N12d4828606_41d8913989,12.4828606,41.8913989,road_vertex,way/1359181699
N12d4828668_41d8885800,12.4828668,41.8885800,road_vertex,way/123971361
N12d4828676_41d8934198,12.4828676,41.8934198,road_vertex,way/999270651
N12d4828683_41d8848661,12.4828683,41.8848661,road_vertex,way/95927611
N12d4828683_41d8931407,12.4828683,41.8931407,road_vertex,way/1105928918
N12d4828694_41d8842380,12.4828694,41.8842380,road_vertex,way/24534110
N12d4828695_41d8914455,12.4828695,41.8914455,road_vertex,way/123817468
N12d4828708_41d8884093,12.4828708,41.8884093,road_vertex,way/82201173
N12d4828708_41d8954723,12.4828708,41.8954723,road_vertex,way/603411440
N12d4828723_41d8914067,12.4828723,41.8914067,road_vertex,way/1359181700
N12d4828727_41d8843997,12.4828727,41.8843997,road_vertex,way/1214084231
N12d4828727_41d8912790,12.4828727,41.8912790,road_vertex,way/1359181698
N12d4828733_41d8846880,12.4828733,41.8846880,road_vertex,way/999286049
N12d4828736_41d8927331,12.4828736,41.8927331,road_vertex,way/999270643
N12d4828765_41d8960992,12.4828765,41.8960992,road_vertex,way/1000804538
N12d4828792_41d8916052,12.4828792,41.8916052,road_vertex,way/24533698
N12d4828794_41d8950337,12.4828794,41.8950337,road_vertex,way/124808552
N12d4828817_41d8935221,12.4828817,41.8935221,road_vertex,way/1105928918
N12d4828843_41d8842072,12.4828843,41.8842072,road_vertex,way/24534110
N12d4828856_41d8854368,12.4828856,41.8854368,road_vertex,way/82718928
N12d4828879_41d8955544,12.4828879,41.8955544,road_vertex,way/1544765580
N12d4828893_41d8885482,12.4828893,41.8885482,road_vertex,way/123971361
N12d4828905_41d8911942,12.4828905,41.8911942,road_vertex,way/22880307
N12d4828926_41d8894883,12.4828926,41.8894883,road_vertex,way/52938659
N12d4828940_41d8947373,12.4828940,41.8947373,road_vertex,way/124808542
N12d4828984_41d8954078,12.4828984,41.8954078,road_vertex,way/124808530
N12d4828992_41d8841788,12.4828992,41.8841788,road_vertex,way/24534110
N12d4828999_41d8946079,12.4828999,41.8946079,road_vertex,way/712386034
N12d4829014_41d8860801,12.4829014,41.8860801,road_vertex,way/106205318
N12d4829022_41d8960991,12.4829022,41.8960991,road_vertex,way/1000804538
N12d4829027_41d8949713,12.4829027,41.8949713,road_vertex,way/712389541
N12d4829034_41d8947125,12.4829034,41.8947125,road_vertex,way/124808542
N12d4829048_41d8931296,12.4829048,41.8931296,road_vertex,way/1105928918
N12d4829053_41d8942810,12.4829053,41.8942810,road_vertex,way/124808554
N12d4829057_41d8935193,12.4829057,41.8935193,road_vertex,way/1105928918
N12d4829111_41d8949489,12.4829111,41.8949489,road_vertex,way/712389541
N12d4829114_41d8883837,12.4829114,41.8883837,road_vertex,way/82201173
N12d4829125_41d8927668,12.4829125,41.8927668,road_vertex,way/999270644
N12d4829151_41d8953689,12.4829151,41.8953689,road_vertex,way/124808530
N12d4829170_41d8946798,12.4829170,41.8946798,road_vertex,way/124808526
N12d4829201_41d8912184,12.4829201,41.8912184,road_vertex,way/52923648
N12d4829214_41d8836657,12.4829214,41.8836657,road_vertex,way/24534112
N12d4829217_41d8884691,12.4829217,41.8884691,road_vertex,way/123971361
N12d4829225_41d8969987,12.4829225,41.8969987,road_vertex,way/60616326
N12d4829228_41d8968287,12.4829228,41.8968287,road_vertex,way/1044774783
N12d4829270_41d8932058,12.4829270,41.8932058,road_vertex,way/999270651
N12d4829275_41d8895315,12.4829275,41.8895315,road_vertex,way/123971364
N12d4829283_41d8912228,12.4829283,41.8912228,road_vertex,way/1359181698
N12d4829287_41d8960473,12.4829287,41.8960473,road_vertex,way/1000804537
N12d4829288_41d8946503,12.4829288,41.8946503,road_vertex,way/124808553
N12d4829294_41d8955565,12.4829294,41.8955565,road_vertex,way/1544765580
N12d4829310_41d8931233,12.4829310,41.8931233,road_vertex,way/1105928918
N12d4829326_41d8867942,12.4829326,41.8867942,road_vertex,way/834012170
N12d4829343_41d8927857,12.4829343,41.8927857,road_vertex,way/999270645
N12d4829345_41d8858567,12.4829345,41.8858567,road_vertex,way/106205318
N12d4829372_41d8860319,12.4829372,41.8860319,road_vertex,way/106205318
N12d4829408_41d8841030,12.4829408,41.8841030,road_vertex,way/24534110
N12d4829409_41d8934294,12.4829409,41.8934294,road_vertex,way/999270651
N12d4829427_41d8935133,12.4829427,41.8935133,road_vertex,way/1105928918
N12d4829429_41d8946153,12.4829429,41.8946153,road_vertex,way/124808553
N12d4829459_41d8867845,12.4829459,41.8867845,road_vertex,way/834012170
N12d4829472_41d8858861,12.4829472,41.8858861,road_vertex,way/106205318
N12d4829488_41d8967434,12.4829488,41.8967434,road_vertex,way/1366270041
N12d4829506_41d8960533,12.4829506,41.8960533,road_vertex,way/1000804537
N12d4829525_41d8848013,12.4829525,41.8848013,road_vertex,way/95927611
N12d4829551_41d8897623,12.4829551,41.8897623,road_vertex,way/123971364
N12d4829553_41d8931190,12.4829553,41.8931190,road_vertex,way/1105928918
N12d4829563_41d8967145,12.4829563,41.8967145,road_vertex,way/1366270041
N12d4829567_41d8897789,12.4829567,41.8897789,road_vertex,way/123971367
N12d4829593_41d8859189,12.4829593,41.8859189,road_vertex,way/106205318
N12d4829598_41d8859977,12.4829598,41.8859977,road_vertex,way/106205318
N12d4829604_41d8883545,12.4829604,41.8883545,road_vertex,way/123971361
N12d4829654_41d8859437,12.4829654,41.8859437,road_vertex,way/106205318
N12d4829667_41d8911839,12.4829667,41.8911839,road_vertex,way/1359181698
N12d4829672_41d8846395,12.4829672,41.8846395,road_vertex,way/999286049
N12d4829675_41d8954961,12.4829675,41.8954961,road_vertex,way/603411440
N12d4829679_41d8897944,12.4829679,41.8897944,road_vertex,way/123971364
N12d4829685_41d8892624,12.4829685,41.8892624,road_vertex,way/888667261
N12d4829696_41d8836291,12.4829696,41.8836291,road_vertex,way/24534112
N12d4829698_41d8859672,12.4829698,41.8859672,road_vertex,way/106205318
N12d4829710_41d8955570,12.4829710,41.8955570,road_vertex,way/1544765580
N12d4829711_41d8897468,12.4829711,41.8897468,road_vertex,way/123971364
N12d4829748_41d8935060,12.4829748,41.8935060,road_vertex,way/1105928918
N12d4829759_41d8928217,12.4829759,41.8928217,road_vertex,way/999270646
N12d4829775_41d8895480,12.4829775,41.8895480,road_vertex,way/123971364
N12d4829775_41d8895635,12.4829775,41.8895635,road_vertex,way/123971364
N12d4829813_41d8942891,12.4829813,41.8942891,road_vertex,way/124808554
N12d4829815_41d8912514,12.4829815,41.8912514,road_vertex,way/888670752
N12d4829819_41d8931157,12.4829819,41.8931157,road_vertex,way/1105928918
N12d4829832_41d8868147,12.4829832,41.8868147,road_vertex,way/24432611
N12d4829864_41d8954969,12.4829864,41.8954969,road_vertex,way/603411440
N12d4829871_41d8898063,12.4829871,41.8898063,road_vertex,way/123971364
N12d4829886_41d8892952,12.4829886,41.8892952,road_vertex,way/888667261
N12d4829905_41d8912562,12.4829905,41.8912562,road_vertex,way/888670753
N12d4829959_41d8920686,12.4829959,41.8920686,road_vertex,way/546574969
N12d4829966_41d8897373,12.4829966,41.8897373,road_vertex,way/123971364
N12d4829977_41d8928406,12.4829977,41.8928406,road_vertex,way/999270647
N12d4829978_41d8840129,12.4829978,41.8840129,road_vertex,way/120880024
N12d4829997_41d8912612,12.4829997,41.8912612,road_vertex,way/888670752
N12d4830025_41d8954932,12.4830025,41.8954932,road_vertex,way/1000804533
N12d4830050_41d8931150,12.4830050,41.8931150,road_vertex,way/1105928918
N12d4830055_41d8883258,12.4830055,41.8883258,road_vertex,way/82201173
N12d4830059_41d8942769,12.4830059,41.8942769,road_vertex,way/712996457
N12d4830065_41d8932206,12.4830065,41.8932206,road_vertex,way/999270651
N12d4830066_41d8934978,12.4830066,41.8934978,road_vertex,way/1105928918
N12d4830074_41d8968431,12.4830074,41.8968431,road_vertex,way/181029793
N12d4830084_41d8851871,12.4830084,41.8851871,road_vertex,way/999286049
N12d4830099_41d8955098,12.4830099,41.8955098,road_vertex,way/1000804533
N12d4830101_41d8934137,12.4830101,41.8934137,road_vertex,way/999270651
N12d4830108_41d8954877,12.4830108,41.8954877,road_vertex,way/603411440
N12d4830150_41d8920654,12.4830150,41.8920654,road_vertex,way/546574969
N12d4830168_41d8955537,12.4830168,41.8955537,road_vertex,way/1544765580
N12d4830174_41d8954797,12.4830174,41.8954797,road_vertex,way/603411440
N12d4830209_41d8835916,12.4830209,41.8835916,road_vertex,way/24534112
N12d4830244_41d8898082,12.4830244,41.8898082,road_vertex,way/123971364
N12d4830254_41d8954669,12.4830254,41.8954669,road_vertex,way/603411440
N12d4830264_41d8849592,12.4830264,41.8849592,road_vertex,way/95927617
N12d4830274_41d8920644,12.4830274,41.8920644,road_vertex,way/535670470
N12d4830333_41d8931158,12.4830333,41.8931158,road_vertex,way/1105928918
N12d4830340_41d8934897,12.4830340,41.8934897,road_vertex,way/1105928918
N12d4830353_41d8928732,12.4830353,41.8928732,road_vertex,way/999270647
N12d4830375_41d8860604,12.4830375,41.8860604,road_vertex,way/82718905
N12d4830379_41d8954392,12.4830379,41.8954392,road_vertex,way/603411440
N12d4830384_41d8920659,12.4830384,41.8920659,road_vertex,way/1101829124
N12d4830447_41d8955514,12.4830447,41.8955514,road_vertex,way/1544765580
N12d4830468_41d8907764,12.4830468,41.8907764,road_vertex,way/124077478
N12d4830490_41d8920700,12.4830490,41.8920700,road_vertex,way/535670470
N12d4830495_41d8883009,12.4830495,41.8883009,road_vertex,way/82201173
N12d4830504_41d8929134,12.4830504,41.8929134,road_vertex,way/209185955
N12d4830520_41d8880643,12.4830520,41.8880643,road_vertex,way/1359195797
N12d4830533_41d8880698,12.4830533,41.8880698,road_vertex,way/1359195797
N12d4830543_41d8847414,12.4830543,41.8847414,road_vertex,way/95927611
N12d4830567_41d8931190,12.4830567,41.8931190,road_vertex,way/1105928918
N12d4830571_41d8868857,12.4830571,41.8868857,road_vertex,way/24432614
N12d4830607_41d8881980,12.4830607,41.8881980,road_vertex,way/961979117
N12d4830613_41d8932608,12.4830613,41.8932608,road_vertex,way/999270651
N12d4830629_41d8881110,12.4830629,41.8881110,road_vertex,way/1359195796
N12d4830632_41d8934778,12.4830632,41.8934778,road_vertex,way/1105928918
N12d4830633_41d8835623,12.4830633,41.8835623,road_vertex,way/24534112
N12d4830664_41d8933742,12.4830664,41.8933742,road_vertex,way/999270651
N12d4830669_41d8928961,12.4830669,41.8928961,road_vertex,way/209185955
N12d4830672_41d8845993,12.4830672,41.8845993,road_vertex,way/999286049
N12d4830699_41d8881422,12.4830699,41.8881422,road_vertex,way/1359195796
N12d4830708_41d8881466,12.4830708,41.8881466,road_vertex,way/1359195795
N12d4830708_41d8954443,12.4830708,41.8954443,road_vertex,way/603411440
N12d4830712_41d8920455,12.4830712,41.8920455,road_vertex,way/1101829124
N12d4830726_41d8911666,12.4830726,41.8911666,road_vertex,way/888670753
N12d4830759_41d8931225,12.4830759,41.8931225,road_vertex,way/1105928918
N12d4830772_41d8881770,12.4830772,41.8881770,road_vertex,way/1359195794
N12d4830807_41d8860951,12.4830807,41.8860951,road_vertex,way/82718905
N12d4830829_41d8881824,12.4830829,41.8881824,road_vertex,way/1359195794
N12d4830886_41d8941935,12.4830886,41.8941935,road_vertex,way/44490528
N12d4830888_41d8933155,12.4830888,41.8933155,road_vertex,way/999270651
N12d4830888_41d8934666,12.4830888,41.8934666,road_vertex,way/1105928918
N12d4830892_41d8950807,12.4830892,41.8950807,road_vertex,way/124808550
N12d4830893_41d8921049,12.4830893,41.8921049,road_vertex,way/535670470
N12d4830933_41d8846161,12.4830933,41.8846161,road_vertex,way/999286047
N12d4830933_41d8931261,12.4830933,41.8931261,road_vertex,way/1105928918
N12d4830945_41d8919846,12.4830945,41.8919846,road_vertex,way/123817480
N12d4830950_41d8947849,12.4830950,41.8947849,road_vertex,way/124808547
N12d4830979_41d8920294,12.4830979,41.8920294,road_vertex,way/1101836685
N12d4830999_41d8928615,12.4830999,41.8928615,road_vertex,way/1469878245
N12d4831043_41d8943110,12.4831043,41.8943110,road_vertex,way/124808554
N12d4831048_41d8869282,12.4831048,41.8869282,road_vertex,way/24432614
N12d4831052_41d8859598,12.4831052,41.8859598,road_vertex,way/82718928
N12d4831060_41d8947604,12.4831060,41.8947604,road_vertex,way/124808547
N12d4831089_41d8835322,12.4831089,41.8835322,road_vertex,way/24534112
N12d4831089_41d8839373,12.4831089,41.8839373,road_vertex,way/1307313770
N12d4831139_41d8848986,12.4831139,41.8848986,road_vertex,way/95927617
N12d4831147_41d8934519,12.4831147,41.8934519,road_vertex,way/1105928918
N12d4831148_41d8928458,12.4831148,41.8928458,road_vertex,way/209185955
N12d4831156_41d8955464,12.4831156,41.8955464,road_vertex,way/1544765580
N12d4831177_41d8931340,12.4831177,41.8931340,road_vertex,way/1105928918
N12d4831191_41d8846333,12.4831191,41.8846333,road_vertex,way/999286039
N12d4831203_41d8947264,12.4831203,41.8947264,road_vertex,way/124808525
N12d4831220_41d8954478,12.4831220,41.8954478,road_vertex,way/603411440
N12d4831223_41d8844503,12.4831223,41.8844503,road_vertex,way/1214084231
N12d4831229_41d8928800,12.4831229,41.8928800,road_vertex,way/1469878245
N12d4831304_41d8915514,12.4831304,41.8915514,road_vertex,way/1359181701
N12d4831308_41d8846425,12.4831308,41.8846425,road_vertex,way/999286038
N12d4831314_41d8948127,12.4831314,41.8948127,road_vertex,way/712386045
N12d4831320_41d8946968,12.4831320,41.8946968,road_vertex,way/124808549
N12d4831339_41d8934382,12.4831339,41.8934382,road_vertex,way/1105928918
N12d4831342_41d8845766,12.4831342,41.8845766,road_vertex,way/999286049
N12d4831394_41d8931418,12.4831394,41.8931418,road_vertex,way/1105928918
N12d4831429_41d8851982,12.4831429,41.8851982,road_vertex,way/95927625
N12d4831438_41d8845746,12.4831438,41.8845746,road_vertex,way/1214083732
N12d4831440_41d8882466,12.4831440,41.8882466,road_vertex,way/1359195792
N12d4831471_41d8861173,12.4831471,41.8861173,road_vertex,way/82718905
N12d4831471_41d8955407,12.4831471,41.8955407,road_vertex,way/1544765580
N12d4831478_41d8941982,12.4831478,41.8941982,road_vertex,way/44490528
N12d4831492_41d8934250,12.4831492,41.8934250,road_vertex,way/1105928918
N12d4831511_41d8946579,12.4831511,41.8946579,road_vertex,way/124808549
N12d4831530_41d8851552,12.4831530,41.8851552,road_vertex,way/95927625
N12d4831551_41d8834372,12.4831551,41.8834372,road_vertex,way/1303511869
N12d4831567_41d8837525,12.4831567,41.8837525,road_vertex,way/120880024
N12d4831628_41d8882365,12.4831628,41.8882365,road_vertex,way/82201173
N12d4831637_41d8846725,12.4831637,41.8846725,road_vertex,way/999286037
N12d4831643_41d8869833,12.4831643,41.8869833,road_vertex,way/24432613
N12d4831665_41d8934104,12.4831665,41.8934104,road_vertex,way/1105928918
N12d4831671_41d8857583,12.4831671,41.8857583,road_vertex,way/82718920
N12d4831689_41d8880590,12.4831689,41.8880590,road_vertex,way/123971388
N12d4831693_41d8857131,12.4831693,41.8857131,road_vertex,way/82718920
N12d4831699_41d8931594,12.4831699,41.8931594,road_vertex,way/1105928918
N12d4831723_41d8845025,12.4831723,41.8845025,road_vertex,way/1214084231
N12d4831733_41d8954452,12.4831733,41.8954452,road_vertex,way/603411440
N12d4831749_41d8857978,12.4831749,41.8857978,road_vertex,way/82718920
N12d4831752_41d8834525,12.4831752,41.8834525,road_vertex,way/1303511869
N12d4831755_41d8920468,12.4831755,41.8920468,road_vertex,way/123817480
N12d4831760_41d8942012,12.4831760,41.8942012,road_vertex,way/44490528
N12d4831767_41d8846915,12.4831767,41.8846915,road_vertex,way/999286036
N12d4831771_41d8851078,12.4831771,41.8851078,road_vertex,way/95927625
N12d4831808_41d8943293,12.4831808,41.8943293,road_vertex,way/188171596
N12d4831810_41d8856737,12.4831810,41.8856737,road_vertex,way/82718920
N12d4831851_41d8933921,12.4831851,41.8933921,road_vertex,way/1105928918
N12d4831885_41d8931737,12.4831885,41.8931737,road_vertex,way/1105928918
N12d4831899_41d8848607,12.4831899,41.8848607,road_vertex,way/95927617
N12d4831937_41d8915647,12.4831937,41.8915647,road_vertex,way/1359181701
N12d4831945_41d8858423,12.4831945,41.8858423,road_vertex,way/82718920
N12d4831961_41d8919870,12.4831961,41.8919870,road_vertex,way/1101836685
N12d4831984_41d8933769,12.4831984,41.8933769,road_vertex,way/1105928918
N12d4831990_41d8927751,12.4831990,41.8927751,road_vertex,way/123817479
N12d4831999_41d8856405,12.4831999,41.8856405,road_vertex,way/82718920
N12d4832004_41d8929600,12.4832004,41.8929600,road_vertex,way/123817490
N12d4832020_41d8946715,12.4832020,41.8946715,road_vertex,way/712386033
N12d4832022_41d8834709,12.4832022,41.8834709,road_vertex,way/1052631576
N12d4832026_41d8942699,12.4832026,41.8942699,road_vertex,way/188171596
N12d4832039_41d8850789,12.4832039,41.8850789,road_vertex,way/95927625
N12d4832044_41d8931881,12.4832044,41.8931881,road_vertex,way/1105928918
N12d4832107_41d8837472,12.4832107,41.8837472,road_vertex,way/1307313770
N12d4832119_41d8950282,12.4832119,41.8950282,road_vertex,way/124808550
N12d4832126_41d8933591,12.4832126,41.8933591,road_vertex,way/1105928918
N12d4832142_41d8931999,12.4832142,41.8931999,road_vertex,way/1105928918
N12d4832144_41d8919800,12.4832144,41.8919800,road_vertex,way/1000529935
N12d4832173_41d8858706,12.4832173,41.8858706,road_vertex,way/82718920
N12d4832179_41d8948313,12.4832179,41.8948313,road_vertex,way/712386045
N12d4832221_41d8856102,12.4832221,41.8856102,road_vertex,way/82718920
N12d4832223_41d8932118,12.4832223,41.8932118,road_vertex,way/1105928918
N12d4832231_41d8933409,12.4832231,41.8933409,road_vertex,way/1105928918
N12d4832247_41d8845572,12.4832247,41.8845572,road_vertex,way/999286049
N12d4832247_41d8942123,12.4832247,41.8942123,road_vertex,way/188171595
N12d4832309_41d8933195,12.4832309,41.8933195,road_vertex,way/1105928918
N12d4832310_41d8932295,12.4832310,41.8932295,road_vertex,way/1105928918
N12d4832322_41d8954384,12.4832322,41.8954384,road_vertex,way/603411440
N12d4832338_41d8857201,12.4832338,41.8857201,road_vertex,way/82718933
N12d4832344_41d8857564,12.4832344,41.8857564,road_vertex,way/82718933
N12d4832349_41d8943271,12.4832349,41.8943271,road_vertex,way/712996457
N12d4832350_41d8927472,12.4832350,41.8927472,road_vertex,way/209185938
N12d4832356_41d8933058,12.4832356,41.8933058,road_vertex,way/1105928918
N12d4832370_41d8932443,12.4832370,41.8932443,road_vertex,way/1105928918
N12d4832379_41d8883454,12.4832379,41.8883454,road_vertex,way/1359195792
N12d4832390_41d8932965,12.4832390,41.8932965,road_vertex,way/1105928918
N12d4832401_41d8850499,12.4832401,41.8850499,road_vertex,way/95927625
N12d4832403_41d8932605,12.4832403,41.8932605,road_vertex,way/1105928918
N12d4832410_41d8932753,12.4832410,41.8932753,road_vertex,way/1105928918
N12d4832412_41d8859759,12.4832412,41.8859759,road_vertex,way/82718928
N12d4832428_41d8846775,12.4832428,41.8846775,road_vertex,way/95927611
N12d4832433_41d8857953,12.4832433,41.8857953,road_vertex,way/82718933
N12d4832447_41d8856860,12.4832447,41.8856860,road_vertex,way/82718933
N12d4832461_41d8915702,12.4832461,41.8915702,road_vertex,way/1359181701
N12d4832495_41d8918043,12.4832495,41.8918043,road_vertex,way/24533698
N12d4832509_41d8855845,12.4832509,41.8855845,road_vertex,way/82718920
N12d4832529_41d8848397,12.4832529,41.8848397,road_vertex,way/95927617
N12d4832541_41d8883587,12.4832541,41.8883587,road_vertex,way/1359195790
N12d4832546_41d8948398,12.4832546,41.8948398,road_vertex,way/712386044
N12d4832552_41d8859004,12.4832552,41.8859004,road_vertex,way/82718920
N12d4832556_41d8858247,12.4832556,41.8858247,road_vertex,way/82718933
N12d4832606_41d8881857,12.4832606,41.8881857,road_vertex,way/138303048
N12d4832656_41d8929962,12.4832656,41.8929962,road_vertex,way/123817486
N12d4832662_41d8883506,12.4832662,41.8883506,road_vertex,way/1359195789
N12d4832682_41d8856487,12.4832682,41.8856487,road_vertex,way/82718933
N12d4832721_41d8943527,12.4832721,41.8943527,road_vertex,way/124808554
N12d4832728_41d8879397,12.4832728,41.8879397,road_vertex,way/25420418
N12d4832732_41d8921248,12.4832732,41.8921248,road_vertex,way/123817477
N12d4832747_41d8955148,12.4832747,41.8955148,road_vertex,way/1544765580
N12d4832784_41d8850264,12.4832784,41.8850264,road_vertex,way/95927625
N12d4832785_41d8858520,12.4832785,41.8858520,road_vertex,way/82718933
N12d4832794_41d8915477,12.4832794,41.8915477,road_vertex,way/1359181701
N12d4832803_41d8950431,12.4832803,41.8950431,road_vertex,way/124808550
N12d4832842_41d8835275,12.4832842,41.8835275,road_vertex,way/1052631576
N12d4832895_41d8855617,12.4832895,41.8855617,road_vertex,way/82718920
N12d4832912_41d8856223,12.4832912,41.8856223,road_vertex,way/82718933
N12d4832931_41d8954262,12.4832931,41.8954262,road_vertex,way/603411440
N12d4832963_41d8882423,12.4832963,41.8882423,road_vertex,way/138303048
N12d4832982_41d8879636,12.4832982,41.8879636,road_vertex,way/1359195798
N12d4832989_41d8915342,12.4832989,41.8915342,road_vertex,way/1359181701
N12d4833067_41d8861149,12.4833067,41.8861149,road_vertex,way/82718905
N12d4833072_41d8858691,12.4833072,41.8858691,road_vertex,way/82718933
N12d4833078_41d8893757,12.4833078,41.8893757,road_vertex,way/52938659
N12d4833101_41d8938018,12.4833101,41.8938018,road_vertex,way/713002120
N12d4833102_41d8859286,12.4833102,41.8859286,road_vertex,way/82718920
N12d4833157_41d8918394,12.4833157,41.8918394,road_vertex,way/24533698
N12d4833168_41d8882725,12.4833168,41.8882725,road_vertex,way/138303048
N12d4833181_41d8846636,12.4833181,41.8846636,road_vertex,way/95927611
N12d4833183_41d8942379,12.4833183,41.8942379,road_vertex,way/44490528
N12d4833219_41d8850095,12.4833219,41.8850095,road_vertex,way/95927625
N12d4833226_41d8845437,12.4833226,41.8845437,road_vertex,way/999286049
N12d4833236_41d8947040,12.4833236,41.8947040,road_vertex,way/712386033
N12d4833253_41d8937501,12.4833253,41.8937501,road_vertex,way/713002120
N12d4833276_41d8855486,12.4833276,41.8855486,road_vertex,way/82718920
N12d4833283_41d8856028,12.4833283,41.8856028,road_vertex,way/82718933
N12d4833293_41d8835576,12.4833293,41.8835576,road_vertex,way/1307313770
N12d4833300_41d8858778,12.4833300,41.8858778,road_vertex,way/82718933
N12d4833320_41d8930679,12.4833320,41.8930679,road_vertex,way/123817486
N12d4833344_41d8880038,12.4833344,41.8880038,road_vertex,way/1359195798
N12d4833358_41d8917777,12.4833358,41.8917777,road_vertex,way/1360947660
N12d4833365_41d8937178,12.4833365,41.8937178,road_vertex,way/111539861
N12d4833375_41d8918489,12.4833375,41.8918489,road_vertex,way/24533698
N12d4833383_41d8893996,12.4833383,41.8893996,road_vertex,way/52938659
N12d4833391_41d8883054,12.4833391,41.8883054,road_vertex,way/1359195788
N12d4833395_41d8902076,12.4833395,41.8902076,road_vertex,way/123971372
N12d4833425_41d8917726,12.4833425,41.8917726,road_vertex,way/1359182946
N12d4833431_41d8920515,12.4833431,41.8920515,road_vertex,way/28044937
N12d4833461_41d8880170,12.4833461,41.8880170,road_vertex,way/1359195798
N12d4833468_41d8848223,12.4833468,41.8848223,road_vertex,way/95927617
N12d4833471_41d8954081,12.4833471,41.8954081,road_vertex,way/603411440
N12d4833477_41d8968836,12.4833477,41.8968836,road_vertex,way/181029793
N12d4833501_41d8967700,12.4833501,41.8967700,road_vertex,way/1197185099
N12d4833504_41d8915682,12.4833504,41.8915682,road_vertex,way/1359181701
N12d4833535_41d8833728,12.4833535,41.8833728,road_vertex,way/778306413
N12d4833538_41d8859469,12.4833538,41.8859469,road_vertex,way/82718928
N12d4833546_41d8948592,12.4833546,41.8948592,road_vertex,way/124808545
N12d4833550_41d8950596,12.4833550,41.8950596,road_vertex,way/124808543
N12d4833583_41d8918553,12.4833583,41.8918553,road_vertex,way/24533698
N12d4833606_41d8855942,12.4833606,41.8855942,road_vertex,way/82718933
N12d4833607_41d8858816,12.4833607,41.8858816,road_vertex,way/82718933
N12d4833609_41d8855421,12.4833609,41.8855421,road_vertex,way/82718920
N12d4833640_41d8923222,12.4833640,41.8923222,road_vertex,way/535670470
N12d4833647_41d8943744,12.4833647,41.8943744,road_vertex,way/124808554
N12d4833731_41d8921990,12.4833731,41.8921990,road_vertex,way/123817477
N12d4833737_41d8883410,12.4833737,41.8883410,road_vertex,way/138303048
N12d4833749_41d8849965,12.4833749,41.8849965,road_vertex,way/95927625
N12d4833770_41d8894370,12.4833770,41.8894370,road_vertex,way/1216295048
N12d4833782_41d8942822,12.4833782,41.8942822,road_vertex,way/44490528
N12d4833806_41d8931278,12.4833806,41.8931278,road_vertex,way/123817492
N12d4833814_41d8918576,12.4833814,41.8918576,road_vertex,way/24533698
N12d4833849_41d8967774,12.4833849,41.8967774,road_vertex,way/1197185099
N12d4833872_41d8858787,12.4833872,41.8858787,road_vertex,way/82718933
N12d4833880_41d8879782,12.4833880,41.8879782,road_vertex,way/1332886738
N12d4833908_41d8855921,12.4833908,41.8855921,road_vertex,way/82718933
N12d4833920_41d8894499,12.4833920,41.8894499,road_vertex,way/52938659
N12d4833971_41d8855416,12.4833971,41.8855416,road_vertex,way/82718929
N12d4833993_41d8953849,12.4833993,41.8953849,road_vertex,way/603411440
N12d4834009_41d8918584,12.4834009,41.8918584,road_vertex,way/24533698
N12d4834016_41d8917274,12.4834016,41.8917274,road_vertex,way/996687519
N12d4834019_41d8899944,12.4834019,41.8899944,road_vertex,way/123971368
N12d4834076_41d8854742,12.4834076,41.8854742,road_vertex,way/82718929
N12d4834088_41d8882606,12.4834088,41.8882606,road_vertex,way/1359195788
N12d4834111_41d8894612,12.4834111,41.8894612,road_vertex,way/52938659
N12d4834112_41d8967054,12.4834112,41.8967054,road_vertex,way/38105962
N12d4834141_41d8882132,12.4834141,41.8882132,road_vertex,way/1359195787
N12d4834158_41d8936916,12.4834158,41.8936916,road_vertex,way/999270770
N12d4834162_41d8882312,12.4834162,41.8882312,road_vertex,way/1359195787
N12d4834168_41d8854167,12.4834168,41.8854167,road_vertex,way/82718929
N12d4834172_41d8855978,12.4834172,41.8855978,road_vertex,way/82718933
N12d4834205_41d8903988,12.4834205,41.8903988,road_vertex,way/1455255671
N12d4834219_41d8848153,12.4834219,41.8848153,road_vertex,way/95927617
N12d4834220_41d8858687,12.4834220,41.8858687,road_vertex,way/82718933
N12d4834223_41d8880945,12.4834223,41.8880945,road_vertex,way/1359195786
N12d4834240_41d8947246,12.4834240,41.8947246,road_vertex,way/712386032
N12d4834278_41d8918572,12.4834278,41.8918572,road_vertex,way/24533698
N12d4834283_41d8961851,12.4834283,41.8961851,road_vertex,way/1000804537
N12d4834287_41d8853330,12.4834287,41.8853330,road_vertex,way/82718929
N12d4834288_41d8881980,12.4834288,41.8881980,road_vertex,way/1359195787
N12d4834289_41d8882465,12.4834289,41.8882465,road_vertex,way/1359195787
N12d4834292_41d8849915,12.4834292,41.8849915,road_vertex,way/95927625
N12d4834306_41d8954665,12.4834306,41.8954665,road_vertex,way/203150441
N12d4834326_41d8860793,12.4834326,41.8860793,road_vertex,way/82718905
N12d4834333_41d8846596,12.4834333,41.8846596,road_vertex,way/999286042
N12d4834343_41d8852944,12.4834343,41.8852944,road_vertex,way/82718929
N12d4834349_41d8855491,12.4834349,41.8855491,road_vertex,way/82718920
N12d4834359_41d8916320,12.4834359,41.8916320,road_vertex,way/1359181701
N12d4834374_41d8852692,12.4834374,41.8852692,road_vertex,way/1395671329
N12d4834376_41d8950776,12.4834376,41.8950776,road_vertex,way/124808543
N12d4834380_41d8846475,12.4834380,41.8846475,road_vertex,way/999286048
N12d4834385_41d8943830,12.4834385,41.8943830,road_vertex,way/712996457
N12d4834390_41d8933689,12.4834390,41.8933689,road_vertex,way/1236323214
N12d4834404_41d8953576,12.4834404,41.8953576,road_vertex,way/603411440
N12d4834406_41d8845372,12.4834406,41.8845372,road_vertex,way/999286049
N12d4834409_41d8931961,12.4834409,41.8931961,road_vertex,way/123817492
N12d4834420_41d8859135,12.4834420,41.8859135,road_vertex,way/82718928
N12d4834424_41d8852321,12.4834424,41.8852321,road_vertex,way/1395671330
N12d4834433_41d8846360,12.4834433,41.8846360,road_vertex,way/999286048
N12d4834440_41d8852205,12.4834440,41.8852205,road_vertex,way/1395671330
N12d4834477_41d8858549,12.4834477,41.8858549,road_vertex,way/82718933
N12d4834478_41d8856119,12.4834478,41.8856119,road_vertex,way/82718933
N12d4834487_41d8846311,12.4834487,41.8846311,road_vertex,way/999286048
N12d4834517_41d8918548,12.4834517,41.8918548,road_vertex,way/24533698
N12d4834535_41d8933840,12.4834535,41.8933840,road_vertex,way/1236323214
N12d4834538_41d8906621,12.4834538,41.8906621,road_vertex,way/303404947
N12d4834573_41d8879671,12.4834573,41.8879671,road_vertex,way/1175936715
N12d4834606_41d8831550,12.4834606,41.8831550,road_vertex,way/778306413
N12d4834616_41d8961237,12.4834616,41.8961237,road_vertex,way/1544765581
N12d4834623_41d8885466,12.4834623,41.8885466,road_vertex,way/1216295048
N12d4834628_41d8846221,12.4834628,41.8846221,road_vertex,way/999286048
N12d4834632_41d8950113,12.4834632,41.8950113,road_vertex,way/124808543
N12d4834645_41d8858403,12.4834645,41.8858403,road_vertex,way/82718933
N12d4834654_41d8932633,12.4834654,41.8932633,road_vertex,way/123817494
N12d4834706_41d8934079,12.4834706,41.8934079,road_vertex,way/1236323214
N12d4834722_41d8849910,12.4834722,41.8849910,road_vertex,way/95927625
N12d4834723_41d8916746,12.4834723,41.8916746,road_vertex,way/1359182947
N12d4834738_41d8855616,12.4834738,41.8855616,road_vertex,way/82718920
N12d4834751_41d8953306,12.4834751,41.8953306,road_vertex,way/603411440
N12d4834755_41d8881486,12.4834755,41.8881486,road_vertex,way/1359195791
N12d4834757_41d8916617,12.4834757,41.8916617,road_vertex,way/1359181701
N12d4834762_41d8846141,12.4834762,41.8846141,road_vertex,way/999286048
N12d4834765_41d8856335,12.4834765,41.8856335,road_vertex,way/82718933
N12d4834766_41d8901485,12.4834766,41.8901485,road_vertex,way/123971365
N12d4834772_41d8886405,12.4834772,41.8886405,road_vertex,way/1216295048
N12d4834778_41d8901395,12.4834778,41.8901395,road_vertex,way/123971365
N12d4834812_41d8901576,12.4834812,41.8901576,road_vertex,way/123971372
N12d4834813_41d8916679,12.4834813,41.8916679,road_vertex,way/1359182947
N12d4834831_41d8901325,12.4834831,41.8901325,road_vertex,way/123971365
N12d4834833_41d8922824,12.4834833,41.8922824,road_vertex,way/123817477
N12d4834839_41d8884545,12.4834839,41.8884545,road_vertex,way/138303048
N12d4834846_41d8858159,12.4834846,41.8858159,road_vertex,way/82718933
N12d4834878_41d8831630,12.4834878,41.8831630,road_vertex,way/120853129
N12d4834886_41d8881604,12.4834886,41.8881604,road_vertex,way/1359195791
N12d4834894_41d8949414,12.4834894,41.8949414,road_vertex,way/124808545
N12d4834913_41d8901644,12.4834913,41.8901644,road_vertex,way/123971365
N12d4834927_41d8887329,12.4834927,41.8887329,road_vertex,way/1216295048
N12d4834929_41d8934180,12.4834929,41.8934180,road_vertex,way/1236323214
N12d4834936_41d8848198,12.4834936,41.8848198,road_vertex,way/95927623
N12d4834940_41d8901266,12.4834940,41.8901266,road_vertex,way/123971368
N12d4834942_41d8856583,12.4834942,41.8856583,road_vertex,way/82718933
N12d4834969_41d8918482,12.4834969,41.8918482,road_vertex,way/24533698
N12d4834976_41d8846086,12.4834976,41.8846086,road_vertex,way/999286048
N12d4835010_41d8845377,12.4835010,41.8845377,road_vertex,way/999286049
N12d4835015_41d8901667,12.4835015,41.8901667,road_vertex,way/123971365
N12d4835030_41d8857816,12.4835030,41.8857816,road_vertex,way/82718933
N12d4835043_41d8855781,12.4835043,41.8855781,road_vertex,way/82718920
N12d4835052_41d8952958,12.4835052,41.8952958,road_vertex,way/603411440
N12d4835062_41d8901252,12.4835062,41.8901252,road_vertex,way/123971365
N12d4835066_41d8884885,12.4835066,41.8884885,road_vertex,way/138303047
N12d4835066_41d8948972,12.4835066,41.8948972,road_vertex,way/124808545
N12d4835079_41d8856953,12.4835079,41.8856953,road_vertex,way/82718933
N12d4835084_41d8857500,12.4835084,41.8857500,road_vertex,way/82718933
N12d4835097_41d8849975,12.4835097,41.8849975,road_vertex,way/95927625
N12d4835098_41d8954384,12.4835098,41.8954384,road_vertex,way/203150441
N12d4835104_41d8846056,12.4835104,41.8846056,road_vertex,way/999286048
N12d4835106_41d8934167,12.4835106,41.8934167,road_vertex,way/1236323214
N12d4835113_41d8934393,12.4835113,41.8934393,road_vertex,way/86248311
N12d4835132_41d8831602,12.4835132,41.8831602,road_vertex,way/120853129
N12d4835133_41d8901658,12.4835133,41.8901658,road_vertex,way/123971369
N12d4835160_41d8947460,12.4835160,41.8947460,road_vertex,way/712386029
N12d4835170_41d8962414,12.4835170,41.8962414,road_vertex,way/140031906
N12d4835176_41d8934631,12.4835176,41.8934631,road_vertex,way/86248311
N12d4835179_41d8901277,12.4835179,41.8901277,road_vertex,way/123971365
N12d4835183_41d8846649,12.4835183,41.8846649,road_vertex,way/95927623
N12d4835217_41d8944325,12.4835217,41.8944325,road_vertex,way/124808554
N12d4835241_41d8901608,12.4835241,41.8901608,road_vertex,way/123971365
N12d4835264_41d8860754,12.4835264,41.8860754,road_vertex,way/82718905
N12d4835270_41d8952648,12.4835270,41.8952648,road_vertex,way/603411440
N12d4835271_41d8901337,12.4835271,41.8901337,road_vertex,way/123971374
N12d4835272_41d8858700,12.4835272,41.8858700,road_vertex,way/82718928
N12d4835280_41d8831842,12.4835280,41.8831842,road_vertex,way/1307313772
N12d4835285_41d8936570,12.4835285,41.8936570,road_vertex,way/999270770
N12d4835294_41d8846062,12.4835294,41.8846062,road_vertex,way/999286043
N12d4835296_41d8945878,12.4835296,41.8945878,road_vertex,way/603411447
N12d4835298_41d8889266,12.4835298,41.8889266,road_vertex,way/1216295048
N12d4835298_41d8964254,12.4835298,41.8964254,road_vertex,way/140031906
N12d4835304_41d8901538,12.4835304,41.8901538,road_vertex,way/123971365
N12d4835323_41d8901439,12.4835323,41.8901439,road_vertex,way/123971365
N12d4835326_41d8831514,12.4835326,41.8831514,road_vertex,way/120853129
N12d4835345_41d8856046,12.4835345,41.8856046,road_vertex,way/82718920
N12d4835346_41d8845960,12.4835346,41.8845960,road_vertex,way/999286041
N12d4835365_41d8885444,12.4835365,41.8885444,road_vertex,way/138303047
N12d4835368_41d8925333,12.4835368,41.8925333,road_vertex,way/209185938
N12d4835409_41d8917094,12.4835409,41.8917094,road_vertex,way/1359182948
N12d4835423_41d8935014,12.4835423,41.8935014,road_vertex,way/999270771
N12d4835429_41d8907310,12.4835429,41.8907310,road_vertex,way/120959444
N12d4835447_41d8831330,12.4835447,41.8831330,road_vertex,way/120853129
N12d4835498_41d8918347,12.4835498,41.8918347,road_vertex,way/123817468
N12d4835499_41d8846111,12.4835499,41.8846111,road_vertex,way/999286044
N12d4835506_41d8850055,12.4835506,41.8850055,road_vertex,way/95927625
N12d4835508_41d8952203,12.4835508,41.8952203,road_vertex,way/603411440
N12d4835517_41d8845567,12.4835517,41.8845567,road_vertex,way/999286046
N12d4835526_41d8858227,12.4835526,41.8858227,road_vertex,way/82718920
N12d4835526_41d8933580,12.4835526,41.8933580,road_vertex,way/123817494
N12d4835573_41d8845422,12.4835573,41.8845422,road_vertex,way/999286049
N12d4835593_41d8856400,12.4835593,41.8856400,road_vertex,way/82718920
N12d4835594_41d8894802,12.4835594,41.8894802,road_vertex,way/1216295048
N12d4835617_41d8886400,12.4835617,41.8886400,road_vertex,way/366796445
N12d4835640_41d8846166,12.4835640,41.8846166,road_vertex,way/999286044
N12d4835690_41d8947583,12.4835690,41.8947583,road_vertex,way/712386029
N12d4835706_41d8857698,12.4835706,41.8857698,road_vertex,way/82718920
N12d4835718_41d8856763,12.4835718,41.8856763,road_vertex,way/82718920
N12d4835743_41d8857260,12.4835743,41.8857260,road_vertex,way/82718920
N12d4835748_41d8894791,12.4835748,41.8894791,road_vertex,way/1216295048
N12d4835761_41d8933907,12.4835761,41.8933907,road_vertex,way/1236323214
N12d4835768_41d8848307,12.4835768,41.8848307,road_vertex,way/95927617
N12d4835768_41d8891538,12.4835768,41.8891538,road_vertex,way/1216295048
N12d4835781_41d8846276,12.4835781,41.8846276,road_vertex,way/999286044
N12d4835791_41d8947349,12.4835791,41.8947349,road_vertex,way/712983097
N12d4835821_41d8924974,12.4835821,41.8924974,road_vertex,way/535670470
N12d4835888_41d8923605,12.4835888,41.8923605,road_vertex,way/123817477
N12d4835893_41d8894761,12.4835893,41.8894761,road_vertex,way/1216295048
N12d4835922_41d8846410,12.4835922,41.8846410,road_vertex,way/999286044
N12d4835963_41d8953991,12.4835963,41.8953991,road_vertex,way/203150441
N12d4835982_41d8846530,12.4835982,41.8846530,road_vertex,way/999286044
N12d4835983_41d8922002,12.4835983,41.8922002,road_vertex,way/28044937
N12d4835988_41d8923730,12.4835988,41.8923730,road_vertex,way/123817477
N12d4835996_41d8846630,12.4835996,41.8846630,road_vertex,way/999286045
N12d4836009_41d8846725,12.4836009,41.8846725,road_vertex,way/999286045
N12d4836026_41d8894719,12.4836026,41.8894719,road_vertex,way/1216295048
N12d4836027_41d8944464,12.4836027,41.8944464,road_vertex,way/712996457
N12d4836031_41d8880907,12.4836031,41.8880907,road_vertex,way/1216295046
N12d4836032_41d8830113,12.4836032,41.8830113,road_vertex,way/120853129
N12d4836038_41d8924692,12.4836038,41.8924692,road_vertex,way/123817477
N12d4836049_41d8850259,12.4836049,41.8850259,road_vertex,way/95927625
N12d4836071_41d8923894,12.4836071,41.8923894,road_vertex,way/123817477
N12d4836095_41d8924512,12.4836095,41.8924512,road_vertex,way/123817477
N12d4836099_41d8863016,12.4836099,41.8863016,road_vertex,way/834012170
N12d4836116_41d8924332,12.4836116,41.8924332,road_vertex,way/123817477
N12d4836117_41d8828496,12.4836117,41.8828496,road_vertex,way/778306413
N12d4836120_41d8924120,12.4836120,41.8924120,road_vertex,way/123817477
N12d4836128_41d8894661,12.4836128,41.8894661,road_vertex,way/1216295048
N12d4836142_41d8936187,12.4836142,41.8936187,road_vertex,way/999270771
N12d4836152_41d8946512,12.4836152,41.8946512,road_vertex,way/712996457
N12d4836161_41d8830151,12.4836161,41.8830151,road_vertex,way/1307313772
N12d4836189_41d8903408,12.4836189,41.8903408,road_vertex,way/1455255671
N12d4836200_41d8936282,12.4836200,41.8936282,road_vertex,way/123817498
N12d4836219_41d8901010,12.4836219,41.8901010,road_vertex,way/123971374
N12d4836254_41d8936367,12.4836254,41.8936367,road_vertex,way/999270772
N12d4836290_41d8962690,12.4836290,41.8962690,road_vertex,way/38105963
N12d4836304_41d8946080,12.4836304,41.8946080,road_vertex,way/603411447
N12d4836311_41d8845597,12.4836311,41.8845597,road_vertex,way/999286049
N12d4836322_41d8953770,12.4836322,41.8953770,road_vertex,way/203150441
N12d4836353_41d8890235,12.4836353,41.8890235,road_vertex,way/1526697308
N12d4836377_41d8894444,12.4836377,41.8894444,road_vertex,way/1216295048
N12d4836385_41d8947721,12.4836385,41.8947721,road_vertex,way/712386031
N12d4836481_41d8934821,12.4836481,41.8934821,road_vertex,way/111539860
N12d4836485_41d8949820,12.4836485,41.8949820,road_vertex,way/603411440
N12d4836599_41d8850544,12.4836599,41.8850544,road_vertex,way/95927625
N12d4836609_41d8933526,12.4836609,41.8933526,road_vertex,way/1236323214
N12d4836619_41d8969336,12.4836619,41.8969336,road_vertex,way/23752656
N12d4836653_41d8848507,12.4836653,41.8848507,road_vertex,way/95927617
N12d4836663_41d8943403,12.4836663,41.8943403,road_vertex,way/44490528
N12d4836683_41d8937036,12.4836683,41.8937036,road_vertex,way/999270772
N12d4836746_41d8949119,12.4836746,41.8949119,road_vertex,way/603411440
N12d4836781_41d8957437,12.4836781,41.8957437,road_vertex,way/1544765581
N12d4836801_41d8923350,12.4836801,41.8923350,road_vertex,way/1185939968
N12d4836801_41d8923477,12.4836801,41.8923477,road_vertex,way/1185939968
N12d4836829_41d8944805,12.4836829,41.8944805,road_vertex,way/712996457
N12d4836873_41d8923531,12.4836873,41.8923531,road_vertex,way/1185939968
N12d4836882_41d8923073,12.4836882,41.8923073,road_vertex,way/1185939968
N12d4836891_41d8846900,12.4836891,41.8846900,road_vertex,way/95927611
N12d4836923_41d8948670,12.4836923,41.8948670,road_vertex,way/1119342183
N12d4836981_41d8850933,12.4836981,41.8850933,road_vertex,way/95927625
N12d4837024_41d8922698,12.4837024,41.8922698,road_vertex,way/1185939968
N12d4837060_41d8943356,12.4837060,41.8943356,road_vertex,way/44490528
N12d4837078_41d8890179,12.4837078,41.8890179,road_vertex,way/1526697308
N12d4837081_41d8947859,12.4837081,41.8947859,road_vertex,way/712386031
N12d4837087_41d8933311,12.4837087,41.8933311,road_vertex,way/1236323214
N12d4837142_41d8845846,12.4837142,41.8845846,road_vertex,way/999286049
N12d4837155_41d8923774,12.4837155,41.8923774,road_vertex,way/1185939967
N12d4837173_41d8953082,12.4837173,41.8953082,road_vertex,way/203150441
N12d4837204_41d8894436,12.4837204,41.8894436,road_vertex,way/366796445
N12d4837236_41d8851293,12.4837236,41.8851293,road_vertex,way/95927625
N12d4837236_41d8918530,12.4837236,41.8918530,road_vertex,way/1359182948
N12d4837246_41d8947892,12.4837246,41.8947892,road_vertex,way/712386030
N12d4837283_41d8848757,12.4837283,41.8848757,road_vertex,way/95927617
N12d4837294_41d8923874,12.4837294,41.8923874,road_vertex,way/1185939967
N12d4837304_41d8946302,12.4837304,41.8946302,road_vertex,way/603411447
N12d4837308_41d8956676,12.4837308,41.8956676,road_vertex,way/1331379385
N12d4837324_41d8948751,12.4837324,41.8948751,road_vertex,way/1119342183
N12d4837352_41d8957777,12.4837352,41.8957777,road_vertex,way/166261117
N12d4837384_41d8851687,12.4837384,41.8851687,road_vertex,way/95927625
N12d4837410_41d8852449,12.4837410,41.8852449,road_vertex,way/95927625
N12d4837437_41d8852211,12.4837437,41.8852211,road_vertex,way/95927625
N12d4837452_41d8895321,12.4837452,41.8895321,road_vertex,way/366796445
N12d4837453_41d8956623,12.4837453,41.8956623,road_vertex,way/1331379385
N12d4837468_41d8968541,12.4837468,41.8968541,road_vertex,way/1197185111
N12d4837482_41d8956496,12.4837482,41.8956496,road_vertex,way/836548365
N12d4837483_41d8956612,12.4837483,41.8956612,road_vertex,way/1331379385
N12d4837505_41d8956379,12.4837505,41.8956379,road_vertex,way/836548365
N12d4837511_41d8956729,12.4837511,41.8956729,road_vertex,way/836548365
N12d4837558_41d8956237,12.4837558,41.8956237,road_vertex,way/836548365
N12d4837567_41d8956875,12.4837567,41.8956875,road_vertex,way/836548365
N12d4837569_41d8895738,12.4837569,41.8895738,road_vertex,way/366796445
N12d4837603_41d8947059,12.4837603,41.8947059,road_vertex,way/712386030
N12d4837603_41d8948713,12.4837603,41.8948713,road_vertex,way/1119342183
N12d4837624_41d8941132,12.4837624,41.8941132,road_vertex,way/603411421
N12d4837627_41d8956158,12.4837627,41.8956158,road_vertex,way/836548365
N12d4837652_41d8934366,12.4837652,41.8934366,road_vertex,way/1159311021
N12d4837662_41d8937763,12.4837662,41.8937763,road_vertex,way/603411423
N12d4837718_41d8957018,12.4837718,41.8957018,road_vertex,way/836548365
N12d4837758_41d8896286,12.4837758,41.8896286,road_vertex,way/366796445
N12d4837774_41d8888952,12.4837774,41.8888952,road_vertex,way/131557387
N12d4837786_41d8887131,12.4837786,41.8887131,road_vertex,way/131557387
N12d4837788_41d8960989,12.4837788,41.8960989,road_vertex,way/38105963
N12d4837789_41d8888016,12.4837789,41.8888016,road_vertex,way/131557387
N12d4837799_41d8890124,12.4837799,41.8890124,road_vertex,way/1526697308
N12d4837809_41d8889844,12.4837809,41.8889844,road_vertex,way/131557387
N12d4837816_41d8889565,12.4837816,41.8889565,road_vertex,way/131557387
N12d4837826_41d8847207,12.4837826,41.8847207,road_vertex,way/95927611
N12d4837829_41d8955984,12.4837829,41.8955984,road_vertex,way/836548365
N12d4837847_41d8968622,12.4837847,41.8968622,road_vertex,way/1197185099
N12d4837860_41d8918561,12.4837860,41.8918561,road_vertex,way/1359182948
N12d4837874_41d8946421,12.4837874,41.8946421,road_vertex,way/712386030
N12d4837887_41d8849106,12.4837887,41.8849106,road_vertex,way/95927617
N12d4837902_41d8957120,12.4837902,41.8957120,road_vertex,way/836548365
N12d4837927_41d8846191,12.4837927,41.8846191,road_vertex,way/999286049
N12d4837928_41d8924016,12.4837928,41.8924016,road_vertex,way/1185939967
N12d4837931_41d8886456,12.4837931,41.8886456,road_vertex,way/131557387
N12d4837945_41d8890371,12.4837945,41.8890371,road_vertex,way/131557381
N12d4837950_41d8956458,12.4837950,41.8956458,road_vertex,way/836548338
N12d4838005_41d8940017,12.4838005,41.8940017,road_vertex,way/603411421
N12d4838024_41d8955892,12.4838024,41.8955892,road_vertex,way/836548365
N12d4838033_41d8891825,12.4838033,41.8891825,road_vertex,way/131557381
N12d4838053_41d8891373,12.4838053,41.8891373,road_vertex,way/131557381
N12d4838064_41d8890870,12.4838064,41.8890870,road_vertex,way/131557381
N12d4838069_41d8920104,12.4838069,41.8920104,road_vertex,way/1160871675
N12d4838088_41d8938333,12.4838088,41.8938333,road_vertex,way/603411421
N12d4838096_41d8886042,12.4838096,41.8886042,road_vertex,way/131557387
N12d4838103_41d8897051,12.4838103,41.8897051,road_vertex,way/366796445
N12d4838111_41d8947663,12.4838111,41.8947663,road_vertex,way/1119342183
N12d4838196_41d8955823,12.4838196,41.8955823,road_vertex,way/836548365
N12d4838230_41d8936549,12.4838230,41.8936549,road_vertex,way/111539858
N12d4838274_41d8947588,12.4838274,41.8947588,road_vertex,way/1119342183
N12d4838292_41d8941451,12.4838292,41.8941451,road_vertex,way/44490528
N12d4838304_41d8923774,12.4838304,41.8923774,road_vertex,way/28044937
N12d4838340_41d8924218,12.4838340,41.8924218,road_vertex,way/1185939967
N12d4838358_41d8893846,12.4838358,41.8893846,road_vertex,way/131557381
N12d4838413_41d8897671,12.4838413,41.8897671,road_vertex,way/366796445
N12d4838436_41d8902750,12.4838436,41.8902750,road_vertex,way/1455255671
N12d4838440_41d8885562,12.4838440,41.8885562,road_vertex,way/131557387
N12d4838450_41d8846511,12.4838450,41.8846511,road_vertex,way/999286049
N12d4838457_41d8849511,12.4838457,41.8849511,road_vertex,way/95927617
N12d4838518_41d8968261,12.4838518,41.8968261,road_vertex,way/23752656
N12d4838610_41d8955587,12.4838610,41.8955587,road_vertex,way/1232291708
N12d4838658_41d8924072,12.4838658,41.8924072,road_vertex,way/1185939967
N12d4838658_41d8947657,12.4838658,41.8947657,road_vertex,way/1119342183
N12d4838693_41d8957396,12.4838693,41.8957396,road_vertex,way/836548365
N12d4838716_41d8937200,12.4838716,41.8937200,road_vertex,way/111539857
N12d4838754_41d8955699,12.4838754,41.8955699,road_vertex,way/1232291708
N12d4838789_41d8919225,12.4838789,41.8919225,road_vertex,way/1359195785
N12d4838801_41d8957246,12.4838801,41.8957246,road_vertex,way/836548341
N12d4838841_41d8896268,12.4838841,41.8896268,road_vertex,way/131557381
N12d4838883_41d8955407,12.4838883,41.8955407,road_vertex,way/836548365
N12d4838895_41d8951473,12.4838895,41.8951473,road_vertex,way/203150441
N12d4838951_41d8919220,12.4838951,41.8919220,road_vertex,way/1359195785
N12d4838954_41d8943840,12.4838954,41.8943840,road_vertex,way/124808541
N12d4838966_41d8847743,12.4838966,41.8847743,road_vertex,way/95927611
N12d4838971_41d8937752,12.4838971,41.8937752,road_vertex,way/111539857
N12d4838986_41d8896632,12.4838986,41.8896632,road_vertex,way/131557381
N12d4838996_41d8852555,12.4838996,41.8852555,road_vertex,way/95927611
N12d4839039_41d8955913,12.4839039,41.8955913,road_vertex,way/43573821
N12d4839044_41d8934406,12.4839044,41.8934406,road_vertex,way/1159311021
N12d4839048_41d8885066,12.4839048,41.8885066,road_vertex,way/131557387
N12d4839060_41d8847019,12.4839060,41.8847019,road_vertex,way/999286049
N12d4839119_41d8968891,12.4839119,41.8968891,road_vertex,way/1197185108
N12d4839120_41d8896924,12.4839120,41.8896924,road_vertex,way/131557381
N12d4839167_41d8850130,12.4839167,41.8850130,road_vertex,way/95927617
N12d4839203_41d8968476,12.4839203,41.8968476,road_vertex,way/1197185108
N12d4839213_41d8940104,12.4839213,41.8940104,road_vertex,way/134605405
N12d4839253_41d8932339,12.4839253,41.8932339,road_vertex,way/33734275
N12d4839281_41d8919109,12.4839281,41.8919109,road_vertex,way/1359195785
N12d4839329_41d8969102,12.4839329,41.8969102,road_vertex,way/777223406
N12d4839344_41d8897255,12.4839344,41.8897255,road_vertex,way/131557381
N12d4839361_41d8955091,12.4839361,41.8955091,road_vertex,way/836548365
N12d4839376_41d8947949,12.4839376,41.8947949,road_vertex,way/1119342183
N12d4839382_41d8847419,12.4839382,41.8847419,road_vertex,way/999286049
N12d4839400_41d8933541,12.4839400,41.8933541,road_vertex,way/1159311020
N12d4839415_41d8924708,12.4839415,41.8924708,road_vertex,way/28044937
N12d4839458_41d8855270,12.4839458,41.8855270,road_vertex,way/82718928
N12d4839469_41d8847758,12.4839469,41.8847758,road_vertex,way/999286049
N12d4839471_41d8934091,12.4839471,41.8934091,road_vertex,way/1159311020
N12d4839486_41d8848090,12.4839486,41.8848090,road_vertex,way/999286049
N12d4839505_41d8932251,12.4839505,41.8932251,road_vertex,way/33734275
N12d4839510_41d8958823,12.4839510,41.8958823,road_vertex,way/166261117
N12d4839556_41d8878508,12.4839556,41.8878508,road_vertex,way/1216295046
N12d4839593_41d8934574,12.4839593,41.8934574,road_vertex,way/1159311021
N12d4839618_41d8884691,12.4839618,41.8884691,road_vertex,way/131557387
N12d4839664_41d8853883,12.4839664,41.8853883,road_vertex,way/309965975
N12d4839705_41d8878648,12.4839705,41.8878648,road_vertex,way/1216295046
N12d4839780_41d8950334,12.4839780,41.8950334,road_vertex,way/203150441
N12d4839800_41d8932168,12.4839800,41.8932168,road_vertex,way/33734275
N12d4839829_41d8933243,12.4839829,41.8933243,road_vertex,way/1159311020
N12d4839859_41d8897518,12.4839859,41.8897518,road_vertex,way/131557381
N12d4839861_41d8969269,12.4839861,41.8969269,road_vertex,way/777223406
N12d4839879_41d8940168,12.4839879,41.8940168,road_vertex,way/134605405
N12d4839934_41d8941800,12.4839934,41.8941800,road_vertex,way/44490528
N12d4839968_41d8853909,12.4839968,41.8853909,road_vertex,way/309965975
N12d4839986_41d8954641,12.4839986,41.8954641,road_vertex,way/836548365
N12d4839999_41d8958023,12.4839999,41.8958023,road_vertex,way/130189866
N12d4840008_41d8900384,12.4840008,41.8900384,road_vertex,way/366796445
N12d4840008_41d8959105,12.4840008,41.8959105,road_vertex,way/166261117
N12d4840012_41d8948385,12.4840012,41.8948385,road_vertex,way/1119342183
N12d4840014_41d8934703,12.4840014,41.8934703,road_vertex,way/1159311021
N12d4840020_41d8944604,12.4840020,41.8944604,road_vertex,way/124808529
N12d4840063_41d8856224,12.4840063,41.8856224,road_vertex,way/82718928
N12d4840100_41d8957901,12.4840100,41.8957901,road_vertex,way/836548365
N12d4840119_41d8932115,12.4840119,41.8932115,road_vertex,way/33734275
N12d4840183_41d8948411,12.4840183,41.8948411,road_vertex,way/1119342183
N12d4840283_41d8853951,12.4840283,41.8853951,road_vertex,way/309965975
N12d4840356_41d8897772,12.4840356,41.8897772,road_vertex,way/131557381
N12d4840385_41d8949915,12.4840385,41.8949915,road_vertex,way/203150441
N12d4840389_41d8932116,12.4840389,41.8932116,road_vertex,way/33734275
N12d4840394_41d8933051,12.4840394,41.8933051,road_vertex,way/1159311020
N12d4840422_41d8954217,12.4840422,41.8954217,road_vertex,way/836548365
N12d4840460_41d8956672,12.4840460,41.8956672,road_vertex,way/130189863
N12d4840476_41d8921193,12.4840476,41.8921193,road_vertex,way/1000529940
N12d4840550_41d8940243,12.4840550,41.8940243,road_vertex,way/1236323212
N12d4840605_41d8854012,12.4840605,41.8854012,road_vertex,way/309965975
N12d4840606_41d8959500,12.4840606,41.8959500,road_vertex,way/166261117
N12d4840634_41d8954767,12.4840634,41.8954767,road_vertex,way/836548339
N12d4840645_41d8932144,12.4840645,41.8932144,road_vertex,way/33734275
N12d4840723_41d8953848,12.4840723,41.8953848,road_vertex,way/836548365
N12d4840862_41d8926209,12.4840862,41.8926209,road_vertex,way/28044937
N12d4840871_41d8956921,12.4840871,41.8956921,road_vertex,way/130189866
N12d4840929_41d8932185,12.4840929,41.8932185,road_vertex,way/35084930
N12d4840938_41d8854088,12.4840938,41.8854088,road_vertex,way/309965975
N12d4840941_41d8935441,12.4840941,41.8935441,road_vertex,way/1159311021
N12d4840945_41d8936229,12.4840945,41.8936229,road_vertex,way/1159311019
N12d4840970_41d8956406,12.4840970,41.8956406,road_vertex,way/836548335
N12d4840977_41d8957008,12.4840977,41.8957008,road_vertex,way/836548336
N12d4841042_41d8883952,12.4841042,41.8883952,road_vertex,way/131557387
N12d4841043_41d8933049,12.4841043,41.8933049,road_vertex,way/1159311020
N12d4841078_41d8957077,12.4841078,41.8957077,road_vertex,way/836548336
N12d4841100_41d8942044,12.4841100,41.8942044,road_vertex,way/1297716847
N12d4841128_41d8956267,12.4841128,41.8956267,road_vertex,way/995413480
N12d4841161_41d8953181,12.4841161,41.8953181,road_vertex,way/836548365
N12d4841162_41d8941875,12.4841162,41.8941875,road_vertex,way/1297716847
N12d4841170_41d8935846,12.4841170,41.8935846,road_vertex,way/1159311021
N12d4841200_41d8877491,12.4841200,41.8877491,road_vertex,way/1216295046
N12d4841206_41d8926498,12.4841206,41.8926498,road_vertex,way/28044937
N12d4841212_41d8854193,12.4841212,41.8854193,road_vertex,way/309965975
N12d4841243_41d8932299,12.4841243,41.8932299,road_vertex,way/33734275
N12d4841268_41d8957208,12.4841268,41.8957208,road_vertex,way/836548336
N12d4841270_41d8949372,12.4841270,41.8949372,road_vertex,way/203150441
N12d4841276_41d8936344,12.4841276,41.8936344,road_vertex,way/1159311019
N12d4841299_41d8959873,12.4841299,41.8959873,road_vertex,way/166261117
N12d4841336_41d8935592,12.4841336,41.8935592,road_vertex,way/1159311022
N12d4841370_41d8946623,12.4841370,41.8946623,road_vertex,way/1297716847
N12d4841372_41d8931831,12.4841372,41.8931831,road_vertex,way/111539856
N12d4841386_41d8952709,12.4841386,41.8952709,road_vertex,way/836548365
N12d4841412_41d8926631,12.4841412,41.8926631,road_vertex,way/28044937
N12d4841428_41d8936335,12.4841428,41.8936335,road_vertex,way/1159311019
N12d4841480_41d8898268,12.4841480,41.8898268,road_vertex,way/131557381
N12d4841497_41d8854329,12.4841497,41.8854329,road_vertex,way/309965975
N12d4841500_41d8952227,12.4841500,41.8952227,road_vertex,way/836548365
N12d4841531_41d8941963,12.4841531,41.8941963,road_vertex,way/1297716847
N12d4841536_41d8936248,12.4841536,41.8936248,road_vertex,way/1159311020
N12d4841545_41d8950593,12.4841545,41.8950593,road_vertex,way/836548365
N12d4841560_41d8951073,12.4841560,41.8951073,road_vertex,way/836548365
N12d4841565_41d8935271,12.4841565,41.8935271,road_vertex,way/1159311022
N12d4841580_41d8951696,12.4841580,41.8951696,road_vertex,way/836548365
N12d4841580_41d8956956,12.4841580,41.8956956,road_vertex,way/836548336
N12d4841585_41d8956794,12.4841585,41.8956794,road_vertex,way/836548336
N12d4841592_41d8953299,12.4841592,41.8953299,road_vertex,way/43573823
N12d4841626_41d8932483,12.4841626,41.8932483,road_vertex,way/33734275
N12d4841627_41d8950466,12.4841627,41.8950466,road_vertex,way/836548365
N12d4841678_41d8942235,12.4841678,41.8942235,road_vertex,way/1297716847
N12d4841730_41d8926753,12.4841730,41.8926753,road_vertex,way/28044937
N12d4841754_41d8854486,12.4841754,41.8854486,road_vertex,way/309965975
N12d4841825_41d8940387,12.4841825,41.8940387,road_vertex,way/1236323212
N12d4841839_41d8939974,12.4841839,41.8939974,road_vertex,way/33734275
N12d4841842_41d8942215,12.4841842,41.8942215,road_vertex,way/1119342184
N12d4841881_41d8940826,12.4841881,41.8940826,road_vertex,way/33734275
N12d4841940_41d8947423,12.4841940,41.8947423,road_vertex,way/1119342183
N12d4841943_41d8939442,12.4841943,41.8939442,road_vertex,way/33734275
N12d4841963_41d8960055,12.4841963,41.8960055,road_vertex,way/166261117
N12d4841968_41d8941265,12.4841968,41.8941265,road_vertex,way/33734275
N12d4841976_41d8932661,12.4841976,41.8932661,road_vertex,way/33734275
N12d4841979_41d8883636,12.4841979,41.8883636,road_vertex,way/131557387
N12d4841982_41d8935688,12.4841982,41.8935688,road_vertex,way/1159311023
N12d4842005_41d8922747,12.4842005,41.8922747,road_vertex,way/1000529940
N12d4842011_41d8917658,12.4842011,41.8917658,road_vertex,way/1428846010
N12d4842023_41d8935449,12.4842023,41.8935449,road_vertex,way/1159311022
N12d4842025_41d8951731,12.4842025,41.8951731,road_vertex,way/836548340
N12d4842036_41d8947330,12.4842036,41.8947330,road_vertex,way/1297716847
N12d4842048_41d8935570,12.4842048,41.8935570,road_vertex,way/1159311022
N12d4842092_41d8933691,12.4842092,41.8933691,road_vertex,way/1159311020
N12d4842122_41d8941674,12.4842122,41.8941674,road_vertex,way/51518416
N12d4842125_41d8926845,12.4842125,41.8926845,road_vertex,way/28044937
N12d4842142_41d8947396,12.4842142,41.8947396,road_vertex,way/1198050634
N12d4842172_41d8931534,12.4842172,41.8931534,road_vertex,way/134605395
N12d4842190_41d8955675,12.4842190,41.8955675,road_vertex,way/995413480
N12d4842255_41d8917882,12.4842255,41.8917882,road_vertex,way/1428846010
N12d4842261_41d8903643,12.4842261,41.8903643,road_vertex,way/366796445
N12d4842270_41d8931499,12.4842270,41.8931499,road_vertex,way/134605403
N12d4842285_41d8944784,12.4842285,41.8944784,road_vertex,way/1297716847
N12d4842320_41d8944031,12.4842320,41.8944031,road_vertex,way/1297716847
N12d4842323_41d8942112,12.4842323,41.8942112,road_vertex,way/134605408
N12d4842337_41d8932896,12.4842337,41.8932896,road_vertex,way/33734275
N12d4842369_41d8936064,12.4842369,41.8936064,road_vertex,way/1159311023
N12d4842375_41d8942202,12.4842375,41.8942202,road_vertex,way/51518416
N12d4842389_41d8947330,12.4842389,41.8947330,road_vertex,way/1502861124
N12d4842402_41d8931452,12.4842402,41.8931452,road_vertex,way/134605395
N12d4842453_41d8855510,12.4842453,41.8855510,road_vertex,way/124643397
N12d4842453_41d8926903,12.4842453,41.8926903,road_vertex,way/28044937
N12d4842458_41d8855658,12.4842458,41.8855658,road_vertex,way/124643397
N12d4842465_41d8944367,12.4842465,41.8944367,road_vertex,way/1297716847
N12d4842470_41d8855353,12.4842470,41.8855353,road_vertex,way/124643397
N12d4842488_41d8855813,12.4842488,41.8855813,road_vertex,way/124643397
N12d4842494_41d8859281,12.4842494,41.8859281,road_vertex,way/834012170
N12d4842496_41d8855203,12.4842496,41.8855203,road_vertex,way/124643397
N12d4842516_41d8947460,12.4842516,41.8947460,road_vertex,way/1502861124
N12d4842540_41d8940635,12.4842540,41.8940635,road_vertex,way/4951346
N12d4842541_41d8855963,12.4842541,41.8855963,road_vertex,way/124643397
N12d4842542_41d8942434,12.4842542,41.8942434,road_vertex,way/51518416
N12d4842544_41d8855045,12.4842544,41.8855045,road_vertex,way/309965975
N12d4842555_41d8934409,12.4842555,41.8934409,road_vertex,way/1159311020
N12d4842599_41d8898652,12.4842599,41.8898652,road_vertex,way/131557381
N12d4842599_41d8935668,12.4842599,41.8935668,road_vertex,way/1159311020
N12d4842634_41d8854903,12.4842634,41.8854903,road_vertex,way/124643397
N12d4842641_41d8949885,12.4842641,41.8949885,road_vertex,way/836548365
N12d4842654_41d8856216,12.4842654,41.8856216,road_vertex,way/124643397
N12d4842681_41d8883476,12.4842681,41.8883476,road_vertex,way/131557387
N12d4842702_41d8904260,12.4842702,41.8904260,road_vertex,way/366796445
N12d4842707_41d8953667,12.4842707,41.8953667,road_vertex,way/43573823
N12d4842719_41d8854789,12.4842719,41.8854789,road_vertex,way/124643397
N12d4842731_41d8949962,12.4842731,41.8949962,road_vertex,way/836548346
N12d4842732_41d8960128,12.4842732,41.8960128,road_vertex,way/166261117
N12d4842742_41d8941764,12.4842742,41.8941764,road_vertex,way/1429885803
N12d4842757_41d8926902,12.4842757,41.8926902,road_vertex,way/28044937
N12d4842758_41d8933248,12.4842758,41.8933248,road_vertex,way/33734275
N12d4842777_41d8942007,12.4842777,41.8942007,road_vertex,way/1429885805
N12d4842793_41d8935158,12.4842793,41.8935158,road_vertex,way/1159311020
N12d4842826_41d8854670,12.4842826,41.8854670,road_vertex,way/124643397
N12d4842861_41d8856472,12.4842861,41.8856472,road_vertex,way/124643397
N12d4842875_41d8946941,12.4842875,41.8946941,road_vertex,way/1502861123
N12d4842877_41d8942790,12.4842877,41.8942790,road_vertex,way/51518416
N12d4842908_41d8941999,12.4842908,41.8941999,road_vertex,way/1429885805
N12d4842909_41d8940471,12.4842909,41.8940471,road_vertex,way/4951346
N12d4842951_41d8918099,12.4842951,41.8918099,road_vertex,way/1385778983
N12d4842986_41d8904662,12.4842986,41.8904662,road_vertex,way/22880319
N12d4842988_41d8854527,12.4842988,41.8854527,road_vertex,way/124643397
N12d4842994_41d8926881,12.4842994,41.8926881,road_vertex,way/28044937
N12d4843016_41d8965509,12.4843016,41.8965509,road_vertex,way/1197185111
N12d4843089_41d8933581,12.4843089,41.8933581,road_vertex,way/33734275
N12d4843135_41d8859464,12.4843135,41.8859464,road_vertex,way/778306425
N12d4843148_41d8931136,12.4843148,41.8931136,road_vertex,way/134605394
N12d4843176_41d8856851,12.4843176,41.8856851,road_vertex,way/24404018
N12d4843178_41d8940256,12.4843178,41.8940256,road_vertex,way/4951346
N12d4843246_41d8924172,12.4843246,41.8924172,road_vertex,way/1000529940
N12d4843270_41d8883392,12.4843270,41.8883392,road_vertex,way/131557387
N12d4843271_41d8865013,12.4843271,41.8865013,road_vertex,way/34290633
N12d4843276_41d8933788,12.4843276,41.8933788,road_vertex,way/33734275
N12d4843340_41d8948303,12.4843340,41.8948303,road_vertex,way/836548337
N12d4843349_41d8854248,12.4843349,41.8854248,road_vertex,way/124643397
N12d4843353_41d8806345,12.4843353,41.8806345,road_vertex,way/178471727
N12d4843361_41d8943157,12.4843361,41.8943157,road_vertex,way/51518416
N12d4843399_41d8918080,12.4843399,41.8918080,road_vertex,way/4951341
N12d4843440_41d8930989,12.4843440,41.8930989,road_vertex,way/134605393
N12d4843451_41d8934014,12.4843451,41.8934014,road_vertex,way/33734275
N12d4843451_41d8960046,12.4843451,41.8960046,road_vertex,way/166261117
N12d4843461_41d8825760,12.4843461,41.8825760,road_vertex,way/22908255
N12d4843463_41d8857158,12.4843463,41.8857158,road_vertex,way/24404018
N12d4843476_41d8926794,12.4843476,41.8926794,road_vertex,way/28044937
N12d4843563_41d8934204,12.4843563,41.8934204,road_vertex,way/33734275
N12d4843634_41d8942950,12.4843634,41.8942950,road_vertex,way/1429885803
N12d4843638_41d8934422,12.4843638,41.8934422,road_vertex,way/33734275
N12d4843643_41d8935148,12.4843643,41.8935148,road_vertex,way/33734275
N12d4843672_41d8949281,12.4843672,41.8949281,road_vertex,way/995027485
N12d4843682_41d8934619,12.4843682,41.8934619,road_vertex,way/33734275
N12d4843698_41d8934803,12.4843698,41.8934803,road_vertex,way/33734275
N12d4843746_41d8926706,12.4843746,41.8926706,road_vertex,way/28044937
N12d4843777_41d8825958,12.4843777,41.8825958,road_vertex,way/22908255
N12d4843815_41d8857444,12.4843815,41.8857444,road_vertex,way/24404018
N12d4843869_41d8933439,12.4843869,41.8933439,road_vertex,way/134605403
N12d4843893_41d8965963,12.4843893,41.8965963,road_vertex,way/152146518
N12d4843901_41d8941924,12.4843901,41.8941924,road_vertex,way/995413691
N12d4843911_41d8825161,12.4843911,41.8825161,road_vertex,way/1272829830
N12d4843949_41d8926619,12.4843949,41.8926619,road_vertex,way/28044937
N12d4843956_41d8943247,12.4843956,41.8943247,road_vertex,way/1429885803
N12d4843963_41d8964768,12.4843963,41.8964768,road_vertex,way/1197185111
N12d4844006_41d8875883,12.4844006,41.8875883,road_vertex,way/1216295046
N12d4844022_41d8959822,12.4844022,41.8959822,road_vertex,way/166261117
N12d4844048_41d8883422,12.4844048,41.8883422,road_vertex,way/131557387
N12d4844055_41d8949032,12.4844055,41.8949032,road_vertex,way/995027485
N12d4844100_41d8949979,12.4844100,41.8949979,road_vertex,way/836548345
N12d4844109_41d8926503,12.4844109,41.8926503,road_vertex,way/28044937
N12d4844157_41d8826190,12.4844157,41.8826190,road_vertex,way/22908255
N12d4844222_41d8859332,12.4844222,41.8859332,road_vertex,way/34290633
N12d4844242_41d8926377,12.4844242,41.8926377,road_vertex,way/28044937
N12d4844285_41d8917906,12.4844285,41.8917906,road_vertex,way/4951341
N12d4844302_41d8949896,12.4844302,41.8949896,road_vertex,way/836548345
N12d4844320_41d8943533,12.4844320,41.8943533,road_vertex,way/1429885803
N12d4844324_41d8857844,12.4844324,41.8857844,road_vertex,way/24404018
N12d4844389_41d8926068,12.4844389,41.8926068,road_vertex,way/28044937
N12d4844401_41d8858780,12.4844401,41.8858780,road_vertex,way/778306425
N12d4844502_41d8925598,12.4844502,41.8925598,road_vertex,way/1000529934
N12d4844534_41d8899197,12.4844534,41.8899197,road_vertex,way/131557381
N12d4844548_41d8927240,12.4844548,41.8927240,road_vertex,way/28044933
N12d4844550_41d8959605,12.4844550,41.8959605,road_vertex,way/166261117
N12d4844563_41d8927121,12.4844563,41.8927121,road_vertex,way/28044933
N12d4844570_41d8826452,12.4844570,41.8826452,road_vertex,way/22908255
N12d4844571_41d8927381,12.4844571,41.8927381,road_vertex,way/28044933
N12d4844575_41d8883534,12.4844575,41.8883534,road_vertex,way/131557387
N12d4844609_41d8927014,12.4844609,41.8927014,road_vertex,way/28044933
N12d4844632_41d8927522,12.4844632,41.8927522,road_vertex,way/28044933
N12d4844667_41d8916265,12.4844667,41.8916265,road_vertex,way/1428846011
N12d4844687_41d8926879,12.4844687,41.8926879,road_vertex,way/28044933
N12d4844753_41d8952591,12.4844753,41.8952591,road_vertex,way/995413480
N12d4844758_41d8964746,12.4844758,41.8964746,road_vertex,way/23752661
N12d4844803_41d8926696,12.4844803,41.8926696,road_vertex,way/28044933
N12d4844838_41d8883650,12.4844838,41.8883650,road_vertex,way/131557387
N12d4844838_41d8926024,12.4844838,41.8926024,road_vertex,way/28044933
N12d4844838_41d8944202,12.4844838,41.8944202,road_vertex,way/51518416
N12d4844857_41d8807534,12.4844857,41.8807534,road_vertex,way/178471727
N12d4844892_41d8926512,12.4844892,41.8926512,road_vertex,way/28044933
N12d4844908_41d8926158,12.4844908,41.8926158,road_vertex,way/28044933
N12d4844922_41d8916517,12.4844922,41.8916517,road_vertex,way/1428846011
N12d4844927_41d8926402,12.4844927,41.8926402,road_vertex,way/28044933
N12d4844939_41d8926291,12.4844939,41.8926291,road_vertex,way/28044933
N12d4844949_41d8937132,12.4844949,41.8937132,road_vertex,way/4951346
N12d4844982_41d8825958,12.4844982,41.8825958,road_vertex,way/1272829830
N12d4845042_41d8826803,12.4845042,41.8826803,road_vertex,way/22908255
N12d4845076_41d8965290,12.4845076,41.8965290,road_vertex,way/1359112426
N12d4845092_41d8964148,12.4845092,41.8964148,road_vertex,way/23752660
N12d4845117_41d8959502,12.4845117,41.8959502,road_vertex,way/166261117
N12d4845136_41d8853053,12.4845136,41.8853053,road_vertex,way/124643470
N12d4845153_41d8944091,12.4845153,41.8944091,road_vertex,way/1429885803
N12d4845158_41d8930331,12.4845158,41.8930331,road_vertex,way/134605392
N12d4845173_41d8929844,12.4845173,41.8929844,road_vertex,way/134605409
N12d4845202_41d8906114,12.4845202,41.8906114,road_vertex,way/138666751
N12d4845211_41d8883893,12.4845211,41.8883893,road_vertex,way/131557387
N12d4845211_41d8906261,12.4845211,41.8906261,road_vertex,way/138666751
N12d4845235_41d8923586,12.4845235,41.8923586,road_vertex,way/994987248
N12d4845238_41d8929946,12.4845238,41.8929946,road_vertex,way/134605409
N12d4845259_41d8899422,12.4845259,41.8899422,road_vertex,way/131557381
N12d4845264_41d8905986,12.4845264,41.8905986,road_vertex,way/138666751
N12d4845293_41d8965170,12.4845293,41.8965170,road_vertex,way/1197185108
N12d4845298_41d8852853,12.4845298,41.8852853,road_vertex,way/124643470
N12d4845298_41d8965193,12.4845298,41.8965193,road_vertex,way/152146518
N12d4845301_41d8915932,12.4845301,41.8915932,road_vertex,way/1359195785
N12d4845303_41d8906380,12.4845303,41.8906380,road_vertex,way/138666751
N12d4845303_41d8952940,12.4845303,41.8952940,road_vertex,way/995413480
N12d4845320_41d8930057,12.4845320,41.8930057,road_vertex,way/134605409
N12d4845345_41d8936344,12.4845345,41.8936344,road_vertex,way/4951346
N12d4845354_41d8905891,12.4845354,41.8905891,road_vertex,way/138666751
N12d4845427_41d8852661,12.4845427,41.8852661,road_vertex,way/124643470
N12d4845475_41d8827161,12.4845475,41.8827161,road_vertex,way/22908255
N12d4845503_41d8964762,12.4845503,41.8964762,road_vertex,way/1359112426
N12d4845551_41d8852451,12.4845551,41.8852451,road_vertex,way/124643470
N12d4845590_41d8852848,12.4845590,41.8852848,road_vertex,way/124643394
N12d4845642_41d8852249,12.4845642,41.8852249,road_vertex,way/124643470
N12d4845669_41d8935590,12.4845669,41.8935590,road_vertex,way/4951346
N12d4845701_41d8884316,12.4845701,41.8884316,road_vertex,way/131557387
N12d4845707_41d8899646,12.4845707,41.8899646,road_vertex,way/131557381
N12d4845710_41d8906655,12.4845710,41.8906655,road_vertex,way/138666750
N12d4845760_41d8959488,12.4845760,41.8959488,road_vertex,way/166261117
N12d4845771_41d8851845,12.4845771,41.8851845,road_vertex,way/124643470
N12d4845796_41d8916081,12.4845796,41.8916081,road_vertex,way/1160871675
N12d4845866_41d8906725,12.4845866,41.8906725,road_vertex,way/138666750
N12d4845872_41d8929033,12.4845872,41.8929033,road_vertex,way/28044935
N12d4845879_41d8851352,12.4845879,41.8851352,road_vertex,way/124643470
N12d4845892_41d8964281,12.4845892,41.8964281,road_vertex,way/1359112426
N12d4845916_41d8852729,12.4845916,41.8852729,road_vertex,way/124643394
N12d4845920_41d8940177,12.4845920,41.8940177,road_vertex,way/995413691
N12d4845943_41d8934736,12.4845943,41.8934736,road_vertex,way/603411427
N12d4845943_41d8962632,12.4845943,41.8962632,road_vertex,way/1197185111
N12d4845948_41d8827587,12.4845948,41.8827587,road_vertex,way/22908255
N12d4845988_41d8874698,12.4845988,41.8874698,road_vertex,way/1216295046
N12d4845997_41d8929845,12.4845997,41.8929845,road_vertex,way/134605409
N12d4846003_41d8899858,12.4846003,41.8899858,road_vertex,way/131557381
N12d4846037_41d8906753,12.4846037,41.8906753,road_vertex,way/138666750
N12d4846081_41d8850024,12.4846081,41.8850024,road_vertex,way/124643470
N12d4846097_41d8944587,12.4846097,41.8944587,road_vertex,way/1429885803
N12d4846097_41d8945147,12.4846097,41.8945147,road_vertex,way/1297716846
N12d4846150_41d8849786,12.4846150,41.8849786,road_vertex,way/22908255
N12d4846160_41d8929464,12.4846160,41.8929464,road_vertex,way/134605400
N12d4846177_41d8852642,12.4846177,41.8852642,road_vertex,way/124643394
N12d4846214_41d8933944,12.4846214,41.8933944,road_vertex,way/603411427
N12d4846224_41d8906707,12.4846224,41.8906707,road_vertex,way/138666750
N12d4846229_41d8850406,12.4846229,41.8850406,road_vertex,way/24404019
N12d4846233_41d8849590,12.4846233,41.8849590,road_vertex,way/22908255
N12d4846262_41d8929410,12.4846262,41.8929410,road_vertex,way/28044933
N12d4846268_41d8959589,12.4846268,41.8959589,road_vertex,way/166261117
N12d4846272_41d8932843,12.4846272,41.8932843,road_vertex,way/134605402
N12d4846283_41d8931340,12.4846283,41.8931340,road_vertex,way/134605416
N12d4846337_41d8849384,12.4846337,41.8849384,road_vertex,way/22908255
N12d4846342_41d8932335,12.4846342,41.8932335,road_vertex,way/134605416
N12d4846348_41d8929883,12.4846348,41.8929883,road_vertex,way/134605409
N12d4846361_41d8906623,12.4846361,41.8906623,road_vertex,way/138666750
N12d4846364_41d8932035,12.4846364,41.8932035,road_vertex,way/134605416
N12d4846389_41d8931333,12.4846389,41.8931333,road_vertex,way/134605416
N12d4846411_41d8828058,12.4846411,41.8828058,road_vertex,way/22908255
N12d4846425_41d8931952,12.4846425,41.8931952,road_vertex,way/134605416
N12d4846426_41d8944650,12.4846426,41.8944650,road_vertex,way/1429885803
N12d4846456_41d8931895,12.4846456,41.8931895,road_vertex,way/134605416
N12d4846457_41d8850820,12.4846457,41.8850820,road_vertex,way/24404019
N12d4846462_41d8849175,12.4846462,41.8849175,road_vertex,way/22908255
N12d4846507_41d8885138,12.4846507,41.8885138,road_vertex,way/131557387
N12d4846583_41d8933306,12.4846583,41.8933306,road_vertex,way/777223440
N12d4846584_41d8959544,12.4846584,41.8959544,road_vertex,way/38104316
N12d4846604_41d8852537,12.4846604,41.8852537,road_vertex,way/124643394
N12d4846608_41d8848957,12.4846608,41.8848957,road_vertex,way/22908255
N12d4846654_41d8959299,12.4846654,41.8959299,road_vertex,way/38104316
N12d4846691_41d8940631,12.4846691,41.8940631,road_vertex,way/995413691
N12d4846724_41d8959768,12.4846724,41.8959768,road_vertex,way/166261117
N12d4846749_41d8943904,12.4846749,41.8943904,road_vertex,way/1159100716
N12d4846759_41d8944669,12.4846759,41.8944669,road_vertex,way/1429885803
N12d4846767_41d8933431,12.4846767,41.8933431,road_vertex,way/777223440
N12d4846783_41d8851231,12.4846783,41.8851231,road_vertex,way/24404019
N12d4846789_41d8944741,12.4846789,41.8944741,road_vertex,way/1429885804
N12d4846794_41d8930055,12.4846794,41.8930055,road_vertex,way/134605396
N12d4846815_41d8850434,12.4846815,41.8850434,road_vertex,way/1272829831
N12d4846823_41d8885553,12.4846823,41.8885553,road_vertex,way/617689802
N12d4846850_41d8944669,12.4846850,41.8944669,road_vertex,way/1429885804
N12d4846973_41d8828613,12.4846973,41.8828613,road_vertex,way/22908255
N12d4846973_41d8959903,12.4846973,41.8959903,road_vertex,way/31875186
N12d4846974_41d8928493,12.4846974,41.8928493,road_vertex,way/131451590
N12d4846988_41d8933570,12.4846988,41.8933570,road_vertex,way/777223440
N12d4847019_41d8944670,12.4847019,41.8944670,road_vertex,way/1429885803
N12d4847044_41d8852441,12.4847044,41.8852441,road_vertex,way/124643394
N12d4847053_41d8964709,12.4847053,41.8964709,road_vertex,way/23752661
N12d4847107_41d8965099,12.4847107,41.8965099,road_vertex,way/1197185108
N12d4847111_41d8965129,12.4847111,41.8965129,road_vertex,way/152146518
N12d4847138_41d8923020,12.4847138,41.8923020,road_vertex,way/994987248
N12d4847147_41d8827767,12.4847147,41.8827767,road_vertex,way/1272829830
N12d4847153_41d8851582,12.4847153,41.8851582,road_vertex,way/24404019
N12d4847156_41d8886449,12.4847156,41.8886449,road_vertex,way/131557387
N12d4847164_41d8933063,12.4847164,41.8933063,road_vertex,way/603411427
N12d4847192_41d8887089,12.4847192,41.8887089,road_vertex,way/131557387
N12d4847192_41d8888059,12.4847192,41.8888059,road_vertex,way/131557387
N12d4847280_41d8901084,12.4847280,41.8901084,road_vertex,way/131557381
N12d4847281_41d8852402,12.4847281,41.8852402,road_vertex,way/124643394
N12d4847301_41d8950320,12.4847301,41.8950320,road_vertex,way/995413480
N12d4847309_41d8944614,12.4847309,41.8944614,road_vertex,way/1429885803
N12d4847344_41d8967653,12.4847344,41.8967653,road_vertex,way/152146518
N12d4847357_41d8829030,12.4847357,41.8829030,road_vertex,way/22908255
N12d4847382_41d8889466,12.4847382,41.8889466,road_vertex,way/138190382
N12d4847415_41d8949788,12.4847415,41.8949788,road_vertex,way/995027476
N12d4847458_41d8946037,12.4847458,41.8946037,road_vertex,way/1297716846
N12d4847488_41d8911354,12.4847488,41.8911354,road_vertex,way/1359104012
N12d4847494_41d8949852,12.4847494,41.8949852,road_vertex,way/995027476
N12d4847502_41d8960236,12.4847502,41.8960236,road_vertex,way/31875186
N12d4847547_41d8966191,12.4847547,41.8966191,road_vertex,way/152146518
N12d4847561_41d8885189,12.4847561,41.8885189,road_vertex,way/617689802
N12d4847582_41d8852367,12.4847582,41.8852367,road_vertex,way/124643394
N12d4847592_41d8851927,12.4847592,41.8851927,road_vertex,way/24404019
N12d4847606_41d8965852,12.4847606,41.8965852,road_vertex,way/152146518
N12d4847638_41d8961477,12.4847638,41.8961477,road_vertex,way/23752660
N12d4847642_41d8967081,12.4847642,41.8967081,road_vertex,way/152146518
N12d4847677_41d8966183,12.4847677,41.8966183,road_vertex,way/152146518
N12d4847679_41d8930242,12.4847679,41.8930242,road_vertex,way/603411427
N12d4847705_41d8829454,12.4847705,41.8829454,road_vertex,way/22908255
N12d4847737_41d8928120,12.4847737,41.8928120,road_vertex,way/131451591
N12d4847750_41d8944462,12.4847750,41.8944462,road_vertex,way/1429885803
N12d4847751_41d8873880,12.4847751,41.8873880,road_vertex,way/1216295046
N12d4847775_41d8960509,12.4847775,41.8960509,road_vertex,way/23752660
N12d4847786_41d8966348,12.4847786,41.8966348,road_vertex,way/38105966
N12d4847790_41d8847509,12.4847790,41.8847509,road_vertex,way/22908255
N12d4847811_41d8964648,12.4847811,41.8964648,road_vertex,way/215420490
N12d4847814_41d8960302,12.4847814,41.8960302,road_vertex,way/23752657
N12d4847848_41d8961175,12.4847848,41.8961175,road_vertex,way/23752660
N12d4847854_41d8911202,12.4847854,41.8911202,road_vertex,way/1359104012
N12d4847856_41d8872386,12.4847856,41.8872386,road_vertex,way/1359208659
N12d4847889_41d8852352,12.4847889,41.8852352,road_vertex,way/124643394
N12d4847896_41d8947725,12.4847896,41.8947725,road_vertex,way/836548368
N12d4847896_41d8960837,12.4847896,41.8960837,road_vertex,way/23752660
N12d4847927_41d8928032,12.4847927,41.8928032,road_vertex,way/131451591
N12d4847943_41d8829780,12.4847943,41.8829780,road_vertex,way/22908255
N12d4847955_41d8932631,12.4847955,41.8932631,road_vertex,way/603411427
N12d4847975_41d8948354,12.4847975,41.8948354,road_vertex,way/836548368
N12d4847993_41d8872530,12.4847993,41.8872530,road_vertex,way/1359208661
N12d4848020_41d8847202,12.4848020,41.8847202,road_vertex,way/22908255
N12d4848071_41d8966762,12.4848071,41.8966762,road_vertex,way/38105966
N12d4848104_41d8947107,12.4848104,41.8947107,road_vertex,way/836548368
N12d4848106_41d8960292,12.4848106,41.8960292,road_vertex,way/23752657
N12d4848197_41d8908184,12.4848197,41.8908184,road_vertex,way/998877105
N12d4848214_41d8948671,12.4848214,41.8948671,road_vertex,way/995027484
N12d4848223_41d8856535,12.4848223,41.8856535,road_vertex,way/834330232
N12d4848230_41d8908262,12.4848230,41.8908262,road_vertex,way/998877105
N12d4848233_41d8947028,12.4848233,41.8947028,road_vertex,way/995027485
N12d4848238_41d8907140,12.4848238,41.8907140,road_vertex,way/998877105
N12d4848240_41d8852346,12.4848240,41.8852346,road_vertex,way/124643399
N12d4848241_41d8846897,12.4848241,41.8846897,road_vertex,way/22908255
N12d4848300_41d8930149,12.4848300,41.8930149,road_vertex,way/134605396
N12d4848311_41d8908298,12.4848311,41.8908298,road_vertex,way/998877105
N12d4848318_41d8906988,12.4848318,41.8906988,road_vertex,way/998877105
N12d4848339_41d8911001,12.4848339,41.8911001,road_vertex,way/1359104012
N12d4848347_41d8916547,12.4848347,41.8916547,road_vertex,way/4951341
N12d4848374_41d8884653,12.4848374,41.8884653,road_vertex,way/617689802
N12d4848410_41d8902165,12.4848410,41.8902165,road_vertex,way/131557381
N12d4848410_41d8908288,12.4848410,41.8908288,road_vertex,way/998877105
N12d4848436_41d8960195,12.4848436,41.8960195,road_vertex,way/997422635
N12d4848440_41d8852419,12.4848440,41.8852419,road_vertex,way/124643399
N12d4848467_41d8846560,12.4848467,41.8846560,road_vertex,way/22908255
N12d4848496_41d8873014,12.4848496,41.8873014,road_vertex,way/1359208661
N12d4848512_41d8945287,12.4848512,41.8945287,road_vertex,way/1159100716
N12d4848513_41d8908231,12.4848513,41.8908231,road_vertex,way/998877105
N12d4848592_41d8948562,12.4848592,41.8948562,road_vertex,way/836548366
N12d4848632_41d8852510,12.4848632,41.8852510,road_vertex,way/124643399
N12d4848644_41d8830746,12.4848644,41.8830746,road_vertex,way/22908255
N12d4848682_41d8950150,12.4848682,41.8950150,road_vertex,way/995413480
N12d4848684_41d8846225,12.4848684,41.8846225,road_vertex,way/22908255
N12d4848707_41d8908098,12.4848707,41.8908098,road_vertex,way/998877105
N12d4848722_41d8873232,12.4848722,41.8873232,road_vertex,way/1359208661
N12d4848746_41d8948766,12.4848746,41.8948766,road_vertex,way/836548366
N12d4848766_41d8946388,12.4848766,41.8946388,road_vertex,way/995027485
N12d4848791_41d8944999,12.4848791,41.8944999,road_vertex,way/1159100716
N12d4848796_41d8852599,12.4848796,41.8852599,road_vertex,way/124643399
N12d4848799_41d8964556,12.4848799,41.8964556,road_vertex,way/215420490
N12d4848826_41d8884280,12.4848826,41.8884280,road_vertex,way/617689802
N12d4848856_41d8934886,12.4848856,41.8934886,road_vertex,way/134605410
N12d4848867_41d8873382,12.4848867,41.8873382,road_vertex,way/1359208660
N12d4848884_41d8960182,12.4848884,41.8960182,road_vertex,way/23752657
N12d4848935_41d8929915,12.4848935,41.8929915,road_vertex,way/134605396
N12d4848937_41d8951328,12.4848937,41.8951328,road_vertex,way/995413480
N12d4848960_41d8852721,12.4848960,41.8852721,road_vertex,way/190952257
N12d4848969_41d8898956,12.4848969,41.8898956,road_vertex,way/137769824
N12d4848972_41d8914539,12.4848972,41.8914539,road_vertex,way/22880326
N12d4848980_41d8956802,12.4848980,41.8956802,road_vertex,way/997422636
N12d4848998_41d8909306,12.4848998,41.8909306,road_vertex,way/131557389
N12d4849023_41d8909148,12.4849023,41.8909148,road_vertex,way/131557389
N12d4849041_41d8831451,12.4849041,41.8831451,road_vertex,way/22908255
N12d4849063_41d8946084,12.4849063,41.8946084,road_vertex,way/1159100716
N12d4849069_41d8909450,12.4849069,41.8909450,road_vertex,way/131557389
N12d4849076_41d8845554,12.4849076,41.8845554,road_vertex,way/149670303
N12d4849086_41d8857305,12.4849086,41.8857305,road_vertex,way/834330232
N12d4849137_41d8945622,12.4849137,41.8945622,road_vertex,way/1159100716
N12d4849145_41d8883954,12.4849145,41.8883954,road_vertex,way/617689802
N12d4849205_41d8938290,12.4849205,41.8938290,road_vertex,way/995413691
N12d4849229_41d8914373,12.4849229,41.8914373,road_vertex,way/22880326
N12d4849240_41d8907689,12.4849240,41.8907689,road_vertex,way/998877105
N12d4849283_41d8913095,12.4849283,41.8913095,road_vertex,way/1428846737
N12d4849314_41d8960217,12.4849314,41.8960217,road_vertex,way/1228234636
N12d4849323_41d8909646,12.4849323,41.8909646,road_vertex,way/131557389
N12d4849329_41d8883573,12.4849329,41.8883573,road_vertex,way/617689802
N12d4849333_41d8938385,12.4849333,41.8938385,road_vertex,way/995413691
N12d4849347_41d8907651,12.4849347,41.8907651,road_vertex,way/998877105
N12d4849351_41d8914254,12.4849351,41.8914254,road_vertex,way/22880326
N12d4849353_41d8830476,12.4849353,41.8830476,road_vertex,way/1272829830
N12d4849367_41d8903025,12.4849367,41.8903025,road_vertex,way/131557381
N12d4849409_41d8964547,12.4849409,41.8964547,road_vertex,way/215420490
N12d4849418_41d8832156,12.4849418,41.8832156,road_vertex,way/22908255
N12d4849422_41d8914148,12.4849422,41.8914148,road_vertex,way/22880326
N12d4849424_41d8890729,12.4849424,41.8890729,road_vertex,way/182282758
N12d4849450_41d8907652,12.4849450,41.8907652,road_vertex,way/998877105
N12d4849460_41d8909843,12.4849460,41.8909843,road_vertex,way/131557389
N12d4849461_41d8913341,12.4849461,41.8913341,road_vertex,way/1428846737
N12d4849484_41d8899358,12.4849484,41.8899358,road_vertex,way/137769824
N12d4849502_41d8929608,12.4849502,41.8929608,road_vertex,way/134605396
N12d4849511_41d8913993,12.4849511,41.8913993,road_vertex,way/1428846737
N12d4849530_41d8935353,12.4849530,41.8935353,road_vertex,way/134605410
N12d4849557_41d8913517,12.4849557,41.8913517,road_vertex,way/1428846737
N12d4849558_41d8935369,12.4849558,41.8935369,road_vertex,way/134605410
N12d4849559_41d8907722,12.4849559,41.8907722,road_vertex,way/998877105
N12d4849564_41d8913830,12.4849564,41.8913830,road_vertex,way/1428846737
N12d4849586_41d8910855,12.4849586,41.8910855,road_vertex,way/131557389
N12d4849588_41d8945926,12.4849588,41.8945926,road_vertex,way/995027485
N12d4849588_41d8950729,12.4849588,41.8950729,road_vertex,way/995413480
N12d4849596_41d8913669,12.4849596,41.8913669,road_vertex,way/1428846737
N12d4849606_41d8890632,12.4849606,41.8890632,road_vertex,way/182282758
N12d4849647_41d8844517,12.4849647,41.8844517,road_vertex,way/22908255
N12d4849652_41d8971638,12.4849652,41.8971638,road_vertex,way/777223406
N12d4849759_41d8907946,12.4849759,41.8907946,road_vertex,way/131557389
N12d4849788_41d8832878,12.4849788,41.8832878,road_vertex,way/22908255
N12d4849819_41d8971630,12.4849819,41.8971630,road_vertex,way/777223406
N12d4849822_41d8834366,12.4849822,41.8834366,road_vertex,way/1272829828
N12d4849826_41d8844166,12.4849826,41.8844166,road_vertex,way/22908255
N12d4849875_41d8933561,12.4849875,41.8933561,road_vertex,way/134605391
N12d4849876_41d8929378,12.4849876,41.8929378,road_vertex,way/134605396
N12d4849891_41d8911528,12.4849891,41.8911528,road_vertex,way/131557389
N12d4849913_41d8882160,12.4849913,41.8882160,road_vertex,way/617689802
N12d4849929_41d8910724,12.4849929,41.8910724,road_vertex,way/1001084287
N12d4849938_41d8964581,12.4849938,41.8964581,road_vertex,way/215420490
N12d4849962_41d8971611,12.4849962,41.8971611,road_vertex,way/777223406
N12d4849990_41d8845729,12.4849990,41.8845729,road_vertex,way/1272829831
N12d4849993_41d8843826,12.4849993,41.8843826,road_vertex,way/22908255
N12d4850013_41d8929333,12.4850013,41.8929333,road_vertex,way/134605396
N12d4850029_41d8910801,12.4850029,41.8910801,road_vertex,way/1001084287
N12d4850065_41d8946451,12.4850065,41.8946451,road_vertex,way/1159100716
N12d4850133_41d8971573,12.4850133,41.8971573,road_vertex,way/777223406
N12d4850140_41d8929348,12.4850140,41.8929348,road_vertex,way/134605396
N12d4850168_41d8843454,12.4850168,41.8843454,road_vertex,way/22908255
N12d4850175_41d8893240,12.4850175,41.8893240,road_vertex,way/138190395
N12d4850177_41d8905049,12.4850177,41.8905049,road_vertex,way/131557388
N12d4850182_41d8946273,12.4850182,41.8946273,road_vertex,way/1159100716
N12d4850187_41d8833720,12.4850187,41.8833720,road_vertex,way/24534113
N12d4850192_41d8890098,12.4850192,41.8890098,road_vertex,way/182282758
N12d4850232_41d8972422,12.4850232,41.8972422,road_vertex,way/215420488
N12d4850236_41d8845776,12.4850236,41.8845776,road_vertex,way/149670303
N12d4850241_41d8911981,12.4850241,41.8911981,road_vertex,way/131557389
N12d4850258_41d8957430,12.4850258,41.8957430,road_vertex,way/997422635
N12d4850277_41d8908373,12.4850277,41.8908373,road_vertex,way/131557389
N12d4850281_41d8971523,12.4850281,41.8971523,road_vertex,way/777223406
N12d4850305_41d8898135,12.4850305,41.8898135,road_vertex,way/137769824
N12d4850313_41d8973407,12.4850313,41.8973407,road_vertex,way/1197185100
N12d4850332_41d8890545,12.4850332,41.8890545,road_vertex,way/23590987
N12d4850333_41d8843093,12.4850333,41.8843093,road_vertex,way/22908255
N12d4850344_41d8964639,12.4850344,41.8964639,road_vertex,way/215420490
N12d4850347_41d8903751,12.4850347,41.8903751,road_vertex,way/132682585
N12d4850365_41d8972412,12.4850365,41.8972412,road_vertex,way/215420488
N12d4850375_41d8834235,12.4850375,41.8834235,road_vertex,way/1272829828
N12d4850403_41d8971458,12.4850403,41.8971458,road_vertex,way/777223406
N12d4850421_41d8880783,12.4850421,41.8880783,road_vertex,way/617689802
N12d4850427_41d8904559,12.4850427,41.8904559,road_vertex,way/131557388
N12d4850447_41d8933893,12.4850447,41.8933893,road_vertex,way/134605391
N12d4850449_41d8904157,12.4850449,41.8904157,road_vertex,way/131557388
N12d4850459_41d8842751,12.4850459,41.8842751,road_vertex,way/22908255
N12d4850474_41d8972397,12.4850474,41.8972397,road_vertex,way/215420488
N12d4850484_41d8971386,12.4850484,41.8971386,road_vertex,way/777223406
N12d4850519_41d8854115,12.4850519,41.8854115,road_vertex,way/190952257
N12d4850560_41d8832767,12.4850560,41.8832767,road_vertex,way/1272829830
N12d4850564_41d8842442,12.4850564,41.8842442,road_vertex,way/22908255
N12d4850566_41d8912155,12.4850566,41.8912155,road_vertex,way/131557389
N12d4850573_41d8893006,12.4850573,41.8893006,road_vertex,way/1089894552
N12d4850586_41d8972375,12.4850586,41.8972375,road_vertex,way/215420488
N12d4850595_41d8834867,12.4850595,41.8834867,road_vertex,way/22908255
N12d4850647_41d8851507,12.4850647,41.8851507,road_vertex,way/1331640114
N12d4850674_41d8972348,12.4850674,41.8972348,road_vertex,way/215420488
N12d4850725_41d8945863,12.4850725,41.8945863,road_vertex,way/995027484
N12d4850726_41d8948356,12.4850726,41.8948356,road_vertex,way/995413480
N12d4850737_41d8946116,12.4850737,41.8946116,road_vertex,way/836548366
N12d4850739_41d8879979,12.4850739,41.8879979,road_vertex,way/617689802
N12d4850741_41d8955790,12.4850741,41.8955790,road_vertex,way/997422636
N12d4850752_41d8833312,12.4850752,41.8833312,road_vertex,way/1272829829
N12d4850757_41d8835312,12.4850757,41.8835312,road_vertex,way/22908255
N12d4850760_41d8898557,12.4850760,41.8898557,road_vertex,way/137769824
N12d4850807_41d8872317,12.4850807,41.8872317,road_vertex,way/1216295046
N12d4850817_41d8841740,12.4850817,41.8841740,road_vertex,way/22908255
N12d4850829_41d8972287,12.4850829,41.8972287,road_vertex,way/215420488
N12d4850849_41d8894424,12.4850849,41.8894424,road_vertex,way/138190395
N12d4850863_41d8851675,12.4850863,41.8851675,road_vertex,way/1331640114
N12d4850884_41d8897271,12.4850884,41.8897271,road_vertex,way/138190391
N12d4850892_41d8833712,12.4850892,41.8833712,road_vertex,way/1272829831
N12d4850922_41d8972244,12.4850922,41.8972244,road_vertex,way/215420488
N12d4850956_41d8948424,12.4850956,41.8948424,road_vertex,way/995413480
N12d4850972_41d8841273,12.4850972,41.8841273,road_vertex,way/22908255
N12d4851007_41d8945886,12.4851007,41.8945886,road_vertex,way/995027484
N12d4851010_41d8834084,12.4851010,41.8834084,road_vertex,way/1272829831
N12d4851022_41d8836019,12.4851022,41.8836019,road_vertex,way/22908255
N12d4851023_41d8972174,12.4851023,41.8972174,road_vertex,way/215420488
N12d4851029_41d8897427,12.4851029,41.8897427,road_vertex,way/138190391
N12d4851039_41d8946587,12.4851039,41.8946587,road_vertex,way/1159100716
N12d4851048_41d8879543,12.4851048,41.8879543,road_vertex,way/617689802
N12d4851054_41d8967354,12.4851054,41.8967354,road_vertex,way/38105967
N12d4851095_41d8972113,12.4851095,41.8972113,road_vertex,way/215420488
N12d4851113_41d8912424,12.4851113,41.8912424,road_vertex,way/131557389
N12d4851115_41d8840834,12.4851115,41.8840834,road_vertex,way/22908255
N12d4851165_41d8851931,12.4851165,41.8851931,road_vertex,way/834012169
N12d4851170_41d8843475,12.4851170,41.8843475,road_vertex,way/1272829831
N12d4851171_41d8948023,12.4851171,41.8948023,road_vertex,way/995413480
N12d4851176_41d8972026,12.4851176,41.8972026,road_vertex,way/215420488
N12d4851235_41d8946290,12.4851235,41.8946290,road_vertex,way/1159100716
N12d4851239_41d8946600,12.4851239,41.8946600,road_vertex,way/1159100716
N12d4851251_41d8840304,12.4851251,41.8840304,road_vertex,way/22908255
N12d4851255_41d8836706,12.4851255,41.8836706,road_vertex,way/22908255
N12d4851316_41d8971851,12.4851316,41.8971851,road_vertex,way/215420488
N12d4851319_41d8929878,12.4851319,41.8929878,road_vertex,way/134605396
N12d4851333_41d8934011,12.4851333,41.8934011,road_vertex,way/134605406
N12d4851339_41d8912666,12.4851339,41.8912666,road_vertex,way/131557389
N12d4851380_41d8879191,12.4851380,41.8879191,road_vertex,way/617689802
N12d4851393_41d8837250,12.4851393,41.8837250,road_vertex,way/22908255
N12d4851396_41d8971711,12.4851396,41.8971711,road_vertex,way/215420488
N12d4851401_41d8839581,12.4851401,41.8839581,road_vertex,way/22908255
N12d4851403_41d8946352,12.4851403,41.8946352,road_vertex,way/1159100716
N12d4851416_41d8973582,12.4851416,41.8973582,road_vertex,way/1197185100
N12d4851474_41d8896906,12.4851474,41.8896906,road_vertex,way/138190390
N12d4851482_41d8837795,12.4851482,41.8837795,road_vertex,way/22908255
N12d4851487_41d8971519,12.4851487,41.8971519,road_vertex,way/215420488
N12d4851518_41d8838400,12.4851518,41.8838400,road_vertex,way/22908255
N12d4851531_41d8898300,12.4851531,41.8898300,road_vertex,way/137769824
N12d4851609_41d8886891,12.4851609,41.8886891,road_vertex,way/182282758
N12d4851622_41d8913228,12.4851622,41.8913228,road_vertex,way/131557389
N12d4851664_41d8973563,12.4851664,41.8973563,road_vertex,way/1197185100
N12d4851701_41d8948181,12.4851701,41.8948181,road_vertex,way/995413480
N12d4851702_41d8892017,12.4851702,41.8892017,road_vertex,way/1089894552
N12d4851710_41d8896039,12.4851710,41.8896039,road_vertex,way/138190395
N12d4851722_41d8946777,12.4851722,41.8946777,road_vertex,way/1159100716
N12d4851729_41d8898231,12.4851729,41.8898231,road_vertex,way/1159026782
N12d4851732_41d8895823,12.4851732,41.8895823,road_vertex,way/138190395
N12d4851762_41d8878862,12.4851762,41.8878862,road_vertex,way/617689802
N12d4851771_41d8913924,12.4851771,41.8913924,road_vertex,way/998877106
N12d4851879_41d8946539,12.4851879,41.8946539,road_vertex,way/1159100716
N12d4851921_41d8973416,12.4851921,41.8973416,road_vertex,way/1197185100
N12d4851927_41d8845754,12.4851927,41.8845754,road_vertex,way/149670301
N12d4851949_41d8926142,12.4851949,41.8926142,road_vertex,way/995618424
N12d4851979_41d8896424,12.4851979,41.8896424,road_vertex,way/138190395
N12d4851997_41d8854305,12.4851997,41.8854305,road_vertex,way/834330233
N12d4852010_41d8892203,12.4852010,41.8892203,road_vertex,way/138190394
N12d4852070_41d8967465,12.4852070,41.8967465,road_vertex,way/777223406
N12d4852074_41d8896332,12.4852074,41.8896332,road_vertex,way/138190390
N12d4852087_41d8836968,12.4852087,41.8836968,road_vertex,way/1272829831
N12d4852138_41d8926059,12.4852138,41.8926059,road_vertex,way/1000529923
N12d4852148_41d8840981,12.4852148,41.8840981,road_vertex,way/1272829831
N12d4852173_41d8860064,12.4852173,41.8860064,road_vertex,way/834330232
N12d4852174_41d8960909,12.4852174,41.8960909,road_vertex,way/1228234636
N12d4852183_41d8973113,12.4852183,41.8973113,road_vertex,way/1197185100
N12d4852204_41d8852814,12.4852204,41.8852814,road_vertex,way/834012169
N12d4852297_41d8953654,12.4852297,41.8953654,road_vertex,way/24492357
N12d4852313_41d8839067,12.4852313,41.8839067,road_vertex,way/1272829831
N12d4852353_41d8934668,12.4852353,41.8934668,road_vertex,way/777223439
N12d4852357_41d8896134,12.4852357,41.8896134,road_vertex,way/138190387
N12d4852380_41d8878551,12.4852380,41.8878551,road_vertex,way/617689802
N12d4852381_41d8954305,12.4852381,41.8954305,road_vertex,way/997422636
N12d4852415_41d8854387,12.4852415,41.8854387,road_vertex,way/834330233
N12d4852440_41d8946899,12.4852440,41.8946899,road_vertex,way/1159100716
N12d4852469_41d8972396,12.4852469,41.8972396,road_vertex,way/1197185100
N12d4852477_41d8891880,12.4852477,41.8891880,road_vertex,way/138190394
N12d4852492_41d8915193,12.4852492,41.8915193,road_vertex,way/998877106
N12d4852504_41d8905044,12.4852504,41.8905044,road_vertex,way/132682585
N12d4852522_41d8946775,12.4852522,41.8946775,road_vertex,way/1159100716
N12d4852522_41d8971770,12.4852522,41.8971770,road_vertex,way/1197185100
N12d4852529_41d8926654,12.4852529,41.8926654,road_vertex,way/1000529923
N12d4852536_41d8853090,12.4852536,41.8853090,road_vertex,way/1490393141
N12d4852543_41d8953102,12.4852543,41.8953102,road_vertex,way/995027476
N12d4852605_41d8853148,12.4852605,41.8853148,road_vertex,way/1490393141
N12d4852618_41d8853744,12.4852618,41.8853744,road_vertex,way/778306425
N12d4852679_41d8935600,12.4852679,41.8935600,road_vertex,way/995413691
N12d4852739_41d8953225,12.4852739,41.8953225,road_vertex,way/24492357
N12d4852762_41d8853056,12.4852762,41.8853056,road_vertex,way/778306425
N12d4852794_41d8915087,12.4852794,41.8915087,road_vertex,way/131557386
N12d4852819_41d8899314,12.4852819,41.8899314,road_vertex,way/1159026782
N12d4852830_41d8878298,12.4852830,41.8878298,road_vertex,way/132581362
N12d4852836_41d8965505,12.4852836,41.8965505,road_vertex,way/1197185119
N12d4852877_41d8887780,12.4852877,41.8887780,road_vertex,way/182282758
N12d4852904_41d8891631,12.4852904,41.8891631,road_vertex,way/138190389
N12d4852965_41d8965179,12.4852965,41.8965179,road_vertex,way/1197185119
N12d4853045_41d8967671,12.4853045,41.8967671,road_vertex,way/215420488
N12d4853048_41d8953708,12.4853048,41.8953708,road_vertex,way/997422636
N12d4853060_41d8964938,12.4853060,41.8964938,road_vertex,way/1197185119
N12d4853127_41d8878041,12.4853127,41.8878041,road_vertex,way/132581362
N12d4853221_41d8871020,12.4853221,41.8871020,road_vertex,way/1216295046
N12d4853310_41d8877864,12.4853310,41.8877864,road_vertex,way/132581362
N12d4853400_41d8935353,12.4853400,41.8935353,road_vertex,way/777223439
N12d4853405_41d8895379,12.4853405,41.8895379,road_vertex,way/1089894552
N12d4853412_41d8877728,12.4853412,41.8877728,road_vertex,way/132581362
N12d4853500_41d8877547,12.4853500,41.8877547,road_vertex,way/132581362
N12d4853551_41d8877395,12.4853551,41.8877395,road_vertex,way/132581362
N12d4853581_41d8877248,12.4853581,41.8877248,road_vertex,way/132581362
N12d4853605_41d8966283,12.4853605,41.8966283,road_vertex,way/215420487
N12d4853666_41d8877049,12.4853666,41.8877049,road_vertex,way/132581362
N12d4853688_41d8892720,12.4853688,41.8892720,road_vertex,way/138190394
N12d4853736_41d8896940,12.4853736,41.8896940,road_vertex,way/1431962561
N12d4853760_41d8890911,12.4853760,41.8890911,road_vertex,way/137910671
N12d4853786_41d8876879,12.4853786,41.8876879,road_vertex,way/132581362
N12d4853969_41d8965380,12.4853969,41.8965380,road_vertex,way/215420490
N12d4854008_41d8876635,12.4854008,41.8876635,road_vertex,way/132581362
N12d4854065_41d8892435,12.4854065,41.8892435,road_vertex,way/138190389
N12d4854086_41d8927867,12.4854086,41.8927867,road_vertex,way/1000529923
N12d4854091_41d8906022,12.4854091,41.8906022,road_vertex,way/132682585
N12d4854130_41d8967893,12.4854130,41.8967893,road_vertex,way/1197185110
N12d4854164_41d8892506,12.4854164,41.8892506,road_vertex,way/138190392
N12d4854283_41d8898612,12.4854283,41.8898612,road_vertex,way/1431962561
N12d4854341_41d8892632,12.4854341,41.8892632,road_vertex,way/138190392
N12d4854360_41d8814955,12.4854360,41.8814955,road_vertex,way/178471727
N12d4854369_41d8961331,12.4854369,41.8961331,road_vertex,way/1197185118
N12d4854378_41d8967325,12.4854378,41.8967325,road_vertex,way/1197185110
N12d4854408_41d8894657,12.4854408,41.8894657,road_vertex,way/138190387
N12d4854436_41d8961642,12.4854436,41.8961642,road_vertex,way/1197185118
N12d4854492_41d8967243,12.4854492,41.8967243,road_vertex,way/1197185110
N12d4854532_41d8894431,12.4854532,41.8894431,road_vertex,way/138190387
N12d4854536_41d8936833,12.4854536,41.8936833,road_vertex,way/995413691
N12d4854548_41d8887064,12.4854548,41.8887064,road_vertex,way/23590987
N12d4854568_41d8876133,12.4854568,41.8876133,road_vertex,way/132581362
N12d4854610_41d8892412,12.4854610,41.8892412,road_vertex,way/138190392
N12d4854636_41d8967190,12.4854636,41.8967190,road_vertex,way/1197185110
N12d4854676_41d8906370,12.4854676,41.8906370,road_vertex,way/132682585
N12d4854764_41d8956718,12.4854764,41.8956718,road_vertex,way/995413486
N12d4854810_41d8863357,12.4854810,41.8863357,road_vertex,way/24432554
N12d4854874_41d8966494,12.4854874,41.8966494,road_vertex,way/1197185109
N12d4855016_41d8965830,12.4855016,41.8965830,road_vertex,way/996687514
N12d4855055_41d8965963,12.4855055,41.8965963,road_vertex,way/1197185120
N12d4855102_41d8962749,12.4855102,41.8962749,road_vertex,way/181029794
N12d4855133_41d8958860,12.4855133,41.8958860,road_vertex,way/1001574353
N12d4855136_41d8938394,12.4855136,41.8938394,road_vertex,way/1232291705
N12d4855139_41d8875649,12.4855139,41.8875649,road_vertex,way/132581362
N12d4855225_41d8962572,12.4855225,41.8962572,road_vertex,way/181029794
N12d4855267_41d8906951,12.4855267,41.8906951,road_vertex,way/132682585
N12d4855311_41d8958129,12.4855311,41.8958129,road_vertex,way/1001574353
N12d4855351_41d8927703,12.4855351,41.8927703,road_vertex,way/473094572
N12d4855360_41d8962461,12.4855360,41.8962461,road_vertex,way/181029794
N12d4855488_41d8962381,12.4855488,41.8962381,road_vertex,way/181029794
N12d4855575_41d8920140,12.4855575,41.8920140,road_vertex,way/998877106
N12d4855657_41d8893645,12.4855657,41.8893645,road_vertex,way/138190384
N12d4855659_41d8894716,12.4855659,41.8894716,road_vertex,way/137769829
N12d4855686_41d8957752,12.4855686,41.8957752,road_vertex,way/1001574353
N12d4855707_41d8962301,12.4855707,41.8962301,road_vertex,way/181029794
N12d4855795_41d8961360,12.4855795,41.8961360,road_vertex,way/1197185118
N12d4855797_41d8933320,12.4855797,41.8933320,road_vertex,way/777223439
N12d4855836_41d8828593,12.4855836,41.8828593,road_vertex,way/1272829826
N12d4855938_41d8957904,12.4855938,41.8957904,road_vertex,way/1001574353
N12d4855938_41d8962245,12.4855938,41.8962245,road_vertex,way/23694690
N12d4855952_41d8898252,12.4855952,41.8898252,road_vertex,way/1159026782
N12d4856090_41d8963069,12.4856090,41.8963069,road_vertex,way/996687514
N12d4856191_41d8895318,12.4856191,41.8895318,road_vertex,way/137769824
N12d4856191_41d8962204,12.4856191,41.8962204,road_vertex,way/23694690
N12d4856234_41d8828885,12.4856234,41.8828885,road_vertex,way/24534113
N12d4856266_41d8936923,12.4856266,41.8936923,road_vertex,way/1232291705
N12d4856278_41d8910828,12.4856278,41.8910828,road_vertex,way/131557385
N12d4856330_41d8864739,12.4856330,41.8864739,road_vertex,way/24432555
N12d4856362_41d8939570,12.4856362,41.8939570,road_vertex,way/1365592211
N12d4856368_41d8907688,12.4856368,41.8907688,road_vertex,way/132682585
N12d4856374_41d8962930,12.4856374,41.8962930,road_vertex,way/996687514
N12d4856378_41d8927243,12.4856378,41.8927243,road_vertex,way/473094572
N12d4856384_41d8957502,12.4856384,41.8957502,road_vertex,way/1001574353
N12d4856397_41d8955244,12.4856397,41.8955244,road_vertex,way/995413486
N12d4856444_41d8962187,12.4856444,41.8962187,road_vertex,way/23694690
N12d4856514_41d8874468,12.4856514,41.8874468,road_vertex,way/132581362
N12d4856532_41d8927259,12.4856532,41.8927259,road_vertex,way/473094572
N12d4856548_41d8929745,12.4856548,41.8929745,road_vertex,way/995413685
N12d4856578_41d8958628,12.4856578,41.8958628,road_vertex,way/1001247769
N12d4856582_41d8939781,12.4856582,41.8939781,road_vertex,way/1232291705
N12d4856593_41d8942799,12.4856593,41.8942799,road_vertex,way/995027484
N12d4856635_41d8919735,12.4856635,41.8919735,road_vertex,way/994987249
N12d4856648_41d8958449,12.4856648,41.8958449,road_vertex,way/1001247769
N12d4856690_41d8829236,12.4856690,41.8829236,road_vertex,way/1272829825
N12d4856769_41d8929550,12.4856769,41.8929550,road_vertex,way/1000529923
N12d4856775_41d8828499,12.4856775,41.8828499,road_vertex,way/1447789520
N12d4856843_41d8956996,12.4856843,41.8956996,road_vertex,way/1001574353
N12d4856884_41d8897860,12.4856884,41.8897860,road_vertex,way/1159026782
N12d4856902_41d8955466,12.4856902,41.8955466,road_vertex,way/995413486
N12d4856940_41d8909054,12.4856940,41.8909054,road_vertex,way/998809957
N12d4856940_41d8957038,12.4856940,41.8957038,road_vertex,way/1001574353
N12d4856955_41d8909187,12.4856955,41.8909187,road_vertex,way/998809957
N12d4856963_41d8940826,12.4856963,41.8940826,road_vertex,way/243722805
N12d4856990_41d8894956,12.4856990,41.8894956,road_vertex,way/137769824
N12d4856998_41d8958314,12.4856998,41.8958314,road_vertex,way/1001247769
N12d4857011_41d8908986,12.4857011,41.8908986,road_vertex,way/998809957
N12d4857118_41d8957078,12.4857118,41.8957078,road_vertex,way/1001247770
N12d4857150_41d8956176,12.4857150,41.8956176,road_vertex,way/1001247807
N12d4857184_41d8957256,12.4857184,41.8957256,road_vertex,way/1001247769
N12d4857189_41d8908980,12.4857189,41.8908980,road_vertex,way/998809957
N12d4857240_41d8873913,12.4857240,41.8873913,road_vertex,way/132581362
N12d4857253_41d8958091,12.4857253,41.8958091,road_vertex,way/1001247769
N12d4857284_41d8909642,12.4857284,41.8909642,road_vertex,way/998809957
N12d4857317_41d8889797,12.4857317,41.8889797,road_vertex,way/138190385
N12d4857334_41d8912494,12.4857334,41.8912494,road_vertex,way/1001088519
N12d4857354_41d8957521,12.4857354,41.8957521,road_vertex,way/1001247769
N12d4857359_41d8894952,12.4857359,41.8894952,road_vertex,way/137769824
N12d4857372_41d8961452,12.4857372,41.8961452,road_vertex,way/1197185118
N12d4857378_41d8957813,12.4857378,41.8957813,road_vertex,way/1001247769
N12d4857392_41d8865535,12.4857392,41.8865535,road_vertex,way/24432555
N12d4857434_41d8923705,12.4857434,41.8923705,road_vertex,way/1391027809
N12d4857436_41d8912690,12.4857436,41.8912690,road_vertex,way/1001088519
N12d4857441_41d8889693,12.4857441,41.8889693,road_vertex,way/138190385
N12d4857453_41d8956393,12.4857453,41.8956393,road_vertex,way/1001247806
N12d4857460_41d8955648,12.4857460,41.8955648,road_vertex,way/995413486
N12d4857474_41d8868551,12.4857474,41.8868551,road_vertex,way/1216295046
N12d4857515_41d8956266,12.4857515,41.8956266,road_vertex,way/1001247807
N12d4857533_41d8909219,12.4857533,41.8909219,road_vertex,way/998809957
N12d4857537_41d8966593,12.4857537,41.8966593,road_vertex,way/1197185120
N12d4857550_41d8956202,12.4857550,41.8956202,road_vertex,way/1001247715
N12d4857615_41d8956073,12.4857615,41.8956073,road_vertex,way/1001247715
N12d4857622_41d8913050,12.4857622,41.8913050,road_vertex,way/1001088518
N12d4857650_41d8913098,12.4857650,41.8913098,road_vertex,way/131703996
N12d4857722_41d8895085,12.4857722,41.8895085,road_vertex,way/137769824
N12d4857793_41d8873499,12.4857793,41.8873499,road_vertex,way/132581362
N12d4857797_41d8955721,12.4857797,41.8955721,road_vertex,way/995413486
N12d4857858_41d8956350,12.4857858,41.8956350,road_vertex,way/1001247807
N12d4857876_41d8913497,12.4857876,41.8913497,road_vertex,way/131703996
N12d4857896_41d8960940,12.4857896,41.8960940,road_vertex,way/995413476
N12d4857910_41d8966866,12.4857910,41.8966866,road_vertex,way/181029796
N12d4857946_41d8914495,12.4857946,41.8914495,road_vertex,way/1001172988
N12d4857980_41d8915256,12.4857980,41.8915256,road_vertex,way/131557383
N12d4858001_41d8909677,12.4858001,41.8909677,road_vertex,way/998809957
N12d4858029_41d8896934,12.4858029,41.8896934,road_vertex,way/1159026782
N12d4858065_41d8966566,12.4858065,41.8966566,road_vertex,way/1197185120
N12d4858073_41d8934945,12.4858073,41.8934945,road_vertex,way/33734272
N12d4858080_41d8955744,12.4858080,41.8955744,road_vertex,way/995413486
N12d4858139_41d8960969,12.4858139,41.8960969,road_vertex,way/1001574347
N12d4858180_41d8855107,12.4858180,41.8855107,road_vertex,way/834330233
N12d4858190_41d8889845,12.4858190,41.8889845,road_vertex,way/138190388
N12d4858200_41d8909991,12.4858200,41.8909991,road_vertex,way/998809957
N12d4858245_41d8895552,12.4858245,41.8895552,road_vertex,way/999286023
N12d4858318_41d8915139,12.4858318,41.8915139,road_vertex,way/1001172988
N12d4858377_41d8960997,12.4858377,41.8960997,road_vertex,way/1001574347
N12d4858509_41d8910524,12.4858509,41.8910524,road_vertex,way/998809957
N12d4858580_41d8895477,12.4858580,41.8895477,road_vertex,way/999286023
N12d4858599_41d8956417,12.4858599,41.8956417,road_vertex,way/1001247807
N12d4858605_41d8931160,12.4858605,41.8931160,road_vertex,way/995413685
N12d4858623_41d8934447,12.4858623,41.8934447,road_vertex,way/33734272
N12d4858627_41d8896116,12.4858627,41.8896116,road_vertex,way/999286023
N12d4858634_41d8955751,12.4858634,41.8955751,road_vertex,way/995413486
N12d4858679_41d8961556,12.4858679,41.8961556,road_vertex,way/1197185118
N12d4858760_41d8957433,12.4858760,41.8957433,road_vertex,way/995413476
N12d4858761_41d8895427,12.4858761,41.8895427,road_vertex,way/999286023
N12d4858784_41d8911931,12.4858784,41.8911931,road_vertex,way/998809957
N12d4858787_41d8892829,12.4858787,41.8892829,road_vertex,way/137769832
N12d4858828_41d8914960,12.4858828,41.8914960,road_vertex,way/131557383
N12d4858875_41d8911156,12.4858875,41.8911156,road_vertex,way/998809956
N12d4858928_41d8895332,12.4858928,41.8895332,road_vertex,way/999286023
N12d4858957_41d8930820,12.4858957,41.8930820,road_vertex,way/995413685
N12d4858973_41d8955723,12.4858973,41.8955723,road_vertex,way/995413486
N12d4859059_41d8922983,12.4859059,41.8922983,road_vertex,way/1391027809
N12d4859122_41d8917061,12.4859122,41.8917061,road_vertex,way/131557383
N12d4859150_41d8926070,12.4859150,41.8926070,road_vertex,way/473094572
N12d4859178_41d8872600,12.4859178,41.8872600,road_vertex,way/132581362
N12d4859206_41d8890564,12.4859206,41.8890564,road_vertex,way/138190393
N12d4859237_41d8926168,12.4859237,41.8926168,road_vertex,way/473094572
N12d4859245_41d8911762,12.4859245,41.8911762,road_vertex,way/998809957
N12d4859246_41d8955666,12.4859246,41.8955666,road_vertex,way/995413486
N12d4859256_41d8892556,12.4859256,41.8892556,road_vertex,way/137769829
N12d4859280_41d8909975,12.4859280,41.8909975,road_vertex,way/998809957
N12d4859300_41d8967221,12.4859300,41.8967221,road_vertex,way/1198088065
N12d4859343_41d8956373,12.4859343,41.8956373,road_vertex,way/1001247807
N12d4859394_41d8911714,12.4859394,41.8911714,road_vertex,way/998809957
N12d4859403_41d8831165,12.4859403,41.8831165,road_vertex,way/1415675837
N12d4859435_41d8893557,12.4859435,41.8893557,road_vertex,way/137769834
N12d4859448_41d8893651,12.4859448,41.8893651,road_vertex,way/137769834
N12d4859472_41d8909813,12.4859472,41.8909813,road_vertex,way/1001084344
N12d4859518_41d8893728,12.4859518,41.8893728,road_vertex,way/137769834
N12d4859533_41d8893491,12.4859533,41.8893491,road_vertex,way/137769834
N12d4859560_41d8935175,12.4859560,41.8935175,road_vertex,way/995413692
N12d4859576_41d8933651,12.4859576,41.8933651,road_vertex,way/995413689
N12d4859595_41d8897123,12.4859595,41.8897123,road_vertex,way/999286023
N12d4859642_41d8932603,12.4859642,41.8932603,road_vertex,way/995413691
N12d4859657_41d8893830,12.4859657,41.8893830,road_vertex,way/137769834
N12d4859733_41d8932523,12.4859733,41.8932523,road_vertex,way/995413691
N12d4859755_41d8867323,12.4859755,41.8867323,road_vertex,way/1359208662
N12d4859770_41d8910023,12.4859770,41.8910023,road_vertex,way/132682585
N12d4859825_41d8961162,12.4859825,41.8961162,road_vertex,way/1001574340
N12d4859845_41d8831462,12.4859845,41.8831462,road_vertex,way/1415675837
N12d4859846_41d8955496,12.4859846,41.8955496,road_vertex,way/995413486
N12d4859885_41d8890780,12.4859885,41.8890780,road_vertex,way/138190393
N12d4859891_41d8909721,12.4859891,41.8909721,road_vertex,way/1001084345
N12d4859914_41d8932386,12.4859914,41.8932386,road_vertex,way/995413509
N12d4859938_41d8894642,12.4859938,41.8894642,road_vertex,way/999286023
N12d4859945_41d8961652,12.4859945,41.8961652,road_vertex,way/1197185118
N12d4859947_41d8876847,12.4859947,41.8876847,road_vertex,way/1159025923
N12d4859963_41d8957277,12.4859963,41.8957277,road_vertex,way/995413476
N12d4859979_41d8877644,12.4859979,41.8877644,road_vertex,way/1159025923
N12d4859991_41d8930733,12.4859991,41.8930733,road_vertex,way/995413685
N12d4860005_41d8961342,12.4860005,41.8961342,road_vertex,way/1001574336
N12d4860007_41d8965812,12.4860007,41.8965812,road_vertex,way/1198088065
N12d4860031_41d8877180,12.4860031,41.8877180,road_vertex,way/1159025926
N12d4860041_41d8909688,12.4860041,41.8909688,road_vertex,way/1001084345
N12d4860042_41d8894938,12.4860042,41.8894938,road_vertex,way/132682593
N12d4860049_41d8933212,12.4860049,41.8933212,road_vertex,way/1232291701
N12d4860055_41d8872052,12.4860055,41.8872052,road_vertex,way/132581362
N12d4860058_41d8961043,12.4860058,41.8961043,road_vertex,way/1001574336
N12d4860061_41d8956222,12.4860061,41.8956222,road_vertex,way/1001247807
N12d4860083_41d8877871,12.4860083,41.8877871,road_vertex,way/1159025923
N12d4860096_41d8912954,12.4860096,41.8912954,road_vertex,way/998809957
N12d4860243_41d8963216,12.4860243,41.8963216,road_vertex,way/996687514
N12d4860246_41d8961212,12.4860246,41.8961212,road_vertex,way/1001574340
N12d4860270_41d8878086,12.4860270,41.8878086,road_vertex,way/1159025923
N12d4860304_41d8893410,12.4860304,41.8893410,road_vertex,way/137769831
N12d4860307_41d8894337,12.4860307,41.8894337,road_vertex,way/999286023
N12d4860322_41d8933043,12.4860322,41.8933043,road_vertex,way/1232291701
N12d4860340_41d8897883,12.4860340,41.8897883,road_vertex,way/132682591
N12d4860350_41d8855518,12.4860350,41.8855518,road_vertex,way/834330233
N12d4860360_41d8934087,12.4860360,41.8934087,road_vertex,way/995413689
N12d4860361_41d8891094,12.4860361,41.8891094,road_vertex,way/188152795
N12d4860369_41d8946032,12.4860369,41.8946032,road_vertex,way/623044293
N12d4860371_41d8962516,12.4860371,41.8962516,road_vertex,way/777223419
N12d4860392_41d8893096,12.4860392,41.8893096,road_vertex,way/137769833
N12d4860399_41d8918435,12.4860399,41.8918435,road_vertex,way/994987249
N12d4860412_41d8877056,12.4860412,41.8877056,road_vertex,way/1159025926
N12d4860416_41d8955227,12.4860416,41.8955227,road_vertex,way/995413486
N12d4860417_41d8894261,12.4860417,41.8894261,road_vertex,way/137769835
N12d4860420_41d8914563,12.4860420,41.8914563,road_vertex,way/998810006
N12d4860481_41d8938833,12.4860481,41.8938833,road_vertex,way/243722805
N12d4860514_41d8961699,12.4860514,41.8961699,road_vertex,way/1197185118
N12d4860536_41d8892988,12.4860536,41.8892988,road_vertex,way/1159026781
N12d4860542_41d8876676,12.4860542,41.8876676,road_vertex,way/1159025926
N12d4860544_41d8933638,12.4860544,41.8933638,road_vertex,way/995413692
N12d4860548_41d8951695,12.4860548,41.8951695,road_vertex,way/995413486
N12d4860556_41d8876426,12.4860556,41.8876426,road_vertex,way/1159025926
N12d4860569_41d8891231,12.4860569,41.8891231,road_vertex,way/138190393
N12d4860573_41d8893521,12.4860573,41.8893521,road_vertex,way/137769835
N12d4860710_41d8961279,12.4860710,41.8961279,road_vertex,way/1001574338
N12d4860725_41d8955968,12.4860725,41.8955968,road_vertex,way/1001247807
N12d4860736_41d8893393,12.4860736,41.8893393,road_vertex,way/137769835
N12d4860818_41d8954913,12.4860818,41.8954913,road_vertex,way/995413486
N12d4860821_41d8909508,12.4860821,41.8909508,road_vertex,way/998809876
N12d4860828_41d8890639,12.4860828,41.8890639,road_vertex,way/188152795
N12d4860873_41d8891487,12.4860873,41.8891487,road_vertex,way/1159026781
N12d4860876_41d8871569,12.4860876,41.8871569,road_vertex,way/132581362
N12d4860894_41d8931534,12.4860894,41.8931534,road_vertex,way/995413509
N12d4860930_41d8914553,12.4860930,41.8914553,road_vertex,way/998810009
N12d4860972_41d8931270,12.4860972,41.8931270,road_vertex,way/995413685
N12d4860974_41d8933898,12.4860974,41.8933898,road_vertex,way/995413692
N12d4860980_41d8925237,12.4860980,41.8925237,road_vertex,way/473094572
N12d4860984_41d8893867,12.4860984,41.8893867,road_vertex,way/137769835
N12d4861000_41d8898547,12.4861000,41.8898547,road_vertex,way/132682591
N12d4861023_41d8909462,12.4861023,41.8909462,road_vertex,way/998809868
N12d4861052_41d8894058,12.4861052,41.8894058,road_vertex,way/137769831
N12d4861069_41d8925342,12.4861069,41.8925342,road_vertex,way/473094572
N12d4861089_41d8956926,12.4861089,41.8956926,road_vertex,way/995413476
N12d4861105_41d8954594,12.4861105,41.8954594,road_vertex,way/995413486
N12d4861109_41d8886220,12.4861109,41.8886220,road_vertex,way/998204743
N12d4861120_41d8964759,12.4861120,41.8964759,road_vertex,way/1198088065
N12d4861121_41d8945181,12.4861121,41.8945181,road_vertex,way/623044293
N12d4861208_41d8913312,12.4861208,41.8913312,road_vertex,way/998809985
N12d4861232_41d8952423,12.4861232,41.8952423,road_vertex,way/995413486
N12d4861242_41d8913372,12.4861242,41.8913372,road_vertex,way/998809985
N12d4861251_41d8954355,12.4861251,41.8954355,road_vertex,way/995413486
N12d4861309_41d8913491,12.4861309,41.8913491,road_vertex,way/998809984
N12d4861309_41d8955622,12.4861309,41.8955622,road_vertex,way/1001247807
N12d4861316_41d8913277,12.4861316,41.8913277,road_vertex,way/998809985
N12d4861321_41d8960894,12.4861321,41.8960894,road_vertex,way/1001247761
N12d4861331_41d8954165,12.4861331,41.8954165,road_vertex,way/995413486
N12d4861347_41d8945523,12.4861347,41.8945523,road_vertex,way/244182027
N12d4861349_41d8913562,12.4861349,41.8913562,road_vertex,way/998809984
N12d4861363_41d8913090,12.4861363,41.8913090,road_vertex,way/998809986
N12d4861364_41d8952661,12.4861364,41.8952661,road_vertex,way/995413486
N12d4861368_41d8832767,12.4861368,41.8832767,road_vertex,way/1415675836
N12d4861394_41d8918086,12.4861394,41.8918086,road_vertex,way/994987249
N12d4861396_41d8822766,12.4861396,41.8822766,road_vertex,way/778306405
N12d4861407_41d8931401,12.4861407,41.8931401,road_vertex,way/995413685
N12d4861416_41d8913542,12.4861416,41.8913542,road_vertex,way/998809984
N12d4861427_41d8961775,12.4861427,41.8961775,road_vertex,way/1197185118
N12d4861445_41d8890167,12.4861445,41.8890167,road_vertex,way/188152795
N12d4861446_41d8961470,12.4861446,41.8961470,road_vertex,way/1001574348
N12d4861456_41d8952900,12.4861456,41.8952900,road_vertex,way/995413486
N12d4861456_41d8961385,12.4861456,41.8961385,road_vertex,way/1001574348
N12d4861463_41d8913245,12.4861463,41.8913245,road_vertex,way/998809989
N12d4861465_41d8886843,12.4861465,41.8886843,road_vertex,way/998204743
N12d4861465_41d8953776,12.4861465,41.8953776,road_vertex,way/995413486
N12d4861506_41d8953287,12.4861506,41.8953287,road_vertex,way/995413486
N12d4861515_41d8936641,12.4861515,41.8936641,road_vertex,way/1365592211
N12d4861540_41d8913500,12.4861540,41.8913500,road_vertex,way/998809983
N12d4861547_41d8913382,12.4861547,41.8913382,road_vertex,way/998809986
N12d4861558_41d8914338,12.4861558,41.8914338,road_vertex,way/998810009
N12d4861564_41d8913208,12.4861564,41.8913208,road_vertex,way/998809989
N12d4861566_41d8945855,12.4861566,41.8945855,road_vertex,way/1001139283
N12d4861577_41d8913427,12.4861577,41.8913427,road_vertex,way/998809982
N12d4861611_41d8913480,12.4861611,41.8913480,road_vertex,way/998809982
N12d4861623_41d8866383,12.4861623,41.8866383,road_vertex,way/1517104916
N12d4861625_41d8951859,12.4861625,41.8951859,road_vertex,way/1001247807
N12d4861653_41d8951481,12.4861653,41.8951481,road_vertex,way/1001247789
N12d4861697_41d8963381,12.4861697,41.8963381,road_vertex,way/996687514
N12d4861713_41d8916171,12.4861713,41.8916171,road_vertex,way/718165012
N12d4861789_41d8955197,12.4861789,41.8955197,road_vertex,way/1001247807
N12d4861804_41d8916321,12.4861804,41.8916321,road_vertex,way/718165012
N12d4861808_41d8936864,12.4861808,41.8936864,road_vertex,way/33734272
N12d4861815_41d8952052,12.4861815,41.8952052,road_vertex,way/1001247807
N12d4861822_41d8951676,12.4861822,41.8951676,road_vertex,way/1001247807
N12d4861829_41d8963690,12.4861829,41.8963690,road_vertex,way/1197185120
N12d4861849_41d8963554,12.4861849,41.8963554,road_vertex,way/1197185120
N12d4861863_41d8913104,12.4861863,41.8913104,road_vertex,way/998809990
N12d4861903_41d8914227,12.4861903,41.8914227,road_vertex,way/998810008
N12d4861917_41d8934008,12.4861917,41.8934008,road_vertex,way/995413690
N12d4861925_41d8963563,12.4861925,41.8963563,road_vertex,way/996687515
N12d4861939_41d8892386,12.4861939,41.8892386,road_vertex,way/138190393
N12d4861969_41d8913068,12.4861969,41.8913068,road_vertex,way/998809990
N12d4861969_41d8914205,12.4861969,41.8914205,road_vertex,way/998810010
N12d4861978_41d8931434,12.4861978,41.8931434,road_vertex,way/995413685
N12d4862017_41d8967975,12.4862017,41.8967975,road_vertex,way/777223426
N12d4862045_41d8913201,12.4862045,41.8913201,road_vertex,way/998809990
N12d4862060_41d8917780,12.4862060,41.8917780,road_vertex,way/28044938
N12d4862073_41d8913767,12.4862073,41.8913767,road_vertex,way/998809811
N12d4862081_41d8956396,12.4862081,41.8956396,road_vertex,way/995413476
N12d4862094_41d8821026,12.4862094,41.8821026,road_vertex,way/178471727
N12d4862097_41d8889707,12.4862097,41.8889707,road_vertex,way/188152796
N12d4862113_41d8952924,12.4862113,41.8952924,road_vertex,way/1001247714
N12d4862114_41d8961021,12.4862114,41.8961021,road_vertex,way/1001247761
N12d4862148_41d8954710,12.4862148,41.8954710,road_vertex,way/1001247807
N12d4862166_41d8952543,12.4862166,41.8952543,road_vertex,way/1001247807
N12d4862171_41d8913939,12.4862171,41.8913939,road_vertex,way/998809811
N12d4862221_41d8952047,12.4862221,41.8952047,road_vertex,way/1001247811
N12d4862261_41d8913543,12.4862261,41.8913543,road_vertex,way/998809987
N12d4862268_41d8914109,12.4862268,41.8914109,road_vertex,way/998810010
N12d4862308_41d8948138,12.4862308,41.8948138,road_vertex,way/1001139283
N12d4862337_41d8914241,12.4862337,41.8914241,road_vertex,way/998810010
N12d4862340_41d8913673,12.4862340,41.8913673,road_vertex,way/998809811
N12d4862371_41d8954180,12.4862371,41.8954180,road_vertex,way/1001247807
N12d4862380_41d8953075,12.4862380,41.8953075,road_vertex,way/1001247807
N12d4862388_41d8963627,12.4862388,41.8963627,road_vertex,way/996687515
N12d4862435_41d8952850,12.4862435,41.8952850,road_vertex,way/1001247714
N12d4862449_41d8953628,12.4862449,41.8953628,road_vertex,way/1001247807
N12d4862475_41d8870612,12.4862475,41.8870612,road_vertex,way/132581362
N12d4862499_41d8947956,12.4862499,41.8947956,road_vertex,way/1001139283
N12d4862505_41d8961015,12.4862505,41.8961015,road_vertex,way/1001247760
N12d4862529_41d8889373,12.4862529,41.8889373,road_vertex,way/188152796
N12d4862534_41d8962715,12.4862534,41.8962715,road_vertex,way/181029796
N12d4862565_41d8910651,12.4862565,41.8910651,road_vertex,way/718165010
N12d4862573_41d8950981,12.4862573,41.8950981,road_vertex,way/1001247791
N12d4862585_41d8905450,12.4862585,41.8905450,road_vertex,way/998809781
N12d4862595_41d8948009,12.4862595,41.8948009,road_vertex,way/1001139282
N12d4862635_41d8917654,12.4862635,41.8917654,road_vertex,way/28044938
N12d4862654_41d8963880,12.4862654,41.8963880,road_vertex,way/1198088065
N12d4862694_41d8892966,12.4862694,41.8892966,road_vertex,way/1159026781
N12d4862704_41d8916041,12.4862704,41.8916041,road_vertex,way/1431949793
N12d4862712_41d8948073,12.4862712,41.8948073,road_vertex,way/1001139281
N12d4862734_41d8950804,12.4862734,41.8950804,road_vertex,way/1001247790
N12d4862764_41d8949820,12.4862764,41.8949820,road_vertex,way/995413486
N12d4862801_41d8909065,12.4862801,41.8909065,road_vertex,way/998809877
N12d4862803_41d8947646,12.4862803,41.8947646,road_vertex,way/1001139283
N12d4862852_41d8882563,12.4862852,41.8882563,road_vertex,way/1159025925
N12d4862858_41d8943229,12.4862858,41.8943229,road_vertex,way/623044293
N12d4862872_41d8921084,12.4862872,41.8921084,road_vertex,way/1391027807
N12d4862889_41d8955715,12.4862889,41.8955715,road_vertex,way/995413476
N12d4862895_41d8950409,12.4862895,41.8950409,road_vertex,way/1001247789
N12d4862915_41d8920145,12.4862915,41.8920145,road_vertex,way/131358874
N12d4862925_41d8950669,12.4862925,41.8950669,road_vertex,way/1001247789
N12d4862986_41d8821730,12.4862986,41.8821730,road_vertex,way/178471727
N12d4863002_41d8939543,12.4863002,41.8939543,road_vertex,way/997422767
N12d4863005_41d8948250,12.4863005,41.8948250,road_vertex,way/244182028
N12d4863061_41d8895720,12.4863061,41.8895720,road_vertex,way/138190378
N12d4863071_41d8917630,12.4863071,41.8917630,road_vertex,way/1431949793
N12d4863079_41d8950584,12.4863079,41.8950584,road_vertex,way/1001247789
N12d4863095_41d8949376,12.4863095,41.8949376,road_vertex,way/244182028
N12d4863096_41d8963724,12.4863096,41.8963724,road_vertex,way/1365600492
N12d4863099_41d8916427,12.4863099,41.8916427,road_vertex,way/1431949793
N12d4863146_41d8949741,12.4863146,41.8949741,road_vertex,way/995413486
N12d4863159_41d8937336,12.4863159,41.8937336,road_vertex,way/995027526
N12d4863173_41d8951722,12.4863173,41.8951722,road_vertex,way/1001247811
N12d4863180_41d8940146,12.4863180,41.8940146,road_vertex,way/997422765
N12d4863189_41d8915688,12.4863189,41.8915688,road_vertex,way/718165012
N12d4863193_41d8963739,12.4863193,41.8963739,road_vertex,way/1365600492
N12d4863203_41d8905968,12.4863203,41.8905968,road_vertex,way/998809781
N12d4863203_41d8950686,12.4863203,41.8950686,road_vertex,way/1001247792
N12d4863220_41d8959544,12.4863220,41.8959544,road_vertex,way/1001247721
N12d4863238_41d8939083,12.4863238,41.8939083,road_vertex,way/997422766
N12d4863247_41d8893391,12.4863247,41.8893391,road_vertex,way/137910683
N12d4863309_41d8895929,12.4863309,41.8895929,road_vertex,way/138190379
N12d4863314_41d8920879,12.4863314,41.8920879,road_vertex,way/1391027807
N12d4863331_41d8950684,12.4863331,41.8950684,road_vertex,way/1001247792
N12d4863347_41d8939151,12.4863347,41.8939151,road_vertex,way/997422767
N12d4863362_41d8880449,12.4863362,41.8880449,road_vertex,way/131635523
N12d4863385_41d8939941,12.4863385,41.8939941,road_vertex,way/997422765
N12d4863409_41d8897119,12.4863409,41.8897119,road_vertex,way/132682591
N12d4863414_41d8939189,12.4863414,41.8939189,road_vertex,way/997422767
N12d4863423_41d8939780,12.4863423,41.8939780,road_vertex,way/997422767
N12d4863473_41d8954916,12.4863473,41.8954916,road_vertex,way/995413476
N12d4863492_41d8939823,12.4863492,41.8939823,road_vertex,way/720590305
N12d4863576_41d8963004,12.4863576,41.8963004,road_vertex,way/181029791
N12d4863609_41d8907925,12.4863609,41.8907925,road_vertex,way/1005260354
N12d4863615_41d8909267,12.4863615,41.8909267,road_vertex,way/998809800
N12d4863622_41d8888579,12.4863622,41.8888579,road_vertex,way/188152796
N12d4863635_41d8883374,12.4863635,41.8883374,road_vertex,way/1159025925
N12d4863645_41d8938754,12.4863645,41.8938754,road_vertex,way/995027484
N12d4863645_41d8952239,12.4863645,41.8952239,road_vertex,way/995413478
N12d4863653_41d8951458,12.4863653,41.8951458,road_vertex,way/995413478
N12d4863672_41d8920713,12.4863672,41.8920713,road_vertex,way/994987247
N12d4863689_41d8961016,12.4863689,41.8961016,road_vertex,way/1001247734
N12d4863703_41d8960786,12.4863703,41.8960786,road_vertex,way/1001247734
N12d4863709_41d8950679,12.4863709,41.8950679,road_vertex,way/1001247792
N12d4863736_41d8915502,12.4863736,41.8915502,road_vertex,way/998809813
N12d4863744_41d8846563,12.4863744,41.8846563,road_vertex,way/1133502155
N12d4863773_41d8932231,12.4863773,41.8932231,road_vertex,way/995413685
N12d4863794_41d8901618,12.4863794,41.8901618,road_vertex,way/137769827
N12d4863802_41d8954041,12.4863802,41.8954041,road_vertex,way/1001247815
N12d4863826_41d8961943,12.4863826,41.8961943,road_vertex,way/1197185118
N12d4863857_41d8963646,12.4863857,41.8963646,road_vertex,way/777223429
N12d4863860_41d8953133,12.4863860,41.8953133,road_vertex,way/995413476
N12d4863867_41d8915753,12.4863867,41.8915753,road_vertex,way/998809813
N12d4863978_41d8915973,12.4863978,41.8915973,road_vertex,way/998809814
N12d4863998_41d8938974,12.4863998,41.8938974,road_vertex,way/995027484
N12d4864038_41d8949601,12.4864038,41.8949601,road_vertex,way/995413485
N12d4864043_41d8957914,12.4864043,41.8957914,road_vertex,way/1001247808
N12d4864063_41d8917664,12.4864063,41.8917664,road_vertex,way/998809814
N12d4864101_41d8951553,12.4864101,41.8951553,road_vertex,way/1001247816
N12d4864106_41d8906736,12.4864106,41.8906736,road_vertex,way/998809780
N12d4864128_41d8869791,12.4864128,41.8869791,road_vertex,way/132581362
N12d4864142_41d8879885,12.4864142,41.8879885,road_vertex,way/131635523
N12d4864315_41d8932456,12.4864315,41.8932456,road_vertex,way/995413685
N12d4864315_41d8961948,12.4864315,41.8961948,road_vertex,way/1197185118
N12d4864333_41d8951557,12.4864333,41.8951557,road_vertex,way/1001247816
N12d4864358_41d8954010,12.4864358,41.8954010,road_vertex,way/1001247815
N12d4864370_41d8953140,12.4864370,41.8953140,road_vertex,way/1001247812
N12d4864400_41d8938500,12.4864400,41.8938500,road_vertex,way/995027484
N12d4864471_41d8847275,12.4864471,41.8847275,road_vertex,way/1133502155
N12d4864487_41d8953379,12.4864487,41.8953379,road_vertex,way/1001247813
N12d4864501_41d8960786,12.4864501,41.8960786,road_vertex,way/1001247762
N12d4864524_41d8968708,12.4864524,41.8968708,road_vertex,way/777223426
N12d4864530_41d8959568,12.4864530,41.8959568,road_vertex,way/1001247762
N12d4864536_41d8894626,12.4864536,41.8894626,road_vertex,way/74230027
N12d4864541_41d8959134,12.4864541,41.8959134,road_vertex,way/1001247762
N12d4864568_41d8894537,12.4864568,41.8894537,road_vertex,way/137910672
N12d4864580_41d8907142,12.4864580,41.8907142,road_vertex,way/718165010
N12d4864588_41d8952511,12.4864588,41.8952511,road_vertex,way/1001247816
N12d4864595_41d8881535,12.4864595,41.8881535,road_vertex,way/1159025925
N12d4864595_41d8894836,12.4864595,41.8894836,road_vertex,way/74230027
N12d4864617_41d8884276,12.4864617,41.8884276,road_vertex,way/1159025925
N12d4864648_41d8822971,12.4864648,41.8822971,road_vertex,way/178471727
N12d4864658_41d8902515,12.4864658,41.8902515,road_vertex,way/137769825
N12d4864681_41d8894457,12.4864681,41.8894457,road_vertex,way/137620760
N12d4864685_41d8907074,12.4864685,41.8907074,road_vertex,way/28044912
N12d4864707_41d8953791,12.4864707,41.8953791,road_vertex,way/1001247814
N12d4864742_41d8930778,12.4864742,41.8930778,road_vertex,way/995413523
N12d4864745_41d8879481,12.4864745,41.8879481,road_vertex,way/131635521
N12d4864746_41d8908626,12.4864746,41.8908626,road_vertex,way/998809877
N12d4864786_41d8953963,12.4864786,41.8953963,road_vertex,way/1001247814
N12d4864796_41d8895091,12.4864796,41.8895091,road_vertex,way/74230027
N12d4864798_41d8963546,12.4864798,41.8963546,road_vertex,way/181029791
N12d4864811_41d8900905,12.4864811,41.8900905,road_vertex,way/137769827
N12d4864855_41d8825538,12.4864855,41.8825538,road_vertex,way/778306405
N12d4864874_41d8847669,12.4864874,41.8847669,road_vertex,way/1005926744
N12d4864878_41d8894448,12.4864878,41.8894448,road_vertex,way/137620760
N12d4864879_41d8930669,12.4864879,41.8930669,road_vertex,way/995413523
N12d4864883_41d8922083,12.4864883,41.8922083,road_vertex,way/32597544
N12d4864893_41d8909150,12.4864893,41.8909150,road_vertex,way/998809800
N12d4864970_41d8847763,12.4864970,41.8847763,road_vertex,way/1005926743
N12d4865010_41d8934694,12.4865010,41.8934694,road_vertex,way/1365592211
N12d4865021_41d8964278,12.4865021,41.8964278,road_vertex,way/777223429
N12d4865037_41d8930958,12.4865037,41.8930958,road_vertex,way/995413523
N12d4865050_41d8898551,12.4865050,41.8898551,road_vertex,way/137620749
N12d4865102_41d8965331,12.4865102,41.8965331,road_vertex,way/777223429
N12d4865120_41d8879938,12.4865120,41.8879938,road_vertex,way/131923927
N12d4865124_41d8949047,12.4865124,41.8949047,road_vertex,way/244182028
N12d4865134_41d8925842,12.4865134,41.8925842,road_vertex,way/473094572
N12d4865145_41d8938108,12.4865145,41.8938108,road_vertex,way/995027484
N12d4865218_41d8949386,12.4865218,41.8949386,road_vertex,way/995413484
N12d4865220_41d8894551,12.4865220,41.8894551,road_vertex,way/137620760
N12d4865223_41d8965656,12.4865223,41.8965656,road_vertex,way/777223429
N12d4865246_41d8922179,12.4865246,41.8922179,road_vertex,way/32597544
N12d4865276_41d8932891,12.4865276,41.8932891,road_vertex,way/995413685
N12d4865285_41d8823471,12.4865285,41.8823471,road_vertex,way/178471727
N12d4865302_41d8923297,12.4865302,41.8923297,road_vertex,way/995413642
N12d4865321_41d8848106,12.4865321,41.8848106,road_vertex,way/40872934
N12d4865323_41d8919882,12.4865323,41.8919882,road_vertex,way/994987253
N12d4865386_41d8953005,12.4865386,41.8953005,road_vertex,way/1001247810
N12d4865422_41d8917710,12.4865422,41.8917710,road_vertex,way/188155998
N12d4865489_41d8869152,12.4865489,41.8869152,road_vertex,way/132581362
N12d4865492_41d8880956,12.4865492,41.8880956,road_vertex,way/131635523
N12d4865513_41d8909149,12.4865513,41.8909149,road_vertex,way/998809801
N12d4865533_41d8959529,12.4865533,41.8959529,road_vertex,way/1001247731
N12d4865539_41d8922509,12.4865539,41.8922509,road_vertex,way/995413642
N12d4865539_41d8965969,12.4865539,41.8965969,road_vertex,way/777223429
N12d4865547_41d8879643,12.4865547,41.8879643,road_vertex,way/131923927
N12d4865553_41d8920137,12.4865553,41.8920137,road_vertex,way/994987253
N12d4865558_41d8879591,12.4865558,41.8879591,road_vertex,way/131923927
N12d4865596_41d8884899,12.4865596,41.8884899,road_vertex,way/1159025925
N12d4865617_41d8959800,12.4865617,41.8959800,road_vertex,way/1001247733
N12d4865654_41d8960814,12.4865654,41.8960814,road_vertex,way/1001247734
N12d4865657_41d8959925,12.4865657,41.8959925,road_vertex,way/1001247733
N12d4865663_41d8908514,12.4865663,41.8908514,road_vertex,way/1005260354
N12d4865664_41d8959501,12.4865664,41.8959501,road_vertex,way/1001247731
N12d4865672_41d8903542,12.4865672,41.8903542,road_vertex,way/998809781
N12d4865674_41d8950359,12.4865674,41.8950359,road_vertex,way/995413477
N12d4865704_41d8929954,12.4865704,41.8929954,road_vertex,way/995413518
N12d4865721_41d8948955,12.4865721,41.8948955,road_vertex,way/1174748108
N12d4865729_41d8880427,12.4865729,41.8880427,road_vertex,way/131923927
N12d4865745_41d8949103,12.4865745,41.8949103,road_vertex,way/995413484
N12d4865807_41d8949037,12.4865807,41.8949037,road_vertex,way/1174748108
N12d4865851_41d8894851,12.4865851,41.8894851,road_vertex,way/137620760
N12d4865862_41d8958895,12.4865862,41.8958895,road_vertex,way/1001247762
N12d4865874_41d8890343,12.4865874,41.8890343,road_vertex,way/188152793
N12d4865876_41d8959961,12.4865876,41.8959961,road_vertex,way/1001247732
N12d4865881_41d8911763,12.4865881,41.8911763,road_vertex,way/998809970
N12d4865882_41d8950709,12.4865882,41.8950709,road_vertex,way/995413477
N12d4865903_41d8911799,12.4865903,41.8911799,road_vertex,way/998809970
N12d4865936_41d8908261,12.4865936,41.8908261,road_vertex,way/998809955
N12d4865942_41d8919570,12.4865942,41.8919570,road_vertex,way/994987247
N12d4865946_41d8880601,12.4865946,41.8880601,road_vertex,way/131923927
N12d4865946_41d8957033,12.4865946,41.8957033,road_vertex,way/1001247809
N12d4865960_41d8911737,12.4865960,41.8911737,road_vertex,way/998809970
N12d4865980_41d8960186,12.4865980,41.8960186,road_vertex,way/1001247732
N12d4866024_41d8966125,12.4866024,41.8966125,road_vertex,way/777223429
N12d4866033_41d8960300,12.4866033,41.8960300,road_vertex,way/1001247732
N12d4866040_41d8960172,12.4866040,41.8960172,road_vertex,way/1001247728
N12d4866055_41d8879685,12.4866055,41.8879685,road_vertex,way/131635521
N12d4866056_41d8959975,12.4866056,41.8959975,road_vertex,way/1001247722
N12d4866073_41d8955441,12.4866073,41.8955441,road_vertex,way/1001247810
N12d4866090_41d8961873,12.4866090,41.8961873,road_vertex,way/1197185118
N12d4866110_41d8911686,12.4866110,41.8911686,road_vertex,way/998809968
N12d4866117_41d8929625,12.4866117,41.8929625,road_vertex,way/995413517
N12d4866128_41d8863959,12.4866128,41.8863959,road_vertex,way/1517104916
N12d4866136_41d8956947,12.4866136,41.8956947,road_vertex,way/1001247810
N12d4866169_41d8917818,12.4866169,41.8917818,road_vertex,way/188155998
N12d4866177_41d8960227,12.4866177,41.8960227,road_vertex,way/1001247722
N12d4866184_41d8880113,12.4866184,41.8880113,road_vertex,way/131923925
N12d4866194_41d8912279,12.4866194,41.8912279,road_vertex,way/998809969
N12d4866205_41d8848971,12.4866205,41.8848971,road_vertex,way/1005926741
N12d4866251_41d8920806,12.4866251,41.8920806,road_vertex,way/994987252
N12d4866251_41d8927065,12.4866251,41.8927065,road_vertex,way/473094572
N12d4866259_41d8868847,12.4866259,41.8868847,road_vertex,way/138303050
N12d4866264_41d8912389,12.4866264,41.8912389,road_vertex,way/998809960
N12d4866275_41d8933970,12.4866275,41.8933970,road_vertex,way/1365592211
N12d4866306_41d8929744,12.4866306,41.8929744,road_vertex,way/995413522
N12d4866309_41d8911620,12.4866309,41.8911620,road_vertex,way/998809967
N12d4866311_41d8955406,12.4866311,41.8955406,road_vertex,way/1001247759
N12d4866345_41d8955529,12.4866345,41.8955529,road_vertex,way/1001247759
N12d4866360_41d8929136,12.4866360,41.8929136,road_vertex,way/995413519
N12d4866382_41d8957485,12.4866382,41.8957485,road_vertex,way/1001247754
N12d4866403_41d8880285,12.4866403,41.8880285,road_vertex,way/131923927
N12d4866403_41d8938689,12.4866403,41.8938689,road_vertex,way/995027484
N12d4866413_41d8960178,12.4866413,41.8960178,road_vertex,way/1001247722
N12d4866414_41d8849176,12.4866414,41.8849176,road_vertex,way/1005926742
N12d4866415_41d8929813,12.4866415,41.8929813,road_vertex,way/995413522
N12d4866429_41d8879936,12.4866429,41.8879936,road_vertex,way/131923925
N12d4866436_41d8910876,12.4866436,41.8910876,road_vertex,way/998809964
N12d4866445_41d8912329,12.4866445,41.8912329,road_vertex,way/998809960
N12d4866475_41d8842356,12.4866475,41.8842356,road_vertex,way/1490394234
N12d4866497_41d8899781,12.4866497,41.8899781,road_vertex,way/137620752
N12d4866509_41d8956782,12.4866509,41.8956782,road_vertex,way/1001247810
N12d4866512_41d8929246,12.4866512,41.8929246,road_vertex,way/995413520
N12d4866516_41d8964539,12.4866516,41.8964539,road_vertex,way/1392174282
N12d4866517_41d8849278,12.4866517,41.8849278,road_vertex,way/1005926742
N12d4866517_41d8884857,12.4866517,41.8884857,road_vertex,way/1159025925
N12d4866522_41d8957677,12.4866522,41.8957677,road_vertex,way/1001247755
N12d4866576_41d8957402,12.4866576,41.8957402,road_vertex,way/1001247762
N12d4866576_41d8957759,12.4866576,41.8957759,road_vertex,way/1001247755
N12d4866583_41d8956888,12.4866583,41.8956888,road_vertex,way/1001247757
N12d4866599_41d8910048,12.4866599,41.8910048,road_vertex,way/998809767
N12d4866610_41d8836031,12.4866610,41.8836031,road_vertex,way/1447789520
N12d4866626_41d8907996,12.4866626,41.8907996,road_vertex,way/998809955
N12d4866633_41d8966122,12.4866633,41.8966122,road_vertex,way/1392174282
N12d4866636_41d8926915,12.4866636,41.8926915,road_vertex,way/473094572
N12d4866643_41d8938812,12.4866643,41.8938812,road_vertex,way/995027484
N12d4866646_41d8966295,12.4866646,41.8966295,road_vertex,way/1392174282
N12d4866682_41d8912695,12.4866682,41.8912695,road_vertex,way/998809960
N12d4866694_41d8849451,12.4866694,41.8849451,road_vertex,way/40872933
N12d4866695_41d8957729,12.4866695,41.8957729,road_vertex,way/1001247762
N12d4866706_41d8842539,12.4866706,41.8842539,road_vertex,way/1490394234
N12d4866714_41d8929994,12.4866714,41.8929994,road_vertex,way/995413521
N12d4866718_41d8910251,12.4866718,41.8910251,road_vertex,way/998809767
N12d4866718_41d8962505,12.4866718,41.8962505,road_vertex,way/215420485
N12d4866726_41d8891019,12.4866726,41.8891019,road_vertex,way/137910683
N12d4866729_41d8918020,12.4866729,41.8918020,road_vertex,way/188155998
N12d4866730_41d8880128,12.4866730,41.8880128,road_vertex,way/131923927
N12d4866736_41d8868677,12.4866736,41.8868677,road_vertex,way/138303050
N12d4866747_41d8929385,12.4866747,41.8929385,road_vertex,way/995413521
N12d4866758_41d8905739,12.4866758,41.8905739,road_vertex,way/28044912
N12d4866767_41d8960841,12.4866767,41.8960841,road_vertex,way/1001247734
N12d4866774_41d8934702,12.4866774,41.8934702,road_vertex,way/995027526
N12d4866784_41d8957160,12.4866784,41.8957160,road_vertex,way/1001247762
N12d4866795_41d8925023,12.4866795,41.8925023,road_vertex,way/473094572
N12d4866816_41d8911449,12.4866816,41.8911449,road_vertex,way/998809966
N12d4866838_41d8957347,12.4866838,41.8957347,road_vertex,way/1001247762
N12d4866851_41d8958156,12.4866851,41.8958156,road_vertex,way/1001247762
N12d4866868_41d8908665,12.4866868,41.8908665,road_vertex,way/998809801
N12d4866868_41d8958276,12.4866868,41.8958276,road_vertex,way/1001247762
N12d4866870_41d8880239,12.4866870,41.8880239,road_vertex,way/131635521
N12d4866898_41d8957125,12.4866898,41.8957125,road_vertex,way/1001247758
N12d4866904_41d8911420,12.4866904,41.8911420,road_vertex,way/998809809
N12d4866912_41d8849657,12.4866912,41.8849657,road_vertex,way/1005926755
N12d4867062_41d8925806,12.4867062,41.8925806,road_vertex,way/995413641
N12d4867078_41d8902795,12.4867078,41.8902795,road_vertex,way/998809781
N12d4867109_41d8929645,12.4867109,41.8929645,road_vertex,way/995413521
N12d4867119_41d8861826,12.4867119,41.8861826,road_vertex,way/1175936715
N12d4867136_41d8925637,12.4867136,41.8925637,road_vertex,way/995413641
N12d4867163_41d8908291,12.4867163,41.8908291,road_vertex,way/998809801
N12d4867167_41d8835637,12.4867167,41.8835637,road_vertex,way/40873451
N12d4867209_41d8904962,12.4867209,41.8904962,road_vertex,way/28044912
N12d4867218_41d8911315,12.4867218,41.8911315,road_vertex,way/998809965
N12d4867222_41d8885448,12.4867222,41.8885448,road_vertex,way/137910683
N12d4867226_41d8905388,12.4867226,41.8905388,road_vertex,way/28044912
N12d4867227_41d8885445,12.4867227,41.8885445,road_vertex,way/1159025925
N12d4867230_41d8907622,12.4867230,41.8907622,road_vertex,way/998809955
N12d4867270_41d8926370,12.4867270,41.8926370,road_vertex,way/995413641
N12d4867338_41d8907717,12.4867338,41.8907717,road_vertex,way/998809803
N12d4867360_41d8910534,12.4867360,41.8910534,road_vertex,way/998809820
N12d4867380_41d8843150,12.4867380,41.8843150,road_vertex,way/778306424
N12d4867404_41d8925482,12.4867404,41.8925482,road_vertex,way/995413641
N12d4867456_41d8880186,12.4867456,41.8880186,road_vertex,way/131635521
N12d4867483_41d8907843,12.4867483,41.8907843,road_vertex,way/998809803
N12d4867494_41d8933184,12.4867494,41.8933184,road_vertex,way/1365592211
N12d4867498_41d8926241,12.4867498,41.8926241,road_vertex,way/995413641
N12d4867500_41d8936087,12.4867500,41.8936087,road_vertex,way/1331379388
N12d4867512_41d8907447,12.4867512,41.8907447,road_vertex,way/998809955
N12d4867527_41d8962466,12.4867527,41.8962466,road_vertex,way/215420485
N12d4867556_41d8910472,12.4867556,41.8910472,road_vertex,way/998809821
N12d4867556_41d8918358,12.4867556,41.8918358,road_vertex,way/994987247
N12d4867599_41d8908019,12.4867599,41.8908019,road_vertex,way/998809803
N12d4867639_41d8925442,12.4867639,41.8925442,road_vertex,way/995413641
N12d4867649_41d8908097,12.4867649,41.8908097,road_vertex,way/998809801
N12d4867721_41d8822622,12.4867721,41.8822622,road_vertex,way/1175936737
N12d4867825_41d8965300,12.4867825,41.8965300,road_vertex,way/23694687
N12d4867860_41d8925602,12.4867860,41.8925602,road_vertex,way/995413641
N12d4867865_41d8935929,12.4867865,41.8935929,road_vertex,way/1331379388
N12d4867870_41d8910373,12.4867870,41.8910373,road_vertex,way/998809822
N12d4867946_41d8962457,12.4867946,41.8962457,road_vertex,way/215420485
N12d4867974_41d8948003,12.4867974,41.8948003,road_vertex,way/997422859
N12d4867980_41d8879827,12.4867980,41.8879827,road_vertex,way/131635521
N12d4867981_41d8947899,12.4867981,41.8947899,road_vertex,way/997422859
N12d4867985_41d8966116,12.4867985,41.8966116,road_vertex,way/777223429
N12d4868049_41d8822882,12.4868049,41.8822882,road_vertex,way/1175936737
N12d4868065_41d8910311,12.4868065,41.8910311,road_vertex,way/998809823
N12d4868095_41d8945260,12.4868095,41.8945260,road_vertex,way/995413604
N12d4868132_41d8950362,12.4868132,41.8950362,road_vertex,way/995413477
N12d4868134_41d8867759,12.4868134,41.8867759,road_vertex,way/138303051
N12d4868158_41d8948205,12.4868158,41.8948205,road_vertex,way/997422859
N12d4868172_41d8925455,12.4868172,41.8925455,road_vertex,way/1391027860
N12d4868179_41d8843841,12.4868179,41.8843841,road_vertex,way/1490394235
N12d4868201_41d8878796,12.4868201,41.8878796,road_vertex,way/131635521
N12d4868201_41d8879547,12.4868201,41.8879547,road_vertex,way/1159025921
N12d4868221_41d8926895,12.4868221,41.8926895,road_vertex,way/995413632
N12d4868247_41d8937087,12.4868247,41.8937087,road_vertex,way/623044293
N12d4868248_41d8896116,12.4868248,41.8896116,road_vertex,way/137910677
N12d4868288_41d8961729,12.4868288,41.8961729,road_vertex,way/1197185118
N12d4868289_41d8947674,12.4868289,41.8947674,road_vertex,way/997422859
N12d4868295_41d8962464,12.4868295,41.8962464,road_vertex,way/215420485
N12d4868296_41d8843956,12.4868296,41.8843956,road_vertex,way/1490394235
N12d4868296_41d8906693,12.4868296,41.8906693,road_vertex,way/998809955
N12d4868308_41d8948542,12.4868308,41.8948542,road_vertex,way/95510163
N12d4868330_41d8936394,12.4868330,41.8936394,road_vertex,way/995027485
N12d4868336_41d8945411,12.4868336,41.8945411,road_vertex,way/995413604
N12d4868381_41d8878028,12.4868381,41.8878028,road_vertex,way/131635521
N12d4868389_41d8877753,12.4868389,41.8877753,road_vertex,way/131635521
N12d4868430_41d8899118,12.4868430,41.8899118,road_vertex,way/137910675
N12d4868444_41d8947604,12.4868444,41.8947604,road_vertex,way/997422858
N12d4868454_41d8945486,12.4868454,41.8945486,road_vertex,way/995413603
N12d4868475_41d8927313,12.4868475,41.8927313,road_vertex,way/995413632
N12d4868492_41d8910176,12.4868492,41.8910176,road_vertex,way/998809824
N12d4868496_41d8878540,12.4868496,41.8878540,road_vertex,way/131635521
N12d4868561_41d8879089,12.4868561,41.8879089,road_vertex,way/131635521
N12d4868564_41d8917967,12.4868564,41.8917967,road_vertex,way/994987247
N12d4868578_41d8877527,12.4868578,41.8877527,road_vertex,way/131635521
N12d4868604_41d8901636,12.4868604,41.8901636,road_vertex,way/132682591
N12d4868621_41d8889717,12.4868621,41.8889717,road_vertex,way/137910683
N12d4868631_41d8945668,12.4868631,41.8945668,road_vertex,way/995413603
N12d4868638_41d8927124,12.4868638,41.8927124,road_vertex,way/995413632
N12d4868670_41d8879970,12.4868670,41.8879970,road_vertex,way/1159025924
N12d4868685_41d8910115,12.4868685,41.8910115,road_vertex,way/998809825
N12d4868692_41d8877106,12.4868692,41.8877106,road_vertex,way/131635521
N12d4868699_41d8962507,12.4868699,41.8962507,road_vertex,way/215420485
N12d4868703_41d8926025,12.4868703,41.8926025,road_vertex,way/1391027860
N12d4868724_41d8936571,12.4868724,41.8936571,road_vertex,way/836548374
N12d4868733_41d8877350,12.4868733,41.8877350,road_vertex,way/131635521
N12d4868750_41d8838879,12.4868750,41.8838879,road_vertex,way/1415675836
N12d4868764_41d8901801,12.4868764,41.8901801,road_vertex,way/998809781
N12d4868792_41d8911944,12.4868792,41.8911944,road_vertex,way/718156745
N12d4868793_41d8867390,12.4868793,41.8867390,road_vertex,way/138303051
N12d4868797_41d8897978,12.4868797,41.8897978,road_vertex,way/137910679
N12d4868821_41d8945777,12.4868821,41.8945777,road_vertex,way/997422856
N12d4868830_41d8910773,12.4868830,41.8910773,road_vertex,way/998809965
N12d4868873_41d8932908,12.4868873,41.8932908,road_vertex,way/102290910
N12d4868899_41d8970418,12.4868899,41.8970418,road_vertex,way/777223429
N12d4868992_41d8900647,12.4868992,41.8900647,road_vertex,way/74230027
N12d4869022_41d8962584,12.4869022,41.8962584,road_vertex,way/215420485
N12d4869030_41d8884195,12.4869030,41.8884195,road_vertex,way/138281244
N12d4869037_41d8900301,12.4869037,41.8900301,road_vertex,way/74230027
N12d4869056_41d8950861,12.4869056,41.8950861,road_vertex,way/23694678
N12d4869074_41d8901275,12.4869074,41.8901275,road_vertex,way/74230027
N12d4869074_41d8936729,12.4869074,41.8936729,road_vertex,way/836548374
N12d4869113_41d8966946,12.4869113,41.8966946,road_vertex,way/1365600497
N12d4869122_41d8950210,12.4869122,41.8950210,road_vertex,way/995413477
N12d4869134_41d8946965,12.4869134,41.8946965,road_vertex,way/997422858
N12d4869157_41d8909965,12.4869157,41.8909965,road_vertex,way/998809826
N12d4869192_41d8883927,12.4869192,41.8883927,road_vertex,way/138281244
N12d4869218_41d8949679,12.4869218,41.8949679,road_vertex,way/151796760
N12d4869235_41d8905780,12.4869235,41.8905780,road_vertex,way/998809955
N12d4869239_41d8967011,12.4869239,41.8967011,road_vertex,way/1365600497
N12d4869251_41d8949483,12.4869251,41.8949483,road_vertex,way/151796760
N12d4869253_41d8900055,12.4869253,41.8900055,road_vertex,way/131487091
N12d4869281_41d8880478,12.4869281,41.8880478,road_vertex,way/1159025924
N12d4869294_41d8901588,12.4869294,41.8901588,road_vertex,way/137620744
N12d4869294_41d8926552,12.4869294,41.8926552,road_vertex,way/131557378
N12d4869307_41d8883518,12.4869307,41.8883518,road_vertex,way/138281244
N12d4869328_41d8962672,12.4869328,41.8962672,road_vertex,way/215420485
N12d4869335_41d8909909,12.4869335,41.8909909,road_vertex,way/998809827
N12d4869369_41d8946771,12.4869369,41.8946771,road_vertex,way/997422857
N12d4869381_41d8948445,12.4869381,41.8948445,road_vertex,way/95510163
N12d4869388_41d8898608,12.4869388,41.8898608,road_vertex,way/137910679
N12d4869455_41d8926977,12.4869455,41.8926977,road_vertex,way/1428110840
N12d4869487_41d8883085,12.4869487,41.8883085,road_vertex,way/138281244
N12d4869496_41d8905675,12.4869496,41.8905675,road_vertex,way/998809955
N12d4869538_41d8935063,12.4869538,41.8935063,road_vertex,way/836548373
N12d4869558_41d8946216,12.4869558,41.8946216,road_vertex,way/997422856
N12d4869589_41d8915027,12.4869589,41.8915027,road_vertex,way/718156741
N12d4869594_41d8829399,12.4869594,41.8829399,road_vertex,way/778306405
N12d4869633_41d8962851,12.4869633,41.8962851,road_vertex,way/215420485
N12d4869634_41d8933152,12.4869634,41.8933152,road_vertex,way/995027524
N12d4869635_41d8921328,12.4869635,41.8921328,road_vertex,way/24533636
N12d4869644_41d8956253,12.4869644,41.8956253,road_vertex,way/23694678
N12d4869658_41d8970826,12.4869658,41.8970826,road_vertex,way/23590149
N12d4869662_41d8882648,12.4869662,41.8882648,road_vertex,way/138281244
N12d4869682_41d8909799,12.4869682,41.8909799,road_vertex,way/998809827
N12d4869712_41d8913465,12.4869712,41.8913465,road_vertex,way/718156744
N12d4869736_41d8868203,12.4869736,41.8868203,road_vertex,way/138303051
N12d4869760_41d8946332,12.4869760,41.8946332,road_vertex,way/995413601
N12d4869803_41d8914404,12.4869803,41.8914404,road_vertex,way/718156741
N12d4869804_41d8947490,12.4869804,41.8947490,road_vertex,way/23694682
N12d4869807_41d8901651,12.4869807,41.8901651,road_vertex,way/138190379
N12d4869825_41d8946376,12.4869825,41.8946376,road_vertex,way/995413601
N12d4869862_41d8909742,12.4869862,41.8909742,road_vertex,way/136630827
N12d4869876_41d8915547,12.4869876,41.8915547,road_vertex,way/718156741
N12d4869917_41d8963167,12.4869917,41.8963167,road_vertex,way/181029792
N12d4869941_41d8887590,12.4869941,41.8887590,road_vertex,way/188152793
N12d4869943_41d8901330,12.4869943,41.8901330,road_vertex,way/137620764
N12d4869972_41d8842950,12.4869972,41.8842950,road_vertex,way/1005926754
N12d4869974_41d8914717,12.4869974,41.8914717,road_vertex,way/718156741
N12d4869984_41d8929886,12.4869984,41.8929886,road_vertex,way/995413694
N12d4869986_41d8933961,12.4869986,41.8933961,road_vertex,way/995027525
N12d4870020_41d8974742,12.4870020,41.8974742,road_vertex,way/777223422
N12d4870042_41d8967583,12.4870042,41.8967583,road_vertex,way/907149044
N12d4870055_41d8958318,12.4870055,41.8958318,road_vertex,way/380259731
N12d4870095_41d8901381,12.4870095,41.8901381,road_vertex,way/137620764
N12d4870114_41d8963459,12.4870114,41.8963459,road_vertex,way/181029792
N12d4870146_41d8948428,12.4870146,41.8948428,road_vertex,way/23694811
N12d4870146_41d8974892,12.4870146,41.8974892,road_vertex,way/777223422
N12d4870163_41d8966625,12.4870163,41.8966625,road_vertex,way/292493447
N12d4870183_41d8926927,12.4870183,41.8926927,road_vertex,way/131557378
N12d4870187_41d8905590,12.4870187,41.8905590,road_vertex,way/998809955
N12d4870213_41d8901381,12.4870213,41.8901381,road_vertex,way/137620764
N12d4870226_41d8963682,12.4870226,41.8963682,road_vertex,way/181029792
N12d4870230_41d8881567,12.4870230,41.8881567,road_vertex,way/138281244
N12d4870254_41d8946510,12.4870254,41.8946510,road_vertex,way/23694713
N12d4870286_41d8961457,12.4870286,41.8961457,road_vertex,way/1355005341
N12d4870301_41d8842804,12.4870301,41.8842804,road_vertex,way/778306426
N12d4870323_41d8963934,12.4870323,41.8963934,road_vertex,way/181029792
N12d4870324_41d8903093,12.4870324,41.8903093,road_vertex,way/137620770
N12d4870372_41d8901345,12.4870372,41.8901345,road_vertex,way/137620767
N12d4870380_41d8960681,12.4870380,41.8960681,road_vertex,way/1198113183
N12d4870394_41d8965806,12.4870394,41.8965806,road_vertex,way/181029792
N12d4870406_41d8881449,12.4870406,41.8881449,road_vertex,way/1159025922
N12d4870408_41d8959515,12.4870408,41.8959515,road_vertex,way/380259731
N12d4870410_41d8964252,12.4870410,41.8964252,road_vertex,way/181029792
N12d4870421_41d8875972,12.4870421,41.8875972,road_vertex,way/131635521
N12d4870422_41d8843406,12.4870422,41.8843406,road_vertex,way/1005926754
N12d4870434_41d8901057,12.4870434,41.8901057,road_vertex,way/137620767
N12d4870446_41d8868857,12.4870446,41.8868857,road_vertex,way/131703998
N12d4870448_41d8901268,12.4870448,41.8901268,road_vertex,way/137620767
N12d4870453_41d8897114,12.4870453,41.8897114,road_vertex,way/137910681
N12d4870461_41d8901150,12.4870461,41.8901150,road_vertex,way/137620767
N12d4870482_41d8965435,12.4870482,41.8965435,road_vertex,way/181029792
N12d4870494_41d8868570,12.4870494,41.8868570,road_vertex,way/131703998
N12d4870504_41d8964616,12.4870504,41.8964616,road_vertex,way/181029792
N12d4870510_41d8903271,12.4870510,41.8903271,road_vertex,way/137620708
N12d4870524_41d8965098,12.4870524,41.8965098,road_vertex,way/181029792
N12d4870526_41d8927067,12.4870526,41.8927067,road_vertex,way/131557378
N12d4870547_41d8961255,12.4870547,41.8961255,road_vertex,way/1198113183
N12d4870556_41d8933730,12.4870556,41.8933730,road_vertex,way/23694677
N12d4870565_41d8900923,12.4870565,41.8900923,road_vertex,way/137620766
N12d4870619_41d8843596,12.4870619,41.8843596,road_vertex,way/1005926754
N12d4870623_41d8905445,12.4870623,41.8905445,road_vertex,way/998809955
N12d4870639_41d8868349,12.4870639,41.8868349,road_vertex,way/138303051
N12d4870644_41d8888138,12.4870644,41.8888138,road_vertex,way/137910683
N12d4870649_41d8930051,12.4870649,41.8930051,road_vertex,way/995413694
N12d4870650_41d8960337,12.4870650,41.8960337,road_vertex,way/380259731
N12d4870655_41d8888322,12.4870655,41.8888322,road_vertex,way/137910683
N12d4870679_41d8900321,12.4870679,41.8900321,road_vertex,way/131487091
N12d4870727_41d8934450,12.4870727,41.8934450,road_vertex,way/995034572
N12d4870755_41d8968641,12.4870755,41.8968641,road_vertex,way/777223422
N12d4870759_41d8900733,12.4870759,41.8900733,road_vertex,way/137620766
N12d4870788_41d8931639,12.4870788,41.8931639,road_vertex,way/102290910
N12d4870799_41d8902945,12.4870799,41.8902945,road_vertex,way/137620770
N12d4870831_41d8843799,12.4870831,41.8843799,road_vertex,way/1005926746
N12d4870838_41d8948391,12.4870838,41.8948391,road_vertex,way/208991549
N12d4870838_41d8961827,12.4870838,41.8961827,road_vertex,way/1355005341
N12d4870839_41d8941999,12.4870839,41.8941999,road_vertex,way/997422867
N12d4870871_41d8934227,12.4870871,41.8934227,road_vertex,way/995034572
N12d4870876_41d8901767,12.4870876,41.8901767,road_vertex,way/137620767
N12d4870913_41d8930117,12.4870913,41.8930117,road_vertex,way/995413695
N12d4870915_41d8868196,12.4870915,41.8868196,road_vertex,way/131703998
N12d4870934_41d8843898,12.4870934,41.8843898,road_vertex,way/1005926747
N12d4870940_41d8968413,12.4870940,41.8968413,road_vertex,way/777223422
N12d4870944_41d8968203,12.4870944,41.8968203,road_vertex,way/1365600495
N12d4870947_41d8900506,12.4870947,41.8900506,road_vertex,way/137620766
N12d4870954_41d8933619,12.4870954,41.8933619,road_vertex,way/23694677
N12d4870967_41d8839828,12.4870967,41.8839828,road_vertex,way/190952260
N12d4870984_41d8900099,12.4870984,41.8900099,road_vertex,way/137910679
N12d4870989_41d8898117,12.4870989,41.8898117,road_vertex,way/137910681
N12d4870998_41d8961380,12.4870998,41.8961380,road_vertex,way/232940097
N12d4870999_41d8905221,12.4870999,41.8905221,road_vertex,way/1005260377
N12d4871009_41d8927226,12.4871009,41.8927226,road_vertex,way/1101207296
N12d4871064_41d8900323,12.4871064,41.8900323,road_vertex,way/137910679
N12d4871106_41d8924415,12.4871106,41.8924415,road_vertex,way/1101207297
N12d4871110_41d8894158,12.4871110,41.8894158,road_vertex,way/137620761
N12d4871125_41d8968317,12.4871125,41.8968317,road_vertex,way/1365600495
N12d4871137_41d8887449,12.4871137,41.8887449,road_vertex,way/137620751
N12d4871151_41d8904038,12.4871151,41.8904038,road_vertex,way/137620704
N12d4871166_41d8965822,12.4871166,41.8965822,road_vertex,way/777223417
N12d4871174_41d8844128,12.4871174,41.8844128,road_vertex,way/1005926748
N12d4871186_41d8965967,12.4871186,41.8965967,road_vertex,way/777223417
N12d4871201_41d8901607,12.4871201,41.8901607,road_vertex,way/137620768
N12d4871209_41d8917170,12.4871209,41.8917170,road_vertex,way/994987247
N12d4871220_41d8900124,12.4871220,41.8900124,road_vertex,way/137910676
N12d4871223_41d8927855,12.4871223,41.8927855,road_vertex,way/1428110840
N12d4871241_41d8966111,12.4871241,41.8966111,road_vertex,way/777223417
N12d4871243_41d8924586,12.4871243,41.8924586,road_vertex,way/1101207297
N12d4871271_41d8932225,12.4871271,41.8932225,road_vertex,way/995027524
N12d4871277_41d8902792,12.4871277,41.8902792,road_vertex,way/137620770
N12d4871307_41d8898763,12.4871307,41.8898763,road_vertex,way/137910681
N12d4871321_41d8934018,12.4871321,41.8934018,road_vertex,way/836548391
N12d4871323_41d8959667,12.4871323,41.8959667,road_vertex,way/996687513
N12d4871328_41d8887310,12.4871328,41.8887310,road_vertex,way/137620751
N12d4871335_41d8933563,12.4871335,41.8933563,road_vertex,way/23694677
N12d4871351_41d8930255,12.4871351,41.8930255,road_vertex,way/1428110839
N12d4871359_41d8901571,12.4871359,41.8901571,road_vertex,way/137620768
N12d4871374_41d8968193,12.4871374,41.8968193,road_vertex,way/1365600496
N12d4871378_41d8968326,12.4871378,41.8968326,road_vertex,way/1365600496
N12d4871381_41d8904961,12.4871381,41.8904961,road_vertex,way/1005260377
N12d4871392_41d8927358,12.4871392,41.8927358,road_vertex,way/131557378
N12d4871396_41d8942342,12.4871396,41.8942342,road_vertex,way/997422869
N12d4871416_41d8868094,12.4871416,41.8868094,road_vertex,way/131703998
N12d4871420_41d8962217,12.4871420,41.8962217,road_vertex,way/1365600493
N12d4871421_41d8917555,12.4871421,41.8917555,road_vertex,way/995413540
N12d4871424_41d8899938,12.4871424,41.8899938,road_vertex,way/137910681
N12d4871424_41d8967429,12.4871424,41.8967429,road_vertex,way/777223421
N12d4871437_41d8960221,12.4871437,41.8960221,road_vertex,way/996687513
N12d4871454_41d8926139,12.4871454,41.8926139,road_vertex,way/1101207296
N12d4871461_41d8880745,12.4871461,41.8880745,road_vertex,way/138281244
N12d4871478_41d8966458,12.4871478,41.8966458,road_vertex,way/1365600494
N12d4871483_41d8966341,12.4871483,41.8966341,road_vertex,way/1365600494
N12d4871508_41d8899372,12.4871508,41.8899372,road_vertex,way/137910681
N12d4871530_41d8899612,12.4871530,41.8899612,road_vertex,way/137910681
N12d4871554_41d8886235,12.4871554,41.8886235,road_vertex,way/137910682
N12d4871554_41d8960775,12.4871554,41.8960775,road_vertex,way/1419595017
N12d4871566_41d8897618,12.4871566,41.8897618,road_vertex,way/137910677
N12d4871616_41d8942477,12.4871616,41.8942477,road_vertex,way/997422869
N12d4871617_41d8961321,12.4871617,41.8961321,road_vertex,way/1419595017
N12d4871618_41d8925619,12.4871618,41.8925619,road_vertex,way/1101207296
N12d4871634_41d8962323,12.4871634,41.8962323,road_vertex,way/1365600493
N12d4871643_41d8901541,12.4871643,41.8901541,road_vertex,way/137620768
N12d4871679_41d8914978,12.4871679,41.8914978,road_vertex,way/718156741
N12d4871684_41d8900663,12.4871684,41.8900663,road_vertex,way/131487091
N12d4871686_41d8961869,12.4871686,41.8961869,road_vertex,way/1419595017
N12d4871689_41d8927481,12.4871689,41.8927481,road_vertex,way/131557378
N12d4871690_41d8918044,12.4871690,41.8918044,road_vertex,way/995413540
N12d4871707_41d8930368,12.4871707,41.8930368,road_vertex,way/1365592211
N12d4871711_41d8840514,12.4871711,41.8840514,road_vertex,way/190952260
N12d4871717_41d8902632,12.4871717,41.8902632,road_vertex,way/137620770
N12d4871741_41d8900190,12.4871741,41.8900190,road_vertex,way/138190379
N12d4871766_41d8925233,12.4871766,41.8925233,road_vertex,way/1101207296
N12d4871772_41d8924088,12.4871772,41.8924088,road_vertex,way/1101207297
N12d4871777_41d8929339,12.4871777,41.8929339,road_vertex,way/1428110839
N12d4871816_41d8904742,12.4871816,41.8904742,road_vertex,way/1005260377
N12d4871872_41d8961055,12.4871872,41.8961055,road_vertex,way/1198113186
N12d4871884_41d8914823,12.4871884,41.8914823,road_vertex,way/718156741
N12d4871898_41d8902551,12.4871898,41.8902551,road_vertex,way/1159027849
N12d4871907_41d8927641,12.4871907,41.8927641,road_vertex,way/131557378
N12d4871917_41d8942662,12.4871917,41.8942662,road_vertex,way/997422868
N12d4871951_41d8933499,12.4871951,41.8933499,road_vertex,way/23694677
N12d4871960_41d8901561,12.4871960,41.8901561,road_vertex,way/137620768
N12d4871971_41d8930489,12.4871971,41.8930489,road_vertex,way/995413695
N12d4871975_41d8868018,12.4871975,41.8868018,road_vertex,way/131703998
N12d4871977_41d8885539,12.4871977,41.8885539,road_vertex,way/137620728
N12d4871994_41d8905945,12.4871994,41.8905945,road_vertex,way/1005260380
N12d4872023_41d8844944,12.4872023,41.8844944,road_vertex,way/1005926748
N12d4872051_41d8907966,12.4872051,41.8907966,road_vertex,way/998812219
N12d4872075_41d8905915,12.4872075,41.8905915,road_vertex,way/1005260383
N12d4872108_41d8902458,12.4872108,41.8902458,road_vertex,way/137620770
N12d4872113_41d8903802,12.4872113,41.8903802,road_vertex,way/137620705
N12d4872114_41d8880740,12.4872114,41.8880740,road_vertex,way/138281244
N12d4872143_41d8845059,12.4872143,41.8845059,road_vertex,way/1005926749
N12d4872146_41d8924547,12.4872146,41.8924547,road_vertex,way/24533636
N12d4872176_41d8886738,12.4872176,41.8886738,road_vertex,way/137910682
N12d4872187_41d8906261,12.4872187,41.8906261,road_vertex,way/1005260380
N12d4872215_41d8967958,12.4872215,41.8967958,road_vertex,way/292493447
N12d4872242_41d8844806,12.4872242,41.8844806,road_vertex,way/1005926722
N12d4872245_41d8828960,12.4872245,41.8828960,road_vertex,way/178471727
N12d4872251_41d8901679,12.4872251,41.8901679,road_vertex,way/137620768
N12d4872251_41d8944535,12.4872251,41.8944535,road_vertex,way/23694713
N12d4872256_41d8930774,12.4872256,41.8930774,road_vertex,way/135643982
N12d4872275_41d8904087,12.4872275,41.8904087,road_vertex,way/137620705
N12d4872287_41d8933815,12.4872287,41.8933815,road_vertex,way/836548391
N12d4872311_41d8928632,12.4872311,41.8928632,road_vertex,way/1428110840
N12d4872315_41d8885330,12.4872315,41.8885330,road_vertex,way/137620728
N12d4872332_41d8904582,12.4872332,41.8904582,road_vertex,way/1005260377
N12d4872355_41d8845263,12.4872355,41.8845263,road_vertex,way/1005926750
N12d4872405_41d8930006,12.4872405,41.8930006,road_vertex,way/1365592211
N12d4872428_41d8928764,12.4872428,41.8928764,road_vertex,way/1428110840
N12d4872439_41d8908730,12.4872439,41.8908730,road_vertex,way/998812220
N12d4872449_41d8924891,12.4872449,41.8924891,road_vertex,way/24533636
N12d4872463_41d8964904,12.4872463,41.8964904,road_vertex,way/200626754
N12d4872468_41d8845371,12.4872468,41.8845371,road_vertex,way/1005926751
N12d4872469_41d8914632,12.4872469,41.8914632,road_vertex,way/718156741
N12d4872518_41d8902225,12.4872518,41.8902225,road_vertex,way/137620770
N12d4872532_41d8831792,12.4872532,41.8831792,road_vertex,way/778306405
N12d4872536_41d8908932,12.4872536,41.8908932,road_vertex,way/998812220
N12d4872539_41d8943040,12.4872539,41.8943040,road_vertex,way/23694808
N12d4872543_41d8903387,12.4872543,41.8903387,road_vertex,way/1159027849
N12d4872555_41d8885234,12.4872555,41.8885234,road_vertex,way/137620728
N12d4872570_41d8928236,12.4872570,41.8928236,road_vertex,way/131557378
N12d4872611_41d8963446,12.4872611,41.8963446,road_vertex,way/1419595018
N12d4872613_41d8930570,12.4872613,41.8930570,road_vertex,way/102290910
N12d4872663_41d8925105,12.4872663,41.8925105,road_vertex,way/24533636
N12d4872683_41d8901447,12.4872683,41.8901447,road_vertex,way/137620768
N12d4872687_41d8845581,12.4872687,41.8845581,road_vertex,way/1005926752
N12d4872692_41d8962938,12.4872692,41.8962938,road_vertex,way/200626754
N12d4872745_41d8965064,12.4872745,41.8965064,road_vertex,way/200626754
N12d4872753_41d8867900,12.4872753,41.8867900,road_vertex,way/131703998
N12d4872808_41d8908850,12.4872808,41.8908850,road_vertex,way/136630828
N12d4872813_41d8845703,12.4872813,41.8845703,road_vertex,way/1005926753
N12d4872814_41d8931334,12.4872814,41.8931334,road_vertex,way/995027524
N12d4872821_41d8902014,12.4872821,41.8902014,road_vertex,way/137620770
N12d4872832_41d8855233,12.4872832,41.8855233,road_vertex,way/1005926755
N12d4872832_41d8925245,12.4872832,41.8925245,road_vertex,way/24533636
N12d4872860_41d8933391,12.4872860,41.8933391,road_vertex,way/23694677
N12d4872865_41d8942166,12.4872865,41.8942166,road_vertex,way/23694713
N12d4872879_41d8962832,12.4872879,41.8962832,road_vertex,way/200626754
N12d4872885_41d8930423,12.4872885,41.8930423,road_vertex,way/102290910
N12d4872902_41d8963556,12.4872902,41.8963556,road_vertex,way/1419595018
N12d4872929_41d8905604,12.4872929,41.8905604,road_vertex,way/1005260383
N12d4872945_41d8855342,12.4872945,41.8855342,road_vertex,way/1005926756
N12d4872996_41d8845878,12.4872996,41.8845878,road_vertex,way/1005926753
N12d4873006_41d8908804,12.4873006,41.8908804,road_vertex,way/137620720
N12d4873011_41d8931236,12.4873011,41.8931236,road_vertex,way/995027524
N12d4873023_41d8925347,12.4873023,41.8925347,road_vertex,way/24533636
N12d4873068_41d8885047,12.4873068,41.8885047,road_vertex,way/137620728
N12d4873070_41d8928747,12.4873070,41.8928747,road_vertex,way/131557378
N12d4873071_41d8961189,12.4873071,41.8961189,road_vertex,way/777223416
N12d4873074_41d8880880,12.4873074,41.8880880,road_vertex,way/138281244
N12d4873075_41d8914366,12.4873075,41.8914366,road_vertex,way/998810161
N12d4873115_41d8963621,12.4873115,41.8963621,road_vertex,way/1419595018
N12d4873118_41d8901794,12.4873118,41.8901794,road_vertex,way/137620770
N12d4873134_41d8887588,12.4873134,41.8887588,road_vertex,way/137910682
N12d4873145_41d8925381,12.4873145,41.8925381,road_vertex,way/24533636
N12d4873150_41d8878290,12.4873150,41.8878290,road_vertex,way/131635521
N12d4873188_41d8933655,12.4873188,41.8933655,road_vertex,way/836548391
N12d4873190_41d8941487,12.4873190,41.8941487,road_vertex,way/23694713
N12d4873214_41d8930272,12.4873214,41.8930272,road_vertex,way/102290910
N12d4873219_41d8903380,12.4873219,41.8903380,road_vertex,way/137620741
N12d4873227_41d8931180,12.4873227,41.8931180,road_vertex,way/995027524
N12d4873236_41d8901999,12.4873236,41.8901999,road_vertex,way/137620746
N12d4873248_41d8831279,12.4873248,41.8831279,road_vertex,way/40873451
N12d4873254_41d8929721,12.4873254,41.8929721,road_vertex,way/1428110840
N12d4873267_41d8925392,12.4873267,41.8925392,road_vertex,way/24533636
N12d4873295_41d8916540,12.4873295,41.8916540,road_vertex,way/994987247
N12d4873318_41d8846193,12.4873318,41.8846193,road_vertex,way/1005926755
N12d4873384_41d8963675,12.4873384,41.8963675,road_vertex,way/1419595018
N12d4873388_41d8855773,12.4873388,41.8855773,road_vertex,way/1005926758
N12d4873401_41d8931922,12.4873401,41.8931922,road_vertex,way/135643982
N12d4873437_41d8968725,12.4873437,41.8968725,road_vertex,way/292493447
N12d4873448_41d8965539,12.4873448,41.8965539,road_vertex,way/200626756
N12d4873449_41d8931143,12.4873449,41.8931143,road_vertex,way/995027524
N12d4873456_41d8925380,12.4873456,41.8925380,road_vertex,way/24533636
N12d4873458_41d8866388,12.4873458,41.8866388,road_vertex,way/188150394
N12d4873485_41d8933328,12.4873485,41.8933328,road_vertex,way/23694677
N12d4873496_41d8846097,12.4873496,41.8846097,road_vertex,way/1005926755
N12d4873500_41d8903613,12.4873500,41.8903613,road_vertex,way/137620741
N12d4873506_41d8904865,12.4873506,41.8904865,road_vertex,way/137620706
N12d4873530_41d8929623,12.4873530,41.8929623,road_vertex,way/1365592211
N12d4873577_41d8930120,12.4873577,41.8930120,road_vertex,way/102290910
N12d4873603_41d8867663,12.4873603,41.8867663,road_vertex,way/138281258
N12d4873609_41d8916414,12.4873609,41.8916414,road_vertex,way/718156741
N12d4873643_41d8962810,12.4873643,41.8962810,road_vertex,way/200626754
N12d4873647_41d8963859,12.4873647,41.8963859,road_vertex,way/1419595018
N12d4873654_41d8925315,12.4873654,41.8925315,road_vertex,way/24533636
N12d4873682_41d8931161,12.4873682,41.8931161,road_vertex,way/995027524
N12d4873686_41d8903582,12.4873686,41.8903582,road_vertex,way/137910680
N12d4873738_41d8959962,12.4873738,41.8959962,road_vertex,way/23694680
N12d4873764_41d8929545,12.4873764,41.8929545,road_vertex,way/998205182
N12d4873769_41d8905284,12.4873769,41.8905284,road_vertex,way/1005260382
N12d4873774_41d8914555,12.4873774,41.8914555,road_vertex,way/718156743
N12d4873807_41d8903502,12.4873807,41.8903502,road_vertex,way/137910680
N12d4873841_41d8888955,12.4873841,41.8888955,road_vertex,way/137910682
N12d4873845_41d8965164,12.4873845,41.8965164,road_vertex,way/200626756
N12d4873875_41d8867524,12.4873875,41.8867524,road_vertex,way/138281255
N12d4873894_41d8931223,12.4873894,41.8931223,road_vertex,way/995027524
N12d4873895_41d8963964,12.4873895,41.8963964,road_vertex,way/1419595018
N12d4873897_41d8930398,12.4873897,41.8930398,road_vertex,way/995027523
N12d4873897_41d8932418,12.4873897,41.8932418,road_vertex,way/1301567479
N12d4873907_41d8930653,12.4873907,41.8930653,road_vertex,way/995027523
N12d4873914_41d8930190,12.4873914,41.8930190,road_vertex,way/995027523
N12d4873922_41d8916303,12.4873922,41.8916303,road_vertex,way/49824318
N12d4873962_41d8962237,12.4873962,41.8962237,road_vertex,way/200626754
N12d4873963_41d8932483,12.4873963,41.8932483,road_vertex,way/1301567479
N12d4873965_41d8866986,12.4873965,41.8866986,road_vertex,way/188150398
N12d4873969_41d8905598,12.4873969,41.8905598,road_vertex,way/1005260380
N12d4873977_41d8930057,12.4873977,41.8930057,road_vertex,way/995027523
N12d4873980_41d8930918,12.4873980,41.8930918,road_vertex,way/995027523
N12d4873982_41d8854657,12.4873982,41.8854657,road_vertex,way/1005926755
N12d4873985_41d8856367,12.4873985,41.8856367,road_vertex,way/1005926758
N12d4873993_41d8841162,12.4873993,41.8841162,road_vertex,way/778306426
N12d4874012_41d8929463,12.4874012,41.8929463,road_vertex,way/1365592210
N12d4874041_41d8902829,12.4874041,41.8902829,road_vertex,way/137620746
N12d4874049_41d8843765,12.4874049,41.8843765,road_vertex,way/1005926722
N12d4874055_41d8881164,12.4874055,41.8881164,road_vertex,way/138281244
N12d4874055_41d8884471,12.4874055,41.8884471,road_vertex,way/137620728
N12d4874068_41d8931119,12.4874068,41.8931119,road_vertex,way/995027523
N12d4874073_41d8929913,12.4874073,41.8929913,road_vertex,way/1410563621
N12d4874118_41d8898738,12.4874118,41.8898738,road_vertex,way/137910673
N12d4874122_41d8905836,12.4874122,41.8905836,road_vertex,way/998205160
N12d4874142_41d8962054,12.4874142,41.8962054,road_vertex,way/200626754
N12d4874144_41d8964013,12.4874144,41.8964013,road_vertex,way/1419595018
N12d4874156_41d8932992,12.4874156,41.8932992,road_vertex,way/140264238
N12d4874167_41d8933113,12.4874167,41.8933113,road_vertex,way/1502861120
N12d4874178_41d8868234,12.4874178,41.8868234,road_vertex,way/138281258
N12d4874184_41d8933282,12.4874184,41.8933282,road_vertex,way/1502861120
N12d4874193_41d8966172,12.4874193,41.8966172,road_vertex,way/200626754
N12d4874198_41d8933472,12.4874198,41.8933472,road_vertex,way/1502861122
N12d4874210_41d8933595,12.4874210,41.8933595,road_vertex,way/1502861122
N12d4874267_41d8868330,12.4874267,41.8868330,road_vertex,way/138281258
N12d4874283_41d8892158,12.4874283,41.8892158,road_vertex,way/137620761
N12d4874284_41d8961998,12.4874284,41.8961998,road_vertex,way/200626754
N12d4874295_41d8931392,12.4874295,41.8931392,road_vertex,way/995027524
N12d4874309_41d8956818,12.4874309,41.8956818,road_vertex,way/130099306
N12d4874425_41d8964746,12.4874425,41.8964746,road_vertex,way/1419595019
N12d4874428_41d8868492,12.4874428,41.8868492,road_vertex,way/138281253
N12d4874451_41d8929297,12.4874451,41.8929297,road_vertex,way/1365592210
N12d4874484_41d8932469,12.4874484,41.8932469,road_vertex,way/1301567481
N12d4874537_41d8964404,12.4874537,41.8964404,road_vertex,way/200626756
N12d4874547_41d8867671,12.4874547,41.8867671,road_vertex,way/188150398
N12d4874550_41d8966237,12.4874550,41.8966237,road_vertex,way/200626747
N12d4874566_41d8933269,12.4874566,41.8933269,road_vertex,way/23694677
N12d4874569_41d8963986,12.4874569,41.8963986,road_vertex,way/200626752
N12d4874586_41d8884107,12.4874586,41.8884107,road_vertex,way/137620728
N12d4874599_41d8904972,12.4874599,41.8904972,road_vertex,way/1005260381
N12d4874638_41d8964060,12.4874638,41.8964060,road_vertex,way/200626756
N12d4874647_41d8836373,12.4874647,41.8836373,road_vertex,way/834336340
N12d4874671_41d8929205,12.4874671,41.8929205,road_vertex,way/1365592210
N12d4874676_41d8964904,12.4874676,41.8964904,road_vertex,way/1419595019
N12d4874680_41d8963759,12.4874680,41.8963759,road_vertex,way/200626752
N12d4874688_41d8961989,12.4874688,41.8961989,road_vertex,way/200626754
N12d4874700_41d8913767,12.4874700,41.8913767,road_vertex,way/998810161
N12d4874727_41d8843390,12.4874727,41.8843390,road_vertex,way/1005926722
N12d4874743_41d8914208,12.4874743,41.8914208,road_vertex,way/718156743
N12d4874757_41d8867920,12.4874757,41.8867920,road_vertex,way/138281254
N12d4874770_41d8891803,12.4874770,41.8891803,road_vertex,way/137620765
N12d4874813_41d8966253,12.4874813,41.8966253,road_vertex,way/200626747
N12d4874827_41d8963629,12.4874827,41.8963629,road_vertex,way/200626752
N12d4874836_41d8827237,12.4874836,41.8827237,road_vertex,way/356989739
N12d4874859_41d8959874,12.4874859,41.8959874,road_vertex,way/95509652
N12d4874862_41d8929113,12.4874862,41.8929113,road_vertex,way/1365592210
N12d4874914_41d8924597,12.4874914,41.8924597,road_vertex,way/24533636
N12d4874915_41d8929653,12.4874915,41.8929653,road_vertex,way/1410563621
N12d4874944_41d8964285,12.4874944,41.8964285,road_vertex,way/200626751
N12d4874985_41d8930986,12.4874985,41.8930986,road_vertex,way/102290908
N12d4874988_41d8869020,12.4874988,41.8869020,road_vertex,way/82639988
N12d4874996_41d8933273,12.4874996,41.8933273,road_vertex,way/23694677
N12d4874999_41d8966207,12.4874999,41.8966207,road_vertex,way/200626747
N12d4875010_41d8879870,12.4875010,41.8879870,road_vertex,way/131635521
N12d4875015_41d8883729,12.4875015,41.8883729,road_vertex,way/137620728
N12d4875041_41d8963507,12.4875041,41.8963507,road_vertex,way/200626752
N12d4875043_41d8828421,12.4875043,41.8828421,road_vertex,way/1175936737
N12d4875071_41d8857430,12.4875071,41.8857430,road_vertex,way/1175936715
N12d4875107_41d8907290,12.4875107,41.8907290,road_vertex,way/998205160
N12d4875118_41d8915851,12.4875118,41.8915851,road_vertex,way/1431949792
N12d4875121_41d8899137,12.4875121,41.8899137,road_vertex,way/132682592
N12d4875124_41d8891403,12.4875124,41.8891403,road_vertex,way/54398219
N12d4875132_41d8866859,12.4875132,41.8866859,road_vertex,way/138281259
N12d4875152_41d8959833,12.4875152,41.8959833,road_vertex,way/95509652
N12d4875160_41d8892069,12.4875160,41.8892069,road_vertex,way/137620765
N12d4875160_41d8947946,12.4875160,41.8947946,road_vertex,way/208991549
N12d4875200_41d8883481,12.4875200,41.8883481,road_vertex,way/137620728
N12d4875223_41d8913936,12.4875223,41.8913936,road_vertex,way/998810161
N12d4875239_41d8965313,12.4875239,41.8965313,road_vertex,way/1419595019
N12d4875257_41d8868469,12.4875257,41.8868469,road_vertex,way/188150396
N12d4875271_41d8963443,12.4875271,41.8963443,road_vertex,way/200626752
N12d4875273_41d8879974,12.4875273,41.8879974,road_vertex,way/131635521
N12d4875274_41d8904719,12.4875274,41.8904719,road_vertex,way/137620756
N12d4875278_41d8929508,12.4875278,41.8929508,road_vertex,way/1410563621
N12d4875285_41d8907591,12.4875285,41.8907591,road_vertex,way/994987250
N12d4875288_41d8928899,12.4875288,41.8928899,road_vertex,way/1365592210
N12d4875303_41d8840693,12.4875303,41.8840693,road_vertex,way/778306426
N12d4875330_41d8835897,12.4875330,41.8835897,road_vertex,way/818515555
N12d4875331_41d8967230,12.4875331,41.8967230,road_vertex,way/200626754
N12d4875350_41d8883167,12.4875350,41.8883167,road_vertex,way/137620728
N12d4875354_41d8966743,12.4875354,41.8966743,road_vertex,way/200626749
N12d4875368_41d8857262,12.4875368,41.8857262,road_vertex,way/1175936715
N12d4875378_41d8907745,12.4875378,41.8907745,road_vertex,way/994987250
N12d4875383_41d8836953,12.4875383,41.8836953,road_vertex,way/834336340
N12d4875394_41d8890966,12.4875394,41.8890966,road_vertex,way/54398219
N12d4875407_41d8959780,12.4875407,41.8959780,road_vertex,way/95509652
N12d4875410_41d8868962,12.4875410,41.8868962,road_vertex,way/82639988
N12d4875435_41d8827719,12.4875435,41.8827719,road_vertex,way/356989739
N12d4875440_41d8892386,12.4875440,41.8892386,road_vertex,way/137620765
N12d4875441_41d8966948,12.4875441,41.8966948,road_vertex,way/200626749
N12d4875458_41d8854198,12.4875458,41.8854198,road_vertex,way/1005926755
N12d4875459_41d8931902,12.4875459,41.8931902,road_vertex,way/1301567481
N12d4875475_41d8924269,12.4875475,41.8924269,road_vertex,way/24533636
N12d4875510_41d8965982,12.4875510,41.8965982,road_vertex,way/200626749
N12d4875511_41d8843061,12.4875511,41.8843061,road_vertex,way/1005926722
N12d4875516_41d8907973,12.4875516,41.8907973,road_vertex,way/137620720
N12d4875528_41d8904763,12.4875528,41.8904763,road_vertex,way/137620756
N12d4875555_41d8959728,12.4875555,41.8959728,road_vertex,way/95509652
N12d4875558_41d8915205,12.4875558,41.8915205,road_vertex,way/1431949792
N12d4875569_41d8928437,12.4875569,41.8928437,road_vertex,way/995027518
N12d4875589_41d8868937,12.4875589,41.8868937,road_vertex,way/188150396
N12d4875596_41d8966641,12.4875596,41.8966641,road_vertex,way/200626749
N12d4875610_41d8826721,12.4875610,41.8826721,road_vertex,way/356989739
N12d4875616_41d8924193,12.4875616,41.8924193,road_vertex,way/24533636
N12d4875617_41d8882384,12.4875617,41.8882384,road_vertex,way/188152798
N12d4875621_41d8966459,12.4875621,41.8966459,road_vertex,way/200626749
N12d4875656_41d8959685,12.4875656,41.8959685,road_vertex,way/95509652
N12d4875668_41d8904971,12.4875668,41.8904971,road_vertex,way/137620756
N12d4875685_41d8956543,12.4875685,41.8956543,road_vertex,way/148975503
N12d4875688_41d8827924,12.4875688,41.8827924,road_vertex,way/356989739
N12d4875708_41d8890421,12.4875708,41.8890421,road_vertex,way/137910682
N12d4875726_41d8866575,12.4875726,41.8866575,road_vertex,way/138281259
N12d4875732_41d8933672,12.4875732,41.8933672,road_vertex,way/836548391
N12d4875738_41d8929287,12.4875738,41.8929287,road_vertex,way/1410563621
N12d4875740_41d8902365,12.4875740,41.8902365,road_vertex,way/137910680
N12d4875745_41d8930540,12.4875745,41.8930540,road_vertex,way/102290908
N12d4875761_41d8895968,12.4875761,41.8895968,road_vertex,way/132682584
N12d4875776_41d8881177,12.4875776,41.8881177,road_vertex,way/138281244
N12d4875782_41d8959599,12.4875782,41.8959599,road_vertex,way/95509652
N12d4875789_41d8965782,12.4875789,41.8965782,road_vertex,way/1419595019
N12d4875808_41d8924126,12.4875808,41.8924126,road_vertex,way/24533636
N12d4875844_41d8959485,12.4875844,41.8959485,road_vertex,way/1419426612
N12d4875850_41d8867365,12.4875850,41.8867365,road_vertex,way/138281257
N12d4875852_41d8933330,12.4875852,41.8933330,road_vertex,way/23694677
N12d4875853_41d8844828,12.4875853,41.8844828,road_vertex,way/1005926755
N12d4875884_41d8959296,12.4875884,41.8959296,road_vertex,way/95509652
N12d4875897_41d8882124,12.4875897,41.8882124,road_vertex,way/188152798
N12d4875915_41d8914650,12.4875915,41.8914650,road_vertex,way/1431949792
N12d4875920_41d8922737,12.4875920,41.8922737,road_vertex,way/131358878
N12d4875930_41d8899447,12.4875930,41.8899447,road_vertex,way/132682592
N12d4875937_41d8965843,12.4875937,41.8965843,road_vertex,way/1419595019
N12d4875940_41d8958907,12.4875940,41.8958907,road_vertex,way/1419447780
N12d4875941_41d8890123,12.4875941,41.8890123,road_vertex,way/137620730
N12d4875941_41d8932094,12.4875941,41.8932094,road_vertex,way/4247946
N12d4875971_41d8924103,12.4875971,41.8924103,road_vertex,way/24533636
N12d4875976_41d8913643,12.4875976,41.8913643,road_vertex,way/718156743
N12d4876008_41d8914405,12.4876008,41.8914405,road_vertex,way/1431949792
N12d4876053_41d8964654,12.4876053,41.8964654,road_vertex,way/200626755
N12d4876086_41d8962505,12.4876086,41.8962505,road_vertex,way/200626755
N12d4876091_41d8930349,12.4876091,41.8930349,road_vertex,way/102290907
N12d4876092_41d8965856,12.4876092,41.8965856,road_vertex,way/1419595019
N12d4876115_41d8962119,12.4876115,41.8962119,road_vertex,way/200626755
N12d4876118_41d8914114,12.4876118,41.8914114,road_vertex,way/1431949792
N12d4876142_41d8936769,12.4876142,41.8936769,road_vertex,way/140264234
N12d4876154_41d8962803,12.4876154,41.8962803,road_vertex,way/1020151642
N12d4876165_41d8957034,12.4876165,41.8957034,road_vertex,way/130099306
N12d4876169_41d8924101,12.4876169,41.8924101,road_vertex,way/24533636
N12d4876188_41d8938372,12.4876188,41.8938372,road_vertex,way/140264243
N12d4876195_41d8895926,12.4876195,41.8895926,road_vertex,way/132682584
N12d4876198_41d8964459,12.4876198,41.8964459,road_vertex,way/200626755
N12d4876204_41d8880621,12.4876204,41.8880621,road_vertex,way/131635521
N12d4876229_41d8963756,12.4876229,41.8963756,road_vertex,way/200626755
N12d4876235_41d8931450,12.4876235,41.8931450,road_vertex,way/1301567481
N12d4876254_41d8964770,12.4876254,41.8964770,road_vertex,way/200626751
N12d4876255_41d8965837,12.4876255,41.8965837,road_vertex,way/1419595019
N12d4876262_41d8967582,12.4876262,41.8967582,road_vertex,way/200626754
N12d4876273_41d8960862,12.4876273,41.8960862,road_vertex,way/777223416
N12d4876278_41d8889804,12.4876278,41.8889804,road_vertex,way/137620730
N12d4876281_41d8959467,12.4876281,41.8959467,road_vertex,way/1419426612
N12d4876284_41d8963189,12.4876284,41.8963189,road_vertex,way/200626755
N12d4876294_41d8865594,12.4876294,41.8865594,road_vertex,way/188150398
N12d4876301_41d8867107,12.4876301,41.8867107,road_vertex,way/138281260
N12d4876305_41d8835909,12.4876305,41.8835909,road_vertex,way/52582208
N12d4876321_41d8882263,12.4876321,41.8882263,road_vertex,way/188152798
N12d4876336_41d8964033,12.4876336,41.8964033,road_vertex,way/200626755
N12d4876338_41d8964241,12.4876338,41.8964241,road_vertex,way/200626755
N12d4876349_41d8842821,12.4876349,41.8842821,road_vertex,way/1005926722
N12d4876364_41d8866257,12.4876364,41.8866257,road_vertex,way/138281259
N12d4876372_41d8936904,12.4876372,41.8936904,road_vertex,way/140264243
N12d4876378_41d8958927,12.4876378,41.8958927,road_vertex,way/1419447780
N12d4876378_41d8967469,12.4876378,41.8967469,road_vertex,way/200626745
N12d4876380_41d8924145,12.4876380,41.8924145,road_vertex,way/24533636
N12d4876381_41d8933382,12.4876381,41.8933382,road_vertex,way/23694677
N12d4876383_41d8839084,12.4876383,41.8839084,road_vertex,way/778306427
N12d4876420_41d8881219,12.4876420,41.8881219,road_vertex,way/138281244
N12d4876421_41d8968698,12.4876421,41.8968698,road_vertex,way/200626748
N12d4876430_41d8868755,12.4876430,41.8868755,road_vertex,way/82639988
N12d4876467_41d8967372,12.4876467,41.8967372,road_vertex,way/200626745
N12d4876477_41d8853869,12.4876477,41.8853869,road_vertex,way/1005926755
N12d4876492_41d8880876,12.4876492,41.8880876,road_vertex,way/131635521
N12d4876492_41d8963946,12.4876492,41.8963946,road_vertex,way/200626742
N12d4876498_41d8881065,12.4876498,41.8881065,road_vertex,way/131635521
N12d4876506_41d8962761,12.4876506,41.8962761,road_vertex,way/1020151642
N12d4876509_41d8964875,12.4876509,41.8964875,road_vertex,way/200626751
N12d4876527_41d8931320,12.4876527,41.8931320,road_vertex,way/1301567480
N12d4876530_41d8913623,12.4876530,41.8913623,road_vertex,way/1431949792
N12d4876538_41d8968673,12.4876538,41.8968673,road_vertex,way/200626748
N12d4876547_41d8849324,12.4876547,41.8849324,road_vertex,way/778306423
N12d4876578_41d8937103,12.4876578,41.8937103,road_vertex,way/140264243
N12d4876584_41d8844523,12.4876584,41.8844523,road_vertex,way/1005926755
N12d4876585_41d8958910,12.4876585,41.8958910,road_vertex,way/130099308
N12d4876610_41d8965700,12.4876610,41.8965700,road_vertex,way/1419595019
N12d4876612_41d8967339,12.4876612,41.8967339,road_vertex,way/200626745
N12d4876619_41d8891130,12.4876619,41.8891130,road_vertex,way/27350500
N12d4876623_41d8924236,12.4876623,41.8924236,road_vertex,way/24533636
N12d4876626_41d8866095,12.4876626,41.8866095,road_vertex,way/138281251
N12d4876645_41d8895941,12.4876645,41.8895941,road_vertex,way/132682584
N12d4876649_41d8962239,12.4876649,41.8962239,road_vertex,way/200626754
N12d4876672_41d8901024,12.4876672,41.8901024,road_vertex,way/132682592
N12d4876693_41d8968647,12.4876693,41.8968647,road_vertex,way/200626748
N12d4876710_41d8828750,12.4876710,41.8828750,road_vertex,way/356989739
N12d4876726_41d8964985,12.4876726,41.8964985,road_vertex,way/1419595020
N12d4876731_41d8900635,12.4876731,41.8900635,road_vertex,way/132682592
N12d4876738_41d8964032,12.4876738,41.8964032,road_vertex,way/200626742
N12d4876749_41d8963168,12.4876749,41.8963168,road_vertex,way/200626752
N12d4876752_41d8889501,12.4876752,41.8889501,road_vertex,way/137620730
N12d4876757_41d8967359,12.4876757,41.8967359,road_vertex,way/200626745
N12d4876765_41d8931264,12.4876765,41.8931264,road_vertex,way/1301567480
N12d4876768_41d8958875,12.4876768,41.8958875,road_vertex,way/130099308
N12d4876773_41d8933388,12.4876773,41.8933388,road_vertex,way/23694677
N12d4876811_41d8968652,12.4876811,41.8968652,road_vertex,way/200626748
N12d4876813_41d8840403,12.4876813,41.8840403,road_vertex,way/778306427
N12d4876823_41d8965624,12.4876823,41.8965624,road_vertex,way/200626757
N12d4876829_41d8924363,12.4876829,41.8924363,road_vertex,way/24533636
N12d4876831_41d8965144,12.4876831,41.8965144,road_vertex,way/200626751
N12d4876832_41d8842032,12.4876832,41.8842032,road_vertex,way/1005926724
N12d4876838_41d8915155,12.4876838,41.8915155,road_vertex,way/49824318
N12d4876839_41d8842172,12.4876839,41.8842172,road_vertex,way/1005926733
N12d4876867_41d8965286,12.4876867,41.8965286,road_vertex,way/200626751
N12d4876885_41d8965516,12.4876885,41.8965516,road_vertex,way/200626751
N12d4876906_41d8841927,12.4876906,41.8841927,road_vertex,way/1005926724
N12d4876906_41d8968661,12.4876906,41.8968661,road_vertex,way/200626748
N12d4876908_41d8835370,12.4876908,41.8835370,road_vertex,way/778306409
N12d4876911_41d8958830,12.4876911,41.8958830,road_vertex,way/130099308
N12d4876933_41d8842691,12.4876933,41.8842691,road_vertex,way/1005926724
N12d4876938_41d8967417,12.4876938,41.8967417,road_vertex,way/200626745
N12d4876940_41d8965686,12.4876940,41.8965686,road_vertex,way/200626757
N12d4876947_41d8949200,12.4876947,41.8949200,road_vertex,way/151796765
N12d4876976_41d8913470,12.4876976,41.8913470,road_vertex,way/4951345
N12d4876985_41d8881238,12.4876985,41.8881238,road_vertex,way/138281244
N12d4876995_41d8901452,12.4876995,41.8901452,road_vertex,way/137910680
N12d4877002_41d8835445,12.4877002,41.8835445,road_vertex,way/778306409
N12d4877002_41d8956692,12.4877002,41.8956692,road_vertex,way/148975503
N12d4877014_41d8924499,12.4877014,41.8924499,road_vertex,way/131358878
N12d4877018_41d8958779,12.4877018,41.8958779,road_vertex,way/130099308
N12d4877020_41d8964103,12.4877020,41.8964103,road_vertex,way/200626742
N12d4877023_41d8829983,12.4877023,41.8829983,road_vertex,way/1175936737
N12d4877027_41d8931067,12.4877027,41.8931067,road_vertex,way/1301567480
N12d4877031_41d8965829,12.4877031,41.8965829,road_vertex,way/200626757
N12d4877040_41d8968703,12.4877040,41.8968703,road_vertex,way/200626748
N12d4877045_41d8962342,12.4877045,41.8962342,road_vertex,way/200626754
N12d4877051_41d8881388,12.4877051,41.8881388,road_vertex,way/138281244
N12d4877094_41d8930541,12.4877094,41.8930541,road_vertex,way/140264231
N12d4877096_41d8965988,12.4877096,41.8965988,road_vertex,way/200626757
N12d4877114_41d8933361,12.4877114,41.8933361,road_vertex,way/23694677
N12d4877133_41d8966065,12.4877133,41.8966065,road_vertex,way/200626757
N12d4877169_41d8889367,12.4877169,41.8889367,road_vertex,way/137620730
N12d4877182_41d8933845,12.4877182,41.8933845,road_vertex,way/836548391
N12d4877186_41d8958679,12.4877186,41.8958679,road_vertex,way/130099308
N12d4877190_41d8923599,12.4877190,41.8923599,road_vertex,way/131358878
N12d4877194_41d8931598,12.4877194,41.8931598,road_vertex,way/140264231
N12d4877228_41d8930091,12.4877228,41.8930091,road_vertex,way/140264231
N12d4877229_41d8967483,12.4877229,41.8967483,road_vertex,way/200626757
N12d4877231_41d8966154,12.4877231,41.8966154,road_vertex,way/200626757
N12d4877242_41d8965170,12.4877242,41.8965170,road_vertex,way/1419595020
N12d4877245_41d8896085,12.4877245,41.8896085,road_vertex,way/132682584
N12d4877295_41d8844304,12.4877295,41.8844304,road_vertex,way/1005926755
N12d4877297_41d8958596,12.4877297,41.8958596,road_vertex,way/130099308
N12d4877299_41d8924795,12.4877299,41.8924795,road_vertex,way/24533636
N12d4877307_41d8924316,12.4877307,41.8924316,road_vertex,way/131358878
N12d4877320_41d8963196,12.4877320,41.8963196,road_vertex,way/777223409
N12d4877325_41d8962429,12.4877325,41.8962429,road_vertex,way/200626754
N12d4877342_41d8966204,12.4877342,41.8966204,road_vertex,way/200626757
N12d4877361_41d8964999,12.4877361,41.8964999,road_vertex,way/200626750
N12d4877365_41d8931052,12.4877365,41.8931052,road_vertex,way/1365592212
N12d4877380_41d8929794,12.4877380,41.8929794,road_vertex,way/140264231
N12d4877386_41d8956747,12.4877386,41.8956747,road_vertex,way/130099304
N12d4877389_41d8881596,12.4877389,41.8881596,road_vertex,way/188152798
N12d4877390_41d8958510,12.4877390,41.8958510,road_vertex,way/130099308
N12d4877395_41d8965272,12.4877395,41.8965272,road_vertex,way/200626750
N12d4877404_41d8923781,12.4877404,41.8923781,road_vertex,way/131358878
N12d4877409_41d8910707,12.4877409,41.8910707,road_vertex,way/111987285
N12d4877415_41d8959420,12.4877415,41.8959420,road_vertex,way/151796769
N12d4877420_41d8956565,12.4877420,41.8956565,road_vertex,way/130099304
N12d4877432_41d8944856,12.4877432,41.8944856,road_vertex,way/208991549
N12d4877441_41d8959271,12.4877441,41.8959271,road_vertex,way/23694684
N12d4877443_41d8959550,12.4877443,41.8959550,road_vertex,way/151796769
N12d4877444_41d8931995,12.4877444,41.8931995,road_vertex,way/140264231
N12d4877446_41d8924157,12.4877446,41.8924157,road_vertex,way/131358878
N12d4877463_41d8958426,12.4877463,41.8958426,road_vertex,way/130099308
N12d4877474_41d8923949,12.4877474,41.8923949,road_vertex,way/131358878
N12d4877476_41d8959159,12.4877476,41.8959159,road_vertex,way/23694684
N12d4877483_41d8914945,12.4877483,41.8914945,road_vertex,way/49824318
N12d4877486_41d8902103,12.4877486,41.8902103,road_vertex,way/132682592
N12d4877519_41d8967223,12.4877519,41.8967223,road_vertex,way/200626757
N12d4877522_41d8962515,12.4877522,41.8962515,road_vertex,way/1020151642
N12d4877523_41d8959676,12.4877523,41.8959676,road_vertex,way/151796769
N12d4877527_41d8964695,12.4877527,41.8964695,road_vertex,way/200626750
N12d4877536_41d8965403,12.4877536,41.8965403,road_vertex,way/200626750
N12d4877542_41d8959078,12.4877542,41.8959078,road_vertex,way/23694684
N12d4877545_41d8958316,12.4877545,41.8958316,road_vertex,way/130099308
N12d4877565_41d8968391,12.4877565,41.8968391,road_vertex,way/200626757
N12d4877572_41d8929528,12.4877572,41.8929528,road_vertex,way/995034708
N12d4877577_41d8841997,12.4877577,41.8841997,road_vertex,way/1005926733
N12d4877582_41d8835911,12.4877582,41.8835911,road_vertex,way/1447787908
N12d4877623_41d8958160,12.4877623,41.8958160,road_vertex,way/130099308
N12d4877629_41d8959756,12.4877629,41.8959756,road_vertex,way/151796769
N12d4877661_41d8959007,12.4877661,41.8959007,road_vertex,way/23694684
N12d4877674_41d8964478,12.4877674,41.8964478,road_vertex,way/200626750
N12d4877674_41d8966280,12.4877674,41.8966280,road_vertex,way/200626757
N12d4877681_41d8925928,12.4877681,41.8925928,road_vertex,way/995027518
N12d4877685_41d8896206,12.4877685,41.8896206,road_vertex,way/132682584
N12d4877695_41d8963283,12.4877695,41.8963283,road_vertex,way/200626752
N12d4877697_41d8932360,12.4877697,41.8932360,road_vertex,way/140264231
N12d4877711_41d8957977,12.4877711,41.8957977,road_vertex,way/148975509
N12d4877730_41d8967062,12.4877730,41.8967062,road_vertex,way/200626757
N12d4877737_41d8965614,12.4877737,41.8965614,road_vertex,way/200626750
N12d4877738_41d8959822,12.4877738,41.8959822,road_vertex,way/151796769
N12d4877751_41d8910582,12.4877751,41.8910582,road_vertex,way/111987285
N12d4877757_41d8956778,12.4877757,41.8956778,road_vertex,way/148975506
N12d4877769_41d8968238,12.4877769,41.8968238,road_vertex,way/200626757
N12d4877801_41d8958958,12.4877801,41.8958958,road_vertex,way/23694684
N12d4877813_41d8889172,12.4877813,41.8889172,road_vertex,way/137620730
N12d4877830_41d8959856,12.4877830,41.8959856,road_vertex,way/151796769
N12d4877838_41d8964331,12.4877838,41.8964331,road_vertex,way/200626750
N12d4877848_41d8950560,12.4877848,41.8950560,road_vertex,way/151796766
N12d4877872_41d8842566,12.4877872,41.8842566,road_vertex,way/1005926722
N12d4877873_41d8967683,12.4877873,41.8967683,road_vertex,way/200626757
N12d4877889_41d8966981,12.4877889,41.8966981,road_vertex,way/1419595021
N12d4877909_41d8968030,12.4877909,41.8968030,road_vertex,way/200626757
N12d4877912_41d8965852,12.4877912,41.8965852,road_vertex,way/200626750
N12d4877918_41d8838185,12.4877918,41.8838185,road_vertex,way/778306425
N12d4877929_41d8896303,12.4877929,41.8896303,road_vertex,way/152921177
N12d4877934_41d8967882,12.4877934,41.8967882,road_vertex,way/200626757
N12d4877939_41d8967783,12.4877939,41.8967783,road_vertex,way/200626757
N12d4877947_41d8959892,12.4877947,41.8959892,road_vertex,way/151796769
N12d4877959_41d8964252,12.4877959,41.8964252,road_vertex,way/200626750
N12d4877987_41d8958921,12.4877987,41.8958921,road_vertex,way/23694684
N12d4877990_41d8966758,12.4877990,41.8966758,road_vertex,way/1419595021
N12d4877998_41d8966998,12.4877998,41.8966998,road_vertex,way/200626757
N12d4878011_41d8966062,12.4878011,41.8966062,road_vertex,way/200626750
N12d4878016_41d8966586,12.4878016,41.8966586,road_vertex,way/1419595021
N12d4878019_41d8914735,12.4878019,41.8914735,road_vertex,way/49824318
N12d4878046_41d8959908,12.4878046,41.8959908,road_vertex,way/151796769
N12d4878059_41d8844124,12.4878059,41.8844124,road_vertex,way/1005926755
N12d4878061_41d8966335,12.4878061,41.8966335,road_vertex,way/1419595021
N12d4878081_41d8882152,12.4878081,41.8882152,road_vertex,way/138281248
N12d4878082_41d8957257,12.4878082,41.8957257,road_vertex,way/148975509
N12d4878093_41d8841927,12.4878093,41.8841927,road_vertex,way/1005926733
N12d4878098_41d8930599,12.4878098,41.8930599,road_vertex,way/1365592212
N12d4878099_41d8967110,12.4878099,41.8967110,road_vertex,way/200626757
N12d4878103_41d8958052,12.4878103,41.8958052,road_vertex,way/148975505
N12d4878121_41d8949384,12.4878121,41.8949384,road_vertex,way/151796766
N12d4878129_41d8932891,12.4878129,41.8932891,road_vertex,way/140264231
N12d4878146_41d8841543,12.4878146,41.8841543,road_vertex,way/1005926724
N12d4878162_41d8836376,12.4878162,41.8836376,road_vertex,way/1447787908
N12d4878163_41d8929802,12.4878163,41.8929802,road_vertex,way/995034708
N12d4878167_41d8910542,12.4878167,41.8910542,road_vertex,way/111987285
N12d4878182_41d8958538,12.4878182,41.8958538,road_vertex,way/148975505
N12d4878189_41d8958911,12.4878189,41.8958911,road_vertex,way/130099305
N12d4878202_41d8840239,12.4878202,41.8840239,road_vertex,way/778306426
N12d4878218_41d8964098,12.4878218,41.8964098,road_vertex,way/200626750
N12d4878220_41d8968821,12.4878220,41.8968821,road_vertex,way/200626754
N12d4878223_41d8967676,12.4878223,41.8967676,road_vertex,way/777223407
N12d4878230_41d8943726,12.4878230,41.8943726,road_vertex,way/23694810
N12d4878246_41d8967807,12.4878246,41.8967807,road_vertex,way/777223407
N12d4878267_41d8959928,12.4878267,41.8959928,road_vertex,way/151796769
N12d4878272_41d8882057,12.4878272,41.8882057,road_vertex,way/138281249
N12d4878287_41d8938315,12.4878287,41.8938315,road_vertex,way/23694746
N12d4878298_41d8894265,12.4878298,41.8894265,road_vertex,way/27350500
N12d4878316_41d8967937,12.4878316,41.8967937,road_vertex,way/777223407
N12d4878317_41d8966411,12.4878317,41.8966411,road_vertex,way/200626757
N12d4878319_41d8963464,12.4878319,41.8963464,road_vertex,way/200626752
N12d4878324_41d8882021,12.4878324,41.8882021,road_vertex,way/138281249
N12d4878324_41d8948640,12.4878324,41.8948640,road_vertex,way/151796766
N12d4878394_41d8835360,12.4878394,41.8835360,road_vertex,way/778306421
N12d4878401_41d8967219,12.4878401,41.8967219,road_vertex,way/777223407
N12d4878409_41d8903584,12.4878409,41.8903584,road_vertex,way/137620757
N12d4878418_41d8966122,12.4878418,41.8966122,road_vertex,way/200626738
N12d4878420_41d8834400,12.4878420,41.8834400,road_vertex,way/231177927
N12d4878421_41d8838013,12.4878421,41.8838013,road_vertex,way/778306425
N12d4878422_41d8907012,12.4878422,41.8907012,road_vertex,way/660128725
N12d4878431_41d8967310,12.4878431,41.8967310,road_vertex,way/777223407
N12d4878435_41d8914535,12.4878435,41.8914535,road_vertex,way/49824318
N12d4878445_41d8965892,12.4878445,41.8965892,road_vertex,way/200626738
N12d4878445_41d8968037,12.4878445,41.8968037,road_vertex,way/777223407
N12d4878468_41d8841882,12.4878468,41.8841882,road_vertex,way/1005926733
N12d4878475_41d8852890,12.4878475,41.8852890,road_vertex,way/1005926755
N12d4878498_41d8967250,12.4878498,41.8967250,road_vertex,way/200626757
N12d4878512_41d8965720,12.4878512,41.8965720,road_vertex,way/200626738
N12d4878525_41d8966441,12.4878525,41.8966441,road_vertex,way/200626757
N12d4878569_41d8844054,12.4878569,41.8844054,road_vertex,way/1005926755
N12d4878574_41d8968068,12.4878574,41.8968068,road_vertex,way/777223407
N12d4878582_41d8910517,12.4878582,41.8910517,road_vertex,way/111987285
N12d4878602_41d8965474,12.4878602,41.8965474,road_vertex,way/200626738
N12d4878622_41d8888891,12.4878622,41.8888891,road_vertex,way/137620730
N12d4878637_41d8963901,12.4878637,41.8963901,road_vertex,way/200626750
N12d4878660_41d8907459,12.4878660,41.8907459,road_vertex,way/660128726
N12d4878669_41d8973095,12.4878669,41.8973095,road_vertex,way/777223420
N12d4878673_41d8973280,12.4878673,41.8973280,road_vertex,way/777223420
N12d4878678_41d8896055,12.4878678,41.8896055,road_vertex,way/152921179
N12d4878700_41d8967278,12.4878700,41.8967278,road_vertex,way/200626757
N12d4878701_41d8912701,12.4878701,41.8912701,road_vertex,way/111987285
N12d4878709_41d8881934,12.4878709,41.8881934,road_vertex,way/131703991
N12d4878731_41d8903664,12.4878731,41.8903664,road_vertex,way/137620757
N12d4878734_41d8966424,12.4878734,41.8966424,road_vertex,way/200626757
N12d4878737_41d8933059,12.4878737,41.8933059,road_vertex,way/190022892
N12d4878739_41d8836839,12.4878739,41.8836839,road_vertex,way/1447787908
N12d4878745_41d8896932,12.4878745,41.8896932,road_vertex,way/137620765
N12d4878756_41d8930078,12.4878756,41.8930078,road_vertex,way/1365592217
N12d4878770_41d8902266,12.4878770,41.8902266,road_vertex,way/137620702
N12d4878777_41d8903007,12.4878777,41.8903007,road_vertex,way/137620702
N12d4878784_41d8914341,12.4878784,41.8914341,road_vertex,way/49824318
N12d4878786_41d8901921,12.4878786,41.8901921,road_vertex,way/137620702
N12d4878807_41d8965164,12.4878807,41.8965164,road_vertex,way/200626738
N12d4878820_41d8926823,12.4878820,41.8926823,road_vertex,way/1365592210
N12d4878820_41d8968747,12.4878820,41.8968747,road_vertex,way/200626744
N12d4878851_41d8841403,12.4878851,41.8841403,road_vertex,way/1005926724
N12d4878851_41d8901648,12.4878851,41.8901648,road_vertex,way/137620702
N12d4878881_41d8903889,12.4878881,41.8903889,road_vertex,way/137620709
N12d4878890_41d8911225,12.4878890,41.8911225,road_vertex,way/998810156
N12d4878890_41d8911330,12.4878890,41.8911330,road_vertex,way/998810156
N12d4878892_41d8835022,12.4878892,41.8835022,road_vertex,way/778306421
N12d4878895_41d8963603,12.4878895,41.8963603,road_vertex,way/200626754
N12d4878904_41d8963776,12.4878904,41.8963776,road_vertex,way/200626754
N12d4878918_41d8837907,12.4878918,41.8837907,road_vertex,way/778306425
N12d4878918_41d8967282,12.4878918,41.8967282,road_vertex,way/200626757
N12d4878921_41d8962750,12.4878921,41.8962750,road_vertex,way/200626754
N12d4878927_41d8966429,12.4878927,41.8966429,road_vertex,way/200626757
N12d4878932_41d8911112,12.4878932,41.8911112,road_vertex,way/998810156
N12d4878938_41d8841872,12.4878938,41.8841872,road_vertex,way/1005926733
N12d4878968_41d8964874,12.4878968,41.8964874,road_vertex,way/200626738
N12d4878972_41d8929634,12.4878972,41.8929634,road_vertex,way/1365592217
N12d4878978_41d8910397,12.4878978,41.8910397,road_vertex,way/111987285
N12d4878993_41d8901510,12.4878993,41.8901510,road_vertex,way/137620702
N12d4878994_41d8908049,12.4878994,41.8908049,road_vertex,way/998810156
N12d4879010_41d8911023,12.4879010,41.8911023,road_vertex,way/998810156
N12d4879028_41d8888706,12.4879028,41.8888706,road_vertex,way/137620730
N12d4879028_41d8930204,12.4879028,41.8930204,road_vertex,way/995034708
N12d4879038_41d8864597,12.4879038,41.8864597,road_vertex,way/138281252
N12d4879040_41d8911642,12.4879040,41.8911642,road_vertex,way/998810156
N12d4879073_41d8966452,12.4879073,41.8966452,road_vertex,way/200626757
N12d4879077_41d8903823,12.4879077,41.8903823,road_vertex,way/137620709
N12d4879079_41d8914186,12.4879079,41.8914186,road_vertex,way/49824318
N12d4879085_41d8926679,12.4879085,41.8926679,road_vertex,way/135643980
N12d4879094_41d8834885,12.4879094,41.8834885,road_vertex,way/778306421
N12d4879094_41d8837124,12.4879094,41.8837124,road_vertex,way/1447787907
N12d4879111_41d8962818,12.4879111,41.8962818,road_vertex,way/200626754
N12d4879115_41d8968707,12.4879115,41.8968707,road_vertex,way/200626744
N12d4879163_41d8949546,12.4879163,41.8949546,road_vertex,way/151796765
N12d4879193_41d8912234,12.4879193,41.8912234,road_vertex,way/998810155
N12d4879206_41d8901370,12.4879206,41.8901370,road_vertex,way/137620702
N12d4879213_41d8844034,12.4879213,41.8844034,road_vertex,way/1005926755
N12d4879224_41d8963355,12.4879224,41.8963355,road_vertex,way/200626754
N12d4879225_41d8833858,12.4879225,41.8833858,road_vertex,way/231177929
N12d4879238_41d8956957,12.4879238,41.8956957,road_vertex,way/148975506
N12d4879253_41d8962895,12.4879253,41.8962895,road_vertex,way/200626754
N12d4879270_41d8934285,12.4879270,41.8934285,road_vertex,way/836548391
N12d4879274_41d8912440,12.4879274,41.8912440,road_vertex,way/998810155
N12d4879276_41d8964056,12.4879276,41.8964056,road_vertex,way/200626754
N12d4879287_41d8864432,12.4879287,41.8864432,road_vertex,way/138281256
N12d4879303_41d8964714,12.4879303,41.8964714,road_vertex,way/200626738
N12d4879317_41d8898124,12.4879317,41.8898124,road_vertex,way/137620762
N12d4879332_41d8888509,12.4879332,41.8888509,road_vertex,way/137620730
N12d4879333_41d8834723,12.4879333,41.8834723,road_vertex,way/778306421
N12d4879336_41d8966593,12.4879336,41.8966593,road_vertex,way/200626757
N12d4879343_41d8968079,12.4879343,41.8968079,road_vertex,way/777223407
N12d4879356_41d8962969,12.4879356,41.8962969,road_vertex,way/200626754
N12d4879364_41d8963198,12.4879364,41.8963198,road_vertex,way/200626754
N12d4879387_41d8842526,12.4879387,41.8842526,road_vertex,way/1005926722
N12d4879388_41d8963043,12.4879388,41.8963043,road_vertex,way/200626754
N12d4879400_41d8841358,12.4879400,41.8841358,road_vertex,way/1005926724
N12d4879406_41d8926505,12.4879406,41.8926505,road_vertex,way/1365592208
N12d4879412_41d8968445,12.4879412,41.8968445,road_vertex,way/200626744
N12d4879418_41d8837383,12.4879418,41.8837383,road_vertex,way/984857102
N12d4879457_41d8840202,12.4879457,41.8840202,road_vertex,way/778306426
N12d4879458_41d8910723,12.4879458,41.8910723,road_vertex,way/998810156
N12d4879474_41d8834627,12.4879474,41.8834627,road_vertex,way/778306421
N12d4879481_41d8837864,12.4879481,41.8837864,road_vertex,way/778306425
N12d4879481_41d8913966,12.4879481,41.8913966,road_vertex,way/49824318
N12d4879490_41d8933182,12.4879490,41.8933182,road_vertex,way/190022892
N12d4879501_41d8865144,12.4879501,41.8865144,road_vertex,way/138281260
N12d4879504_41d8964275,12.4879504,41.8964275,road_vertex,way/200626754
N12d4879508_41d8841882,12.4879508,41.8841882,road_vertex,way/1005926733
N12d4879521_41d8910173,12.4879521,41.8910173,road_vertex,way/111987285
N12d4879543_41d8852231,12.4879543,41.8852231,road_vertex,way/1005926755
N12d4879548_41d8927130,12.4879548,41.8927130,road_vertex,way/1410563621
N12d4879552_41d8901303,12.4879552,41.8901303,road_vertex,way/137620702
N12d4879585_41d8964585,12.4879585,41.8964585,road_vertex,way/200626754
N12d4879598_41d8968238,12.4879598,41.8968238,road_vertex,way/200626744
N12d4879616_41d8834531,12.4879616,41.8834531,road_vertex,way/778306421
N12d4879656_41d8897995,12.4879656,41.8897995,road_vertex,way/137620762
N12d4879707_41d8957453,12.4879707,41.8957453,road_vertex,way/130099306
N12d4879724_41d8867673,12.4879724,41.8867673,road_vertex,way/82639988
N12d4879724_41d8888169,12.4879724,41.8888169,road_vertex,way/137620730
N12d4879745_41d8837646,12.4879745,41.8837646,road_vertex,way/984857102
N12d4879759_41d8852097,12.4879759,41.8852097,road_vertex,way/1005926755
N12d4879763_41d8910422,12.4879763,41.8910422,road_vertex,way/998810156
N12d4879771_41d8967209,12.4879771,41.8967209,road_vertex,way/777223408
N12d4879776_41d8844044,12.4879776,41.8844044,road_vertex,way/1005926755
N12d4879784_41d8934470,12.4879784,41.8934470,road_vertex,way/836548391
N12d4879815_41d8852494,12.4879815,41.8852494,road_vertex,way/1005926735
N12d4879843_41d8909609,12.4879843,41.8909609,road_vertex,way/998810156
N12d4879876_41d8967365,12.4879876,41.8967365,road_vertex,way/777223408
N12d4879881_41d8834351,12.4879881,41.8834351,road_vertex,way/778306421
N12d4879910_41d8901280,12.4879910,41.8901280,road_vertex,way/137620702
N12d4879937_41d8910074,12.4879937,41.8910074,road_vertex,way/998810156
N12d4879984_41d8913612,12.4879984,41.8913612,road_vertex,way/49824318
N12d4879996_41d8950798,12.4879996,41.8950798,road_vertex,way/151796761
N12d4879997_41d8834279,12.4879997,41.8834279,road_vertex,way/778306421
N12d4880009_41d8887791,12.4880009,41.8887791,road_vertex,way/137620730
N12d4880021_41d8852694,12.4880021,41.8852694,road_vertex,way/1005926736
N12d4880022_41d8895588,12.4880022,41.8895588,road_vertex,way/152921179
N12d4880029_41d8883037,12.4880029,41.8883037,road_vertex,way/131703991
N12d4880042_41d8967553,12.4880042,41.8967553,road_vertex,way/777223408
N12d4880052_41d8837892,12.4880052,41.8837892,road_vertex,way/984857102
N12d4880058_41d8841363,12.4880058,41.8841363,road_vertex,way/1005926724
N12d4880100_41d8912188,12.4880100,41.8912188,road_vertex,way/4951345
N12d4880111_41d8841927,12.4880111,41.8841927,road_vertex,way/1005926733
N12d4880114_41d8970556,12.4880114,41.8970556,road_vertex,way/200626754
N12d4880127_41d8897356,12.4880127,41.8897356,road_vertex,way/27350500
N12d4880127_41d8950038,12.4880127,41.8950038,road_vertex,way/151796768
N12d4880128_41d8927697,12.4880128,41.8927697,road_vertex,way/24533636
N12d4880146_41d8970051,12.4880146,41.8970051,road_vertex,way/200626754
N12d4880150_41d8852819,12.4880150,41.8852819,road_vertex,way/1005926737
N12d4880160_41d8949866,12.4880160,41.8949866,road_vertex,way/151796764
N12d4880178_41d8844104,12.4880178,41.8844104,road_vertex,way/1005926755
N12d4880189_41d8968179,12.4880189,41.8968179,road_vertex,way/200626754
N12d4880201_41d8887444,12.4880201,41.8887444,road_vertex,way/137620730
N12d4880220_41d8933772,12.4880220,41.8933772,road_vertex,way/190022891
N12d4880225_41d8933857,12.4880225,41.8933857,road_vertex,way/190022891
N12d4880226_41d8933699,12.4880226,41.8933699,road_vertex,way/190022891
N12d4880228_41d8965234,12.4880228,41.8965234,road_vertex,way/200626754
N12d4880253_41d8933950,12.4880253,41.8933950,road_vertex,way/190022891
N12d4880256_41d8901306,12.4880256,41.8901306,road_vertex,way/137620702
N12d4880301_41d8934051,12.4880301,41.8934051,road_vertex,way/190022891
N12d4880332_41d8842581,12.4880332,41.8842581,road_vertex,way/1005926722
N12d4880337_41d8970643,12.4880337,41.8970643,road_vertex,way/200626754
N12d4880344_41d8903418,12.4880344,41.8903418,road_vertex,way/137620759
N12d4880345_41d8853008,12.4880345,41.8853008,road_vertex,way/1005926738
N12d4880349_41d8934119,12.4880349,41.8934119,road_vertex,way/190022891
N12d4880356_41d8933361,12.4880356,41.8933361,road_vertex,way/190022892
N12d4880356_41d8967976,12.4880356,41.8967976,road_vertex,way/1168777373
N12d4880370_41d8948853,12.4880370,41.8948853,road_vertex,way/151796772
N12d4880376_41d8968378,12.4880376,41.8968378,road_vertex,way/200626754
N12d4880390_41d8927953,12.4880390,41.8927953,road_vertex,way/142064426
N12d4880395_41d8967534,12.4880395,41.8967534,road_vertex,way/200626754
N12d4880407_41d8934187,12.4880407,41.8934187,road_vertex,way/190022891
N12d4880413_41d8970503,12.4880413,41.8970503,road_vertex,way/200626754
N12d4880415_41d8883343,12.4880415,41.8883343,road_vertex,way/131703991
N12d4880426_41d8913267,12.4880426,41.8913267,road_vertex,way/49824318
N12d4880446_41d8853106,12.4880446,41.8853106,road_vertex,way/1005926739
N12d4880448_41d8900334,12.4880448,41.8900334,road_vertex,way/137620750
N12d4880452_41d8835439,12.4880452,41.8835439,road_vertex,way/178471727
N12d4880510_41d8833924,12.4880510,41.8833924,road_vertex,way/778306421
N12d4880529_41d8840335,12.4880529,41.8840335,road_vertex,way/778306428
N12d4880552_41d8934303,12.4880552,41.8934303,road_vertex,way/190022891
N12d4880561_41d8909998,12.4880561,41.8909998,road_vertex,way/111987285
N12d4880566_41d8867993,12.4880566,41.8867993,road_vertex,way/82639988
N12d4880567_41d8912116,12.4880567,41.8912116,road_vertex,way/4951345
N12d4880583_41d8901306,12.4880583,41.8901306,road_vertex,way/137620702
N12d4880596_41d8886655,12.4880596,41.8886655,road_vertex,way/137620730
N12d4880626_41d8973291,12.4880626,41.8973291,road_vertex,way/292493447
N12d4880656_41d8876467,12.4880656,41.8876467,road_vertex,way/82639988
N12d4880658_41d8899675,12.4880658,41.8899675,road_vertex,way/137620762
N12d4880661_41d8972242,12.4880661,41.8972242,road_vertex,way/777223417
N12d4880673_41d8853326,12.4880673,41.8853326,road_vertex,way/1005926740
N12d4880691_41d8934402,12.4880691,41.8934402,road_vertex,way/190022891
N12d4880698_41d8965633,12.4880698,41.8965633,road_vertex,way/200626754
N12d4880727_41d8873961,12.4880727,41.8873961,road_vertex,way/82639988
N12d4880727_41d8875030,12.4880727,41.8875030,road_vertex,way/82639988
N12d4880749_41d8832016,12.4880749,41.8832016,road_vertex,way/356989739
N12d4880755_41d8844224,12.4880755,41.8844224,road_vertex,way/1005926755
N12d4880770_41d8883545,12.4880770,41.8883545,road_vertex,way/131703991
N12d4880772_41d8838244,12.4880772,41.8838244,road_vertex,way/778306425
N12d4880773_41d8968833,12.4880773,41.8968833,road_vertex,way/1168777373
N12d4880795_41d8912968,12.4880795,41.8912968,road_vertex,way/49824318
N12d4880841_41d8899614,12.4880841,41.8899614,road_vertex,way/137620762
N12d4880845_41d8965952,12.4880845,41.8965952,road_vertex,way/200626754
N12d4880845_41d8966292,12.4880845,41.8966292,road_vertex,way/200626754
N12d4880871_41d8968023,12.4880871,41.8968023,road_vertex,way/1168777373
N12d4880898_41d8873201,12.4880898,41.8873201,road_vertex,way/82639988
N12d4880903_41d8853550,12.4880903,41.8853550,road_vertex,way/1005926740
N12d4880912_41d8968159,12.4880912,41.8968159,road_vertex,way/1168777373
N12d4880930_41d8901276,12.4880930,41.8901276,road_vertex,way/137620734
N12d4880939_41d8968029,12.4880939,41.8968029,road_vertex,way/1168777373
N12d4880945_41d8935237,12.4880945,41.8935237,road_vertex,way/836548391
N12d4880956_41d8842067,12.4880956,41.8842067,road_vertex,way/1005926733
N12d4880983_41d8903282,12.4880983,41.8903282,road_vertex,way/137620759
N12d4881031_41d8957619,12.4881031,41.8957619,road_vertex,way/95509650
N12d4881065_41d8885932,12.4881065,41.8885932,road_vertex,way/137620747
N12d4881091_41d8883620,12.4881091,41.8883620,road_vertex,way/131703991
N12d4881113_41d8877387,12.4881113,41.8877387,road_vertex,way/82639988
N12d4881137_41d8853417,12.4881137,41.8853417,road_vertex,way/1244971921
N12d4881140_41d8912102,12.4881140,41.8912102,road_vertex,way/4951345
N12d4881193_41d8838572,12.4881193,41.8838572,road_vertex,way/778306428
N12d4881200_41d8910001,12.4881200,41.8910001,road_vertex,way/111987285
N12d4881221_41d8933549,12.4881221,41.8933549,road_vertex,way/190022892
N12d4881224_41d8842771,12.4881224,41.8842771,road_vertex,way/1005926722
N12d4881244_41d8846490,12.4881244,41.8846490,road_vertex,way/1005926721
N12d4881249_41d8855734,12.4881249,41.8855734,road_vertex,way/1359208664
N12d4881251_41d8841478,12.4881251,41.8841478,road_vertex,way/1005926724
N12d4881251_41d8846645,12.4881251,41.8846645,road_vertex,way/1005926721
N12d4881267_41d8894032,12.4881267,41.8894032,road_vertex,way/131635520
N12d4881291_41d8894450,12.4881291,41.8894450,road_vertex,way/131635520
N12d4881307_41d8872013,12.4881307,41.8872013,road_vertex,way/82639988
N12d4881318_41d8846276,12.4881318,41.8846276,road_vertex,way/1005926721
N12d4881318_41d8846865,12.4881318,41.8846865,road_vertex,way/1005926721
N12d4881318_41d8912539,12.4881318,41.8912539,road_vertex,way/49824318
N12d4881343_41d8934786,12.4881343,41.8934786,road_vertex,way/190022891
N12d4881395_41d8894862,12.4881395,41.8894862,road_vertex,way/131635520
N12d4881398_41d8868679,12.4881398,41.8868679,road_vertex,way/82639988
N12d4881398_41d8935409,12.4881398,41.8935409,road_vertex,way/836548391
N12d4881403_41d8972704,12.4881403,41.8972704,road_vertex,way/44457233
N12d4881410_41d8833314,12.4881410,41.8833314,road_vertex,way/1175936737
N12d4881412_41d8844443,12.4881412,41.8844443,road_vertex,way/1005926755
N12d4881412_41d8847014,12.4881412,41.8847014,road_vertex,way/1005926721
N12d4881421_41d8903253,12.4881421,41.8903253,road_vertex,way/137620759
N12d4881445_41d8895125,12.4881445,41.8895125,road_vertex,way/131635520
N12d4881472_41d8846016,12.4881472,41.8846016,road_vertex,way/1005926721
N12d4881482_41d8886349,12.4881482,41.8886349,road_vertex,way/137620747
N12d4881489_41d8883614,12.4881489,41.8883614,road_vertex,way/131703991
N12d4881513_41d8883265,12.4881513,41.8883265,road_vertex,way/48820515
N12d4881522_41d8883923,12.4881522,41.8883923,road_vertex,way/48820515
N12d4881546_41d8893463,12.4881546,41.8893463,road_vertex,way/137620735
N12d4881560_41d8847174,12.4881560,41.8847174,road_vertex,way/1005926721
N12d4881580_41d8935678,12.4881580,41.8935678,road_vertex,way/190022891
N12d4881587_41d8938982,12.4881587,41.8938982,road_vertex,way/23694746
N12d4881614_41d8885153,12.4881614,41.8885153,road_vertex,way/137620730
N12d4881615_41d8934955,12.4881615,41.8934955,road_vertex,way/190022891
N12d4881628_41d8883053,12.4881628,41.8883053,road_vertex,way/48820515
N12d4881635_41d8831694,12.4881635,41.8831694,road_vertex,way/356989739
N12d4881645_41d8884215,12.4881645,41.8884215,road_vertex,way/48820515
N12d4881658_41d8935593,12.4881658,41.8935593,road_vertex,way/190022891
N12d4881693_41d8870559,12.4881693,41.8870559,road_vertex,way/82639988
N12d4881700_41d8912244,12.4881700,41.8912244,road_vertex,way/1433295390
N12d4881703_41d8871411,12.4881703,41.8871411,road_vertex,way/82639988
N12d4881703_41d8935025,12.4881703,41.8935025,road_vertex,way/190022891
N12d4881709_41d8935523,12.4881709,41.8935523,road_vertex,way/836548391
N12d4881713_41d8909930,12.4881713,41.8909930,road_vertex,way/111987285
N12d4881759_41d8971465,12.4881759,41.8971465,road_vertex,way/777223411
N12d4881772_41d8884950,12.4881772,41.8884950,road_vertex,way/48820515
N12d4881774_41d8935132,12.4881774,41.8935132,road_vertex,way/190022891
N12d4881776_41d8935355,12.4881776,41.8935355,road_vertex,way/190022891
N12d4881790_41d8972822,12.4881790,41.8972822,road_vertex,way/1198088056
N12d4881793_41d8935230,12.4881793,41.8935230,road_vertex,way/190022891
N12d4881806_41d8884564,12.4881806,41.8884564,road_vertex,way/48820515
N12d4881808_41d8947753,12.4881808,41.8947753,road_vertex,way/151796772
N12d4881829_41d8884759,12.4881829,41.8884759,road_vertex,way/48820515
N12d4881837_41d8973037,12.4881837,41.8973037,road_vertex,way/1198088056
N12d4881839_41d8870989,12.4881839,41.8870989,road_vertex,way/82639988
N12d4881862_41d8840589,12.4881862,41.8840589,road_vertex,way/778306426
N12d4881872_41d8869337,12.4881872,41.8869337,road_vertex,way/82639988
N12d4881873_41d8882826,12.4881873,41.8882826,road_vertex,way/48820515
N12d4881897_41d8862705,12.4881897,41.8862705,road_vertex,way/138281256
N12d4881902_41d8912084,12.4881902,41.8912084,road_vertex,way/49824318
N12d4881908_41d8845592,12.4881908,41.8845592,road_vertex,way/1005926721
N12d4881928_41d8844673,12.4881928,41.8844673,road_vertex,way/1005926755
N12d4881929_41d8935645,12.4881929,41.8935645,road_vertex,way/836548391
N12d4881932_41d8904600,12.4881932,41.8904600,road_vertex,way/137620754
N12d4881951_41d8903245,12.4881951,41.8903245,road_vertex,way/137620759
N12d4881955_41d8842941,12.4881955,41.8842941,road_vertex,way/1005926722
N12d4881964_41d8863834,12.4881964,41.8863834,road_vertex,way/138281260
N12d4881977_41d8892960,12.4881977,41.8892960,road_vertex,way/131635520
N12d4881982_41d8841648,12.4881982,41.8841648,road_vertex,way/1005926724
N12d4882002_41d8842307,12.4882002,41.8842307,road_vertex,way/1005926733
N12d4882056_41d8893495,12.4882056,41.8893495,road_vertex,way/137620735
N12d4882065_41d8862602,12.4882065,41.8862602,road_vertex,way/138281250
N12d4882089_41d8911855,12.4882089,41.8911855,road_vertex,way/49824318
N12d4882237_41d8911695,12.4882237,41.8911695,road_vertex,way/49824318
N12d4882250_41d8845322,12.4882250,41.8845322,road_vertex,way/1005926721
N12d4882364_41d8870065,12.4882364,41.8870065,road_vertex,way/82639988
N12d4882390_41d8852671,12.4882390,41.8852671,road_vertex,way/1244971921
N12d4882419_41d8892482,12.4882419,41.8892482,road_vertex,way/131635520
N12d4882425_41d8847818,12.4882425,41.8847818,road_vertex,way/1005926721
N12d4882444_41d8882492,12.4882444,41.8882492,road_vertex,way/48820515
N12d4882463_41d8889826,12.4882463,41.8889826,road_vertex,way/131635522
N12d4882467_41d8905673,12.4882467,41.8905673,road_vertex,way/137620754
N12d4882483_41d8909762,12.4882483,41.8909762,road_vertex,way/111987285
N12d4882485_41d8911505,12.4882485,41.8911505,road_vertex,way/49824318
N12d4882486_41d8924757,12.4882486,41.8924757,road_vertex,way/1365592209
N12d4882552_41d8913188,12.4882552,41.8913188,road_vertex,way/28044942
N12d4882559_41d8842521,12.4882559,41.8842521,road_vertex,way/1005926733
N12d4882582_41d8904374,12.4882582,41.8904374,road_vertex,way/137620754
N12d4882599_41d8841853,12.4882599,41.8841853,road_vertex,way/1005926724
N12d4882599_41d8850374,12.4882599,41.8850374,road_vertex,way/1005926755
N12d4882659_41d8847863,12.4882659,41.8847863,road_vertex,way/1005926721
N12d4882671_41d8889008,12.4882671,41.8889008,road_vertex,way/27350500
N12d4882673_41d8924940,12.4882673,41.8924940,road_vertex,way/1365592209
N12d4882679_41d8845092,12.4882679,41.8845092,road_vertex,way/1005926755
N12d4882692_41d8833618,12.4882692,41.8833618,road_vertex,way/834330239
N12d4882739_41d8902111,12.4882739,41.8902111,road_vertex,way/1232291694
N12d4882773_41d8893395,12.4882773,41.8893395,road_vertex,way/137620735
N12d4882807_41d8843280,12.4882807,41.8843280,road_vertex,way/1005926722
N12d4882834_41d8950192,12.4882834,41.8950192,road_vertex,way/151796763
N12d4882836_41d8863532,12.4882836,41.8863532,road_vertex,way/138281260
N12d4882867_41d8847828,12.4882867,41.8847828,road_vertex,way/1005926721
N12d4882898_41d8902401,12.4882898,41.8902401,road_vertex,way/27350500
N12d4882914_41d8850160,12.4882914,41.8850160,road_vertex,way/1005926755
N12d4882964_41d8862141,12.4882964,41.8862141,road_vertex,way/138281245
N12d4882966_41d8949564,12.4882966,41.8949564,road_vertex,way/151796763
N12d4882970_41d8891978,12.4882970,41.8891978,road_vertex,way/131635520
N12d4882989_41d8830689,12.4882989,41.8830689,road_vertex,way/356989733
N12d4882995_41d8913542,12.4882995,41.8913542,road_vertex,way/28044942
N12d4883002_41d8951937,12.4883002,41.8951937,road_vertex,way/151796771
N12d4883015_41d8845267,12.4883015,41.8845267,road_vertex,way/1005926755
N12d4883034_41d8960247,12.4883034,41.8960247,road_vertex,way/777223416
N12d4883043_41d8971503,12.4883043,41.8971503,road_vertex,way/1198088056
N12d4883083_41d8882208,12.4883083,41.8882208,road_vertex,way/48820515
N12d4883102_41d8925375,12.4883102,41.8925375,road_vertex,way/1410563621
N12d4883113_41d8879135,12.4883113,41.8879135,road_vertex,way/1159024981
N12d4883118_41d8951205,12.4883118,41.8951205,road_vertex,way/151796771
N12d4883129_41d8909712,12.4883129,41.8909712,road_vertex,way/111987285
N12d4883137_41d8862901,12.4883137,41.8862901,road_vertex,way/138281245
N12d4883152_41d8840954,12.4883152,41.8840954,road_vertex,way/778306426
N12d4883156_41d8911231,12.4883156,41.8911231,road_vertex,way/49824318
N12d4883160_41d8843456,12.4883160,41.8843456,road_vertex,way/1005926730
N12d4883173_41d8939347,12.4883173,41.8939347,road_vertex,way/23694746
N12d4883202_41d8849900,12.4883202,41.8849900,road_vertex,way/1005926755
N12d4883214_41d8950455,12.4883214,41.8950455,road_vertex,way/151796771
N12d4883216_41d8842080,12.4883216,41.8842080,road_vertex,way/1005926724
N12d4883248_41d8863389,12.4883248,41.8863389,road_vertex,way/138281260
N12d4883250_41d8831716,12.4883250,41.8831716,road_vertex,way/1415678768
N12d4883263_41d8845452,12.4883263,41.8845452,road_vertex,way/1005926755
N12d4883265_41d8950245,12.4883265,41.8950245,road_vertex,way/151796771
N12d4883269_41d8901956,12.4883269,41.8901956,road_vertex,way/1232291694
N12d4883276_41d8842921,12.4883276,41.8842921,road_vertex,way/1005926733
N12d4883289_41d8854894,12.4883289,41.8854894,road_vertex,way/131703993
N12d4883326_41d8864501,12.4883326,41.8864501,road_vertex,way/138281245
N12d4883337_41d8911116,12.4883337,41.8911116,road_vertex,way/49824318
N12d4883338_41d8904098,12.4883338,41.8904098,road_vertex,way/152921833
N12d4883356_41d8842831,12.4883356,41.8842831,road_vertex,way/1005926729
N12d4883365_41d8830355,12.4883365,41.8830355,road_vertex,way/1415678768
N12d4883390_41d8849700,12.4883390,41.8849700,road_vertex,way/1005926755
N12d4883400_41d8901943,12.4883400,41.8901943,road_vertex,way/1232291693
N12d4883406_41d8905362,12.4883406,41.8905362,road_vertex,way/137620721
N12d4883415_41d8946641,12.4883415,41.8946641,road_vertex,way/151796772
N12d4883451_41d8913797,12.4883451,41.8913797,road_vertex,way/28044942
N12d4883464_41d8910961,12.4883464,41.8910961,road_vertex,way/49824318
N12d4883483_41d8865687,12.4883483,41.8865687,road_vertex,way/138281245
N12d4883515_41d8891646,12.4883515,41.8891646,road_vertex,way/131635522
N12d4883544_41d8843076,12.4883544,41.8843076,road_vertex,way/1005926733
N12d4883558_41d8847354,12.4883558,41.8847354,road_vertex,way/1005926721
N12d4883566_41d8835000,12.4883566,41.8835000,road_vertex,way/834330240
N12d4883568_41d8834338,12.4883568,41.8834338,road_vertex,way/834330240
N12d4883625_41d8969460,12.4883625,41.8969460,road_vertex,way/777223411
N12d4883638_41d8845781,12.4883638,41.8845781,road_vertex,way/1005926755
N12d4883645_41d8849361,12.4883645,41.8849361,road_vertex,way/1005926755
N12d4883663_41d8866497,12.4883663,41.8866497,road_vertex,way/138281245
N12d4883663_41d8901998,12.4883663,41.8901998,road_vertex,way/1232291693
N12d4883683_41d8842465,12.4883683,41.8842465,road_vertex,way/1005926728
N12d4883690_41d8909797,12.4883690,41.8909797,road_vertex,way/111987285
N12d4883728_41d8881959,12.4883728,41.8881959,road_vertex,way/48820515
N12d4883728_41d8910248,12.4883728,41.8910248,road_vertex,way/49824318
N12d4883733_41d8859689,12.4883733,41.8859689,road_vertex,way/131703993
N12d4883752_41d8866908,12.4883752,41.8866908,road_vertex,way/138281245
N12d4883768_41d8950306,12.4883768,41.8950306,road_vertex,way/151796762
N12d4883806_41d8842327,12.4883806,41.8842327,road_vertex,way/1005926727
N12d4883813_41d8912086,12.4883813,41.8912086,road_vertex,way/1433295391
N12d4883815_41d8858619,12.4883815,41.8858619,road_vertex,way/131703993
N12d4883820_41d8926083,12.4883820,41.8926083,road_vertex,way/142064426
N12d4883821_41d8905766,12.4883821,41.8905766,road_vertex,way/137620721
N12d4883876_41d8902200,12.4883876,41.8902200,road_vertex,way/1232291693
N12d4883886_41d8913946,12.4883886,41.8913946,road_vertex,way/28044942
N12d4883890_41d8949828,12.4883890,41.8949828,road_vertex,way/151796762
N12d4883892_41d8878824,12.4883892,41.8878824,road_vertex,way/1159024981
N12d4883896_41d8857634,12.4883896,41.8857634,road_vertex,way/131703993
N12d4883900_41d8843305,12.4883900,41.8843305,road_vertex,way/1005926733
N12d4883975_41d8969908,12.4883975,41.8969908,road_vertex,way/44457233
N12d4883980_41d8867459,12.4883980,41.8867459,road_vertex,way/245720327
N12d4883990_41d8834685,12.4883990,41.8834685,road_vertex,way/834330240
N12d4884010_41d8879844,12.4884010,41.8879844,road_vertex,way/1072760746
N12d4884014_41d8846201,12.4884014,41.8846201,road_vertex,way/1005926755
N12d4884026_41d8960179,12.4884026,41.8960179,road_vertex,way/777223416
N12d4884027_41d8848742,12.4884027,41.8848742,road_vertex,way/1005926755
N12d4884030_41d8880433,12.4884030,41.8880433,road_vertex,way/1072760747
N12d4884035_41d8909914,12.4884035,41.8909914,road_vertex,way/111987285
N12d4884060_41d8835425,12.4884060,41.8835425,road_vertex,way/778306422
N12d4884063_41d8911971,12.4884063,41.8911971,road_vertex,way/1433295391
N12d4884096_41d8857246,12.4884096,41.8857246,road_vertex,way/131703993
N12d4884100_41d8866967,12.4884100,41.8866967,road_vertex,way/245720327
N12d4884101_41d8926355,12.4884101,41.8926355,road_vertex,way/140264239
N12d4884130_41d8903825,12.4884130,41.8903825,road_vertex,way/152921834
N12d4884144_41d8904528,12.4884144,41.8904528,road_vertex,way/27350500
N12d4884153_41d8891265,12.4884153,41.8891265,road_vertex,way/131635520
N12d4884176_41d8911622,12.4884176,41.8911622,road_vertex,way/1433295391
N12d4884203_41d8831039,12.4884203,41.8831039,road_vertex,way/1415678768
N12d4884207_41d8904611,12.4884207,41.8904611,road_vertex,way/27350500
N12d4884210_41d8880002,12.4884210,41.8880002,road_vertex,way/137620769
N12d4884222_41d8913971,12.4884222,41.8913971,road_vertex,way/28044942
N12d4884224_41d8868049,12.4884224,41.8868049,road_vertex,way/138281245
N12d4884242_41d8880830,12.4884242,41.8880830,road_vertex,way/1072760748
N12d4884243_41d8926489,12.4884243,41.8926489,road_vertex,way/1365592217
N12d4884248_41d8854430,12.4884248,41.8854430,road_vertex,way/131703993
N12d4884248_41d8905753,12.4884248,41.8905753,road_vertex,way/131358875
N12d4884275_41d8881754,12.4884275,41.8881754,road_vertex,way/1072760748
N12d4884295_41d8970161,12.4884295,41.8970161,road_vertex,way/1198088056
N12d4884301_41d8904691,12.4884301,41.8904691,road_vertex,way/27350500
N12d4884322_41d8842661,12.4884322,41.8842661,road_vertex,way/1005926724
N12d4884373_41d8880954,12.4884373,41.8880954,road_vertex,way/1159024977
N12d4884383_41d8847753,12.4884383,41.8847753,road_vertex,way/1005926755
N12d4884393_41d8902983,12.4884393,41.8902983,road_vertex,way/1232291693
N12d4884410_41d8893180,12.4884410,41.8893180,road_vertex,way/137620735
N12d4884411_41d8904749,12.4884411,41.8904749,road_vertex,way/27350500
N12d4884444_41d8932771,12.4884444,41.8932771,road_vertex,way/995034708
N12d4884456_41d8846475,12.4884456,41.8846475,road_vertex,way/1005926755
N12d4884473_41d8868754,12.4884473,41.8868754,road_vertex,way/138281245
N12d4884491_41d8926689,12.4884491,41.8926689,road_vertex,way/1007107713
N12d4884498_41d8865340,12.4884498,41.8865340,road_vertex,way/245720327
N12d4884503_41d8843760,12.4884503,41.8843760,road_vertex,way/1005926733
N12d4884532_41d8904796,12.4884532,41.8904796,road_vertex,way/27350500
N12d4884544_41d8847469,12.4884544,41.8847469,road_vertex,way/1005926755
N12d4884558_41d8841596,12.4884558,41.8841596,road_vertex,way/1175936715
N12d4884576_41d8913978,12.4884576,41.8913978,road_vertex,way/28044942
N12d4884578_41d8925683,12.4884578,41.8925683,road_vertex,way/142064426
N12d4884580_41d8869057,12.4884580,41.8869057,road_vertex,way/138281245
N12d4884588_41d8909534,12.4884588,41.8909534,road_vertex,way/49824318
N12d4884606_41d8881115,12.4884606,41.8881115,road_vertex,way/1159024980
N12d4884610_41d8938233,12.4884610,41.8938233,road_vertex,way/190850047
N12d4884663_41d8904831,12.4884663,41.8904831,road_vertex,way/27350500
N12d4884667_41d8881690,12.4884667,41.8881690,road_vertex,way/48820515
N12d4884691_41d8846700,12.4884691,41.8846700,road_vertex,way/1005926755
N12d4884691_41d8856731,12.4884691,41.8856731,road_vertex,way/131703993
N12d4884727_41d8951417,12.4884727,41.8951417,road_vertex,way/151796770
N12d4884748_41d8890897,12.4884748,41.8890897,road_vertex,way/131635520
N12d4884750_41d8854234,12.4884750,41.8854234,road_vertex,way/131703993
N12d4884760_41d8851135,12.4884760,41.8851135,road_vertex,way/1244971921
N12d4884761_41d8936007,12.4884761,41.8936007,road_vertex,way/190850047
N12d4884765_41d8846940,12.4884765,41.8846940,road_vertex,way/1005926755
N12d4884792_41d8903589,12.4884792,41.8903589,road_vertex,way/152921834
N12d4884793_41d8936103,12.4884793,41.8936103,road_vertex,way/190850047
N12d4884817_41d8904846,12.4884817,41.8904846,road_vertex,way/27350500
N12d4884826_41d8936282,12.4884826,41.8936282,road_vertex,way/190850047
N12d4884891_41d8950644,12.4884891,41.8950644,road_vertex,way/151796770
N12d4884917_41d8903779,12.4884917,41.8903779,road_vertex,way/23590985
N12d4884931_41d8914176,12.4884931,41.8914176,road_vertex,way/1433295391
N12d4884931_41d8950448,12.4884931,41.8950448,road_vertex,way/151796770
N12d4884932_41d8880564,12.4884932,41.8880564,road_vertex,way/137620769
N12d4884953_41d8851837,12.4884953,41.8851837,road_vertex,way/1175936715
N12d4884967_41d8864313,12.4884967,41.8864313,road_vertex,way/245720327
N12d4884984_41d8904843,12.4884984,41.8904843,road_vertex,way/27350500
N12d4884992_41d8881718,12.4884992,41.8881718,road_vertex,way/48820515
N12d4884994_41d8923340,12.4884994,41.8923340,road_vertex,way/1365592208
N12d4884997_41d8960161,12.4884997,41.8960161,road_vertex,way/777223416
N12d4885019_41d8934454,12.4885019,41.8934454,road_vertex,way/190022892
N12d4885034_41d8959918,12.4885034,41.8959918,road_vertex,way/1198113186
N12d4885035_41d8854220,12.4885035,41.8854220,road_vertex,way/131703993
N12d4885035_41d8935368,12.4885035,41.8935368,road_vertex,way/190850047
N12d4885039_41d8950033,12.4885039,41.8950033,road_vertex,way/151796770
N12d4885040_41d8850863,12.4885040,41.8850863,road_vertex,way/1244971921
N12d4885061_41d8903944,12.4885061,41.8903944,road_vertex,way/23590985
N12d4885067_41d8911977,12.4885067,41.8911977,road_vertex,way/272749140
N12d4885068_41d8926077,12.4885068,41.8926077,road_vertex,way/995413514
N12d4885080_41d8844354,12.4885080,41.8844354,road_vertex,way/1005926733
N12d4885091_41d8894346,12.4885091,41.8894346,road_vertex,way/131635522
N12d4885114_41d8893091,12.4885114,41.8893091,road_vertex,way/137620735
N12d4885134_41d8843325,12.4885134,41.8843325,road_vertex,way/1005926724
N12d4885153_41d8904813,12.4885153,41.8904813,road_vertex,way/27350500
N12d4885191_41d8906913,12.4885191,41.8906913,road_vertex,way/137620725
N12d4885204_41d8904012,12.4885204,41.8904012,road_vertex,way/23590985
N12d4885208_41d8934024,12.4885208,41.8934024,road_vertex,way/42752305
N12d4885212_41d8881381,12.4885212,41.8881381,road_vertex,way/1159024980
N12d4885220_41d8842156,12.4885220,41.8842156,road_vertex,way/1175936716
N12d4885243_41d8912295,12.4885243,41.8912295,road_vertex,way/272749140
N12d4885262_41d8926270,12.4885262,41.8926270,road_vertex,way/140264242
N12d4885294_41d8854252,12.4885294,41.8854252,road_vertex,way/131703993
N12d4885303_41d8925266,12.4885303,41.8925266,road_vertex,way/995027527
N12d4885328_41d8909093,12.4885328,41.8909093,road_vertex,way/49824318
N12d4885333_41d8912456,12.4885333,41.8912456,road_vertex,way/131358865
N12d4885348_41d8890666,12.4885348,41.8890666,road_vertex,way/131635520
N12d4885351_41d8906866,12.4885351,41.8906866,road_vertex,way/137620725
N12d4885364_41d8878236,12.4885364,41.8878236,road_vertex,way/1159024975
N12d4885364_41d8881807,12.4885364,41.8881807,road_vertex,way/48820515
N12d4885391_41d8880839,12.4885391,41.8880839,road_vertex,way/137620769
N12d4885413_41d8871457,12.4885413,41.8871457,road_vertex,way/138281245
N12d4885415_41d8850454,12.4885415,41.8850454,road_vertex,way/1005926726
N12d4885417_41d8841989,12.4885417,41.8841989,road_vertex,way/1425978129
N12d4885420_41d8904062,12.4885420,41.8904062,road_vertex,way/23590985
N12d4885430_41d8912638,12.4885430,41.8912638,road_vertex,way/272749141
N12d4885440_41d8933656,12.4885440,41.8933656,road_vertex,way/42752305
N12d4885464_41d8906833,12.4885464,41.8906833,road_vertex,way/32352953
N12d4885492_41d8842046,12.4885492,41.8842046,road_vertex,way/778306425
N12d4885523_41d8845352,12.4885523,41.8845352,road_vertex,way/1005926733
N12d4885556_41d8850224,12.4885556,41.8850224,road_vertex,way/1005926726
N12d4885598_41d8912951,12.4885598,41.8912951,road_vertex,way/272749142
N12d4885603_41d8843730,12.4885603,41.8843730,road_vertex,way/1005926724
N12d4885612_41d8925962,12.4885612,41.8925962,road_vertex,way/995413514
N12d4885631_41d8960166,12.4885631,41.8960166,road_vertex,way/777223415
N12d4885641_41d8933415,12.4885641,41.8933415,road_vertex,way/995034708
N12d4885644_41d8904065,12.4885644,41.8904065,road_vertex,way/23590985
N12d4885650_41d8881957,12.4885650,41.8881957,road_vertex,way/48820515
N12d4885656_41d8863225,12.4885656,41.8863225,road_vertex,way/245720327
N12d4885656_41d8912353,12.4885656,41.8912353,road_vertex,way/131358865
N12d4885658_41d8905743,12.4885658,41.8905743,road_vertex,way/131358875
N12d4885669_41d8927854,12.4885669,41.8927854,road_vertex,way/1216458781
N12d4885677_41d8845647,12.4885677,41.8845647,road_vertex,way/1005926733
N12d4885709_41d8841895,12.4885709,41.8841895,road_vertex,way/1425978129
N12d4885715_41d8935521,12.4885715,41.8935521,road_vertex,way/1365592216
N12d4885717_41d8849990,12.4885717,41.8849990,road_vertex,way/1005926726
N12d4885724_41d8907612,12.4885724,41.8907612,road_vertex,way/998810151
N12d4885734_41d8854434,12.4885734,41.8854434,road_vertex,way/131703993
N12d4885765_41d8908818,12.4885765,41.8908818,road_vertex,way/994987261
N12d4885772_41d8843636,12.4885772,41.8843636,road_vertex,way/1005926732
N12d4885819_41d8904045,12.4885819,41.8904045,road_vertex,way/23590985
N12d4885833_41d8967953,12.4885833,41.8967953,road_vertex,way/44457233
N12d4885844_41d8845152,12.4885844,41.8845152,road_vertex,way/1005926733
N12d4885844_41d8908141,12.4885844,41.8908141,road_vertex,way/49824318
N12d4885872_41d8867116,12.4885872,41.8867116,road_vertex,way/188150399
N12d4885885_41d8849660,12.4885885,41.8849660,road_vertex,way/1005926726
N12d4885901_41d8856069,12.4885901,41.8856069,road_vertex,way/131703993
N12d4885913_41d8928044,12.4885913,41.8928044,road_vertex,way/1216458781
N12d4885918_41d8845996,12.4885918,41.8845996,road_vertex,way/1005926733
N12d4885928_41d8835078,12.4885928,41.8835078,road_vertex,way/356989733
N12d4885933_41d8925787,12.4885933,41.8925787,road_vertex,way/995413514
N12d4885939_41d8905800,12.4885939,41.8905800,road_vertex,way/131358875
N12d4885945_41d8907540,12.4885945,41.8907540,road_vertex,way/998810152
N12d4885949_41d8933160,12.4885949,41.8933160,road_vertex,way/190022921
N12d4885967_41d8913645,12.4885967,41.8913645,road_vertex,way/272749142
N12d4886052_41d8843480,12.4886052,41.8843480,road_vertex,way/1005926732
N12d4886066_41d8908690,12.4886066,41.8908690,road_vertex,way/994987261
N12d4886087_41d8881182,12.4886087,41.8881182,road_vertex,way/1159024979
N12d4886091_41d8903999,12.4886091,41.8903999,road_vertex,way/23590985
N12d4886092_41d8927635,12.4886092,41.8927635,road_vertex,way/1216458777
N12d4886116_41d8934710,12.4886116,41.8934710,road_vertex,way/1365592213
N12d4886120_41d8882370,12.4886120,41.8882370,road_vertex,way/48820515
N12d4886138_41d8960179,12.4886138,41.8960179,road_vertex,way/777223415
N12d4886146_41d8849191,12.4886146,41.8849191,road_vertex,way/1005926726
N12d4886166_41d8846655,12.4886166,41.8846655,road_vertex,way/1005926733
N12d4886170_41d8928226,12.4886170,41.8928226,road_vertex,way/1216458782
N12d4886197_41d8905929,12.4886197,41.8905929,road_vertex,way/131358875
N12d4886219_41d8913613,12.4886219,41.8913613,road_vertex,way/131358872
N12d4886221_41d8906612,12.4886221,41.8906612,road_vertex,way/32352952
N12d4886247_41d8848822,12.4886247,41.8848822,road_vertex,way/1005926726
N12d4886260_41d8848687,12.4886260,41.8848687,road_vertex,way/1005926726
N12d4886292_41d8932927,12.4886292,41.8932927,road_vertex,way/190022921
N12d4886294_41d8927828,12.4886294,41.8927828,road_vertex,way/1216458777
N12d4886300_41d8951625,12.4886300,41.8951625,road_vertex,way/151796772
N12d4886305_41d8874047,12.4886305,41.8874047,road_vertex,way/138281245
N12d4886314_41d8847184,12.4886314,41.8847184,road_vertex,way/1005926733
N12d4886325_41d8925569,12.4886325,41.8925569,road_vertex,way/995413514
N12d4886335_41d8890432,12.4886335,41.8890432,road_vertex,way/131635520
N12d4886351_41d8934218,12.4886351,41.8934218,road_vertex,way/1365592214
N12d4886354_41d8847893,12.4886354,41.8847893,road_vertex,way/1005926725
N12d4886360_41d8907406,12.4886360,41.8907406,road_vertex,way/998810153
N12d4886368_41d8843305,12.4886368,41.8843305,road_vertex,way/1175936717
N12d4886371_41d8841432,12.4886371,41.8841432,road_vertex,way/1175936739
N12d4886373_41d8862732,12.4886373,41.8862732,road_vertex,way/245720327
N12d4886399_41d8950863,12.4886399,41.8950863,road_vertex,way/151796768
N12d4886408_41d8908562,12.4886408,41.8908562,road_vertex,way/994987262
N12d4886435_41d8950632,12.4886435,41.8950632,road_vertex,way/151796761
N12d4886451_41d8906539,12.4886451,41.8906539,road_vertex,way/994987265
N12d4886473_41d8843216,12.4886473,41.8843216,road_vertex,way/1175936715
N12d4886517_41d8928029,12.4886517,41.8928029,road_vertex,way/1216458780
N12d4886518_41d8843258,12.4886518,41.8843258,road_vertex,way/1175936717
N12d4886523_41d8906113,12.4886523,41.8906113,road_vertex,way/131358875
N12d4886524_41d8967714,12.4886524,41.8967714,road_vertex,way/1198088056
N12d4886532_41d8940046,12.4886532,41.8940046,road_vertex,way/23694746
N12d4886585_41d8903816,12.4886585,41.8903816,road_vertex,way/23590985
N12d4886615_41d8935726,12.4886615,41.8935726,road_vertex,way/1365592216
N12d4886645_41d8951670,12.4886645,41.8951670,road_vertex,way/151796772
N12d4886659_41d8952730,12.4886659,41.8952730,road_vertex,way/151796773
N12d4886671_41d8900699,12.4886671,41.8900699,road_vertex,way/137620758
N12d4886681_41d8862614,12.4886681,41.8862614,road_vertex,way/245720327
N12d4886697_41d8900444,12.4886697,41.8900444,road_vertex,way/137620758
N12d4886739_41d8841167,12.4886739,41.8841167,road_vertex,way/1175936739
N12d4886801_41d8951688,12.4886801,41.8951688,road_vertex,way/151796773
N12d4886810_41d8841081,12.4886810,41.8841081,road_vertex,way/1425978128
N12d4886825_41d8907256,12.4886825,41.8907256,road_vertex,way/998810153
N12d4886842_41d8908426,12.4886842,41.8908426,road_vertex,way/994987263
N12d4886846_41d8900136,12.4886846,41.8900136,road_vertex,way/137620758
N12d4886848_41d8934312,12.4886848,41.8934312,road_vertex,way/1365592214
N12d4886852_41d8843083,12.4886852,41.8843083,road_vertex,way/778306425
N12d4886885_41d8875714,12.4886885,41.8875714,road_vertex,way/138281245
N12d4886893_41d8907383,12.4886893,41.8907383,road_vertex,way/994987265
N12d4886897_41d8855493,12.4886897,41.8855493,road_vertex,way/131703993
N12d4886921_41d8901478,12.4886921,41.8901478,road_vertex,way/137620758
N12d4886930_41d8883296,12.4886930,41.8883296,road_vertex,way/48820515
N12d4886944_41d8892791,12.4886944,41.8892791,road_vertex,way/137620735
N12d4886964_41d8928173,12.4886964,41.8928173,road_vertex,way/140264233
N12d4886969_41d8862520,12.4886969,41.8862520,road_vertex,way/245720327
N12d4886971_41d8845192,12.4886971,41.8845192,road_vertex,way/1005926724
N12d4886995_41d8835195,12.4886995,41.8835195,road_vertex,way/356989733
N12d4887000_41d8834610,12.4887000,41.8834610,road_vertex,way/1415678768
N12d4887002_41d8925607,12.4887002,41.8925607,road_vertex,way/1232291699
N12d4887012_41d8928730,12.4887012,41.8928730,road_vertex,way/1216458782
N12d4887018_41d8899921,12.4887018,41.8899921,road_vertex,way/137620758
N12d4887029_41d8890350,12.4887029,41.8890350,road_vertex,way/131635520
N12d4887034_41d8840898,12.4887034,41.8840898,road_vertex,way/1425978128
N12d4887076_41d8913480,12.4887076,41.8913480,road_vertex,way/131358872
N12d4887149_41d8840827,12.4887149,41.8840827,road_vertex,way/1425978127
N12d4887156_41d8843862,12.4887156,41.8843862,road_vertex,way/1175936715
N12d4887174_41d8899762,12.4887174,41.8899762,road_vertex,way/137620758
N12d4887180_41d8906284,12.4887180,41.8906284,road_vertex,way/131358875
N12d4887240_41d8840768,12.4887240,41.8840768,road_vertex,way/1425978127
N12d4887244_41d8960269,12.4887244,41.8960269,road_vertex,way/777223415
N12d4887311_41d8862506,12.4887311,41.8862506,road_vertex,way/245720327
N12d4887330_41d8910433,12.4887330,41.8910433,road_vertex,way/1433295390
N12d4887330_41d8928411,12.4887330,41.8928411,road_vertex,way/1216458782
N12d4887336_41d8899667,12.4887336,41.8899667,road_vertex,way/137620758
N12d4887339_41d8947511,12.4887339,41.8947511,road_vertex,way/151796773
N12d4887340_41d8908282,12.4887340,41.8908282,road_vertex,way/994987263
N12d4887394_41d8883771,12.4887394,41.8883771,road_vertex,way/48820515
N12d4887403_41d8840639,12.4887403,41.8840639,road_vertex,way/1425978127
N12d4887423_41d8840904,12.4887423,41.8840904,road_vertex,way/178471727
N12d4887434_41d8845048,12.4887434,41.8845048,road_vertex,way/1005926724
N12d4887466_41d8908522,12.4887466,41.8908522,road_vertex,way/998810150
N12d4887533_41d8840540,12.4887533,41.8840540,road_vertex,way/1425978127
N12d4887603_41d8862556,12.4887603,41.8862556,road_vertex,way/245720327
N12d4887605_41d8925870,12.4887605,41.8925870,road_vertex,way/1232291699
N12d4887640_41d8899576,12.4887640,41.8899576,road_vertex,way/137620758
N12d4887643_41d8953407,12.4887643,41.8953407,road_vertex,way/151796767
N12d4887654_41d8890310,12.4887654,41.8890310,road_vertex,way/131635520
N12d4887674_41d8932125,12.4887674,41.8932125,road_vertex,way/201972049
N12d4887698_41d8840420,12.4887698,41.8840420,road_vertex,way/1425978125
N12d4887706_41d8876703,12.4887706,41.8876703,road_vertex,way/138281245
N12d4887711_41d8883989,12.4887711,41.8883989,road_vertex,way/48820515
N12d4887726_41d8952827,12.4887726,41.8952827,road_vertex,way/151796773
N12d4887734_41d8953148,12.4887734,41.8953148,road_vertex,way/151796767
N12d4887751_41d8910297,12.4887751,41.8910297,road_vertex,way/1433295389
N12d4887783_41d8850415,12.4887783,41.8850415,road_vertex,way/1175936715
N12d4887793_41d8913237,12.4887793,41.8913237,road_vertex,way/24533630
N12d4887793_41d8925883,12.4887793,41.8925883,road_vertex,way/995413513
N12d4887801_41d8862615,12.4887801,41.8862615,road_vertex,way/245720327
N12d4887805_41d8840329,12.4887805,41.8840329,road_vertex,way/1425978124
N12d4888027_41d8925247,12.4888027,41.8925247,road_vertex,way/140383808
N12d4888032_41d8931895,12.4888032,41.8931895,road_vertex,way/190022921
N12d4888042_41d8884181,12.4888042,41.8884181,road_vertex,way/48820515
N12d4888044_41d8899456,12.4888044,41.8899456,road_vertex,way/137620758
N12d4888048_41d8925889,12.4888048,41.8925889,road_vertex,way/140383803
N12d4888082_41d8926395,12.4888082,41.8926395,road_vertex,way/140383810
N12d4888092_41d8928906,12.4888092,41.8928906,road_vertex,way/140264233
N12d4888095_41d8834443,12.4888095,41.8834443,road_vertex,way/356989733
N12d4888112_41d8844408,12.4888112,41.8844408,road_vertex,way/778306425
N12d4888115_41d8927156,12.4888115,41.8927156,road_vertex,way/209449236
N12d4888118_41d8926278,12.4888118,41.8926278,road_vertex,way/140383810
N12d4888131_41d8845831,12.4888131,41.8845831,road_vertex,way/1005926724
N12d4888142_41d8877634,12.4888142,41.8877634,road_vertex,way/245720741
N12d4888143_41d8903934,12.4888143,41.8903934,road_vertex,way/27350500
N12d4888144_41d8925449,12.4888144,41.8925449,road_vertex,way/140383808
N12d4888164_41d8890318,12.4888164,41.8890318,road_vertex,way/131635520
N12d4888166_41d8926106,12.4888166,41.8926106,road_vertex,way/140383810
N12d4888177_41d8927208,12.4888177,41.8927208,road_vertex,way/209449236
N12d4888187_41d8925893,12.4888187,41.8925893,road_vertex,way/140383803
N12d4888191_41d8925603,12.4888191,41.8925603,road_vertex,way/140383808
N12d4888201_41d8925706,12.4888201,41.8925706,road_vertex,way/140383808
N12d4888286_41d8910125,12.4888286,41.8910125,road_vertex,way/1433295388
N12d4888289_41d8839985,12.4888289,41.8839985,road_vertex,way/1425978124
N12d4888304_41d8862814,12.4888304,41.8862814,road_vertex,way/245720327
N12d4888337_41d8925119,12.4888337,41.8925119,road_vertex,way/140383812
N12d4888337_41d8929065,12.4888337,41.8929065,road_vertex,way/140264233
N12d4888351_41d8926522,12.4888351,41.8926522,road_vertex,way/140383807
N12d4888368_41d8931665,12.4888368,41.8931665,road_vertex,way/190022921
N12d4888382_41d8851165,12.4888382,41.8851165,road_vertex,way/24782382
N12d4888400_41d8899337,12.4888400,41.8899337,road_vertex,way/137620758
N12d4888403_41d8884331,12.4888403,41.8884331,road_vertex,way/48820515
N12d4888411_41d8908290,12.4888411,41.8908290,road_vertex,way/998810150
N12d4888416_41d8926420,12.4888416,41.8926420,road_vertex,way/140383807
N12d4888424_41d8921438,12.4888424,41.8921438,road_vertex,way/1365592208
N12d4888428_41d8925312,12.4888428,41.8925312,road_vertex,way/140383812
N12d4888465_41d8926310,12.4888465,41.8926310,road_vertex,way/140383807
N12d4888467_41d8925424,12.4888467,41.8925424,road_vertex,way/140383812
N12d4888486_41d8903923,12.4888486,41.8903923,road_vertex,way/27350500
N12d4888507_41d8925642,12.4888507,41.8925642,road_vertex,way/140383812
N12d4888509_41d8926192,12.4888509,41.8926192,road_vertex,way/140383807
N12d4888529_41d8834137,12.4888529,41.8834137,road_vertex,way/1355987029
N12d4888532_41d8845590,12.4888532,41.8845590,road_vertex,way/1175936715
N12d4888546_41d8925885,12.4888546,41.8925885,road_vertex,way/140383811
N12d4888564_41d8851798,12.4888564,41.8851798,road_vertex,way/1359208664
N12d4888572_41d8878765,12.4888572,41.8878765,road_vertex,way/245720741
N12d4888585_41d8963983,12.4888585,41.8963983,road_vertex,way/777223411
N12d4888626_41d8951928,12.4888626,41.8951928,road_vertex,way/151796773
N12d4888649_41d8890394,12.4888649,41.8890394,road_vertex,way/131635520
N12d4888656_41d8952864,12.4888656,41.8952864,road_vertex,way/151796773
N12d4888682_41d8899211,12.4888682,41.8899211,road_vertex,way/137620758
N12d4888697_41d8931399,12.4888697,41.8931399,road_vertex,way/190022921
N12d4888704_41d8892590,12.4888704,41.8892590,road_vertex,way/137620735
N12d4888812_41d8884438,12.4888812,41.8884438,road_vertex,way/48820515
N12d4888832_41d8903039,12.4888832,41.8903039,road_vertex,way/137620753
N12d4888839_41d8868407,12.4888839,41.8868407,road_vertex,way/188150399
N12d4888868_41d8863029,12.4888868,41.8863029,road_vertex,way/245720327
N12d4888889_41d8912878,12.4888889,41.8912878,road_vertex,way/24533631
N12d4888924_41d8839537,12.4888924,41.8839537,road_vertex,way/1425978126
N12d4888928_41d8960162,12.4888928,41.8960162,road_vertex,way/95509648
N12d4888943_41d8903228,12.4888943,41.8903228,road_vertex,way/137620753
N12d4888949_41d8842109,12.4888949,41.8842109,road_vertex,way/178471727
N12d4888956_41d8903936,12.4888956,41.8903936,road_vertex,way/27350500
N12d4889005_41d8931132,12.4889005,41.8931132,road_vertex,way/190022921
N12d4889007_41d8890538,12.4889007,41.8890538,road_vertex,way/131635520
N12d4889064_41d8916727,12.4889064,41.8916727,road_vertex,way/24533634
N12d4889075_41d8922596,12.4889075,41.8922596,road_vertex,way/1410563621
N12d4889089_41d8839446,12.4889089,41.8839446,road_vertex,way/1425978126
N12d4889102_41d8925913,12.4889102,41.8925913,road_vertex,way/140383811
N12d4889135_41d8898972,12.4889135,41.8898972,road_vertex,way/137620758
N12d4889160_41d8903158,12.4889160,41.8903158,road_vertex,way/137620753
N12d4889177_41d8925409,12.4889177,41.8925409,road_vertex,way/140383811
N12d4889255_41d8839552,12.4889255,41.8839552,road_vertex,way/1208915580
N12d4889270_41d8880975,12.4889270,41.8880975,road_vertex,way/245720741
N12d4889292_41d8963767,12.4889292,41.8963767,road_vertex,way/44457233
N12d4889308_41d8847628,12.4889308,41.8847628,road_vertex,way/1175936715
N12d4889322_41d8925320,12.4889322,41.8925320,road_vertex,way/190655543
N12d4889345_41d8884533,12.4889345,41.8884533,road_vertex,way/48820515
N12d4889395_41d8905716,12.4889395,41.8905716,road_vertex,way/1174753660
N12d4889400_41d8903919,12.4889400,41.8903919,road_vertex,way/27350500
N12d4889405_41d8849352,12.4889405,41.8849352,road_vertex,way/1175936718
N12d4889432_41d8832881,12.4889432,41.8832881,road_vertex,way/1415678768
N12d4889455_41d8890856,12.4889455,41.8890856,road_vertex,way/131635520
N12d4889470_41d8851471,12.4889470,41.8851471,road_vertex,way/24782382
N12d4889471_41d8846403,12.4889471,41.8846403,road_vertex,way/778306425
N12d4889486_41d8863344,12.4889486,41.8863344,road_vertex,way/245720327
N12d4889609_41d8903011,12.4889609,41.8903011,road_vertex,way/136245103
N12d4889615_41d8852172,12.4889615,41.8852172,road_vertex,way/1382630316
N12d4889645_41d8912645,12.4889645,41.8912645,road_vertex,way/131358814
N12d4889682_41d8924492,12.4889682,41.8924492,road_vertex,way/190655543
N12d4889706_41d8948051,12.4889706,41.8948051,road_vertex,way/151796773
N12d4889714_41d8960092,12.4889714,41.8960092,road_vertex,way/95509648
N12d4889725_41d8892279,12.4889725,41.8892279,road_vertex,way/137620740
N12d4889739_41d8852005,12.4889739,41.8852005,road_vertex,way/1359208665
N12d4889767_41d8863611,12.4889767,41.8863611,road_vertex,way/245720327
N12d4889769_41d8902715,12.4889769,41.8902715,road_vertex,way/23590985
N12d4889778_41d8842862,12.4889778,41.8842862,road_vertex,way/178471727
N12d4889817_41d8891269,12.4889817,41.8891269,road_vertex,way/131635520
N12d4889866_41d8903927,12.4889866,41.8903927,road_vertex,way/27350500
N12d4889913_41d8898413,12.4889913,41.8898413,road_vertex,way/137620758
N12d4889921_41d8883070,12.4889921,41.8883070,road_vertex,way/245720741
N12d4889925_41d8925727,12.4889925,41.8925727,road_vertex,way/140383801
N12d4889944_41d8835242,12.4889944,41.8835242,road_vertex,way/1355987029
N12d4889966_41d8930244,12.4889966,41.8930244,road_vertex,way/190022921
N12d4889981_41d8863878,12.4889981,41.8863878,road_vertex,way/245720327
N12d4889983_41d8884565,12.4889983,41.8884565,road_vertex,way/48820515
N12d4889990_41d8960046,12.4889990,41.8960046,road_vertex,way/95509648
N12d4889991_41d8851614,12.4889991,41.8851614,road_vertex,way/818515548
N12d4890071_41d8833094,12.4890071,41.8833094,road_vertex,way/1355987029
N12d4890094_41d8906243,12.4890094,41.8906243,road_vertex,way/1174753660
N12d4890164_41d8877102,12.4890164,41.8877102,road_vertex,way/74230024
N12d4890168_41d8864214,12.4890168,41.8864214,road_vertex,way/245720327
N12d4890177_41d8851300,12.4890177,41.8851300,road_vertex,way/1359208666
N12d4890203_41d8930039,12.4890203,41.8930039,road_vertex,way/190022921
N12d4890206_41d8959993,12.4890206,41.8959993,road_vertex,way/95509648
N12d4890211_41d8848240,12.4890211,41.8848240,road_vertex,way/778306425
N12d4890213_41d8960616,12.4890213,41.8960616,road_vertex,way/777223415
N12d4890216_41d8905505,12.4890216,41.8905505,road_vertex,way/1543173033
N12d4890237_41d8851227,12.4890237,41.8851227,road_vertex,way/1359208666
N12d4890239_41d8904035,12.4890239,41.8904035,road_vertex,way/27350500
N12d4890241_41d8891877,12.4890241,41.8891877,road_vertex,way/131635520
N12d4890271_41d8864520,12.4890271,41.8864520,road_vertex,way/245720327
N12d4890300_41d8961074,12.4890300,41.8961074,road_vertex,way/777223411
N12d4890335_41d8945583,12.4890335,41.8945583,road_vertex,way/23694828
N12d4890346_41d8892048,12.4890346,41.8892048,road_vertex,way/137620740
N12d4890363_41d8848889,12.4890363,41.8848889,road_vertex,way/1175936718
N12d4890376_41d8913918,12.4890376,41.8913918,road_vertex,way/131358814
N12d4890380_41d8884522,12.4890380,41.8884522,road_vertex,way/137620769
N12d4890402_41d8864815,12.4890402,41.8864815,road_vertex,way/245720327
N12d4890408_41d8929883,12.4890408,41.8929883,road_vertex,way/190022921
N12d4890411_41d8961827,12.4890411,41.8961827,road_vertex,way/777223411
N12d4890420_41d8961272,12.4890420,41.8961272,road_vertex,way/777223411
N12d4890421_41d8850997,12.4890421,41.8850997,road_vertex,way/818515550
N12d4890443_41d8961363,12.4890443,41.8961363,road_vertex,way/1364335778
N12d4890449_41d8959880,12.4890449,41.8959880,road_vertex,way/95509648
N12d4890457_41d8961662,12.4890457,41.8961662,road_vertex,way/777223411
N12d4890480_41d8961514,12.4890480,41.8961514,road_vertex,way/777223411
N12d4890500_41d8906131,12.4890500,41.8906131,road_vertex,way/1174753660
N12d4890516_41d8885017,12.4890516,41.8885017,road_vertex,way/137620758
N12d4890525_41d8876883,12.4890525,41.8876883,road_vertex,way/74230024
N12d4890549_41d8848923,12.4890549,41.8848923,road_vertex,way/778306425
N12d4890556_41d8960670,12.4890556,41.8960670,road_vertex,way/777223414
N12d4890557_41d8833287,12.4890557,41.8833287,road_vertex,way/1052631575
N12d4890564_41d8904233,12.4890564,41.8904233,road_vertex,way/27350500
N12d4890580_41d8892429,12.4890580,41.8892429,road_vertex,way/137620758
N12d4890599_41d8843848,12.4890599,41.8843848,road_vertex,way/124048542
N12d4890610_41d8892207,12.4890610,41.8892207,road_vertex,way/137620758
N12d4890631_41d8959759,12.4890631,41.8959759,road_vertex,way/95509648
N12d4890664_41d8851785,12.4890664,41.8851785,road_vertex,way/24782382
N12d4890664_41d8897535,12.4890664,41.8897535,road_vertex,way/137620758
N12d4890693_41d8929688,12.4890693,41.8929688,road_vertex,way/190022921
N12d4890713_41d8836031,12.4890713,41.8836031,road_vertex,way/356989737
N12d4890778_41d8876635,12.4890778,41.8876635,road_vertex,way/1319851861
N12d4890788_41d8959622,12.4890788,41.8959622,road_vertex,way/95509648
N12d4890798_41d8891973,12.4890798,41.8891973,road_vertex,way/137620758
N12d4890811_41d8865871,12.4890811,41.8865871,road_vertex,way/245720327
N12d4890848_41d8933592,12.4890848,41.8933592,road_vertex,way/201972049
N12d4890888_41d8960732,12.4890888,41.8960732,road_vertex,way/777223414
N12d4890904_41d8959486,12.4890904,41.8959486,road_vertex,way/95509648
N12d4890925_41d8958422,12.4890925,41.8958422,road_vertex,way/1304670646
N12d4890925_41d8961378,12.4890925,41.8961378,road_vertex,way/1364335778
N12d4890935_41d8850277,12.4890935,41.8850277,road_vertex,way/818515546
N12d4890945_41d8929543,12.4890945,41.8929543,road_vertex,way/190022921
N12d4890962_41d8897285,12.4890962,41.8897285,road_vertex,way/137620758
N12d4890965_41d8876383,12.4890965,41.8876383,road_vertex,way/1319851861
N12d4890997_41d8959354,12.4890997,41.8959354,road_vertex,way/95509648
N12d4891031_41d8923588,12.4891031,41.8923588,road_vertex,way/190655543
N12d4891040_41d8850554,12.4891040,41.8850554,road_vertex,way/818515550
N12d4891059_41d8959229,12.4891059,41.8959229,road_vertex,way/95509648
N12d4891077_41d8891782,12.4891077,41.8891782,road_vertex,way/137620758
N12d4891095_41d8844602,12.4891095,41.8844602,road_vertex,way/124048542
N12d4891135_41d8958995,12.4891135,41.8958995,road_vertex,way/1198113186
N12d4891144_41d8887808,12.4891144,41.8887808,road_vertex,way/137620758
N12d4891151_41d8876131,12.4891151,41.8876131,road_vertex,way/1319851861
N12d4891239_41d8897132,12.4891239,41.8897132,road_vertex,way/137620758
N12d4891254_41d8866982,12.4891254,41.8866982,road_vertex,way/245720327
N12d4891255_41d8923467,12.4891255,41.8923467,road_vertex,way/1459472722
N12d4891260_41d8834450,12.4891260,41.8834450,road_vertex,way/1355987029
N12d4891273_41d8850355,12.4891273,41.8850355,road_vertex,way/1425978121
N12d4891286_41d8851931,12.4891286,41.8851931,road_vertex,way/24782382
N12d4891307_41d8958467,12.4891307,41.8958467,road_vertex,way/1304670646
N12d4891313_41d8904790,12.4891313,41.8904790,road_vertex,way/27350500
N12d4891334_41d8960825,12.4891334,41.8960825,road_vertex,way/777223414
N12d4891349_41d8961484,12.4891349,41.8961484,road_vertex,way/1198088057
N12d4891366_41d8891539,12.4891366,41.8891539,road_vertex,way/137620758
N12d4891368_41d8915976,12.4891368,41.8915976,road_vertex,way/180216916
N12d4891468_41d8929264,12.4891468,41.8929264,road_vertex,way/190022921
N12d4891531_41d8891227,12.4891531,41.8891227,road_vertex,way/137620758
N12d4891536_41d8831934,12.4891536,41.8831934,road_vertex,way/1355987029
N12d4891550_41d8935517,12.4891550,41.8935517,road_vertex,way/1364330681
N12d4891560_41d8890914,12.4891560,41.8890914,road_vertex,way/137620758
N12d4891645_41d8904912,12.4891645,41.8904912,road_vertex,way/27350500
N12d4891659_41d8869654,12.4891659,41.8869654,road_vertex,way/188150399
N12d4891673_41d8961565,12.4891673,41.8961565,road_vertex,way/1364339150
N12d4891680_41d8834189,12.4891680,41.8834189,road_vertex,way/1355987029
N12d4891685_41d8913549,12.4891685,41.8913549,road_vertex,way/24533633
N12d4891718_41d8936231,12.4891718,41.8936231,road_vertex,way/232183087
N12d4891773_41d8836571,12.4891773,41.8836571,road_vertex,way/356989737
N12d4891783_41d8961593,12.4891783,41.8961593,road_vertex,way/1364339150
N12d4891799_41d8958538,12.4891799,41.8958538,road_vertex,way/1304670646
N12d4891855_41d8960939,12.4891855,41.8960939,road_vertex,way/777223414
N12d4891867_41d8852971,12.4891867,41.8852971,road_vertex,way/1382630316
N12d4891868_41d8894411,12.4891868,41.8894411,road_vertex,way/137620758
N12d4891883_41d8934014,12.4891883,41.8934014,road_vertex,way/201972049
N12d4891907_41d8857264,12.4891907,41.8857264,road_vertex,way/136245104
N12d4891914_41d8834021,12.4891914,41.8834021,road_vertex,way/1355987029
N12d4891933_41d8961406,12.4891933,41.8961406,road_vertex,way/1198088058
N12d4891988_41d8935627,12.4891988,41.8935627,road_vertex,way/1364330680
N12d4892000_41d8869143,12.4892000,41.8869143,road_vertex,way/245720327
N12d4892054_41d8834889,12.4892054,41.8834889,road_vertex,way/1415675838
N12d4892065_41d8922854,12.4892065,41.8922854,road_vertex,way/1459472722
N12d4892099_41d8914214,12.4892099,41.8914214,road_vertex,way/24533633
N12d4892116_41d8961446,12.4892116,41.8961446,road_vertex,way/1364335779
N12d4892118_41d8835293,12.4892118,41.8835293,road_vertex,way/356989738
N12d4892137_41d8961384,12.4892137,41.8961384,road_vertex,way/1364335779
N12d4892142_41d8852148,12.4892142,41.8852148,road_vertex,way/24782382
N12d4892165_41d8834586,12.4892165,41.8834586,road_vertex,way/1415675838
N12d4892232_41d8934138,12.4892232,41.8934138,road_vertex,way/201972049
N12d4892250_41d8858070,12.4892250,41.8858070,road_vertex,way/136245104
N12d4892269_41d8961036,12.4892269,41.8961036,road_vertex,way/1198088059
N12d4892275_41d8896651,12.4892275,41.8896651,road_vertex,way/137620758
N12d4892286_41d8842358,12.4892286,41.8842358,road_vertex,way/1175936728
N12d4892286_41d8935688,12.4892286,41.8935688,road_vertex,way/1364330680
N12d4892296_41d8931822,12.4892296,41.8931822,road_vertex,way/42752303
N12d4892300_41d8904966,12.4892300,41.8904966,road_vertex,way/1543173033
N12d4892317_41d8849638,12.4892317,41.8849638,road_vertex,way/1425978121
N12d4892317_41d8979931,12.4892317,41.8979931,road_vertex,way/1198088029
N12d4892324_41d8842198,12.4892324,41.8842198,road_vertex,way/1175936728
N12d4892375_41d8960757,12.4892375,41.8960757,road_vertex,way/1364335780
N12d4892387_41d8836828,12.4892387,41.8836828,road_vertex,way/818515543
N12d4892397_41d8960702,12.4892397,41.8960702,road_vertex,way/1364335780
N12d4892398_41d8870025,12.4892398,41.8870025,road_vertex,way/245720327
N12d4892430_41d8846797,12.4892430,41.8846797,road_vertex,way/124048542
N12d4892529_41d8980057,12.4892529,41.8980057,road_vertex,way/1198088029
N12d4892564_41d8835865,12.4892564,41.8835865,road_vertex,way/356989738
N12d4892577_41d8870341,12.4892577,41.8870341,road_vertex,way/245720327
N12d4892591_41d8842846,12.4892591,41.8842846,road_vertex,way/1175936728
N12d4892601_41d8934256,12.4892601,41.8934256,road_vertex,way/201972049
N12d4892648_41d8896462,12.4892648,41.8896462,road_vertex,way/137620758
N12d4892704_41d8895915,12.4892704,41.8895915,road_vertex,way/137620758
N12d4892772_41d8849286,12.4892772,41.8849286,road_vertex,way/1425978122
N12d4892779_41d8896306,12.4892779,41.8896306,road_vertex,way/137620758
N12d4892780_41d8896138,12.4892780,41.8896138,road_vertex,way/137620758
N12d4892799_41d8922782,12.4892799,41.8922782,road_vertex,way/1459472722
N12d4892800_41d8931510,12.4892800,41.8931510,road_vertex,way/42752303
N12d4892810_41d8870677,12.4892810,41.8870677,road_vertex,way/245720327
N12d4892852_41d8934310,12.4892852,41.8934310,road_vertex,way/201972049
N12d4892882_41d8835662,12.4892882,41.8835662,road_vertex,way/1415675838
N12d4892900_41d8860500,12.4892900,41.8860500,road_vertex,way/136245104
N12d4892921_41d8836486,12.4892921,41.8836486,road_vertex,way/818515544
N12d4892930_41d8878131,12.4892930,41.8878131,road_vertex,way/136245101
N12d4892946_41d8878381,12.4892946,41.8878381,road_vertex,way/136245101
N12d4893004_41d8849118,12.4893004,41.8849118,road_vertex,way/1425978122
N12d4893024_41d8878660,12.4893024,41.8878660,road_vertex,way/1319851858
N12d4893029_41d8871102,12.4893029,41.8871102,road_vertex,way/136245104
N12d4893036_41d8877879,12.4893036,41.8877879,road_vertex,way/136245101
N12d4893055_41d8878773,12.4893055,41.8878773,road_vertex,way/660128727
N12d4893109_41d8922646,12.4893109,41.8922646,road_vertex,way/1459472722
N12d4893110_41d8871433,12.4893110,41.8871433,road_vertex,way/136245104
N12d4893123_41d8934358,12.4893123,41.8934358,road_vertex,way/201972049
N12d4893161_41d8867282,12.4893161,41.8867282,road_vertex,way/136245104
N12d4893164_41d8853875,12.4893164,41.8853875,road_vertex,way/1382630316
N12d4893193_41d8866681,12.4893193,41.8866681,road_vertex,way/136245104
N12d4893199_41d8848089,12.4893199,41.8848089,road_vertex,way/366798638
N12d4893260_41d8877723,12.4893260,41.8877723,road_vertex,way/136245101
N12d4893260_41d8930070,12.4893260,41.8930070,road_vertex,way/42752300
N12d4893266_41d8867975,12.4893266,41.8867975,road_vertex,way/136245104
N12d4893302_41d8837574,12.4893302,41.8837574,road_vertex,way/818515543
N12d4893375_41d8870374,12.4893375,41.8870374,road_vertex,way/136245104
N12d4893410_41d8879255,12.4893410,41.8879255,road_vertex,way/131704001
N12d4893423_41d8934406,12.4893423,41.8934406,road_vertex,way/201972049
N12d4893445_41d8863082,12.4893445,41.8863082,road_vertex,way/136245104
N12d4893458_41d8848788,12.4893458,41.8848788,road_vertex,way/818515547
N12d4893467_41d8868499,12.4893467,41.8868499,road_vertex,way/136245104
N12d4893474_41d8951810,12.4893474,41.8951810,road_vertex,way/95509648
N12d4893493_41d8865923,12.4893493,41.8865923,road_vertex,way/136245104
N12d4893505_41d8922099,12.4893505,41.8922099,road_vertex,way/1459472722
N12d4893529_41d8877833,12.4893529,41.8877833,road_vertex,way/1319851858
N12d4893542_41d8848727,12.4893542,41.8848727,road_vertex,way/818515547
N12d4893559_41d8863520,12.4893559,41.8863520,road_vertex,way/231177928
N12d4893624_41d8870142,12.4893624,41.8870142,road_vertex,way/136245104
N12d4893643_41d8877564,12.4893643,41.8877564,road_vertex,way/136245101
N12d4893663_41d8869121,12.4893663,41.8869121,road_vertex,way/136245104
N12d4893671_41d8930260,12.4893671,41.8930260,road_vertex,way/42752303
N12d4893697_41d8878862,12.4893697,41.8878862,road_vertex,way/660128728
N12d4893722_41d8879551,12.4893722,41.8879551,road_vertex,way/131704001
N12d4893722_41d8934470,12.4893722,41.8934470,road_vertex,way/201972049
N12d4893728_41d8869812,12.4893728,41.8869812,road_vertex,way/136245104
N12d4893732_41d8877799,12.4893732,41.8877799,road_vertex,way/1319851858
N12d4893740_41d8848586,12.4893740,41.8848586,road_vertex,way/818515547
N12d4893741_41d8878542,12.4893741,41.8878542,road_vertex,way/1319851858
N12d4893779_41d8941378,12.4893779,41.8941378,road_vertex,way/23694829
N12d4893794_41d8864504,12.4893794,41.8864504,road_vertex,way/136245104
N12d4893819_41d8865304,12.4893819,41.8865304,road_vertex,way/136245104
N12d4893820_41d8852633,12.4893820,41.8852633,road_vertex,way/24782382
N12d4893853_41d8921660,12.4893853,41.8921660,road_vertex,way/1459472722
N12d4893887_41d8837147,12.4893887,41.8837147,road_vertex,way/818515544
N12d4893889_41d8848478,12.4893889,41.8848478,road_vertex,way/818515547
N12d4893931_41d8913644,12.4893931,41.8913644,road_vertex,way/24533633
N12d4893948_41d8878523,12.4893948,41.8878523,road_vertex,way/1319851858
N12d4893978_41d8905192,12.4893978,41.8905192,road_vertex,way/1174753660
N12d4894019_41d8934552,12.4894019,41.8934552,road_vertex,way/201972049
N12d4894022_41d8877768,12.4894022,41.8877768,road_vertex,way/1319851858
N12d4894064_41d8930442,12.4894064,41.8930442,road_vertex,way/42752300
N12d4894084_41d8849593,12.4894084,41.8849593,road_vertex,way/831190225
N12d4894119_41d8914017,12.4894119,41.8914017,road_vertex,way/131358807
N12d4894154_41d8916867,12.4894154,41.8916867,road_vertex,way/131358870
N12d4894168_41d8916355,12.4894168,41.8916355,road_vertex,way/1459472697
N12d4894199_41d8916728,12.4894199,41.8916728,road_vertex,way/131358870
N12d4894204_41d8917024,12.4894204,41.8917024,road_vertex,way/131358870
N12d4894209_41d8879894,12.4894209,41.8879894,road_vertex,way/131704001
N12d4894224_41d8904733,12.4894224,41.8904733,road_vertex,way/1174753660
N12d4894233_41d8878476,12.4894233,41.8878476,road_vertex,way/1319851858
N12d4894238_41d8873710,12.4894238,41.8873710,road_vertex,way/136245104
N12d4894245_41d8877731,12.4894245,41.8877731,road_vertex,way/1319851858
N12d4894257_41d8904410,12.4894257,41.8904410,road_vertex,way/1543173033
N12d4894268_41d8849432,12.4894268,41.8849432,road_vertex,way/180007862
N12d4894274_41d8875877,12.4894274,41.8875877,road_vertex,way/1319851860
N12d4894299_41d8916629,12.4894299,41.8916629,road_vertex,way/1459472698
N12d4894306_41d8845624,12.4894306,41.8845624,road_vertex,way/1175936728
N12d4894310_41d8916484,12.4894310,41.8916484,road_vertex,way/1459472698
N12d4894315_41d8934650,12.4894315,41.8934650,road_vertex,way/201972049
N12d4894320_41d8917175,12.4894320,41.8917175,road_vertex,way/131358870
N12d4894386_41d8916563,12.4894386,41.8916563,road_vertex,way/1459472698
N12d4894399_41d8846012,12.4894399,41.8846012,road_vertex,way/1175936728
N12d4894412_41d8877405,12.4894412,41.8877405,road_vertex,way/136245101
N12d4894413_41d8849311,12.4894413,41.8849311,road_vertex,way/180007862
N12d4894449_41d8836559,12.4894449,41.8836559,road_vertex,way/1415675838
N12d4894460_41d8878453,12.4894460,41.8878453,road_vertex,way/1319851858
N12d4894500_41d8837595,12.4894500,41.8837595,road_vertex,way/818515544
N12d4894552_41d8877692,12.4894552,41.8877692,road_vertex,way/1319851858
N12d4894569_41d8917427,12.4894569,41.8917427,road_vertex,way/1459472699
N12d4894576_41d8847989,12.4894576,41.8847989,road_vertex,way/1359208667
N12d4894644_41d8914944,12.4894644,41.8914944,road_vertex,way/180216916
N12d4894709_41d8917548,12.4894709,41.8917548,road_vertex,way/1459472699
N12d4894740_41d8836584,12.4894740,41.8836584,road_vertex,way/1415675838
N12d4894752_41d8846610,12.4894752,41.8846610,road_vertex,way/818515513
N12d4894759_41d8877658,12.4894759,41.8877658,road_vertex,way/1319851858
N12d4894763_41d8878403,12.4894763,41.8878403,road_vertex,way/1319851858
N12d4894765_41d8880175,12.4894765,41.8880175,road_vertex,way/131704001
N12d4894801_41d8916898,12.4894801,41.8916898,road_vertex,way/1459472706
N12d4894834_41d8848048,12.4894834,41.8848048,road_vertex,way/1175936727
N12d4894837_41d8877344,12.4894837,41.8877344,road_vertex,way/136245101
N12d4894846_41d8848129,12.4894846,41.8848129,road_vertex,way/1175936727
N12d4894872_41d8934849,12.4894872,41.8934849,road_vertex,way/201972049
N12d4894876_41d8847792,12.4894876,41.8847792,road_vertex,way/1359208667
N12d4894907_41d8829583,12.4894907,41.8829583,road_vertex,way/1355987029
N12d4894938_41d8917767,12.4894938,41.8917767,road_vertex,way/1459472699
N12d4894957_41d8839038,12.4894957,41.8839038,road_vertex,way/818515543
N12d4894966_41d8878355,12.4894966,41.8878355,road_vertex,way/1319851858
N12d4894973_41d8863318,12.4894973,41.8863318,road_vertex,way/231177928
N12d4894981_41d8847622,12.4894981,41.8847622,road_vertex,way/818515545
N12d4895009_41d8912703,12.4895009,41.8912703,road_vertex,way/994987264
N12d4895036_41d8877010,12.4895036,41.8877010,road_vertex,way/136245101
N12d4895046_41d8877603,12.4895046,41.8877603,road_vertex,way/1319851858
N12d4895069_41d8847492,12.4895069,41.8847492,road_vertex,way/818515545
N12d4895069_41d8851153,12.4895069,41.8851153,road_vertex,way/831190225
N12d4895102_41d8847211,12.4895102,41.8847211,road_vertex,way/1500788510
N12d4895123_41d8875820,12.4895123,41.8875820,road_vertex,way/1319851859
N12d4895159_41d8840166,12.4895159,41.8840166,road_vertex,way/1175936728
N12d4895159_41d8848617,12.4895159,41.8848617,road_vertex,way/1052631577
N12d4895165_41d8934949,12.4895165,41.8934949,road_vertex,way/201972049
N12d4895184_41d8917280,12.4895184,41.8917280,road_vertex,way/1459472706
N12d4895188_41d8847363,12.4895188,41.8847363,road_vertex,way/1500788510
N12d4895214_41d8877576,12.4895214,41.8877576,road_vertex,way/1319851858
N12d4895255_41d8850604,12.4895255,41.8850604,road_vertex,way/1175936712
N12d4895255_41d8878308,12.4895255,41.8878308,road_vertex,way/1319851858
N12d4895289_41d8850714,12.4895289,41.8850714,road_vertex,way/1175936712
N12d4895294_41d8850460,12.4895294,41.8850460,road_vertex,way/1270384904
N12d4895312_41d8916613,12.4895312,41.8916613,road_vertex,way/1459472706
N12d4895322_41d8850820,12.4895322,41.8850820,road_vertex,way/1175936712
N12d4895359_41d8850302,12.4895359,41.8850302,road_vertex,way/1270384904
N12d4895404_41d8938200,12.4895404,41.8938200,road_vertex,way/1502861118
N12d4895407_41d8878584,12.4895407,41.8878584,road_vertex,way/660128728
N12d4895408_41d8917503,12.4895408,41.8917503,road_vertex,way/1459472706
N12d4895425_41d8876831,12.4895425,41.8876831,road_vertex,way/1212565027
N12d4895448_41d8848323,12.4895448,41.8848323,road_vertex,way/180007862
N12d4895469_41d8938081,12.4895469,41.8938081,road_vertex,way/1502861119
N12d4895472_41d8880552,12.4895472,41.8880552,road_vertex,way/131704001
N12d4895479_41d8852958,12.4895479,41.8852958,road_vertex,way/1297716842
N12d4895479_41d8935048,12.4895479,41.8935048,road_vertex,way/201972049
N12d4895480_41d8850074,12.4895480,41.8850074,road_vertex,way/1270384904
N12d4895509_41d8878570,12.4895509,41.8878570,road_vertex,way/1319851858
N12d4895517_41d8877122,12.4895517,41.8877122,road_vertex,way/1212565028
N12d4895563_41d8877289,12.4895563,41.8877289,road_vertex,way/1212565028
N12d4895569_41d8849896,12.4895569,41.8849896,road_vertex,way/1270384904
N12d4895605_41d8977678,12.4895605,41.8977678,road_vertex,way/1198088029
N12d4895622_41d8852398,12.4895622,41.8852398,road_vertex,way/1175936713
N12d4895669_41d8946867,12.4895669,41.8946867,road_vertex,way/95509648
N12d4895678_41d8849423,12.4895678,41.8849423,road_vertex,way/1359208668
N12d4895681_41d8852167,12.4895681,41.8852167,road_vertex,way/1175936713
N12d4895701_41d8877784,12.4895701,41.8877784,road_vertex,way/136245102
N12d4895711_41d8848032,12.4895711,41.8848032,road_vertex,way/180007862
N12d4895724_41d8838490,12.4895724,41.8838490,road_vertex,way/818515544
N12d4895730_41d8931238,12.4895730,41.8931238,road_vertex,way/42752300
N12d4895743_41d8849542,12.4895743,41.8849542,road_vertex,way/1359208668
N12d4895751_41d8851420,12.4895751,41.8851420,road_vertex,way/1175936712
N12d4895791_41d8935136,12.4895791,41.8935136,road_vertex,way/201972049
N12d4895806_41d8852018,12.4895806,41.8852018,road_vertex,way/1175936713
N12d4895824_41d8936573,12.4895824,41.8936573,road_vertex,way/1364330679
N12d4895854_41d8847883,12.4895854,41.8847883,road_vertex,way/1425906261
N12d4895861_41d8937358,12.4895861,41.8937358,road_vertex,way/292411181
N12d4895881_41d8863188,12.4895881,41.8863188,road_vertex,way/1382630316
N12d4895901_41d8846785,12.4895901,41.8846785,road_vertex,way/1425978123
N12d4895928_41d8878512,12.4895928,41.8878512,road_vertex,way/660128729
N12d4895934_41d8847800,12.4895934,41.8847800,road_vertex,way/1425906260
N12d4895946_41d8880855,12.4895946,41.8880855,road_vertex,way/131704001
N12d4895973_41d8851820,12.4895973,41.8851820,road_vertex,way/1175936713
N12d4896024_41d8931369,12.4896024,41.8931369,road_vertex,way/42752300
N12d4896050_41d8916173,12.4896050,41.8916173,road_vertex,way/1459472705
N12d4896126_41d8935225,12.4896126,41.8935225,road_vertex,way/201972049
N12d4896151_41d8842530,12.4896151,41.8842530,road_vertex,way/1425978123
N12d4896161_41d8842859,12.4896161,41.8842859,road_vertex,way/1425978123
N12d4896173_41d8828782,12.4896173,41.8828782,road_vertex,way/1355987029
N12d4896187_41d8842249,12.4896187,41.8842249,road_vertex,way/1425978123
N12d4896191_41d8879453,12.4896191,41.8879453,road_vertex,way/1212565029
N12d4896210_41d8843686,12.4896210,41.8843686,road_vertex,way/1425978123
N12d4896214_41d8846035,12.4896214,41.8846035,road_vertex,way/1425978123
N12d4896217_41d8938286,12.4896217,41.8938286,road_vertex,way/1502861119
N12d4896256_41d8936680,12.4896256,41.8936680,road_vertex,way/1364330678
N12d4896294_41d8841938,12.4896294,41.8841938,road_vertex,way/1425978123
N12d4896295_41d8879842,12.4896295,41.8879842,road_vertex,way/1212565029
N12d4896310_41d8853211,12.4896310,41.8853211,road_vertex,way/831190225
N12d4896320_41d8847400,12.4896320,41.8847400,road_vertex,way/1425906260
N12d4896325_41d8938104,12.4896325,41.8938104,road_vertex,way/1364330685
N12d4896329_41d8879971,12.4896329,41.8879971,road_vertex,way/1212565030
N12d4896330_41d8848281,12.4896330,41.8848281,road_vertex,way/1270384904
N12d4896339_41d8931501,12.4896339,41.8931501,road_vertex,way/42752300
N12d4896362_41d8881164,12.4896362,41.8881164,road_vertex,way/131704001
N12d4896370_41d8844744,12.4896370,41.8844744,road_vertex,way/1425978123
N12d4896396_41d8845449,12.4896396,41.8845449,road_vertex,way/1425978123
N12d4896407_41d8841683,12.4896407,41.8841683,road_vertex,way/1425978123
N12d4896415_41d8837123,12.4896415,41.8837123,road_vertex,way/22908055
N12d4896461_41d8880470,12.4896461,41.8880470,road_vertex,way/1212565030
N12d4896488_41d8878459,12.4896488,41.8878459,road_vertex,way/131703997
N12d4896506_41d8848113,12.4896506,41.8848113,road_vertex,way/1425906261
N12d4896572_41d8841467,12.4896572,41.8841467,road_vertex,way/1425978123
N12d4896627_41d8931621,12.4896627,41.8931621,road_vertex,way/42752300
N12d4896628_41d8900443,12.4896628,41.8900443,road_vertex,way/23590985
N12d4896640_41d8919626,12.4896640,41.8919626,road_vertex,way/1459472709
N12d4896648_41d8937574,12.4896648,41.8937574,road_vertex,way/1364330685
N12d4896659_41d8905964,12.4896659,41.8905964,road_vertex,way/994987264
N12d4896703_41d8961492,12.4896703,41.8961492,road_vertex,way/1198088060
N12d4896716_41d8920234,12.4896716,41.8920234,road_vertex,way/1459472722
N12d4896720_41d8846245,12.4896720,41.8846245,road_vertex,way/1425978123
N12d4896725_41d8881458,12.4896725,41.8881458,road_vertex,way/131704001
N12d4896748_41d8841280,12.4896748,41.8841280,road_vertex,way/1425978123
N12d4896771_41d8854149,12.4896771,41.8854149,road_vertex,way/831190225
N12d4896792_41d8846991,12.4896792,41.8846991,road_vertex,way/1425906260
N12d4896826_41d8906284,12.4896826,41.8906284,road_vertex,way/131358866
N12d4896871_41d8936832,12.4896871,41.8936832,road_vertex,way/1364330678
N12d4896915_41d8878396,12.4896915,41.8878396,road_vertex,way/131703997
N12d4896935_41d8841102,12.4896935,41.8841102,road_vertex,way/1425978123
N12d4896935_41d8931741,12.4896935,41.8931741,road_vertex,way/42752300
N12d4896973_41d8937039,12.4896973,41.8937039,road_vertex,way/1364330685
N12d4896978_41d8935441,12.4896978,41.8935441,road_vertex,way/201972049
N12d4896982_41d8920376,12.4896982,41.8920376,road_vertex,way/190655544
N12d4896989_41d8945054,12.4896989,41.8945054,road_vertex,way/23694830
N12d4897027_41d8855014,12.4897027,41.8855014,road_vertex,way/831190225
N12d4897065_41d8936890,12.4897065,41.8936890,road_vertex,way/1364330683
N12d4897094_41d8828227,12.4897094,41.8828227,road_vertex,way/1355987029
N12d4897147_41d8883415,12.4897147,41.8883415,road_vertex,way/23590985
N12d4897167_41d8915490,12.4897167,41.8915490,road_vertex,way/1459472707
N12d4897249_41d8931860,12.4897249,41.8931860,road_vertex,way/42752300
N12d4897255_41d8845712,12.4897255,41.8845712,road_vertex,way/1425978123
N12d4897267_41d8974474,12.4897267,41.8974474,road_vertex,way/232423372
N12d4897272_41d8830202,12.4897272,41.8830202,road_vertex,way/1355987029
N12d4897274_41d8827758,12.4897274,41.8827758,road_vertex,way/1355987029
N12d4897328_41d8828765,12.4897328,41.8828765,road_vertex,way/1355987029
N12d4897332_41d8878315,12.4897332,41.8878315,road_vertex,way/131703997
N12d4897340_41d8827588,12.4897340,41.8827588,road_vertex,way/1355987029
N12d4897341_41d8920450,12.4897341,41.8920450,road_vertex,way/190655544
N12d4897369_41d8840793,12.4897369,41.8840793,road_vertex,way/1425978123
N12d4897397_41d8829614,12.4897397,41.8829614,road_vertex,way/1355987029
N12d4897407_41d8836040,12.4897407,41.8836040,road_vertex,way/190022913
N12d4897425_41d8829210,12.4897425,41.8829210,road_vertex,way/1355987029
N12d4897477_41d8919138,12.4897477,41.8919138,road_vertex,way/1459472714
N12d4897550_41d8931980,12.4897550,41.8931980,road_vertex,way/42752300
N12d4897594_41d8826928,12.4897594,41.8826928,road_vertex,way/1355987029
N12d4897614_41d8915939,12.4897614,41.8915939,road_vertex,way/1459472707
N12d4897703_41d8914842,12.4897703,41.8914842,road_vertex,way/1459472707
N12d4897768_41d8846120,12.4897768,41.8846120,road_vertex,way/1425906262
N12d4897795_41d8848532,12.4897795,41.8848532,road_vertex,way/1359208670
N12d4897800_41d8886355,12.4897800,41.8886355,road_vertex,way/23590985
N12d4897807_41d8920446,12.4897807,41.8920446,road_vertex,way/190655544
N12d4897817_41d8916144,12.4897817,41.8916144,road_vertex,way/1459472707
N12d4897861_41d8932116,12.4897861,41.8932116,road_vertex,way/42752300
N12d4897889_41d8974220,12.4897889,41.8974220,road_vertex,way/1198088033
N12d4897904_41d8900130,12.4897904,41.8900130,road_vertex,way/23590985
N12d4897914_41d8911447,12.4897914,41.8911447,road_vertex,way/131358867
N12d4897917_41d8915054,12.4897917,41.8915054,road_vertex,way/1459472707
N12d4898035_41d8919695,12.4898035,41.8919695,road_vertex,way/1459472714
N12d4898055_41d8932205,12.4898055,41.8932205,road_vertex,way/42752300
N12d4898100_41d8911802,12.4898100,41.8911802,road_vertex,way/994987264
N12d4898103_41d8844719,12.4898103,41.8844719,road_vertex,way/1425978123
N12d4898114_41d8853445,12.4898114,41.8853445,road_vertex,way/24781652
N12d4898116_41d8887798,12.4898116,41.8887798,road_vertex,way/23590985
N12d4898127_41d8908542,12.4898127,41.8908542,road_vertex,way/1006264582
N12d4898137_41d8853916,12.4898137,41.8853916,road_vertex,way/24781652
N12d4898157_41d8853067,12.4898157,41.8853067,road_vertex,way/24781652
N12d4898168_41d8942817,12.4898168,41.8942817,road_vertex,way/23694830
N12d4898219_41d8888350,12.4898219,41.8888350,road_vertex,way/23590985
N12d4898226_41d8899982,12.4898226,41.8899982,road_vertex,way/23590985
N12d4898237_41d8920368,12.4898237,41.8920368,road_vertex,way/190655544
N12d4898257_41d8854527,12.4898257,41.8854527,road_vertex,way/24781652
N12d4898270_41d8852677,12.4898270,41.8852677,road_vertex,way/24781652
N12d4898283_41d8889097,12.4898283,41.8889097,road_vertex,way/23590985
N12d4898288_41d8845585,12.4898288,41.8845585,road_vertex,way/202805955
N12d4898292_41d8840193,12.4898292,41.8840193,road_vertex,way/1425978123
N12d4898443_41d8852303,12.4898443,41.8852303,road_vertex,way/24781652
N12d4898464_41d8855277,12.4898464,41.8855277,road_vertex,way/24781652
N12d4898473_41d8894690,12.4898473,41.8894690,road_vertex,way/23590985
N12d4898477_41d8899817,12.4898477,41.8899817,road_vertex,way/23590985
N12d4898554_41d8920219,12.4898554,41.8920219,road_vertex,way/190655544
N12d4898619_41d8895314,12.4898619,41.8895314,road_vertex,way/23590985
N12d4898703_41d8847189,12.4898703,41.8847189,road_vertex,way/1359208669
N12d4898719_41d8919315,12.4898719,41.8919315,road_vertex,way/1459472714
N12d4898730_41d8856159,12.4898730,41.8856159,road_vertex,way/25794027
N12d4898753_41d8925547,12.4898753,41.8925547,road_vertex,way/1364330667
N12d4898764_41d8899569,12.4898764,41.8899569,road_vertex,way/23590985
N12d4898808_41d8844958,12.4898808,41.8844958,road_vertex,way/202805955
N12d4898859_41d8843489,12.4898859,41.8843489,road_vertex,way/1425978123
N12d4898862_41d8932525,12.4898862,41.8932525,road_vertex,way/201194127
N12d4898887_41d8925663,12.4898887,41.8925663,road_vertex,way/42752307
N12d4898896_41d8846054,12.4898896,41.8846054,road_vertex,way/1425906262
N12d4899005_41d8844688,12.4899005,41.8844688,road_vertex,way/202805955
N12d4899044_41d8899293,12.4899044,41.8899293,road_vertex,way/23590985
N12d4899097_41d8903034,12.4899097,41.8903034,road_vertex,way/1543173033
N12d4899122_41d8827449,12.4899122,41.8827449,road_vertex,way/1355987029
N12d4899148_41d8878042,12.4899148,41.8878042,road_vertex,way/131703994
N12d4899187_41d8853604,12.4899187,41.8853604,road_vertex,way/25794027
N12d4899189_41d8853906,12.4899189,41.8853906,road_vertex,way/25794027
N12d4899203_41d8899057,12.4899203,41.8899057,road_vertex,way/23590985
N12d4899211_41d8853448,12.4899211,41.8853448,road_vertex,way/25794027
N12d4899214_41d8847343,12.4899214,41.8847343,road_vertex,way/24781652
N12d4899236_41d8854190,12.4899236,41.8854190,road_vertex,way/25794027
N12d4899246_41d8855460,12.4899246,41.8855460,road_vertex,way/25794027
N12d4899285_41d8839558,12.4899285,41.8839558,road_vertex,way/1425978123
N12d4899289_41d8943170,12.4899289,41.8943170,road_vertex,way/202442784
N12d4899291_41d8844267,12.4899291,41.8844267,road_vertex,way/202805955
N12d4899331_41d8898755,12.4899331,41.8898755,road_vertex,way/23590985
N12d4899337_41d8854445,12.4899337,41.8854445,road_vertex,way/25794027
N12d4899340_41d8897254,12.4899340,41.8897254,road_vertex,way/23590985
N12d4899372_41d8855232,12.4899372,41.8855232,road_vertex,way/25794027
N12d4899388_41d8852868,12.4899388,41.8852868,road_vertex,way/25794027
N12d4899396_41d8898541,12.4899396,41.8898541,road_vertex,way/23590985
N12d4899417_41d8854724,12.4899417,41.8854724,road_vertex,way/25794027
N12d4899431_41d8854984,12.4899431,41.8854984,road_vertex,way/25794027
N12d4899447_41d8898316,12.4899447,41.8898316,road_vertex,way/23590985
N12d4899448_41d8897764,12.4899448,41.8897764,road_vertex,way/23590985
N12d4899472_41d8898038,12.4899472,41.8898038,road_vertex,way/23590985
N12d4899480_41d8842369,12.4899480,41.8842369,road_vertex,way/1425978123
N12d4899480_41d8918898,12.4899480,41.8918898,road_vertex,way/1459472713
N12d4899544_41d8843878,12.4899544,41.8843878,road_vertex,way/202805955
N12d4899563_41d8847552,12.4899563,41.8847552,road_vertex,way/24781652
N12d4899565_41d8925361,12.4899565,41.8925361,road_vertex,way/140383795
N12d4899594_41d8852466,12.4899594,41.8852466,road_vertex,way/25794027
N12d4899608_41d8839343,12.4899608,41.8839343,road_vertex,way/1425978123
N12d4899615_41d8859399,12.4899615,41.8859399,road_vertex,way/169903362
N12d4899767_41d8859974,12.4899767,41.8859974,road_vertex,way/24781652
N12d4899783_41d8925726,12.4899783,41.8925726,road_vertex,way/1007115510
N12d4899820_41d8843372,12.4899820,41.8843372,road_vertex,way/202805955
N12d4899832_41d8847761,12.4899832,41.8847761,road_vertex,way/24781652
N12d4899848_41d8868191,12.4899848,41.8868191,road_vertex,way/1297716842
N12d4899860_41d8852082,12.4899860,41.8852082,road_vertex,way/25794027
N12d4899862_41d8865026,12.4899862,41.8865026,road_vertex,way/831190225
N12d4899873_41d8849808,12.4899873,41.8849808,road_vertex,way/24781652
N12d4899897_41d8846552,12.4899897,41.8846552,road_vertex,way/1359208674
N12d4899904_41d8846673,12.4899904,41.8846673,road_vertex,way/1359208674
N12d4899906_41d8925933,12.4899906,41.8925933,road_vertex,way/1007115510
N12d4899927_41d8845994,12.4899927,41.8845994,road_vertex,way/1425906263
N12d4899929_41d8925194,12.4899929,41.8925194,road_vertex,way/42752307
N12d4899932_41d8841301,12.4899932,41.8841301,road_vertex,way/1425978123
N12d4899948_41d8845579,12.4899948,41.8845579,road_vertex,way/1425906263
N12d4899953_41d8845220,12.4899953,41.8845220,road_vertex,way/1359208673
N12d4899959_41d8845062,12.4899959,41.8845062,road_vertex,way/1298029984
N12d4899993_41d8844703,12.4899993,41.8844703,road_vertex,way/1298029984
N12d4900001_41d8865387,12.4900001,41.8865387,road_vertex,way/831190225
N12d4900008_41d8833716,12.4900008,41.8833716,road_vertex,way/190022913
N12d4900024_41d8849526,12.4900024,41.8849526,road_vertex,way/24781652
N12d4900033_41d8917684,12.4900033,41.8917684,road_vertex,way/1459472723
N12d4900053_41d8840932,12.4900053,41.8840932,road_vertex,way/1425978123
N12d4900064_41d8842898,12.4900064,41.8842898,road_vertex,way/202805955
N12d4900094_41d8844334,12.4900094,41.8844334,road_vertex,way/1298029990
N12d4900131_41d8848126,12.4900131,41.8848126,road_vertex,way/24781652
N12d4900138_41d8838999,12.4900138,41.8838999,road_vertex,way/1425978123
N12d4900138_41d8840554,12.4900138,41.8840554,road_vertex,way/1425978123
N12d4900143_41d8877898,12.4900143,41.8877898,road_vertex,way/1382630316
N12d4900148_41d8849264,12.4900148,41.8849264,road_vertex,way/24781652
N12d4900158_41d8865709,12.4900158,41.8865709,road_vertex,way/831190225
N12d4900162_41d8860446,12.4900162,41.8860446,road_vertex,way/24781650
N12d4900165_41d8851752,12.4900165,41.8851752,road_vertex,way/25794027
N12d4900172_41d8907971,12.4900172,41.8907971,road_vertex,way/1006264582
N12d4900201_41d8839737,12.4900201,41.8839737,road_vertex,way/1425978123
N12d4900219_41d8848322,12.4900219,41.8848322,road_vertex,way/24781652
N12d4900226_41d8986141,12.4900226,41.8986141,road_vertex,way/122185790
N12d4900227_41d8925070,12.4900227,41.8925070,road_vertex,way/42752307
N12d4900229_41d8839065,12.4900229,41.8839065,road_vertex,way/1425978123
N12d4900246_41d8839237,12.4900246,41.8839237,road_vertex,way/1425978123
N12d4900257_41d8842484,12.4900257,41.8842484,road_vertex,way/202805955
N12d4900258_41d8848898,12.4900258,41.8848898,road_vertex,way/24781652
N12d4900266_41d8836667,12.4900266,41.8836667,road_vertex,way/1175936728
N12d4900270_41d8859323,12.4900270,41.8859323,road_vertex,way/169903365
N12d4900280_41d8848517,12.4900280,41.8848517,road_vertex,way/25794025
N12d4900280_41d8848717,12.4900280,41.8848717,road_vertex,way/24781652
N12d4900336_41d8866024,12.4900336,41.8866024,road_vertex,way/831190225
N12d4900341_41d8860625,12.4900341,41.8860625,road_vertex,way/24781650
N12d4900367_41d8878671,12.4900367,41.8878671,road_vertex,way/1382630316
N12d4900415_41d8832308,12.4900415,41.8832308,road_vertex,way/1490704269
N12d4900469_41d8851483,12.4900469,41.8851483,road_vertex,way/25794027
N12d4900483_41d8868120,12.4900483,41.8868120,road_vertex,way/140343146
N12d4900487_41d8845251,12.4900487,41.8845251,road_vertex,way/1272873220
N12d4900497_41d8924960,12.4900497,41.8924960,road_vertex,way/42752307
N12d4900513_41d8860756,12.4900513,41.8860756,road_vertex,way/24781650
N12d4900513_41d8866286,12.4900513,41.8866286,road_vertex,way/831190225
N12d4900523_41d8985302,12.4900523,41.8985302,road_vertex,way/122185790
N12d4900583_41d8841641,12.4900583,41.8841641,road_vertex,way/202805955
N12d4900584_41d8963061,12.4900584,41.8963061,road_vertex,way/1364339151
N12d4900611_41d8962967,12.4900611,41.8962967,road_vertex,way/1364339151
N12d4900627_41d8907844,12.4900627,41.8907844,road_vertex,way/1006264581
N12d4900630_41d8843440,12.4900630,41.8843440,road_vertex,way/1298029990
N12d4900637_41d8878628,12.4900637,41.8878628,road_vertex,way/1175936725
N12d4900662_41d8941017,12.4900662,41.8941017,road_vertex,way/202442784
N12d4900707_41d8860842,12.4900707,41.8860842,road_vertex,way/24781650
N12d4900718_41d8962660,12.4900718,41.8962660,road_vertex,way/1198113185
N12d4900738_41d8845910,12.4900738,41.8845910,road_vertex,way/24566952
N12d4900754_41d8848662,12.4900754,41.8848662,road_vertex,way/25794026
N12d4900773_41d8832822,12.4900773,41.8832822,road_vertex,way/190022913
N12d4900777_41d8828171,12.4900777,41.8828171,road_vertex,way/1355987029
N12d4900803_41d8832404,12.4900803,41.8832404,road_vertex,way/1490704269
N12d4900805_41d8962409,12.4900805,41.8962409,road_vertex,way/1364339152
N12d4900815_41d8866641,12.4900815,41.8866641,road_vertex,way/831190225
N12d4900822_41d8984327,12.4900822,41.8984327,road_vertex,way/122185790
N12d4900830_41d8924834,12.4900830,41.8924834,road_vertex,way/42752307
N12d4900834_41d8962325,12.4900834,41.8962325,road_vertex,way/1364339152
N12d4900857_41d8851163,12.4900857,41.8851163,road_vertex,way/25794027
N12d4900861_41d8863486,12.4900861,41.8863486,road_vertex,way/169903368
N12d4900887_41d8878591,12.4900887,41.8878591,road_vertex,way/1175936725
N12d4900897_41d8863622,12.4900897,41.8863622,road_vertex,way/24781651
N12d4900902_41d8918557,12.4900902,41.8918557,road_vertex,way/1459472723
N12d4900950_41d8843995,12.4900950,41.8843995,road_vertex,way/1298029986
N12d4900959_41d8945605,12.4900959,41.8945605,road_vertex,way/1192040463
N12d4900967_41d8863806,12.4900967,41.8863806,road_vertex,way/24781651
N12d4900980_41d8845230,12.4900980,41.8845230,road_vertex,way/1272873220
N12d4901010_41d8924778,12.4901010,41.8924778,road_vertex,way/42752307
N12d4901012_41d8840435,12.4901012,41.8840435,road_vertex,way/202805955
N12d4901028_41d8963450,12.4901028,41.8963450,road_vertex,way/1364339153
N12d4901037_41d8863947,12.4901037,41.8863947,road_vertex,way/24781651
N12d4901074_41d8832470,12.4901074,41.8832470,road_vertex,way/1490704267
N12d4901081_41d8866916,12.4901081,41.8866916,road_vertex,way/831190225
N12d4901111_41d8963475,12.4901111,41.8963475,road_vertex,way/1364339153
N12d4901134_41d8963169,12.4901134,41.8963169,road_vertex,way/1198088058
N12d4901138_41d8864108,12.4901138,41.8864108,road_vertex,way/24781651
N12d4901147_41d8843274,12.4901147,41.8843274,road_vertex,way/818515541
N12d4901200_41d8868004,12.4901200,41.8868004,road_vertex,way/140343146
N12d4901206_41d8924731,12.4901206,41.8924731,road_vertex,way/42752307
N12d4901267_41d8865286,12.4901267,41.8865286,road_vertex,way/831190228
N12d4901270_41d8864292,12.4901270,41.8864292,road_vertex,way/24781651
N12d4901290_41d8878528,12.4901290,41.8878528,road_vertex,way/1175936725
N12d4901352_41d8868493,12.4901352,41.8868493,road_vertex,way/140343146
N12d4901382_41d8859202,12.4901382,41.8859202,road_vertex,way/169903365
N12d4901401_41d8933272,12.4901401,41.8933272,road_vertex,way/50602036
N12d4901412_41d8867189,12.4901412,41.8867189,road_vertex,way/831190225
N12d4901428_41d8868738,12.4901428,41.8868738,road_vertex,way/140343141
N12d4901431_41d8963547,12.4901431,41.8963547,road_vertex,way/1198088055
N12d4901435_41d8962434,12.4901435,41.8962434,road_vertex,way/1198088066
N12d4901439_41d8839282,12.4901439,41.8839282,road_vertex,way/202805955
N12d4901449_41d8864483,12.4901449,41.8864483,road_vertex,way/831190228
N12d4901463_41d8844152,12.4901463,41.8844152,road_vertex,way/1298029985
N12d4901470_41d8832554,12.4901470,41.8832554,road_vertex,way/1490704268
N12d4901512_41d8924670,12.4901512,41.8924670,road_vertex,way/42752307
N12d4901516_41d8845790,12.4901516,41.8845790,road_vertex,way/24566952
N12d4901519_41d8866631,12.4901519,41.8866631,road_vertex,way/831190228
N12d4901538_41d8846504,12.4901538,41.8846504,road_vertex,way/1359208671
N12d4901563_41d8869173,12.4901563,41.8869173,road_vertex,way/140343150
N12d4901566_41d8845147,12.4901566,41.8845147,road_vertex,way/1272873220
N12d4901570_41d8834736,12.4901570,41.8834736,road_vertex,way/190022924
N12d4901592_41d8834397,12.4901592,41.8834397,road_vertex,way/190022914
N12d4901621_41d8864614,12.4901621,41.8864614,road_vertex,way/24781651
N12d4901625_41d8944192,12.4901625,41.8944192,road_vertex,way/1192040463
N12d4901636_41d8834010,12.4901636,41.8834010,road_vertex,way/190022914
N12d4901636_41d8866985,12.4901636,41.8866985,road_vertex,way/831190228
N12d4901663_41d8838468,12.4901663,41.8838468,road_vertex,way/59099648
N12d4901685_41d8944096,12.4901685,41.8944096,road_vertex,way/1190977605
N12d4901695_41d8962858,12.4901695,41.8962858,road_vertex,way/777223413
N12d4901707_41d8833717,12.4901707,41.8833717,road_vertex,way/190022914
N12d4901728_41d8864677,12.4901728,41.8864677,road_vertex,way/24781651
N12d4901745_41d8832610,12.4901745,41.8832610,road_vertex,way/1490704270
N12d4901745_41d8850569,12.4901745,41.8850569,road_vertex,way/25794027
N12d4901757_41d8841009,12.4901757,41.8841009,road_vertex,way/1298029990
N12d4901776_41d8837899,12.4901776,41.8837899,road_vertex,way/59099648
N12d4901785_41d8833483,12.4901785,41.8833483,road_vertex,way/190022914
N12d4901795_41d8943960,12.4901795,41.8943960,road_vertex,way/1190977605
N12d4901798_41d8867448,12.4901798,41.8867448,road_vertex,way/831190225
N12d4901802_41d8859691,12.4901802,41.8859691,road_vertex,way/169903375
N12d4901817_41d8924624,12.4901817,41.8924624,road_vertex,way/42752307
N12d4901845_41d8864733,12.4901845,41.8864733,road_vertex,way/24781651
N12d4901870_41d8837132,12.4901870,41.8837132,road_vertex,way/59099648
N12d4901879_41d8963648,12.4901879,41.8963648,road_vertex,way/1364339154
N12d4901884_41d8833249,12.4901884,41.8833249,road_vertex,way/190022914
N12d4901898_41d8836500,12.4901898,41.8836500,road_vertex,way/190022924
N12d4901934_41d8933427,12.4901934,41.8933427,road_vertex,way/24492141
N12d4901967_41d8944014,12.4901967,41.8944014,road_vertex,way/23694747
N12d4901986_41d8963674,12.4901986,41.8963674,road_vertex,way/1364339154
N12d4902012_41d8833017,12.4902012,41.8833017,road_vertex,way/190022914
N12d4902017_41d8850401,12.4902017,41.8850401,road_vertex,way/1415293358
N12d4902058_41d8864802,12.4902058,41.8864802,road_vertex,way/24781651
N12d4902083_41d8963425,12.4902083,41.8963425,road_vertex,way/1198088034
N12d4902094_41d8845038,12.4902094,41.8845038,road_vertex,way/1272873220
N12d4902101_41d8838553,12.4902101,41.8838553,road_vertex,way/74326041
N12d4902126_41d8845677,12.4902126,41.8845677,road_vertex,way/24566952
N12d4902133_41d8867323,12.4902133,41.8867323,road_vertex,way/831190228
N12d4902149_41d8924609,12.4902149,41.8924609,road_vertex,way/42752307
N12d4902151_41d8933035,12.4902151,41.8933035,road_vertex,way/50602036
N12d4902169_41d8918104,12.4902169,41.8918104,road_vertex,way/190655544
N12d4902171_41d8861352,12.4902171,41.8861352,road_vertex,way/169903368
N12d4902190_41d8878387,12.4902190,41.8878387,road_vertex,way/1175936726
N12d4902198_41d8832721,12.4902198,41.8832721,road_vertex,way/1490704270
N12d4902201_41d8867688,12.4902201,41.8867688,road_vertex,way/831190225
N12d4902207_41d8923804,12.4902207,41.8923804,road_vertex,way/1364330667
N12d4902239_41d8849805,12.4902239,41.8849805,road_vertex,way/120951465
N12d4902279_41d8864852,12.4902279,41.8864852,road_vertex,way/24781651
N12d4902303_41d8917147,12.4902303,41.8917147,road_vertex,way/1459472708
N12d4902310_41d8885220,12.4902310,41.8885220,road_vertex,way/1502861101
N12d4902335_41d8916375,12.4902335,41.8916375,road_vertex,way/1459472709
N12d4902375_41d8943239,12.4902375,41.8943239,road_vertex,way/1198113180
N12d4902400_41d8850424,12.4902400,41.8850424,road_vertex,way/1415293358
N12d4902411_41d8963483,12.4902411,41.8963483,road_vertex,way/1364339156
N12d4902434_41d8843910,12.4902434,41.8843910,road_vertex,way/1298029985
N12d4902437_41d8963430,12.4902437,41.8963430,road_vertex,way/1364339156
N12d4902440_41d8868413,12.4902440,41.8868413,road_vertex,way/140343150
N12d4902441_41d8839596,12.4902441,41.8839596,road_vertex,way/1298029990
N12d4902462_41d8962600,12.4902462,41.8962600,road_vertex,way/1198088041
N12d4902482_41d8924608,12.4902482,41.8924608,road_vertex,way/42752307
N12d4902506_41d8832246,12.4902506,41.8832246,road_vertex,way/190022914
N12d4902514_41d8902063,12.4902514,41.8902063,road_vertex,way/1236900618
N12d4902530_41d8885830,12.4902530,41.8885830,road_vertex,way/1502861101
N12d4902571_41d8902047,12.4902571,41.8902047,road_vertex,way/1236900617
N12d4902577_41d8868026,12.4902577,41.8868026,road_vertex,way/140343150
N12d4902577_41d8963028,12.4902577,41.8963028,road_vertex,way/1198088042
N12d4902584_41d8864889,12.4902584,41.8864889,road_vertex,way/24781651
N12d4902607_41d8869011,12.4902607,41.8869011,road_vertex,way/203862688
N12d4902621_41d8832825,12.4902621,41.8832825,road_vertex,way/1490704271
N12d4902632_41d8867903,12.4902632,41.8867903,road_vertex,way/831190225
N12d4902635_41d8904272,12.4902635,41.8904272,road_vertex,way/994987264
N12d4902649_41d8838034,12.4902649,41.8838034,road_vertex,way/74326041
N12d4902654_41d8917404,12.4902654,41.8917404,road_vertex,way/1459472708
N12d4902672_41d8840858,12.4902672,41.8840858,road_vertex,way/818515541
N12d4902672_41d8849995,12.4902672,41.8849995,road_vertex,way/120951465
N12d4902673_41d8925593,12.4902673,41.8925593,road_vertex,way/201194127
N12d4902685_41d8960552,12.4902685,41.8960552,road_vertex,way/232940101
N12d4902688_41d8845523,12.4902688,41.8845523,road_vertex,way/24566952
N12d4902688_41d8867781,12.4902688,41.8867781,road_vertex,way/140343150
N12d4902690_41d8962707,12.4902690,41.8962707,road_vertex,way/1364339155
N12d4902704_41d8832867,12.4902704,41.8832867,road_vertex,way/1490704272
N12d4902714_41d8962646,12.4902714,41.8962646,road_vertex,way/1364339155
N12d4902753_41d8867627,12.4902753,41.8867627,road_vertex,way/831190228
N12d4902754_41d8924634,12.4902754,41.8924634,road_vertex,way/42752307
N12d4902767_41d8916789,12.4902767,41.8916789,road_vertex,way/1459472708
N12d4902771_41d8860398,12.4902771,41.8860398,road_vertex,way/134473663
N12d4902777_41d8925372,12.4902777,41.8925372,road_vertex,way/201194127
N12d4902785_41d8886535,12.4902785,41.8886535,road_vertex,way/1502861101
N12d4902806_41d8878288,12.4902806,41.8878288,road_vertex,way/1297716842
N12d4902840_41d8977576,12.4902840,41.8977576,road_vertex,way/122185790
N12d4902848_41d8864908,12.4902848,41.8864908,road_vertex,way/24781651
N12d4902848_41d8923369,12.4902848,41.8923369,road_vertex,way/1364330667
N12d4902859_41d8844776,12.4902859,41.8844776,road_vertex,way/1272873220
N12d4902865_41d8833171,12.4902865,41.8833171,road_vertex,way/1490704272
N12d4902872_41d8831691,12.4902872,41.8831691,road_vertex,way/190022914
N12d4902935_41d8886843,12.4902935,41.8886843,road_vertex,way/1382262424
N12d4902973_41d8860081,12.4902973,41.8860081,road_vertex,way/169903379
N12d4902984_41d8838802,12.4902984,41.8838802,road_vertex,way/1298029990
N12d4903017_41d8850434,12.4903017,41.8850434,road_vertex,way/1415293359
N12d4903068_41d8913186,12.4903068,41.8913186,road_vertex,way/1459472715
N12d4903093_41d8887070,12.4903093,41.8887070,road_vertex,way/1382262424
N12d4903096_41d8831393,12.4903096,41.8831393,road_vertex,way/190022914
N12d4903102_41d8924717,12.4903102,41.8924717,road_vertex,way/625592148
N12d4903126_41d8960902,12.4903126,41.8960902,road_vertex,way/1198088067
N12d4903155_41d8975510,12.4903155,41.8975510,road_vertex,way/1198088038
N12d4903199_41d8829897,12.4903199,41.8829897,road_vertex,way/190022913
N12d4903204_41d8864901,12.4903204,41.8864901,road_vertex,way/24781651
N12d4903228_41d8859681,12.4903228,41.8859681,road_vertex,way/134473663
N12d4903239_41d8833878,12.4903239,41.8833878,road_vertex,way/1490704272
N12d4903253_41d8913383,12.4903253,41.8913383,road_vertex,way/1459472717
N12d4903260_41d8887233,12.4903260,41.8887233,road_vertex,way/1502861100
N12d4903266_41d8924309,12.4903266,41.8924309,road_vertex,way/625592148
N12d4903277_41d8951738,12.4903277,41.8951738,road_vertex,way/209407943
N12d4903299_41d8859569,12.4903299,41.8859569,road_vertex,way/169903361
N12d4903328_41d8977328,12.4903328,41.8977328,road_vertex,way/1198088061
N12d4903371_41d8845257,12.4903371,41.8845257,road_vertex,way/24566952
N12d4903382_41d8975752,12.4903382,41.8975752,road_vertex,way/122185790
N12d4903427_41d8923924,12.4903427,41.8923924,road_vertex,way/625592148
N12d4903439_41d8887354,12.4903439,41.8887354,road_vertex,way/1502861100
N12d4903463_41d8903077,12.4903463,41.8903077,road_vertex,way/1006264576
N12d4903474_41d8925231,12.4903474,41.8925231,road_vertex,way/1364330671
N12d4903483_41d8907046,12.4903483,41.8907046,road_vertex,way/1006264580
N12d4903497_41d8834365,12.4903497,41.8834365,road_vertex,way/1490704273
N12d4903512_41d8859206,12.4903512,41.8859206,road_vertex,way/169903370
N12d4903528_41d8864879,12.4903528,41.8864879,road_vertex,way/24781651
N12d4903542_41d8844488,12.4903542,41.8844488,road_vertex,way/1272873220
N12d4903543_41d8843313,12.4903543,41.8843313,road_vertex,way/1298029985
N12d4903543_41d8903245,12.4903543,41.8903245,road_vertex,way/1006264576
N12d4903550_41d8849514,12.4903550,41.8849514,road_vertex,way/25794027
N12d4903552_41d8834507,12.4903552,41.8834507,road_vertex,way/1490704273
N12d4903559_41d8960686,12.4903559,41.8960686,road_vertex,way/1198088067
N12d4903560_41d8923655,12.4903560,41.8923655,road_vertex,way/1364330666
N12d4903570_41d8925299,12.4903570,41.8925299,road_vertex,way/1364330672
N12d4903576_41d8887559,12.4903576,41.8887559,road_vertex,way/215801339
N12d4903581_41d8850664,12.4903581,41.8850664,road_vertex,way/1415293359
N12d4903612_41d8898463,12.4903612,41.8898463,road_vertex,way/839720156
N12d4903620_41d8859034,12.4903620,41.8859034,road_vertex,way/169903373
N12d4903631_41d8897527,12.4903631,41.8897527,road_vertex,way/839720156
N12d4903646_41d8887470,12.4903646,41.8887470,road_vertex,way/1502861100
N12d4903653_41d8829304,12.4903653,41.8829304,road_vertex,way/190022913
N12d4903660_41d8834938,12.4903660,41.8834938,road_vertex,way/818515542
N12d4903668_41d8924846,12.4903668,41.8924846,road_vertex,way/1364330668
N12d4903675_41d8923404,12.4903675,41.8923404,road_vertex,way/625592148
N12d4903769_41d8899299,12.4903769,41.8899299,road_vertex,way/839720156
N12d4903774_41d8858799,12.4903774,41.8858799,road_vertex,way/169903378
N12d4903788_41d8960553,12.4903788,41.8960553,road_vertex,way/1198088067
N12d4903793_41d8918814,12.4903793,41.8918814,road_vertex,way/140383806
N12d4903811_41d8864856,12.4903811,41.8864856,road_vertex,way/24781651
N12d4903814_41d8899466,12.4903814,41.8899466,road_vertex,way/180216921
N12d4903818_41d8912849,12.4903818,41.8912849,road_vertex,way/1365592208
N12d4903825_41d8923125,12.4903825,41.8923125,road_vertex,way/625592148
N12d4903851_41d8858677,12.4903851,41.8858677,road_vertex,way/169903378
N12d4903876_41d8839122,12.4903876,41.8839122,road_vertex,way/818515541
N12d4903877_41d8945085,12.4903877,41.8945085,road_vertex,way/1190977604
N12d4903895_41d8835872,12.4903895,41.8835872,road_vertex,way/818515542
N12d4903903_41d8906928,12.4903903,41.8906928,road_vertex,way/1006264580
N12d4903916_41d8837694,12.4903916,41.8837694,road_vertex,way/1298029990
N12d4903916_41d8904577,12.4903916,41.8904577,road_vertex,way/1006264578
N12d4903919_41d8845010,12.4903919,41.8845010,road_vertex,way/24566952
N12d4903933_41d8887132,12.4903933,41.8887132,road_vertex,way/1297716844
N12d4903935_41d8858547,12.4903935,41.8858547,road_vertex,way/169903378
N12d4903950_41d8914123,12.4903950,41.8914123,road_vertex,way/1459472717
N12d4903953_41d8828796,12.4903953,41.8828796,road_vertex,way/190022913
N12d4903954_41d8896560,12.4903954,41.8896560,road_vertex,way/839720156
N12d4903973_41d8944792,12.4903973,41.8944792,road_vertex,way/1190977604
N12d4903987_41d8836241,12.4903987,41.8836241,road_vertex,way/1490704266
N12d4904028_41d8924134,12.4904028,41.8924134,road_vertex,way/1364330670
N12d4904051_41d8836538,12.4904051,41.8836538,road_vertex,way/1490704266
N12d4904097_41d8904407,12.4904097,41.8904407,road_vertex,way/1006264578
N12d4904107_41d8922654,12.4904107,41.8922654,road_vertex,way/625592148
N12d4904119_41d8836911,12.4904119,41.8836911,road_vertex,way/1272093138
N12d4904120_41d8858261,12.4904120,41.8858261,road_vertex,way/169903377
N12d4904147_41d8904512,12.4904147,41.8904512,road_vertex,way/1006264578
N12d4904152_41d8923892,12.4904152,41.8923892,road_vertex,way/1364330670
N12d4904161_41d8912026,12.4904161,41.8912026,road_vertex,way/180216916
N12d4904166_41d8889705,12.4904166,41.8889705,road_vertex,way/215801339
N12d4904172_41d8887706,12.4904172,41.8887706,road_vertex,way/833499632
N12d4904181_41d8944561,12.4904181,41.8944561,road_vertex,way/831920258
N12d4904190_41d8837298,12.4904190,41.8837298,road_vertex,way/1272093138
N12d4904207_41d8837331,12.4904207,41.8837331,road_vertex,way/1298029990
N12d4904256_41d8923975,12.4904256,41.8923975,road_vertex,way/1364330670
N12d4904308_41d8844817,12.4904308,41.8844817,road_vertex,way/24566952
N12d4904322_41d8902835,12.4904322,41.8902835,road_vertex,way/1006264576
N12d4904326_41d8857960,12.4904326,41.8857960,road_vertex,way/169903371
N12d4904341_41d8886698,12.4904341,41.8886698,road_vertex,way/1297716844
N12d4904358_41d8850814,12.4904358,41.8850814,road_vertex,way/1415293359
N12d4904376_41d8902945,12.4904376,41.8902945,road_vertex,way/1006264577
N12d4904421_41d8862145,12.4904421,41.8862145,road_vertex,way/24781650
N12d4904422_41d8912445,12.4904422,41.8912445,road_vertex,way/35019274
N12d4904484_41d8948777,12.4904484,41.8948777,road_vertex,way/209407943
N12d4904527_41d8887904,12.4904527,41.8887904,road_vertex,way/833499632
N12d4904529_41d8912616,12.4904529,41.8912616,road_vertex,way/1365592208
N12d4904555_41d8860630,12.4904555,41.8860630,road_vertex,way/169903379
N12d4904562_41d8913873,12.4904562,41.8913873,road_vertex,way/1459472716
N12d4904587_41d8884396,12.4904587,41.8884396,road_vertex,way/1175936711
N12d4904602_41d8866628,12.4904602,41.8866628,road_vertex,way/140343136
N12d4904614_41d8912752,12.4904614,41.8912752,road_vertex,way/35019274
N12d4904628_41d8914842,12.4904628,41.8914842,road_vertex,way/1459472717
N12d4904632_41d8903469,12.4904632,41.8903469,road_vertex,way/1006264577
N12d4904633_41d8939566,12.4904633,41.8939566,road_vertex,way/292411182
N12d4904657_41d8860689,12.4904657,41.8860689,road_vertex,way/169903379
N12d4904673_41d8924311,12.4904673,41.8924311,road_vertex,way/1364330669
N12d4904759_41d8860780,12.4904759,41.8860780,road_vertex,way/169903379
N12d4904767_41d8895665,12.4904767,41.8895665,road_vertex,way/839720156
N12d4904804_41d8915030,12.4904804,41.8915030,road_vertex,way/1459472710
N12d4904813_41d8901410,12.4904813,41.8901410,road_vertex,way/1236900617
N12d4904841_41d8888087,12.4904841,41.8888087,road_vertex,way/833499632
N12d4904854_41d8842607,12.4904854,41.8842607,road_vertex,way/1298029985
N12d4904882_41d8861006,12.4904882,41.8861006,road_vertex,way/169903379
N12d4904908_41d8850983,12.4904908,41.8850983,road_vertex,way/1415293359
N12d4904925_41d8885160,12.4904925,41.8885160,road_vertex,way/1175936711
N12d4904969_41d8906623,12.4904969,41.8906623,road_vertex,way/1006264578
N12d4904982_41d8862359,12.4904982,41.8862359,road_vertex,way/24781650
N12d4905052_41d8924585,12.4905052,41.8924585,road_vertex,way/1364330676
N12d4905082_41d8901915,12.4905082,41.8901915,road_vertex,way/180216921
N12d4905142_41d8828939,12.4905142,41.8828939,road_vertex,way/190022914
N12d4905199_41d8913687,12.4905199,41.8913687,road_vertex,way/1459472716
N12d4905205_41d8859160,12.4905205,41.8859160,road_vertex,way/169903364
N12d4905257_41d8909758,12.4905257,41.8909758,road_vertex,way/994987264
N12d4905264_41d8925257,12.4905264,41.8925257,road_vertex,way/31875385
N12d4905284_41d8837594,12.4905284,41.8837594,road_vertex,way/935289471
N12d4905287_41d8866284,12.4905287,41.8866284,road_vertex,way/140343136
N12d4905412_41d8924777,12.4905412,41.8924777,road_vertex,way/1364330676
N12d4905434_41d8885666,12.4905434,41.8885666,road_vertex,way/1175936711
N12d4905493_41d8914998,12.4905493,41.8914998,road_vertex,way/1459472711
N12d4905558_41d8844006,12.4905558,41.8844006,road_vertex,way/24566952
N12d4905560_41d8862589,12.4905560,41.8862589,road_vertex,way/169903379
N12d4905575_41d8945378,12.4905575,41.8945378,road_vertex,way/1190977604
N12d4905588_41d8837724,12.4905588,41.8837724,road_vertex,way/935289471
N12d4905637_41d8924883,12.4905637,41.8924883,road_vertex,way/1364330676
N12d4905659_41d8851043,12.4905659,41.8851043,road_vertex,way/1415293359
N12d4905674_41d8895190,12.4905674,41.8895190,road_vertex,way/839720156
N12d4905728_41d8842044,12.4905728,41.8842044,road_vertex,way/1298029985
N12d4905812_41d8862986,12.4905812,41.8862986,road_vertex,way/24781650
N12d4905906_41d8924995,12.4905906,41.8924995,road_vertex,way/1364330676
N12d4905944_41d8953347,12.4905944,41.8953347,road_vertex,way/1190977610
N12d4905959_41d8945324,12.4905959,41.8945324,road_vertex,way/1190977604
N12d4905968_41d8835932,12.4905968,41.8835932,road_vertex,way/1298029990
N12d4906041_41d8944646,12.4906041,41.8944646,road_vertex,way/1198113180
N12d4906057_41d8964151,12.4906057,41.8964151,road_vertex,way/1364339157
N12d4906069_41d8859372,12.4906069,41.8859372,road_vertex,way/134473665
N12d4906075_41d8914984,12.4906075,41.8914984,road_vertex,way/1459472711
N12d4906085_41d8964095,12.4906085,41.8964095,road_vertex,way/1364339157
N12d4906135_41d8908945,12.4906135,41.8908945,road_vertex,way/1006264578
N12d4906181_41d8925085,12.4906181,41.8925085,road_vertex,way/1364330676
N12d4906206_41d8963727,12.4906206,41.8963727,road_vertex,way/1198088039
N12d4906218_41d8870580,12.4906218,41.8870580,road_vertex,way/203862688
N12d4906301_41d8964419,12.4906301,41.8964419,road_vertex,way/1364339159
N12d4906307_41d8963417,12.4906307,41.8963417,road_vertex,way/1364339158
N12d4906312_41d8949567,12.4906312,41.8949567,road_vertex,way/1198088070
N12d4906327_41d8963368,12.4906327,41.8963368,road_vertex,way/1364339158
N12d4906328_41d8835278,12.4906328,41.8835278,road_vertex,way/74326041
N12d4906330_41d8851113,12.4906330,41.8851113,road_vertex,way/1415293359
N12d4906330_41d8964419,12.4906330,41.8964419,road_vertex,way/1364339159
N12d4906357_41d8889951,12.4906357,41.8889951,road_vertex,way/130471669
N12d4906363_41d8964199,12.4906363,41.8964199,road_vertex,way/1198088038
N12d4906373_41d8914746,12.4906373,41.8914746,road_vertex,way/190655544
N12d4906390_41d8908890,12.4906390,41.8908890,road_vertex,way/1006264578
N12d4906415_41d8865871,12.4906415,41.8865871,road_vertex,way/140343136
N12d4906473_41d8949191,12.4906473,41.8949191,road_vertex,way/1198088070
N12d4906508_41d8909138,12.4906508,41.8909138,road_vertex,way/1006264578
N12d4906535_41d8945680,12.4906535,41.8945680,road_vertex,way/1190977606
N12d4906554_41d8842624,12.4906554,41.8842624,road_vertex,way/1272873220
N12d4906578_41d8948932,12.4906578,41.8948932,road_vertex,way/1198088070
N12d4906626_41d8945459,12.4906626,41.8945459,road_vertex,way/1190977606
N12d4906659_41d8864634,12.4906659,41.8864634,road_vertex,way/134473594
N12d4906662_41d8964468,12.4906662,41.8964468,road_vertex,way/1198113184
N12d4906671_41d8949561,12.4906671,41.8949561,road_vertex,way/1198088069
N12d4906689_41d8914969,12.4906689,41.8914969,road_vertex,way/1459472712
N12d4906715_41d8843139,12.4906715,41.8843139,road_vertex,way/24566952
N12d4906718_41d8914383,12.4906718,41.8914383,road_vertex,way/190655544
N12d4906718_41d8963450,12.4906718,41.8963450,road_vertex,way/1198088043
N12d4906764_41d8949258,12.4906764,41.8949258,road_vertex,way/232940101
N12d4906847_41d8895223,12.4906847,41.8895223,road_vertex,way/366796449
N12d4906883_41d8963848,12.4906883,41.8963848,road_vertex,way/232940100
N12d4906888_41d8963091,12.4906888,41.8963091,road_vertex,way/1364339162
N12d4906900_41d8890041,12.4906900,41.8890041,road_vertex,way/130471669
N12d4906926_41d8914058,12.4906926,41.8914058,road_vertex,way/190655544
N12d4906940_41d8964508,12.4906940,41.8964508,road_vertex,way/1364339160
N12d4906941_41d8963107,12.4906941,41.8963107,road_vertex,way/1364339162
N12d4906987_41d8964515,12.4906987,41.8964515,road_vertex,way/1364339160
N12d4907020_41d8910213,12.4907020,41.8910213,road_vertex,way/1006264573
N12d4907021_41d8914934,12.4907021,41.8914934,road_vertex,way/1459472712
N12d4907047_41d8964316,12.4907047,41.8964316,road_vertex,way/1198088061
N12d4907054_41d8915999,12.4907054,41.8915999,road_vertex,way/1232291698
N12d4907057_41d8913742,12.4907057,41.8913742,road_vertex,way/190655544
N12d4907074_41d8910327,12.4907074,41.8910327,road_vertex,way/1006264573
N12d4907103_41d8889737,12.4907103,41.8889737,road_vertex,way/833499632
N12d4907105_41d8913317,12.4907105,41.8913317,road_vertex,way/1459472690
N12d4907130_41d8834708,12.4907130,41.8834708,road_vertex,way/74326041
N12d4907134_41d8851403,12.4907134,41.8851403,road_vertex,way/1415293359
N12d4907181_41d8890146,12.4907181,41.8890146,road_vertex,way/130471669
N12d4907183_41d8963159,12.4907183,41.8963159,road_vertex,way/1198088044
N12d4907210_41d8838589,12.4907210,41.8838589,road_vertex,way/935289471
N12d4907211_41d8949843,12.4907211,41.8949843,road_vertex,way/1190977610
N12d4907220_41d8906222,12.4907220,41.8906222,road_vertex,way/180216921
N12d4907275_41d8947828,12.4907275,41.8947828,road_vertex,way/232940101
N12d4907286_41d8949550,12.4907286,41.8949550,road_vertex,way/1364335789
N12d4907342_41d8949551,12.4907342,41.8949551,road_vertex,way/1364335789
N12d4907344_41d8947665,12.4907344,41.8947665,road_vertex,way/232940101
N12d4907408_41d8914856,12.4907408,41.8914856,road_vertex,way/1459472712
N12d4907419_41d8949378,12.4907419,41.8949378,road_vertex,way/1190977610
N12d4907463_41d8940590,12.4907463,41.8940590,road_vertex,way/292411182
N12d4907474_41d8945742,12.4907474,41.8945742,road_vertex,way/1190977608
N12d4907508_41d8945649,12.4907508,41.8945649,road_vertex,way/1364335781
N12d4907537_41d8945577,12.4907537,41.8945577,road_vertex,way/1364335781
N12d4907538_41d8963514,12.4907538,41.8963514,road_vertex,way/1198088048
N12d4907545_41d8961748,12.4907545,41.8961748,road_vertex,way/1198088045
N12d4907564_41d8851562,12.4907564,41.8851562,road_vertex,way/1415293359
N12d4907571_41d8963267,12.4907571,41.8963267,road_vertex,way/1364339161
N12d4907593_41d8945408,12.4907593,41.8945408,road_vertex,way/1190977607
N12d4907636_41d8963294,12.4907636,41.8963294,road_vertex,way/1364339161
N12d4907649_41d8909447,12.4907649,41.8909447,road_vertex,way/1006264572
N12d4907661_41d8945224,12.4907661,41.8945224,road_vertex,way/1190977617
N12d4907666_41d8961480,12.4907666,41.8961480,road_vertex,way/1198088049
N12d4907667_41d8946222,12.4907667,41.8946222,road_vertex,way/1364335784
N12d4907704_41d8946227,12.4907704,41.8946227,road_vertex,way/1364335784
N12d4907711_41d8945791,12.4907711,41.8945791,road_vertex,way/1190977608
N12d4907718_41d8940683,12.4907718,41.8940683,road_vertex,way/292411182
N12d4907748_41d8961302,12.4907748,41.8961302,road_vertex,way/1198088049
N12d4907750_41d8944991,12.4907750,41.8944991,road_vertex,way/1198113180
N12d4907761_41d8834293,12.4907761,41.8834293,road_vertex,way/74326041
N12d4907788_41d8910975,12.4907788,41.8910975,road_vertex,way/22979050
N12d4907804_41d8945927,12.4907804,41.8945927,road_vertex,way/1190977608
N12d4907826_41d8961111,12.4907826,41.8961111,road_vertex,way/1198088052
N12d4907857_41d8961798,12.4907857,41.8961798,road_vertex,way/1198088045
N12d4907860_41d8940184,12.4907860,41.8940184,road_vertex,way/102290916
N12d4907872_41d8835757,12.4907872,41.8835757,road_vertex,way/818515541
N12d4907899_41d8946267,12.4907899,41.8946267,road_vertex,way/1190977609
N12d4907911_41d8887634,12.4907911,41.8887634,road_vertex,way/1175936711
N12d4907911_41d8909995,12.4907911,41.8909995,road_vertex,way/1006264573
N12d4907920_41d8857689,12.4907920,41.8857689,road_vertex,way/134473664
N12d4907953_41d8910083,12.4907953,41.8910083,road_vertex,way/1006264573
N12d4907987_41d8940767,12.4907987,41.8940767,road_vertex,way/292411182
N12d4908003_41d8960736,12.4908003,41.8960736,road_vertex,way/1198088053
N12d4908016_41d8947942,12.4908016,41.8947942,road_vertex,way/1190977610
N12d4908061_41d8865541,12.4908061,41.8865541,road_vertex,way/140343136
N12d4908078_41d8961351,12.4908078,41.8961351,road_vertex,way/202737280
N12d4908080_41d8947775,12.4908080,41.8947775,road_vertex,way/1190977610
N12d4908081_41d8847241,12.4908081,41.8847241,road_vertex,way/25794027
N12d4908155_41d8895635,12.4908155,41.8895635,road_vertex,way/366796449
N12d4908157_41d8940242,12.4908157,41.8940242,road_vertex,way/102290916
N12d4908184_41d8945550,12.4908184,41.8945550,road_vertex,way/831920258
N12d4908191_41d8890472,12.4908191,41.8890472,road_vertex,way/833499632
N12d4908246_41d8961891,12.4908246,41.8961891,road_vertex,way/1198088046
N12d4908274_41d8908360,12.4908274,41.8908360,road_vertex,way/180216921
N12d4908294_41d8916315,12.4908294,41.8916315,road_vertex,way/625592148
N12d4908325_41d8960820,12.4908325,41.8960820,road_vertex,way/1198088053
N12d4908335_41d8890879,12.4908335,41.8890879,road_vertex,way/130471669
N12d4908350_41d8847139,12.4908350,41.8847139,road_vertex,way/25794027
N12d4908394_41d8961566,12.4908394,41.8961566,road_vertex,way/1198088050
N12d4908404_41d8916109,12.4908404,41.8916109,road_vertex,way/625592148
N12d4908425_41d8946382,12.4908425,41.8946382,road_vertex,way/1364335785
N12d4908456_41d8961395,12.4908456,41.8961395,road_vertex,way/1198088050
N12d4908492_41d8915914,12.4908492,41.8915914,road_vertex,way/1232291698
N12d4908497_41d8891078,12.4908497,41.8891078,road_vertex,way/130471669
N12d4908515_41d8946395,12.4908515,41.8946395,road_vertex,way/1364335785
N12d4908522_41d8961228,12.4908522,41.8961228,road_vertex,way/1198088051
N12d4908565_41d8940903,12.4908565,41.8940903,road_vertex,way/292411182
N12d4908579_41d8908275,12.4908579,41.8908275,road_vertex,way/130471677
N12d4908583_41d8946165,12.4908583,41.8946165,road_vertex,way/1364335783
N12d4908583_41d8961410,12.4908583,41.8961410,road_vertex,way/202737280
N12d4908597_41d8871659,12.4908597,41.8871659,road_vertex,way/203862688
N12d4908601_41d8915737,12.4908601,41.8915737,road_vertex,way/625592148
N12d4908612_41d8913024,12.4908612,41.8913024,road_vertex,way/1459472690
N12d4908612_41d8946136,12.4908612,41.8946136,road_vertex,way/1364335783
N12d4908616_41d8891259,12.4908616,41.8891259,road_vertex,way/130471669
N12d4908623_41d8851782,12.4908623,41.8851782,road_vertex,way/1415293359
N12d4908637_41d8847083,12.4908637,41.8847083,road_vertex,way/25794027
N12d4908637_41d8891798,12.4908637,41.8891798,road_vertex,way/130471669
N12d4908674_41d8960909,12.4908674,41.8960909,road_vertex,way/1198088053
N12d4908726_41d8940368,12.4908726,41.8940368,road_vertex,way/102290916
N12d4908754_41d8915606,12.4908754,41.8915606,road_vertex,way/625592148
N12d4908801_41d8868395,12.4908801,41.8868395,road_vertex,way/1360394667
N12d4908834_41d8940947,12.4908834,41.8940947,road_vertex,way/292411182
N12d4908881_41d8910697,12.4908881,41.8910697,road_vertex,way/22979050
N12d4908888_41d8870331,12.4908888,41.8870331,road_vertex,way/831190225
N12d4908890_41d8941377,12.4908890,41.8941377,road_vertex,way/1364335786
N12d4908902_41d8839724,12.4908902,41.8839724,road_vertex,way/935289471
N12d4908915_41d8915487,12.4908915,41.8915487,road_vertex,way/625592148
N12d4908935_41d8847087,12.4908935,41.8847087,road_vertex,way/169875643
N12d4908947_41d8941238,12.4908947,41.8941238,road_vertex,way/1364335786
N12d4909019_41d8890943,12.4909019,41.8890943,road_vertex,way/833499632
N12d4909025_41d8834978,12.4909025,41.8834978,road_vertex,way/818515541
N12d4909034_41d8939943,12.4909034,41.8939943,road_vertex,way/1364330686
N12d4909043_41d8941603,12.4909043,41.8941603,road_vertex,way/1364335787
N12d4909054_41d8940972,12.4909054,41.8940972,road_vertex,way/1044774781
N12d4909058_41d8945921,12.4909058,41.8945921,road_vertex,way/1190977611
N12d4909066_41d8940456,12.4909066,41.8940456,road_vertex,way/102290916
N12d4909176_41d8941639,12.4909176,41.8941639,road_vertex,way/1364335787
N12d4909219_41d8847213,12.4909219,41.8847213,road_vertex,way/25794027
N12d4909226_41d8945481,12.4909226,41.8945481,road_vertex,way/1198113179
N12d4909237_41d8910411,12.4909237,41.8910411,road_vertex,way/180216921
N12d4909237_41d8940521,12.4909237,41.8940521,road_vertex,way/1044774781
N12d4909256_41d8870516,12.4909256,41.8870516,road_vertex,way/831190225
N12d4909267_41d8851912,12.4909267,41.8851912,road_vertex,way/1415293359
N12d4909289_41d8896237,12.4909289,41.8896237,road_vertex,way/366796449
N12d4909292_41d8910593,12.4909292,41.8910593,road_vertex,way/1459472720
N12d4909293_41d8915247,12.4909293,41.8915247,road_vertex,way/625592148
N12d4909299_41d8926132,12.4909299,41.8926132,road_vertex,way/31875385
N12d4909326_41d8872262,12.4909326,41.8872262,road_vertex,way/203862688
N12d4909381_41d8840588,12.4909381,41.8840588,road_vertex,way/1272873220
N12d4909404_41d8940106,12.4909404,41.8940106,road_vertex,way/1364330690
N12d4909412_41d8910880,12.4909412,41.8910880,road_vertex,way/1459472720
N12d4909436_41d8892463,12.4909436,41.8892463,road_vertex,way/130471669
N12d4909438_41d8939981,12.4909438,41.8939981,road_vertex,way/1364330690
N12d4909460_41d8945737,12.4909460,41.8945737,road_vertex,way/1364335782
N12d4909515_41d8945697,12.4909515,41.8945697,road_vertex,way/1364335782
N12d4909528_41d8847417,12.4909528,41.8847417,road_vertex,way/25794027
N12d4909539_41d8911186,12.4909539,41.8911186,road_vertex,way/1459472720
N12d4909548_41d8852012,12.4909548,41.8852012,road_vertex,way/1415293359
N12d4909558_41d8942240,12.4909558,41.8942240,road_vertex,way/232183096
N12d4909584_41d8888808,12.4909584,41.8888808,road_vertex,way/1175936711
N12d4909594_41d8898325,12.4909594,41.8898325,road_vertex,way/4949501
N12d4909598_41d8870716,12.4909598,41.8870716,road_vertex,way/831190225
N12d4909607_41d8865236,12.4909607,41.8865236,road_vertex,way/140343136
N12d4909653_41d8946297,12.4909653,41.8946297,road_vertex,way/1190977610
N12d4909667_41d8870575,12.4909667,41.8870575,road_vertex,way/140343136
N12d4909724_41d8940008,12.4909724,41.8940008,road_vertex,way/1364330687
N12d4909739_41d8941786,12.4909739,41.8941786,road_vertex,way/1190977618
N12d4909780_41d8869394,12.4909780,41.8869394,road_vertex,way/1360394667
N12d4909870_41d8832945,12.4909870,41.8832945,road_vertex,way/74326041
N12d4909880_41d8869820,12.4909880,41.8869820,road_vertex,way/140343136
N12d4909882_41d8940114,12.4909882,41.8940114,road_vertex,way/1364330686
N12d4909891_41d8870955,12.4909891,41.8870955,road_vertex,way/831190225
N12d4909927_41d8939888,12.4909927,41.8939888,road_vertex,way/1364330687
N12d4909933_41d8870092,12.4909933,41.8870092,road_vertex,way/1360394647
N12d4909940_41d8891394,12.4909940,41.8891394,road_vertex,way/833499632
N12d4909966_41d8946168,12.4909966,41.8946168,road_vertex,way/29702260
N12d4909976_41d8956561,12.4909976,41.8956561,road_vertex,way/1198088054
N12d4909977_41d8912171,12.4909977,41.8912171,road_vertex,way/1443015263
N12d4910039_41d8981747,12.4910039,41.8981747,road_vertex,way/1175999270
N12d4910045_41d8852251,12.4910045,41.8852251,road_vertex,way/1415293359
N12d4910064_41d8871116,12.4910064,41.8871116,road_vertex,way/831190225
N12d4910066_41d8941007,12.4910066,41.8941007,road_vertex,way/292411182
N12d4910075_41d8867554,12.4910075,41.8867554,road_vertex,way/1360394666
N12d4910167_41d8914995,12.4910167,41.8914995,road_vertex,way/272903664
N12d4910168_41d8943003,12.4910168,41.8943003,road_vertex,way/1198113179
N12d4910186_41d8840619,12.4910186,41.8840619,road_vertex,way/24566952
N12d4910194_41d8912723,12.4910194,41.8912723,road_vertex,way/245210493
N12d4910213_41d8897055,12.4910213,41.8897055,road_vertex,way/366796449
N12d4910236_41d8943153,12.4910236,41.8943153,road_vertex,way/1198113179
N12d4910244_41d8871308,12.4910244,41.8871308,road_vertex,way/831190225
N12d4910245_41d8873617,12.4910245,41.8873617,road_vertex,way/203862688
N12d4910265_41d8941927,12.4910265,41.8941927,road_vertex,way/1502861116
N12d4910281_41d8956620,12.4910281,41.8956620,road_vertex,way/1198088054
N12d4910326_41d8834050,12.4910326,41.8834050,road_vertex,way/818515541
N12d4910352_41d8905357,12.4910352,41.8905357,road_vertex,way/22979051
N12d4910373_41d8846289,12.4910373,41.8846289,road_vertex,way/169875643
N12d4910375_41d8940213,12.4910375,41.8940213,road_vertex,way/1211801380
N12d4910392_41d8913225,12.4910392,41.8913225,road_vertex,way/1459472712
N12d4910408_41d8945848,12.4910408,41.8945848,road_vertex,way/1198113179
N12d4910416_41d8950000,12.4910416,41.8950000,road_vertex,way/346994242
N12d4910598_41d8893133,12.4910598,41.8893133,road_vertex,way/130471669
N12d4910604_41d8942006,12.4910604,41.8942006,road_vertex,way/1502861116
N12d4910612_41d8871883,12.4910612,41.8871883,road_vertex,way/831190225
N12d4910647_41d8956706,12.4910647,41.8956706,road_vertex,way/1198088054
N12d4910653_41d8907695,12.4910653,41.8907695,road_vertex,way/130471677
N12d4910749_41d8914088,12.4910749,41.8914088,road_vertex,way/1459472712
N12d4910769_41d8852571,12.4910769,41.8852571,road_vertex,way/1415293359
N12d4910787_41d8860556,12.4910787,41.8860556,road_vertex,way/134473665
N12d4910799_41d8934712,12.4910799,41.8934712,road_vertex,way/1364330672
N12d4910806_41d8942057,12.4910806,41.8942057,road_vertex,way/1502861116
N12d4910833_41d8941983,12.4910833,41.8941983,road_vertex,way/1364335788
N12d4910910_41d8871298,12.4910910,41.8871298,road_vertex,way/1360394647
N12d4910921_41d8934993,12.4910921,41.8934993,road_vertex,way/50602036
N12d4910938_41d8903068,12.4910938,41.8903068,road_vertex,way/215801333
N12d4910948_41d8872629,12.4910948,41.8872629,road_vertex,way/831190225
N12d4910978_41d8948397,12.4910978,41.8948397,road_vertex,way/29702265
N12d4910990_41d8907576,12.4910990,41.8907576,road_vertex,way/130471677
N12d4911012_41d8901828,12.4911012,41.8901828,road_vertex,way/215801333
N12d4911094_41d8904311,12.4911094,41.8904311,road_vertex,way/1415157182
N12d4911124_41d8935550,12.4911124,41.8935550,road_vertex,way/24492141
N12d4911148_41d8941275,12.4911148,41.8941275,road_vertex,way/1198113182
N12d4911149_41d8934981,12.4911149,41.8934981,road_vertex,way/50602036
N12d4911162_41d8898103,12.4911162,41.8898103,road_vertex,way/366796449
N12d4911233_41d8869033,12.4911233,41.8869033,road_vertex,way/1360394646
N12d4911261_41d8889746,12.4911261,41.8889746,road_vertex,way/1175936711
N12d4911261_41d8982563,12.4911261,41.8982563,road_vertex,way/1175999269
N12d4911296_41d8914878,12.4911296,41.8914878,road_vertex,way/31875409
N12d4911299_41d8912529,12.4911299,41.8912529,road_vertex,way/245210493
N12d4911306_41d8905095,12.4911306,41.8905095,road_vertex,way/215801333
N12d4911317_41d8900285,12.4911317,41.8900285,road_vertex,way/215801333
N12d4911319_41d8852740,12.4911319,41.8852740,road_vertex,way/1415293359
N12d4911359_41d8865024,12.4911359,41.8865024,road_vertex,way/140343136
N12d4911361_41d8934926,12.4911361,41.8934926,road_vertex,way/50602036
N12d4911391_41d8953550,12.4911391,41.8953550,road_vertex,way/1199227842
N12d4911404_41d8868118,12.4911404,41.8868118,road_vertex,way/1360394666
N12d4911409_41d8868989,12.4911409,41.8868989,road_vertex,way/140343136
N12d4911424_41d8904291,12.4911424,41.8904291,road_vertex,way/1415157182
N12d4911443_41d8869542,12.4911443,41.8869542,road_vertex,way/1360394646
N12d4911501_41d8940461,12.4911501,41.8940461,road_vertex,way/1364330688
N12d4911515_41d8871378,12.4911515,41.8871378,road_vertex,way/1360394647
N12d4911536_41d8934831,12.4911536,41.8934831,road_vertex,way/50602036
N12d4911537_41d8907018,12.4911537,41.8907018,road_vertex,way/215801336
N12d4911590_41d8909512,12.4911590,41.8909512,road_vertex,way/215801337
N12d4911657_41d8934688,12.4911657,41.8934688,road_vertex,way/50602036
N12d4911673_41d8953631,12.4911673,41.8953631,road_vertex,way/1199227842
N12d4911728_41d8905940,12.4911728,41.8905940,road_vertex,way/215801333
N12d4911758_41d8837583,12.4911758,41.8837583,road_vertex,way/843042150
N12d4911766_41d8909901,12.4911766,41.8909901,road_vertex,way/215801337
N12d4911810_41d8939402,12.4911810,41.8939402,road_vertex,way/1364330688
N12d4911852_41d8935714,12.4911852,41.8935714,road_vertex,way/1364330689
N12d4911918_41d8892198,12.4911918,41.8892198,road_vertex,way/833499632
N12d4911962_41d8904307,12.4911962,41.8904307,road_vertex,way/1415157182
N12d4912027_41d8868386,12.4912027,41.8868386,road_vertex,way/1360394665
N12d4912043_41d8906485,12.4912043,41.8906485,road_vertex,way/215801336
N12d4912059_41d8953745,12.4912059,41.8953745,road_vertex,way/1199227842
N12d4912079_41d8898669,12.4912079,41.8898669,road_vertex,way/366796449
N12d4912103_41d8875501,12.4912103,41.8875501,road_vertex,way/831190225
N12d4912123_41d8852960,12.4912123,41.8852960,road_vertex,way/1415293359
N12d4912141_41d8871137,12.4912141,41.8871137,road_vertex,way/1301843378
N12d4912166_41d8916475,12.4912166,41.8916475,road_vertex,way/272903664
N12d4912200_41d8935792,12.4912200,41.8935792,road_vertex,way/24492141
N12d4912207_41d8890140,12.4912207,41.8890140,road_vertex,way/1175936711
N12d4912211_41d8852783,12.4912211,41.8852783,road_vertex,way/25794028
N12d4912217_41d8832512,12.4912217,41.8832512,road_vertex,way/818515541
N12d4912239_41d8864011,12.4912239,41.8864011,road_vertex,way/134473594
N12d4912247_41d8938256,12.4912247,41.8938256,road_vertex,way/1364330688
N12d4912286_41d8871675,12.4912286,41.8871675,road_vertex,way/1360394647
N12d4912462_41d8951269,12.4912462,41.8951269,road_vertex,way/1198088062
N12d4912497_41d8894235,12.4912497,41.8894235,road_vertex,way/130471669
N12d4912497_41d8912353,12.4912497,41.8912353,road_vertex,way/245210493
N12d4912517_41d8865057,12.4912517,41.8865057,road_vertex,way/140343136
N12d4912535_41d8872118,12.4912535,41.8872118,road_vertex,way/1301843378
N12d4912575_41d8852263,12.4912575,41.8852263,road_vertex,way/25794028
N12d4912582_41d8876816,12.4912582,41.8876816,road_vertex,way/831190225
N12d4912678_41d8950505,12.4912678,41.8950505,road_vertex,way/346994242
N12d4912703_41d8871839,12.4912703,41.8871839,road_vertex,way/1360394647
N12d4912707_41d8933427,12.4912707,41.8933427,road_vertex,way/1364330689
N12d4912750_41d8951369,12.4912750,41.8951369,road_vertex,way/1198088062
N12d4912825_41d8939551,12.4912825,41.8939551,road_vertex,way/190525597
N12d4912829_41d8939441,12.4912829,41.8939441,road_vertex,way/50602468
N12d4912867_41d8939296,12.4912867,41.8939296,road_vertex,way/50602468
N12d4912881_41d8877120,12.4912881,41.8877120,road_vertex,way/137725893
N12d4912883_41d8939689,12.4912883,41.8939689,road_vertex,way/190525597
N12d4912914_41d8939184,12.4912914,41.8939184,road_vertex,way/50602468
N12d4912933_41d8867502,12.4912933,41.8867502,road_vertex,way/1301843376
N12d4912941_41d8844823,12.4912941,41.8844823,road_vertex,way/169875643
N12d4912981_41d8871398,12.4912981,41.8871398,road_vertex,way/1301843378
N12d4912983_41d8877223,12.4912983,41.8877223,road_vertex,way/137725893
N12d4913049_41d8939851,12.4913049,41.8939851,road_vertex,way/190525597
N12d4913086_41d8950058,12.4913086,41.8950058,road_vertex,way/1198113177
N12d4913087_41d8907629,12.4913087,41.8907629,road_vertex,way/215801333
N12d4913104_41d8892587,12.4913104,41.8892587,road_vertex,way/833499632
N12d4913109_41d8950631,12.4913109,41.8950631,road_vertex,way/346994242
N12d4913135_41d8951489,12.4913135,41.8951489,road_vertex,way/1198088062
N12d4913151_41d8927564,12.4913151,41.8927564,road_vertex,way/1364330673
N12d4913170_41d8927521,12.4913170,41.8927521,road_vertex,way/1364330674
N12d4913265_41d8868274,12.4913265,41.8868274,road_vertex,way/1301843376
N12d4913266_41d8951263,12.4913266,41.8951263,road_vertex,way/1198088051
N12d4913300_41d8890559,12.4913300,41.8890559,road_vertex,way/1175936711
N12d4913327_41d8973098,12.4913327,41.8973098,road_vertex,way/202735410
N12d4913333_41d8939998,12.4913333,41.8939998,road_vertex,way/190525597
N12d4913334_41d8950109,12.4913334,41.8950109,road_vertex,way/1198113176
N12d4913347_41d8927088,12.4913347,41.8927088,road_vertex,way/1364330674
N12d4913357_41d8865259,12.4913357,41.8865259,road_vertex,way/140343136
N12d4913367_41d8972912,12.4913367,41.8972912,road_vertex,way/202735410
N12d4913375_41d8973302,12.4913375,41.8973302,road_vertex,way/202735410
N12d4913406_41d8868709,12.4913406,41.8868709,road_vertex,way/1301843376
N12d4913408_41d8927625,12.4913408,41.8927625,road_vertex,way/1364330672
N12d4913436_41d8934978,12.4913436,41.8934978,road_vertex,way/1364330688
N12d4913451_41d8926833,12.4913451,41.8926833,road_vertex,way/1364330675
N12d4913468_41d8926751,12.4913468,41.8926751,road_vertex,way/1364330676
N12d4913487_41d8948811,12.4913487,41.8948811,road_vertex,way/29702265
N12d4913488_41d8897386,12.4913488,41.8897386,road_vertex,way/215801333
N12d4913508_41d8973506,12.4913508,41.8973506,road_vertex,way/202735410
N12d4913540_41d8951318,12.4913540,41.8951318,road_vertex,way/1198113174
N12d4913547_41d8972654,12.4913547,41.8972654,road_vertex,way/202735410
N12d4913553_41d8869070,12.4913553,41.8869070,road_vertex,way/1301843378
N12d4913631_41d8973634,12.4913631,41.8973634,road_vertex,way/202735410
N12d4913641_41d8948836,12.4913641,41.8948836,road_vertex,way/1198113177
N12d4913648_41d8905551,12.4913648,41.8905551,road_vertex,way/1415157182
N12d4913733_41d8950455,12.4913733,41.8950455,road_vertex,way/1198113175
N12d4913753_41d8878005,12.4913753,41.8878005,road_vertex,way/137725893
N12d4913771_41d8850338,12.4913771,41.8850338,road_vertex,way/25794028
N12d4913803_41d8950801,12.4913803,41.8950801,road_vertex,way/1198113174
N12d4913809_41d8936586,12.4913809,41.8936586,road_vertex,way/50602468
N12d4913821_41d8950217,12.4913821,41.8950217,road_vertex,way/1198113176
N12d4913850_41d8927689,12.4913850,41.8927689,road_vertex,way/50602036
N12d4913853_41d8863849,12.4913853,41.8863849,road_vertex,way/134473594
N12d4913876_41d8905803,12.4913876,41.8905803,road_vertex,way/135619532
N12d4913923_41d8950503,12.4913923,41.8950503,road_vertex,way/1198113175
N12d4913956_41d8948888,12.4913956,41.8948888,road_vertex,way/29702265
N12d4913991_41d8866427,12.4913991,41.8866427,road_vertex,way/140343136
N12d4913993_41d8927220,12.4913993,41.8927220,road_vertex,way/50602036
N12d4914084_41d8878361,12.4914084,41.8878361,road_vertex,way/137725893
N12d4914090_41d8872617,12.4914090,41.8872617,road_vertex,way/1360394648
N12d4914109_41d8872842,12.4914109,41.8872842,road_vertex,way/1360394648
N12d4914122_41d8908366,12.4914122,41.8908366,road_vertex,way/215801333
N12d4914122_41d8935780,12.4914122,41.8935780,road_vertex,way/50602468
N12d4914126_41d8947804,12.4914126,41.8947804,road_vertex,way/1198113178
N12d4914128_41d8905232,12.4914128,41.8905232,road_vertex,way/131271396
N12d4914141_41d8844011,12.4914141,41.8844011,road_vertex,way/169875643
N12d4914158_41d8906089,12.4914158,41.8906089,road_vertex,way/135619532
N12d4914169_41d8872401,12.4914169,41.8872401,road_vertex,way/1360394648
N12d4914195_41d8909218,12.4914195,41.8909218,road_vertex,way/180216940
N12d4914196_41d8850047,12.4914196,41.8850047,road_vertex,way/25794028
N12d4914206_41d8934683,12.4914206,41.8934683,road_vertex,way/50602468
N12d4914225_41d8873049,12.4914225,41.8873049,road_vertex,way/1360394648
N12d4914246_41d8876504,12.4914246,41.8876504,road_vertex,way/1301843373
N12d4914252_41d8878590,12.4914252,41.8878590,road_vertex,way/137725893
N12d4914288_41d8870867,12.4914288,41.8870867,road_vertex,way/1301843379
N12d4914301_41d8872246,12.4914301,41.8872246,road_vertex,way/1360394648
N12d4914317_41d8929406,12.4914317,41.8929406,road_vertex,way/1364330689
N12d4914330_41d8905525,12.4914330,41.8905525,road_vertex,way/131271396
N12d4914393_41d8932786,12.4914393,41.8932786,road_vertex,way/1364330688
N12d4914400_41d8878826,12.4914400,41.8878826,road_vertex,way/137725893
N12d4914424_41d8873217,12.4914424,41.8873217,road_vertex,way/1360394648
N12d4914436_41d8947869,12.4914436,41.8947869,road_vertex,way/1198113178
N12d4914464_41d8892866,12.4914464,41.8892866,road_vertex,way/833499632
N12d4914484_41d8872122,12.4914484,41.8872122,road_vertex,way/1360394648
N12d4914488_41d8865972,12.4914488,41.8865972,road_vertex,way/1267692584
N12d4914566_41d8849756,12.4914566,41.8849756,road_vertex,way/25794028
N12d4914606_41d8909058,12.4914606,41.8909058,road_vertex,way/180216940
N12d4914633_41d8865826,12.4914633,41.8865826,road_vertex,way/1301843377
N12d4914686_41d8873329,12.4914686,41.8873329,road_vertex,way/1360394648
N12d4914698_41d8955138,12.4914698,41.8955138,road_vertex,way/182930018
N12d4914702_41d8890882,12.4914702,41.8890882,road_vertex,way/1175936711
N12d4914704_41d8872040,12.4914704,41.8872040,road_vertex,way/1360394648
N12d4914705_41d8954852,12.4914705,41.8954852,road_vertex,way/182930018
N12d4914707_41d8955450,12.4914707,41.8955450,road_vertex,way/182930018
N12d4914734_41d8954591,12.4914734,41.8954591,road_vertex,way/182930018
N12d4914747_41d8955898,12.4914747,41.8955898,road_vertex,way/182930018
N12d4914751_41d8912075,12.4914751,41.8912075,road_vertex,way/245210493
N12d4914819_41d8956378,12.4914819,41.8956378,road_vertex,way/182930018
N12d4914820_41d8947030,12.4914820,41.8947030,road_vertex,way/122185775
N12d4914825_41d8906130,12.4914825,41.8906130,road_vertex,way/131271396
N12d4914841_41d8947954,12.4914841,41.8947954,road_vertex,way/1198113178
N12d4914877_41d8954027,12.4914877,41.8954027,road_vertex,way/182930018
N12d4914877_41d8956828,12.4914877,41.8956828,road_vertex,way/182930018
N12d4914905_41d8905797,12.4914905,41.8905797,road_vertex,way/135619532
N12d4914929_41d8849416,12.4914929,41.8849416,road_vertex,way/25794028
N12d4914966_41d8844374,12.4914966,41.8844374,road_vertex,way/169875640
N12d4914983_41d8873371,12.4914983,41.8873371,road_vertex,way/1360394648
N12d4914988_41d8908854,12.4914988,41.8908854,road_vertex,way/215801333
N12d4914990_41d8872002,12.4914990,41.8872002,road_vertex,way/1360394648
N12d4915021_41d8957596,12.4915021,41.8957596,road_vertex,way/182930018
N12d4915038_41d8909528,12.4915038,41.8909528,road_vertex,way/1365592208
N12d4915041_41d8878293,12.4915041,41.8878293,road_vertex,way/1301843375
N12d4915042_41d8851386,12.4915042,41.8851386,road_vertex,way/25794027
N12d4915066_41d8953520,12.4915066,41.8953520,road_vertex,way/182930018
N12d4915116_41d8885851,12.4915116,41.8885851,road_vertex,way/203862688
N12d4915181_41d8947211,12.4915181,41.8947211,road_vertex,way/1198113175
N12d4915190_41d8951123,12.4915190,41.8951123,road_vertex,way/206908813
N12d4915197_41d8906442,12.4915197,41.8906442,road_vertex,way/131271396
N12d4915225_41d8918433,12.4915225,41.8918433,road_vertex,way/272903664
N12d4915277_41d8872033,12.4915277,41.8872033,road_vertex,way/1360394648
N12d4915281_41d8873339,12.4915281,41.8873339,road_vertex,way/1360394648
N12d4915292_41d8974667,12.4915292,41.8974667,road_vertex,way/202735410
N12d4915329_41d8893845,12.4915329,41.8893845,road_vertex,way/130471669
N12d4915349_41d8851612,12.4915349,41.8851612,road_vertex,way/25794027
N12d4915396_41d8863687,12.4915396,41.8863687,road_vertex,way/1328394649
N12d4915414_41d8864905,12.4915414,41.8864905,road_vertex,way/1267692584
N12d4915432_41d8846034,12.4915432,41.8846034,road_vertex,way/169875639
N12d4915432_41d8864049,12.4915432,41.8864049,road_vertex,way/1267692584
N12d4915436_41d8845772,12.4915436,41.8845772,road_vertex,way/169875639
N12d4915449_41d8926511,12.4915449,41.8926511,road_vertex,way/1364319421
N12d4915464_41d8970969,12.4915464,41.8970969,road_vertex,way/202735410
N12d4915475_41d8846294,12.4915475,41.8846294,road_vertex,way/169875639
N12d4915486_41d8845513,12.4915486,41.8845513,road_vertex,way/169875639
N12d4915494_41d8918581,12.4915494,41.8918581,road_vertex,way/272903664
N12d4915530_41d8978940,12.4915530,41.8978940,road_vertex,way/1175999269
N12d4915537_41d8872128,12.4915537,41.8872128,road_vertex,way/1360394648
N12d4915541_41d8873243,12.4915541,41.8873243,road_vertex,way/1360394648
N12d4915560_41d8974766,12.4915560,41.8974766,road_vertex,way/202735410
N12d4915563_41d8846548,12.4915563,41.8846548,road_vertex,way/169875639
N12d4915581_41d8845261,12.4915581,41.8845261,road_vertex,way/169875639
N12d4915608_41d8836432,12.4915608,41.8836432,road_vertex,way/24566952
N12d4915621_41d8906753,12.4915621,41.8906753,road_vertex,way/131271396
N12d4915638_41d8868604,12.4915638,41.8868604,road_vertex,way/1301843378
N12d4915641_41d8834694,12.4915641,41.8834694,road_vertex,way/843042150
N12d4915670_41d8893060,12.4915670,41.8893060,road_vertex,way/833499632
N12d4915685_41d8930792,12.4915685,41.8930792,road_vertex,way/50602468
N12d4915694_41d8846790,12.4915694,41.8846790,road_vertex,way/169875639
N12d4915709_41d8851838,12.4915709,41.8851838,road_vertex,way/25794027
N12d4915716_41d8970791,12.4915716,41.8970791,road_vertex,way/202735410
N12d4915718_41d8895988,12.4915718,41.8895988,road_vertex,way/215801333
N12d4915720_41d8845021,12.4915720,41.8845021,road_vertex,way/169875639
N12d4915745_41d8872280,12.4915745,41.8872280,road_vertex,way/1360394648
N12d4915747_41d8873091,12.4915747,41.8873091,road_vertex,way/1360394648
N12d4915753_41d8841715,12.4915753,41.8841715,road_vertex,way/25794029
N12d4915773_41d8974817,12.4915773,41.8974817,road_vertex,way/202735410
N12d4915775_41d8880116,12.4915775,41.8880116,road_vertex,way/1301843371
N12d4915775_41d8918733,12.4915775,41.8918733,road_vertex,way/272903664
N12d4915798_41d8873016,12.4915798,41.8873016,road_vertex,way/1360394649
N12d4915868_41d8847018,12.4915868,41.8847018,road_vertex,way/169875639
N12d4915871_41d8842242,12.4915871,41.8842242,road_vertex,way/25794029
N12d4915874_41d8882732,12.4915874,41.8882732,road_vertex,way/137725893
N12d4915878_41d8872471,12.4915878,41.8872471,road_vertex,way/1360394648
N12d4915879_41d8872898,12.4915879,41.8872898,road_vertex,way/1360394648
N12d4915887_41d8841206,12.4915887,41.8841206,road_vertex,way/25794029
N12d4915899_41d8844796,12.4915899,41.8844796,road_vertex,way/169875640
N12d4915925_41d8872685,12.4915925,41.8872685,road_vertex,way/1360394648
N12d4915930_41d8891111,12.4915930,41.8891111,road_vertex,way/1175936711
N12d4915936_41d8970661,12.4915936,41.8970661,road_vertex,way/202735410
N12d4916012_41d8883595,12.4916012,41.8883595,road_vertex,way/137725893
N12d4916026_41d8852009,12.4916026,41.8852009,road_vertex,way/25794027
N12d4916026_41d8918854,12.4916026,41.8918854,road_vertex,way/272903664
N12d4916040_41d8883774,12.4916040,41.8883774,road_vertex,way/137725893
N12d4916079_41d8847227,12.4916079,41.8847227,road_vertex,way/169875639
N12d4916093_41d8974798,12.4916093,41.8974798,road_vertex,way/202735410
N12d4916116_41d8840698,12.4916116,41.8840698,road_vertex,way/25794030
N12d4916122_41d8907066,12.4916122,41.8907066,road_vertex,way/131271396
N12d4916152_41d8904572,12.4916152,41.8904572,road_vertex,way/131271396
N12d4916159_41d8885476,12.4916159,41.8885476,road_vertex,way/137725893
N12d4916162_41d8844554,12.4916162,41.8844554,road_vertex,way/169875639
N12d4916170_41d8951352,12.4916170,41.8951352,road_vertex,way/206908813
N12d4916176_41d8885708,12.4916176,41.8885708,road_vertex,way/137725893
N12d4916181_41d8970583,12.4916181,41.8970583,road_vertex,way/202735410
N12d4916183_41d8909848,12.4916183,41.8909848,road_vertex,way/1459472721
N12d4916281_41d8842562,12.4916281,41.8842562,road_vertex,way/169875643
N12d4916289_41d8918980,12.4916289,41.8918980,road_vertex,way/272903664
N12d4916300_41d8974745,12.4916300,41.8974745,road_vertex,way/202735410
N12d4916311_41d8886518,12.4916311,41.8886518,road_vertex,way/831190225
N12d4916326_41d8847413,12.4916326,41.8847413,road_vertex,way/169875639
N12d4916327_41d8888142,12.4916327,41.8888142,road_vertex,way/203862688
N12d4916347_41d8876022,12.4916347,41.8876022,road_vertex,way/1301843373
N12d4916379_41d8870427,12.4916379,41.8870427,road_vertex,way/1301843379
N12d4916397_41d8852179,12.4916397,41.8852179,road_vertex,way/25794027
N12d4916428_41d8920775,12.4916428,41.8920775,road_vertex,way/605882717
N12d4916473_41d8844345,12.4916473,41.8844345,road_vertex,way/169875639
N12d4916487_41d8911371,12.4916487,41.8911371,road_vertex,way/1459472721
N12d4916497_41d8886923,12.4916497,41.8886923,road_vertex,way/831190225
N12d4916510_41d8974601,12.4916510,41.8974601,road_vertex,way/202735410
N12d4916584_41d8928526,12.4916584,41.8928526,road_vertex,way/50602468
N12d4916604_41d8847574,12.4916604,41.8847574,road_vertex,way/169875639
N12d4916605_41d8873352,12.4916605,41.8873352,road_vertex,way/1360394649
N12d4916607_41d8970524,12.4916607,41.8970524,road_vertex,way/202735410
N12d4916620_41d8887158,12.4916620,41.8887158,road_vertex,way/831190225
N12d4916624_41d8907309,12.4916624,41.8907309,road_vertex,way/131271396
N12d4916712_41d8919126,12.4916712,41.8919126,road_vertex,way/605882718
N12d4916712_41d8919799,12.4916712,41.8919799,road_vertex,way/24492032
N12d4916726_41d8887313,12.4916726,41.8887313,road_vertex,way/831190225
N12d4916763_41d8974473,12.4916763,41.8974473,road_vertex,way/202735410
N12d4916788_41d8909117,12.4916788,41.8909117,road_vertex,way/215801333
N12d4916801_41d8887406,12.4916801,41.8887406,road_vertex,way/831190225
N12d4916823_41d8844175,12.4916823,41.8844175,road_vertex,way/169875639
N12d4916848_41d8863499,12.4916848,41.8863499,road_vertex,way/1328394649
N12d4916857_41d8920820,12.4916857,41.8920820,road_vertex,way/605882717
N12d4916865_41d8845870,12.4916865,41.8845870,road_vertex,way/169875635
N12d4916883_41d8846110,12.4916883,41.8846110,road_vertex,way/169875635
N12d4916893_41d8887500,12.4916893,41.8887500,road_vertex,way/831190225
N12d4916929_41d8845634,12.4916929,41.8845634,road_vertex,way/169875635
N12d4916929_41d8970516,12.4916929,41.8970516,road_vertex,way/202735410
N12d4916941_41d8891239,12.4916941,41.8891239,road_vertex,way/1175936711
N12d4916947_41d8919064,12.4916947,41.8919064,road_vertex,way/190043639
N12d4916949_41d8833454,12.4916949,41.8833454,road_vertex,way/843042150
N12d4916983_41d8846338,12.4916983,41.8846338,road_vertex,way/169875635
N12d4917027_41d8907471,12.4917027,41.8907471,road_vertex,way/131271396
N12d4917028_41d8887629,12.4917028,41.8887629,road_vertex,way/831190225
N12d4917031_41d8974400,12.4917031,41.8974400,road_vertex,way/202735410
N12d4917037_41d8847751,12.4917037,41.8847751,road_vertex,way/169875639
N12d4917054_41d8872214,12.4917054,41.8872214,road_vertex,way/1301843377
N12d4917054_41d8911836,12.4917054,41.8911836,road_vertex,way/245210493
N12d4917070_41d8842572,12.4917070,41.8842572,road_vertex,way/25794029
N12d4917072_41d8845419,12.4917072,41.8845419,road_vertex,way/169875640
N12d4917076_41d8877858,12.4917076,41.8877858,road_vertex,way/1301843375
N12d4917090_41d8918984,12.4917090,41.8918984,road_vertex,way/190043639
N12d4917094_41d8951533,12.4917094,41.8951533,road_vertex,way/206908813
N12d4917103_41d8893215,12.4917103,41.8893215,road_vertex,way/833499632
N12d4917133_41d8887722,12.4917133,41.8887722,road_vertex,way/831190225
N12d4917158_41d8846540,12.4917158,41.8846540,road_vertex,way/169875635
N12d4917204_41d8844048,12.4917204,41.8844048,road_vertex,way/169875639
N12d4917206_41d8919559,12.4917206,41.8919559,road_vertex,way/605882717
N12d4917227_41d8970542,12.4917227,41.8970542,road_vertex,way/202735410
N12d4917252_41d8845260,12.4917252,41.8845260,road_vertex,way/169875635
N12d4917253_41d8887814,12.4917253,41.8887814,road_vertex,way/831190225
N12d4917285_41d8918850,12.4917285,41.8918850,road_vertex,way/190043639
N12d4917336_41d8974345,12.4917336,41.8974345,road_vertex,way/202735410
N12d4917350_41d8889184,12.4917350,41.8889184,road_vertex,way/203862688
N12d4917378_41d8856068,12.4917378,41.8856068,road_vertex,way/25794027
N12d4917396_41d8846702,12.4917396,41.8846702,road_vertex,way/169875635
N12d4917403_41d8907592,12.4917403,41.8907592,road_vertex,way/131271396
N12d4917419_41d8887923,12.4917419,41.8887923,road_vertex,way/831190225
N12d4917433_41d8918710,12.4917433,41.8918710,road_vertex,way/605882719
N12d4917438_41d8924800,12.4917438,41.8924800,road_vertex,way/1364319420
N12d4917475_41d8845135,12.4917475,41.8845135,road_vertex,way/169875635
N12d4917506_41d8847866,12.4917506,41.8847866,road_vertex,way/169875639
N12d4917582_41d8974282,12.4917582,41.8974282,road_vertex,way/202735410
N12d4917604_41d8925934,12.4917604,41.8925934,road_vertex,way/50602468
N12d4917608_41d8843967,12.4917608,41.8843967,road_vertex,way/169875639
N12d4917612_41d8918534,12.4917612,41.8918534,road_vertex,way/190043639
N12d4917643_41d8888051,12.4917643,41.8888051,road_vertex,way/831190225
N12d4917658_41d8919411,12.4917658,41.8919411,road_vertex,way/605882719
N12d4917659_41d8920471,12.4917659,41.8920471,road_vertex,way/1364319421
N12d4917666_41d8846809,12.4917666,41.8846809,road_vertex,way/169875635
N12d4917684_41d8882096,12.4917684,41.8882096,road_vertex,way/1301843372
N12d4917729_41d8845049,12.4917729,41.8845049,road_vertex,way/169875635
N12d4917738_41d8918358,12.4917738,41.8918358,road_vertex,way/190043639
N12d4917784_41d8837182,12.4917784,41.8837182,road_vertex,way/25794030
N12d4917800_41d8879681,12.4917800,41.8879681,road_vertex,way/1301843372
N12d4917803_41d8970628,12.4917803,41.8970628,road_vertex,way/202735410
N12d4917836_41d8974190,12.4917836,41.8974190,road_vertex,way/202735410
N12d4917848_41d8832141,12.4917848,41.8832141,road_vertex,way/843042150
N12d4917848_41d8888159,12.4917848,41.8888159,road_vertex,way/831190225
N12d4917861_41d8918140,12.4917861,41.8918140,road_vertex,way/190043639
N12d4917876_41d8834790,12.4917876,41.8834790,road_vertex,way/843035779
N12d4917883_41d8889974,12.4917883,41.8889974,road_vertex,way/203862688
N12d4917918_41d8836878,12.4917918,41.8836878,road_vertex,way/843035777
N12d4917931_41d8895201,12.4917931,41.8895201,road_vertex,way/215801333
N12d4917962_41d8846864,12.4917962,41.8846864,road_vertex,way/169875635
N12d4917967_41d8837332,12.4917967,41.8837332,road_vertex,way/25794030
N12d4917980_41d8842518,12.4917980,41.8842518,road_vertex,way/25794029
N12d4917983_41d8914307,12.4917983,41.8914307,road_vertex,way/31875409
N12d4917995_41d8847915,12.4917995,41.8847915,road_vertex,way/169875639
N12d4918003_41d8845007,12.4918003,41.8845007,road_vertex,way/169875635
N12d4918023_41d8843933,12.4918023,41.8843933,road_vertex,way/169875639
N12d4918029_41d8890625,12.4918029,41.8890625,road_vertex,way/203862687
N12d4918034_41d8881184,12.4918034,41.8881184,road_vertex,way/1301843372
N12d4918059_41d8974070,12.4918059,41.8974070,road_vertex,way/202735410
N12d4918064_41d8893255,12.4918064,41.8893255,road_vertex,way/833499632
N12d4918074_41d8888268,12.4918074,41.8888268,road_vertex,way/831190225
N12d4918075_41d8863314,12.4918075,41.8863314,road_vertex,way/1328394649
N12d4918077_41d8911725,12.4918077,41.8911725,road_vertex,way/245210493
N12d4918111_41d8891322,12.4918111,41.8891322,road_vertex,way/1175936711
N12d4918123_41d8891099,12.4918123,41.8891099,road_vertex,way/203862687
N12d4918148_41d8973426,12.4918148,41.8973426,road_vertex,way/202735410
N12d4918156_41d8973252,12.4918156,41.8973252,road_vertex,way/202735410
N12d4918189_41d8970707,12.4918189,41.8970707,road_vertex,way/202735410
N12d4918235_41d8914768,12.4918235,41.8914768,road_vertex,way/605882716
N12d4918246_41d8973563,12.4918246,41.8973563,road_vertex,way/202735410
N12d4918251_41d8914889,12.4918251,41.8914889,road_vertex,way/605882716
N12d4918255_41d8837320,12.4918255,41.8837320,road_vertex,way/25794030
N12d4918256_41d8973141,12.4918256,41.8973141,road_vertex,way/202735410
N12d4918257_41d8914664,12.4918257,41.8914664,road_vertex,way/605882716
N12d4918267_41d8846864,12.4918267,41.8846864,road_vertex,way/169875635
N12d4918268_41d8863293,12.4918268,41.8863293,road_vertex,way/140343119
N12d4918275_41d8952414,12.4918275,41.8952414,road_vertex,way/347898232
N12d4918282_41d8845012,12.4918282,41.8845012,road_vertex,way/169875635
N12d4918287_41d8935632,12.4918287,41.8935632,road_vertex,way/232886170
N12d4918291_41d8914979,12.4918291,41.8914979,road_vertex,way/605882716
N12d4918292_41d8914574,12.4918292,41.8914574,road_vertex,way/605882716
N12d4918303_41d8973918,12.4918303,41.8973918,road_vertex,way/202735410
N12d4918304_41d8935521,12.4918304,41.8935521,road_vertex,way/232886170
N12d4918322_41d8935767,12.4918322,41.8935767,road_vertex,way/232886170
N12d4918331_41d8947568,12.4918331,41.8947568,road_vertex,way/140754165
N12d4918348_41d8915067,12.4918348,41.8915067,road_vertex,way/605882716
N12d4918356_41d8906147,12.4918356,41.8906147,road_vertex,way/131271396
N12d4918364_41d8914474,12.4918364,41.8914474,road_vertex,way/605882716
N12d4918401_41d8935346,12.4918401,41.8935346,road_vertex,way/232886170
N12d4918403_41d8935872,12.4918403,41.8935872,road_vertex,way/232886170
N12d4918433_41d8915135,12.4918433,41.8915135,road_vertex,way/605882716
N12d4918435_41d8914404,12.4918435,41.8914404,road_vertex,way/605882716
N12d4918441_41d8843948,12.4918441,41.8843948,road_vertex,way/169875639
N12d4918443_41d8875542,12.4918443,41.8875542,road_vertex,way/1301843374
N12d4918445_41d8923881,12.4918445,41.8923881,road_vertex,way/50602468
N12d4918488_41d8847896,12.4918488,41.8847896,road_vertex,way/169875639
N12d4918514_41d8914352,12.4918514,41.8914352,road_vertex,way/605882716
N12d4918516_41d8973740,12.4918516,41.8973740,road_vertex,way/202735410
N12d4918537_41d8915198,12.4918537,41.8915198,road_vertex,way/605882716
N12d4918537_41d8972896,12.4918537,41.8972896,road_vertex,way/202735410
N12d4918540_41d8970827,12.4918540,41.8970827,road_vertex,way/202735410
N12d4918553_41d8845062,12.4918553,41.8845062,road_vertex,way/169875635
N12d4918564_41d8846809,12.4918564,41.8846809,road_vertex,way/169875635
N12d4918574_41d8935952,12.4918574,41.8935952,road_vertex,way/232886170
N12d4918599_41d8952510,12.4918599,41.8952510,road_vertex,way/347898233
N12d4918605_41d8915221,12.4918605,41.8915221,road_vertex,way/605882716
N12d4918608_41d8914321,12.4918608,41.8914321,road_vertex,way/605882716
N12d4918629_41d8837295,12.4918629,41.8837295,road_vertex,way/25794030
N12d4918634_41d8842817,12.4918634,41.8842817,road_vertex,way/25794029
N12d4918679_41d8915232,12.4918679,41.8915232,road_vertex,way/605882716
N12d4918720_41d8863231,12.4918720,41.8863231,road_vertex,way/140343115
N12d4918737_41d8914296,12.4918737,41.8914296,road_vertex,way/232183101
N12d4918742_41d8903799,12.4918742,41.8903799,road_vertex,way/131271396
N12d4918792_41d8936005,12.4918792,41.8936005,road_vertex,way/232886170
N12d4918802_41d8845156,12.4918802,41.8845156,road_vertex,way/169875635
N12d4918826_41d8915234,12.4918826,41.8915234,road_vertex,way/50602329
N12d4918833_41d8846703,12.4918833,41.8846703,road_vertex,way/690218318
N12d4918836_41d8876374,12.4918836,41.8876374,road_vertex,way/1301843374
N12d4918849_41d8970964,12.4918849,41.8970964,road_vertex,way/202735410
N12d4918850_41d8844011,12.4918850,41.8844011,road_vertex,way/169875639
N12d4918857_41d8922965,12.4918857,41.8922965,road_vertex,way/50602468
N12d4918877_41d8863218,12.4918877,41.8863218,road_vertex,way/140343116
N12d4918891_41d8915230,12.4918891,41.8915230,road_vertex,way/190043639
N12d4918910_41d8910634,12.4918910,41.8910634,road_vertex,way/1365592208
N12d4918913_41d8914268,12.4918913,41.8914268,road_vertex,way/232183101
N12d4918944_41d8893265,12.4918944,41.8893265,road_vertex,way/1236903421
N12d4918945_41d8920770,12.4918945,41.8920770,road_vertex,way/1364319420
N12d4918955_41d8835670,12.4918955,41.8835670,road_vertex,way/843035779
N12d4918960_41d8972450,12.4918960,41.8972450,road_vertex,way/202735410
N12d4918969_41d8847810,12.4918969,41.8847810,road_vertex,way/169875639
N12d4918978_41d8915224,12.4918978,41.8915224,road_vertex,way/50602329
N12d4919032_41d8893455,12.4919032,41.8893455,road_vertex,way/1154396215
N12d4919035_41d8845303,12.4919035,41.8845303,road_vertex,way/169875635
N12d4919043_41d8828239,12.4919043,41.8828239,road_vertex,way/818515541
N12d4919059_41d8971090,12.4919059,41.8971090,road_vertex,way/202735410
N12d4919061_41d8846551,12.4919061,41.8846551,road_vertex,way/169875635
N12d4919118_41d8837254,12.4919118,41.8837254,road_vertex,way/25794030
N12d4919127_41d8915217,12.4919127,41.8915217,road_vertex,way/50602329
N12d4919140_41d8972207,12.4919140,41.8972207,road_vertex,way/202735410
N12d4919146_41d8909437,12.4919146,41.8909437,road_vertex,way/833493480
N12d4919149_41d8910718,12.4919149,41.8910718,road_vertex,way/1365592208
N12d4919150_41d8910966,12.4919150,41.8910966,road_vertex,way/833493480
N12d4919159_41d8893741,12.4919159,41.8893741,road_vertex,way/1154396215
N12d4919182_41d8835856,12.4919182,41.8835856,road_vertex,way/843035779
N12d4919183_41d8911616,12.4919183,41.8911616,road_vertex,way/833493479
N12d4919184_41d8893798,12.4919184,41.8893798,road_vertex,way/1154396214
N12d4919202_41d8912096,12.4919202,41.8912096,road_vertex,way/1428110843
N12d4919214_41d8845487,12.4919214,41.8845487,road_vertex,way/169875635
N12d4919216_41d8853354,12.4919216,41.8853354,road_vertex,way/25794029
N12d4919219_41d8879374,12.4919219,41.8879374,road_vertex,way/1301843371
N12d4919229_41d8877398,12.4919229,41.8877398,road_vertex,way/1301843375
N12d4919232_41d8846362,12.4919232,41.8846362,road_vertex,way/169875635
N12d4919241_41d8844121,12.4919241,41.8844121,road_vertex,way/169875639
N12d4919250_41d8922144,12.4919250,41.8922144,road_vertex,way/50602468
N12d4919254_41d8914237,12.4919254,41.8914237,road_vertex,way/232183101
N12d4919263_41d8971271,12.4919263,41.8971271,road_vertex,way/202735410
N12d4919271_41d8912345,12.4919271,41.8912345,road_vertex,way/1428110843
N12d4919277_41d8863163,12.4919277,41.8863163,road_vertex,way/140343123
N12d4919312_41d8915223,12.4919312,41.8915223,road_vertex,way/50602329
N12d4919313_41d8894087,12.4919313,41.8894087,road_vertex,way/215801333
N12d4919328_41d8845698,12.4919328,41.8845698,road_vertex,way/169875635
N12d4919329_41d8971893,12.4919329,41.8971893,road_vertex,way/202735410
N12d4919337_41d8846149,12.4919337,41.8846149,road_vertex,way/169875635
N12d4919369_41d8845923,12.4919369,41.8845923,road_vertex,way/169875635
N12d4919391_41d8971452,12.4919391,41.8971452,road_vertex,way/202735410
N12d4919401_41d8971659,12.4919401,41.8971659,road_vertex,way/202735410
N12d4919419_41d8847660,12.4919419,41.8847660,road_vertex,way/169875639
N12d4919427_41d8863143,12.4919427,41.8863143,road_vertex,way/140343123
N12d4919443_41d8833656,12.4919443,41.8833656,road_vertex,way/843035775
N12d4919449_41d8915245,12.4919449,41.8915245,road_vertex,way/50602329
N12d4919497_41d8921699,12.4919497,41.8921699,road_vertex,way/50602468
N12d4919557_41d8920817,12.4919557,41.8920817,road_vertex,way/1429547827
N12d4919562_41d8915513,12.4919562,41.8915513,road_vertex,way/1429889564
N12d4919605_41d8844275,12.4919605,41.8844275,road_vertex,way/169875639
N12d4919625_41d8894717,12.4919625,41.8894717,road_vertex,way/1251805531
N12d4919627_41d8915299,12.4919627,41.8915299,road_vertex,way/1429889564
N12d4919632_41d8847550,12.4919632,41.8847550,road_vertex,way/690218318
N12d4919653_41d8837235,12.4919653,41.8837235,road_vertex,way/25794030
N12d4919677_41d8920831,12.4919677,41.8920831,road_vertex,way/1429547827
N12d4919689_41d8838880,12.4919689,41.8838880,road_vertex,way/25794030
N12d4919689_41d8921402,12.4919689,41.8921402,road_vertex,way/50602468
N12d4919699_41d8878623,12.4919699,41.8878623,road_vertex,way/1301843374
N12d4919739_41d8914997,12.4919739,41.8914997,road_vertex,way/1429889565
N12d4919751_41d8921326,12.4919751,41.8921326,road_vertex,way/50602468
N12d4919757_41d8915369,12.4919757,41.8915369,road_vertex,way/50602329
N12d4919819_41d8920734,12.4919819,41.8920734,road_vertex,way/1429547825
N12d4919825_41d8847450,12.4919825,41.8847450,road_vertex,way/169875639
N12d4919829_41d8921245,12.4919829,41.8921245,road_vertex,way/50602468
N12d4919858_41d8834057,12.4919858,41.8834057,road_vertex,way/843035775
N12d4919860_41d8933623,12.4919860,41.8933623,road_vertex,way/232886170
N12d4919862_41d8863086,12.4919862,41.8863086,road_vertex,way/140343120
N12d4919869_41d8891258,12.4919869,41.8891258,road_vertex,way/1175936711
N12d4919871_41d8915451,12.4919871,41.8915451,road_vertex,way/50602329
N12d4919920_41d8914508,12.4919920,41.8914508,road_vertex,way/1429889565
N12d4919961_41d8948030,12.4919961,41.8948030,road_vertex,way/1419595022
N12d4919965_41d8915552,12.4919965,41.8915552,road_vertex,way/50602329
N12d4919986_41d8844508,12.4919986,41.8844508,road_vertex,way/169875639
N12d4919986_41d8921125,12.4919986,41.8921125,road_vertex,way/50602468
N12d4919988_41d8843852,12.4919988,41.8843852,road_vertex,way/25794029
N12d4920006_41d8863071,12.4920006,41.8863071,road_vertex,way/140343122
N12d4920022_41d8952967,12.4920022,41.8952967,road_vertex,way/347898233
N12d4920023_41d8947818,12.4920023,41.8947818,road_vertex,way/1419595022
N12d4920028_41d8914215,12.4920028,41.8914215,road_vertex,way/995027479
N12d4920029_41d8915639,12.4920029,41.8915639,road_vertex,way/50602329
N12d4920030_41d8933468,12.4920030,41.8933468,road_vertex,way/232886170
N12d4920082_41d8947618,12.4920082,41.8947618,road_vertex,way/1419595022
N12d4920092_41d8915761,12.4920092,41.8915761,road_vertex,way/50602329
N12d4920142_41d8837310,12.4920142,41.8837310,road_vertex,way/25794030
N12d4920147_41d8921050,12.4920147,41.8921050,road_vertex,way/50602468
N12d4920148_41d8920329,12.4920148,41.8920329,road_vertex,way/235322575
N12d4920160_41d8914211,12.4920160,41.8914211,road_vertex,way/232183101
N12d4920160_41d8920584,12.4920160,41.8920584,road_vertex,way/1377477036
N12d4920169_41d8953019,12.4920169,41.8953019,road_vertex,way/347898233
N12d4920172_41d8913884,12.4920172,41.8913884,road_vertex,way/995027479
N12d4920173_41d8847189,12.4920173,41.8847189,road_vertex,way/169875639
N12d4920182_41d8920184,12.4920182,41.8920184,road_vertex,way/235322575
N12d4920199_41d8838683,12.4920199,41.8838683,road_vertex,way/25794030
N12d4920228_41d8933338,12.4920228,41.8933338,road_vertex,way/232886170
N12d4920299_41d8936391,12.4920299,41.8936391,road_vertex,way/232886170
N12d4920304_41d8844789,12.4920304,41.8844789,road_vertex,way/169875639
N12d4920317_41d8834500,12.4920317,41.8834500,road_vertex,way/1252818626
N12d4920343_41d8920987,12.4920343,41.8920987,road_vertex,way/235322575
N12d4920367_41d8913597,12.4920367,41.8913597,road_vertex,way/33924728
N12d4920385_41d8947227,12.4920385,41.8947227,road_vertex,way/29702262
N12d4920408_41d8863028,12.4920408,41.8863028,road_vertex,way/140343127
N12d4920411_41d8914223,12.4920411,41.8914223,road_vertex,way/232183101
N12d4920435_41d8933270,12.4920435,41.8933270,road_vertex,way/232886170
N12d4920449_41d8846884,12.4920449,41.8846884,road_vertex,way/169875639
N12d4920451_41d8837568,12.4920451,41.8837568,road_vertex,way/25794030
N12d4920498_41d8896614,12.4920498,41.8896614,road_vertex,way/1251805531
N12d4920527_41d8913534,12.4920527,41.8913534,road_vertex,way/33924728
N12d4920539_41d8863016,12.4920539,41.8863016,road_vertex,way/140343127
N12d4920547_41d8845110,12.4920547,41.8845110,road_vertex,way/169875639
N12d4920564_41d8920993,12.4920564,41.8920993,road_vertex,way/22885883
N12d4920609_41d8838341,12.4920609,41.8838341,road_vertex,way/25794030
N12d4920619_41d8946396,12.4920619,41.8946396,road_vertex,way/29702262
N12d4920630_41d8914246,12.4920630,41.8914246,road_vertex,way/232183101
N12d4920641_41d8971960,12.4920641,41.8971960,road_vertex,way/202735410
N12d4920646_41d8846547,12.4920646,41.8846547,road_vertex,way/169875639
N12d4920648_41d8837936,12.4920648,41.8837936,road_vertex,way/25794030
N12d4920648_41d8920404,12.4920648,41.8920404,road_vertex,way/1429547826
N12d4920665_41d8913535,12.4920665,41.8913535,road_vertex,way/33924728
N12d4920706_41d8845458,12.4920706,41.8845458,road_vertex,way/169875639
N12d4920728_41d8921018,12.4920728,41.8921018,road_vertex,way/22885883
N12d4920757_41d8846189,12.4920757,41.8846189,road_vertex,way/169875639
N12d4920777_41d8845821,12.4920777,41.8845821,road_vertex,way/169875639
N12d4920798_41d8919881,12.4920798,41.8919881,road_vertex,way/1364316798
N12d4920801_41d8919997,12.4920801,41.8919997,road_vertex,way/1364316798
N12d4920805_41d8933194,12.4920805,41.8933194,road_vertex,way/232886170
N12d4920850_41d8941888,12.4920850,41.8941888,road_vertex,way/190525597
N12d4920874_41d8921057,12.4920874,41.8921057,road_vertex,way/201337259
N12d4920881_41d8920117,12.4920881,41.8920117,road_vertex,way/1364316798
N12d4920921_41d8945326,12.4920921,41.8945326,road_vertex,way/1190977616
N12d4920930_41d8920946,12.4920930,41.8920946,road_vertex,way/201337259
N12d4920934_41d8921320,12.4920934,41.8921320,road_vertex,way/189558682
N12d4920976_41d8862961,12.4920976,41.8862961,road_vertex,way/140343124
N12d4920980_41d8920198,12.4920980,41.8920198,road_vertex,way/1364316798
N12d4920996_41d8920873,12.4920996,41.8920873,road_vertex,way/201337259
N12d4921003_41d8914305,12.4921003,41.8914305,road_vertex,way/232183101
N12d4921025_41d8921475,12.4921025,41.8921475,road_vertex,way/189558682
N12d4921033_41d8909658,12.4921033,41.8909658,road_vertex,way/215801333
N12d4921037_41d8937612,12.4921037,41.8937612,road_vertex,way/23569613
N12d4921039_41d8933207,12.4921039,41.8933207,road_vertex,way/232886170
N12d4921083_41d8915981,12.4921083,41.8915981,road_vertex,way/1364319420
N12d4921095_41d8849254,12.4921095,41.8849254,road_vertex,way/690218321
N12d4921122_41d8862946,12.4921122,41.8862946,road_vertex,way/140343126
N12d4921135_41d8849504,12.4921135,41.8849504,road_vertex,way/690218321
N12d4921156_41d8920256,12.4921156,41.8920256,road_vertex,way/1429547826
N12d4921164_41d8920776,12.4921164,41.8920776,road_vertex,way/201337259
N12d4921168_41d8944698,12.4921168,41.8944698,road_vertex,way/1502861117
N12d4921175_41d8911377,12.4921175,41.8911377,road_vertex,way/245210493
N12d4921177_41d8921629,12.4921177,41.8921629,road_vertex,way/189558682
N12d4921189_41d8856024,12.4921189,41.8856024,road_vertex,way/1324396722
N12d4921193_41d8915856,12.4921193,41.8915856,road_vertex,way/1364319420
N12d4921209_41d8834671,12.4921209,41.8834671,road_vertex,way/1252818626
N12d4921216_41d8849099,12.4921216,41.8849099,road_vertex,way/690218321
N12d4921222_41d8913653,12.4921222,41.8913653,road_vertex,way/1364317363
N12d4921247_41d8913629,12.4921247,41.8913629,road_vertex,way/33924728
N12d4921266_41d8882205,12.4921266,41.8882205,road_vertex,way/375130360
N12d4921286_41d8826820,12.4921286,41.8826820,road_vertex,way/818515541
N12d4921290_41d8933249,12.4921290,41.8933249,road_vertex,way/232886170
N12d4921301_41d8835480,12.4921301,41.8835480,road_vertex,way/843035775
N12d4921319_41d8913571,12.4921319,41.8913571,road_vertex,way/130471675
N12d4921326_41d8920709,12.4921326,41.8920709,road_vertex,way/201337259
N12d4921337_41d8849673,12.4921337,41.8849673,road_vertex,way/690218319
N12d4921390_41d8962913,12.4921390,41.8962913,road_vertex,way/202737280
N12d4921414_41d8914376,12.4921414,41.8914376,road_vertex,way/232183101
N12d4921428_41d8944513,12.4921428,41.8944513,road_vertex,way/1502861117
N12d4921458_41d8844743,12.4921458,41.8844743,road_vertex,way/25794029
N12d4921478_41d8914904,12.4921478,41.8914904,road_vertex,way/235322575
N12d4921484_41d8848964,12.4921484,41.8848964,road_vertex,way/690218321
N12d4921511_41d8862904,12.4921511,41.8862904,road_vertex,way/140343126
N12d4921543_41d8971289,12.4921543,41.8971289,road_vertex,way/202735410
N12d4921555_41d8920637,12.4921555,41.8920637,road_vertex,way/201337259
N12d4921579_41d8942054,12.4921579,41.8942054,road_vertex,way/24491962
N12d4921603_41d8913538,12.4921603,41.8913538,road_vertex,way/130471675
N12d4921606_41d8832090,12.4921606,41.8832090,road_vertex,way/843035778
N12d4921610_41d8849775,12.4921610,41.8849775,road_vertex,way/690218319
N12d4921641_41d8915109,12.4921641,41.8915109,road_vertex,way/235322575
N12d4921665_41d8862892,12.4921665,41.8862892,road_vertex,way/217773783
N12d4921667_41d8943894,12.4921667,41.8943894,road_vertex,way/117091201
N12d4921716_41d8921969,12.4921716,41.8921969,road_vertex,way/1364319419
N12d4921728_41d8849599,12.4921728,41.8849599,road_vertex,way/690218318
N12d4921731_41d8915238,12.4921731,41.8915238,road_vertex,way/235322575
N12d4921763_41d8916172,12.4921763,41.8916172,road_vertex,way/235322575
N12d4921784_41d8913515,12.4921784,41.8913515,road_vertex,way/130471675
N12d4921785_41d8915372,12.4921785,41.8915372,road_vertex,way/235322575
N12d4921803_41d8834505,12.4921803,41.8834505,road_vertex,way/1252818626
N12d4921805_41d8941503,12.4921805,41.8941503,road_vertex,way/24491962
N12d4921806_41d8848964,12.4921806,41.8848964,road_vertex,way/690218320
N12d4921825_41d8915956,12.4921825,41.8915956,road_vertex,way/235322575
N12d4921826_41d8915589,12.4921826,41.8915589,road_vertex,way/235322575
N12d4921834_41d8915788,12.4921834,41.8915788,road_vertex,way/235322575
N12d4921844_41d8936804,12.4921844,41.8936804,road_vertex,way/232886170
N12d4921848_41d8970998,12.4921848,41.8970998,road_vertex,way/202735410
N12d4921850_41d8943082,12.4921850,41.8943082,road_vertex,way/1211801381
N12d4921873_41d8899454,12.4921873,41.8899454,road_vertex,way/131271402
N12d4921920_41d8943242,12.4921920,41.8943242,road_vertex,way/1190977615
N12d4921923_41d8894870,12.4921923,41.8894870,road_vertex,way/1175936710
N12d4921932_41d8920927,12.4921932,41.8920927,road_vertex,way/1364319419
N12d4921943_41d8942875,12.4921943,41.8942875,road_vertex,way/1190977615
N12d4921947_41d8913505,12.4921947,41.8913505,road_vertex,way/130471675
N12d4921976_41d8891190,12.4921976,41.8891190,road_vertex,way/1175936711
N12d4922037_41d8911994,12.4922037,41.8911994,road_vertex,way/1216458785
N12d4922049_41d8836226,12.4922049,41.8836226,road_vertex,way/843035775
N12d4922054_41d8832471,12.4922054,41.8832471,road_vertex,way/843035778
N12d4922064_41d8844764,12.4922064,41.8844764,road_vertex,way/25794029
N12d4922079_41d8912197,12.4922079,41.8912197,road_vertex,way/1216458785
N12d4922080_41d8970704,12.4922080,41.8970704,road_vertex,way/202735410
N12d4922102_41d8849040,12.4922102,41.8849040,road_vertex,way/690218320
N12d4922103_41d8912313,12.4922103,41.8912313,road_vertex,way/1216458785
N12d4922140_41d8913508,12.4922140,41.8913508,road_vertex,way/130471675
N12d4922181_41d8911270,12.4922181,41.8911270,road_vertex,way/245210493
N12d4922190_41d8912684,12.4922190,41.8912684,road_vertex,way/998453895
N12d4922283_41d8912749,12.4922283,41.8912749,road_vertex,way/998453895
N12d4922312_41d8970345,12.4922312,41.8970345,road_vertex,way/202735410
N12d4922383_41d8913558,12.4922383,41.8913558,road_vertex,way/130471675
N12d4922415_41d8909705,12.4922415,41.8909705,road_vertex,way/215801333
N12d4922422_41d8912796,12.4922422,41.8912796,road_vertex,way/998453895
N12d4922430_41d8844709,12.4922430,41.8844709,road_vertex,way/25794029
N12d4922458_41d8933724,12.4922458,41.8933724,road_vertex,way/232886170
N12d4922498_41d8836625,12.4922498,41.8836625,road_vertex,way/843035774
N12d4922512_41d8915319,12.4922512,41.8915319,road_vertex,way/1364319420
N12d4922559_41d8918796,12.4922559,41.8918796,road_vertex,way/201881357
N12d4922572_41d8941677,12.4922572,41.8941677,road_vertex,way/346995304
N12d4922643_41d8913633,12.4922643,41.8913633,road_vertex,way/130471675
N12d4922668_41d8911205,12.4922668,41.8911205,road_vertex,way/245210493
N12d4922692_41d8899655,12.4922692,41.8899655,road_vertex,way/1436886992
N12d4922699_41d8834016,12.4922699,41.8834016,road_vertex,way/1252818625
N12d4922712_41d8972013,12.4922712,41.8972013,road_vertex,way/1015237005
N12d4922719_41d8952739,12.4922719,41.8952739,road_vertex,way/206908813
N12d4922726_41d8969328,12.4922726,41.8969328,road_vertex,way/202735410
N12d4922739_41d8919845,12.4922739,41.8919845,road_vertex,way/1364316793
N12d4922745_41d8914635,12.4922745,41.8914635,road_vertex,way/232183101
N12d4922810_41d8833115,12.4922810,41.8833115,road_vertex,way/843035778
N12d4922813_41d8920274,12.4922813,41.8920274,road_vertex,way/201337259
N12d4922818_41d8969115,12.4922818,41.8969115,road_vertex,way/202735410
N12d4922832_41d8831203,12.4922832,41.8831203,road_vertex,way/843040330
N12d4922834_41d8914078,12.4922834,41.8914078,road_vertex,way/1364317363
N12d4922851_41d8913693,12.4922851,41.8913693,road_vertex,way/130471675
N12d4922863_41d8851437,12.4922863,41.8851437,road_vertex,way/24781946
N12d4922878_41d8889129,12.4922878,41.8889129,road_vertex,way/140343132
N12d4922884_41d8915107,12.4922884,41.8915107,road_vertex,way/1364316798
N12d4922886_41d8876601,12.4922886,41.8876601,road_vertex,way/375130360
N12d4922906_41d8850971,12.4922906,41.8850971,road_vertex,way/24781946
N12d4922916_41d8890300,12.4922916,41.8890300,road_vertex,way/831190225
N12d4922963_41d8968910,12.4922963,41.8968910,road_vertex,way/202735410
N12d4922994_41d8851893,12.4922994,41.8851893,road_vertex,way/24781946
N12d4923004_41d8833547,12.4923004,41.8833547,road_vertex,way/843040329
N12d4923055_41d8940617,12.4923055,41.8940617,road_vertex,way/346995304
N12d4923107_41d8913741,12.4923107,41.8913741,road_vertex,way/130471675
N12d4923118_41d8914101,12.4923118,41.8914101,road_vertex,way/1364317363
N12d4923147_41d8850405,12.4923147,41.8850405,road_vertex,way/24781946
N12d4923153_41d8968734,12.4923153,41.8968734,road_vertex,way/202735410
N12d4923155_41d8920534,12.4923155,41.8920534,road_vertex,way/1364319419
N12d4923168_41d8911152,12.4923168,41.8911152,road_vertex,way/245210493
N12d4923220_41d8889322,12.4923220,41.8889322,road_vertex,way/140343132
N12d4923237_41d8852437,12.4923237,41.8852437,road_vertex,way/24781946
N12d4923279_41d8913779,12.4923279,41.8913779,road_vertex,way/130471675
N12d4923330_41d8890444,12.4923330,41.8890444,road_vertex,way/831190225
N12d4923359_41d8913783,12.4923359,41.8913783,road_vertex,way/130471675
N12d4923410_41d8850044,12.4923410,41.8850044,road_vertex,way/24781946
N12d4923416_41d8952895,12.4923416,41.8952895,road_vertex,way/206908813
N12d4923418_41d8968614,12.4923418,41.8968614,road_vertex,way/202735410
N12d4923450_41d8990371,12.4923450,41.8990371,road_vertex,way/1175999269
N12d4923453_41d8844772,12.4923453,41.8844772,road_vertex,way/25794029
N12d4923457_41d8913758,12.4923457,41.8913758,road_vertex,way/130471675
N12d4923506_41d8917888,12.4923506,41.8917888,road_vertex,way/201881357
N12d4923538_41d8869082,12.4923538,41.8869082,road_vertex,way/375914266
N12d4923573_41d8853089,12.4923573,41.8853089,road_vertex,way/1381068071
N12d4923583_41d8909636,12.4923583,41.8909636,road_vertex,way/215801333
N12d4923594_41d8913064,12.4923594,41.8913064,road_vertex,way/998453895
N12d4923603_41d8833797,12.4923603,41.8833797,road_vertex,way/843040329
N12d4923634_41d8890524,12.4923634,41.8890524,road_vertex,way/831190225
N12d4923703_41d8853341,12.4923703,41.8853341,road_vertex,way/24781946
N12d4923720_41d8913124,12.4923720,41.8913124,road_vertex,way/998453895
N12d4923765_41d8954029,12.4923765,41.8954029,road_vertex,way/209449219
N12d4923770_41d8948326,12.4923770,41.8948326,road_vertex,way/140754166
N12d4923776_41d8913554,12.4923776,41.8913554,road_vertex,way/130471675
N12d4923786_41d8911070,12.4923786,41.8911070,road_vertex,way/245210493
N12d4923791_41d8856046,12.4923791,41.8856046,road_vertex,way/1324396722
N12d4923800_41d8832003,12.4923800,41.8832003,road_vertex,way/843040330
N12d4923824_41d8968516,12.4923824,41.8968516,road_vertex,way/202735410
N12d4923837_41d8849434,12.4923837,41.8849434,road_vertex,way/24781946
N12d4923840_41d8913213,12.4923840,41.8913213,road_vertex,way/130471675
N12d4923875_41d8834073,12.4923875,41.8834073,road_vertex,way/843040329
N12d4923878_41d8937707,12.4923878,41.8937707,road_vertex,way/232886169
N12d4923890_41d8937951,12.4923890,41.8937951,road_vertex,way/232886169
N12d4923898_41d8938765,12.4923898,41.8938765,road_vertex,way/235324604
N12d4923906_41d8934271,12.4923906,41.8934271,road_vertex,way/232886170
N12d4923924_41d8913420,12.4923924,41.8913420,road_vertex,way/130471675
N12d4923926_41d8937526,12.4923926,41.8937526,road_vertex,way/232886170
N12d4923940_41d8913345,12.4923940,41.8913345,road_vertex,way/130471675
N12d4923947_41d8862651,12.4923947,41.8862651,road_vertex,way/217773784
N12d4923948_41d8890576,12.4923948,41.8890576,road_vertex,way/831190225
N12d4923973_41d8938166,12.4923973,41.8938166,road_vertex,way/232886169
N12d4923984_41d8846227,12.4923984,41.8846227,road_vertex,way/25794029
N12d4924076_41d8938374,12.4924076,41.8938374,road_vertex,way/235324603
N12d4924124_41d8953062,12.4924124,41.8953062,road_vertex,way/209449218
N12d4924158_41d8830243,12.4924158,41.8830243,road_vertex,way/843040328
N12d4924173_41d8853968,12.4924173,41.8853968,road_vertex,way/24781946
N12d4924181_41d8832318,12.4924181,41.8832318,road_vertex,way/843040330
N12d4924191_41d8889439,12.4924191,41.8889439,road_vertex,way/140343132
N12d4924201_41d8845160,12.4924201,41.8845160,road_vertex,way/25794029
N12d4924204_41d8894713,12.4924204,41.8894713,road_vertex,way/1175936710
N12d4924218_41d8968506,12.4924218,41.8968506,road_vertex,way/202735410
N12d4924255_41d8882986,12.4924255,41.8882986,road_vertex,way/375130360
N12d4924303_41d8916847,12.4924303,41.8916847,road_vertex,way/201881357
N12d4924344_41d8899393,12.4924344,41.8899393,road_vertex,way/1436886992
N12d4924348_41d8848646,12.4924348,41.8848646,road_vertex,way/24781946
N12d4924367_41d8948412,12.4924367,41.8948412,road_vertex,way/140754166
N12d4924457_41d8890611,12.4924457,41.8890611,road_vertex,way/831190225
N12d4924476_41d8972559,12.4924476,41.8972559,road_vertex,way/95509142
N12d4924489_41d8972318,12.4924489,41.8972318,road_vertex,way/95509142
N12d4924503_41d8895921,12.4924503,41.8895921,road_vertex,way/1436886992
N12d4924521_41d8972804,12.4924521,41.8972804,road_vertex,way/95509142
N12d4924555_41d8972067,12.4924555,41.8972067,road_vertex,way/95509142
N12d4924561_41d8848150,12.4924561,41.8848150,road_vertex,way/24781946
N12d4924615_41d8910952,12.4924615,41.8910952,road_vertex,way/245210493
N12d4924626_41d8973029,12.4924626,41.8973029,road_vertex,way/95509142
N12d4924677_41d8936468,12.4924677,41.8936468,road_vertex,way/571804703
N12d4924681_41d8854236,12.4924681,41.8854236,road_vertex,way/24781946
N12d4924687_41d8971826,12.4924687,41.8971826,road_vertex,way/95509142
N12d4924699_41d8913802,12.4924699,41.8913802,road_vertex,way/1364317363
N12d4924703_41d8968591,12.4924703,41.8968591,road_vertex,way/202735410
N12d4924734_41d8847874,12.4924734,41.8847874,road_vertex,way/24781946
N12d4924850_41d8953244,12.4924850,41.8953244,road_vertex,way/206908813
N12d4924850_41d8971645,12.4924850,41.8971645,road_vertex,way/95509142
N12d4924926_41d8890620,12.4924926,41.8890620,road_vertex,way/831190225
N12d4924935_41d8852623,12.4924935,41.8852623,road_vertex,way/1381068071
N12d4924964_41d8948506,12.4924964,41.8948506,road_vertex,way/140754166
N12d4925027_41d8910896,12.4925027,41.8910896,road_vertex,way/245210493
N12d4925060_41d8866073,12.4925060,41.8866073,road_vertex,way/375914266
N12d4925073_41d8847690,12.4925073,41.8847690,road_vertex,way/24781946
N12d4925112_41d8856879,12.4925112,41.8856879,road_vertex,way/1324396722
N12d4925116_41d8831042,12.4925116,41.8831042,road_vertex,way/843040328
N12d4925144_41d8971375,12.4925144,41.8971375,road_vertex,way/95509142
N12d4925156_41d8968715,12.4925156,41.8968715,road_vertex,way/202735410
N12d4925204_41d8909424,12.4925204,41.8909424,road_vertex,way/215801333
N12d4925234_41d8893158,12.4925234,41.8893158,road_vertex,way/1236903421
N12d4925264_41d8835486,12.4925264,41.8835486,road_vertex,way/843040329
N12d4925295_41d8854434,12.4925295,41.8854434,road_vertex,way/24781946
N12d4925360_41d8968800,12.4925360,41.8968800,road_vertex,way/1175999270
N12d4925397_41d8971152,12.4925397,41.8971152,road_vertex,way/95509142
N12d4925445_41d8974596,12.4925445,41.8974596,road_vertex,way/95509142
N12d4925479_41d8847585,12.4925479,41.8847585,road_vertex,way/24781946
N12d4925520_41d8831380,12.4925520,41.8831380,road_vertex,way/843040328
N12d4925520_41d8936709,12.4925520,41.8936709,road_vertex,way/571804703
N12d4925528_41d8948622,12.4925528,41.8948622,road_vertex,way/140754166
N12d4925588_41d8953436,12.4925588,41.8953436,road_vertex,way/206908813
N12d4925632_41d8894920,12.4925632,41.8894920,road_vertex,way/1175936710
N12d4925688_41d8970907,12.4925688,41.8970907,road_vertex,way/95509142
N12d4925717_41d8935010,12.4925717,41.8935010,road_vertex,way/232886170
N12d4925718_41d8910773,12.4925718,41.8910773,road_vertex,way/245210493
N12d4925747_41d8967985,12.4925747,41.8967985,road_vertex,way/1198088047
N12d4925805_41d8890608,12.4925805,41.8890608,road_vertex,way/831190225
N12d4925970_41d8970678,12.4925970,41.8970678,road_vertex,way/95509142
N12d4926011_41d8968269,12.4926011,41.8968269,road_vertex,way/1419426611
N12d4926015_41d8975742,12.4926015,41.8975742,road_vertex,way/95509142
N12d4926020_41d8968101,12.4926020,41.8968101,road_vertex,way/1419426611
N12d4926082_41d8969103,12.4926082,41.8969103,road_vertex,way/1015237005
N12d4926092_41d8847512,12.4926092,41.8847512,road_vertex,way/24781946
N12d4926096_41d8948731,12.4926096,41.8948731,road_vertex,way/140755611
N12d4926110_41d8967584,12.4926110,41.8967584,road_vertex,way/1419426610
N12d4926119_41d8968281,12.4926119,41.8968281,road_vertex,way/1419426611
N12d4926178_41d8967196,12.4926178,41.8967196,road_vertex,way/1315302849
N12d4926198_41d8889246,12.4926198,41.8889246,road_vertex,way/140343132
N12d4926205_41d8911447,12.4926205,41.8911447,road_vertex,way/202014785
N12d4926252_41d8976200,12.4926252,41.8976200,road_vertex,way/95509142
N12d4926289_41d8970428,12.4926289,41.8970428,road_vertex,way/95509142
N12d4926374_41d8963477,12.4926374,41.8963477,road_vertex,way/202737280
N12d4926377_41d8854581,12.4926377,41.8854581,road_vertex,way/24781946
N12d4926422_41d8948632,12.4926422,41.8948632,road_vertex,way/140755611
N12d4926448_41d8976574,12.4926448,41.8976574,road_vertex,way/95509142
N12d4926469_41d8860821,12.4926469,41.8860821,road_vertex,way/1324396723
N12d4926491_41d8823615,12.4926491,41.8823615,road_vertex,way/818515541
N12d4926519_41d8847662,12.4926519,41.8847662,road_vertex,way/24781946
N12d4926549_41d8861179,12.4926549,41.8861179,road_vertex,way/1324396723
N12d4926555_41d8948620,12.4926555,41.8948620,road_vertex,way/140755611
N12d4926562_41d8910594,12.4926562,41.8910594,road_vertex,way/245210493
N12d4926595_41d8895950,12.4926595,41.8895950,road_vertex,way/1436886992
N12d4926604_41d8911295,12.4926604,41.8911295,road_vertex,way/202014785
N12d4926610_41d8891131,12.4926610,41.8891131,road_vertex,way/1175936711
N12d4926634_41d8963516,12.4926634,41.8963516,road_vertex,way/202737280
N12d4926637_41d8948844,12.4926637,41.8948844,road_vertex,way/347395130
N12d4926648_41d8937042,12.4926648,41.8937042,road_vertex,way/571804703
N12d4926694_41d8948626,12.4926694,41.8948626,road_vertex,way/140755611
N12d4926823_41d8948642,12.4926823,41.8948642,road_vertex,way/140755611
N12d4926869_41d8877417,12.4926869,41.8877417,road_vertex,way/374989758
N12d4926887_41d8955200,12.4926887,41.8955200,road_vertex,way/209449219
N12d4926917_41d8847918,12.4926917,41.8847918,road_vertex,way/24781946
N12d4926931_41d8963589,12.4926931,41.8963589,road_vertex,way/202737280
N12d4926936_41d8968374,12.4926936,41.8968374,road_vertex,way/1044774784
N12d4926972_41d8948908,12.4926972,41.8948908,road_vertex,way/347395130
N12d4927102_41d8862671,12.4927102,41.8862671,road_vertex,way/1324396721
N12d4927116_41d8955299,12.4927116,41.8955299,road_vertex,way/209449219
N12d4927137_41d8868671,12.4927137,41.8868671,road_vertex,way/140343151
N12d4927157_41d8937142,12.4927157,41.8937142,road_vertex,way/571804702
N12d4927175_41d8963678,12.4927175,41.8963678,road_vertex,way/202737280
N12d4927192_41d8939353,12.4927192,41.8939353,road_vertex,way/232886171
N12d4927258_41d8910414,12.4927258,41.8910414,road_vertex,way/245210493
N12d4927287_41d8865992,12.4927287,41.8865992,road_vertex,way/30847109
N12d4927296_41d8948977,12.4927296,41.8948977,road_vertex,way/347395130
N12d4927298_41d8955404,12.4927298,41.8955404,road_vertex,way/209449219
N12d4927332_41d8848390,12.4927332,41.8848390,road_vertex,way/24781946
N12d4927339_41d8978129,12.4927339,41.8978129,road_vertex,way/95509142
N12d4927400_41d8963865,12.4927400,41.8963865,road_vertex,way/202737280
N12d4927422_41d8955549,12.4927422,41.8955549,road_vertex,way/209449219
N12d4927436_41d8909059,12.4927436,41.8909059,road_vertex,way/215801333
N12d4927457_41d8978294,12.4927457,41.8978294,road_vertex,way/95509142
N12d4927524_41d8967858,12.4927524,41.8967858,road_vertex,way/1015237005
N12d4927539_41d8955725,12.4927539,41.8955725,road_vertex,way/209449219
N12d4927571_41d8964068,12.4927571,41.8964068,road_vertex,way/202737280
N12d4927605_41d8978487,12.4927605,41.8978487,road_vertex,way/95509142
N12d4927610_41d8867654,12.4927610,41.8867654,road_vertex,way/1020151639
N12d4927640_41d8848903,12.4927640,41.8848903,road_vertex,way/24781946
N12d4927673_41d8964236,12.4927673,41.8964236,road_vertex,way/202737280
N12d4927689_41d8949049,12.4927689,41.8949049,road_vertex,way/347395130
N12d4927745_41d8967506,12.4927745,41.8967506,road_vertex,way/1198088048
N12d4927767_41d8978640,12.4927767,41.8978640,road_vertex,way/95509142
N12d4927834_41d8825406,12.4927834,41.8825406,road_vertex,way/843042150
N12d4927872_41d8822796,12.4927872,41.8822796,road_vertex,way/818515541
N12d4927875_41d8849361,12.4927875,41.8849361,road_vertex,way/24781946
N12d4927894_41d8967921,12.4927894,41.8967921,road_vertex,way/190639863
N12d4927921_41d8866987,12.4927921,41.8866987,road_vertex,way/140343151
N12d4927926_41d8968488,12.4927926,41.8968488,road_vertex,way/1315302855
N12d4927965_41d8830654,12.4927965,41.8830654,road_vertex,way/843040938
N12d4927984_41d8978796,12.4927984,41.8978796,road_vertex,way/95509142
N12d4928056_41d8895227,12.4928056,41.8895227,road_vertex,way/1175936710
N12d4928143_41d8968374,12.4928143,41.8968374,road_vertex,way/1315302855
N12d4928215_41d8978911,12.4928215,41.8978911,road_vertex,way/95509142
N12d4928216_41d8913138,12.4928216,41.8913138,road_vertex,way/1364317363
N12d4928266_41d8863737,12.4928266,41.8863737,road_vertex,way/59099656
N12d4928267_41d8949142,12.4928267,41.8949142,road_vertex,way/347395130
N12d4928317_41d8910106,12.4928317,41.8910106,road_vertex,way/245210493
N12d4928319_41d8961181,12.4928319,41.8961181,road_vertex,way/190639862
N12d4928330_41d8968878,12.4928330,41.8968878,road_vertex,way/95509142
N12d4928338_41d8931516,12.4928338,41.8931516,road_vertex,way/1472749574
N12d4928342_41d8849632,12.4928342,41.8849632,road_vertex,way/24781946
N12d4928427_41d8863389,12.4928427,41.8863389,road_vertex,way/59099656
N12d4928439_41d8937669,12.4928439,41.8937669,road_vertex,way/571804702
N12d4928466_41d8979021,12.4928466,41.8979021,road_vertex,way/95509142
N12d4928579_41d8925914,12.4928579,41.8925914,road_vertex,way/1364319423
N12d4928594_41d8968705,12.4928594,41.8968705,road_vertex,way/95509142
N12d4928687_41d8862826,12.4928687,41.8862826,road_vertex,way/550172679
N12d4928698_41d8957899,12.4928698,41.8957899,road_vertex,way/209449219
N12d4928700_41d8949204,12.4928700,41.8949204,road_vertex,way/347395130
N12d4928735_41d8914091,12.4928735,41.8914091,road_vertex,way/1364316793
N12d4928746_41d8967241,12.4928746,41.8967241,road_vertex,way/1315302850
N12d4928762_41d8909960,12.4928762,41.8909960,road_vertex,way/245210493
N12d4928856_41d8849759,12.4928856,41.8849759,road_vertex,way/24781946
N12d4928856_41d8914374,12.4928856,41.8914374,road_vertex,way/1364316794
N12d4928887_41d8968531,12.4928887,41.8968531,road_vertex,way/1315302855
N12d4928889_41d8912969,12.4928889,41.8912969,road_vertex,way/1364317363
N12d4928907_41d8877835,12.4928907,41.8877835,road_vertex,way/140343133
N12d4928933_41d8848105,12.4928933,41.8848105,road_vertex,way/24781949
N12d4928978_41d8884764,12.4928978,41.8884764,road_vertex,way/375130361
N12d4928984_41d8884899,12.4928984,41.8884899,road_vertex,way/375130361
N12d4928986_41d8866661,12.4928986,41.8866661,road_vertex,way/140343151
N12d4928998_41d8979202,12.4928998,41.8979202,road_vertex,way/95509142
N12d4929022_41d8910576,12.4929022,41.8910576,road_vertex,way/202014785
N12d4929025_41d8949027,12.4929025,41.8949027,road_vertex,way/140755611
N12d4929029_41d8847995,12.4929029,41.8847995,road_vertex,way/24781948
N12d4929035_41d8884635,12.4929035,41.8884635,road_vertex,way/375130361
N12d4929051_41d8885024,12.4929051,41.8885024,road_vertex,way/375130361
N12d4929058_41d8967165,12.4929058,41.8967165,road_vertex,way/1315302850
N12d4929134_41d8884538,12.4929134,41.8884538,road_vertex,way/375130361
N12d4929168_41d8968372,12.4929168,41.8968372,road_vertex,way/202737282
N12d4929171_41d8885126,12.4929171,41.8885126,road_vertex,way/375130361
N12d4929185_41d8889129,12.4929185,41.8889129,road_vertex,way/140343132
N12d4929204_41d8949271,12.4929204,41.8949271,road_vertex,way/347395130
N12d4929230_41d8914270,12.4929230,41.8914270,road_vertex,way/1364316794
N12d4929234_41d8969105,12.4929234,41.8969105,road_vertex,way/201372660
N12d4929238_41d8847936,12.4929238,41.8847936,road_vertex,way/24781948
N12d4929244_41d8931822,12.4929244,41.8931822,road_vertex,way/1472749575
N12d4929261_41d8891653,12.4929261,41.8891653,road_vertex,way/23591644
N12d4929269_41d8884468,12.4929269,41.8884468,road_vertex,way/375130361
N12d4929299_41d8909782,12.4929299,41.8909782,road_vertex,way/245210493
N12d4929301_41d8926755,12.4929301,41.8926755,road_vertex,way/189558682
N12d4929309_41d8822031,12.4929309,41.8822031,road_vertex,way/818515541
N12d4929330_41d8885190,12.4929330,41.8885190,road_vertex,way/375130361
N12d4929337_41d8968287,12.4929337,41.8968287,road_vertex,way/202737282
N12d4929384_41d8954462,12.4929384,41.8954462,road_vertex,way/206908813
N12d4929409_41d8955298,12.4929409,41.8955298,road_vertex,way/1360703946
N12d4929420_41d8849810,12.4929420,41.8849810,road_vertex,way/24781946
N12d4929421_41d8969529,12.4929421,41.8969529,road_vertex,way/201372660
N12d4929427_41d8884432,12.4929427,41.8884432,road_vertex,way/375130361
N12d4929461_41d8912780,12.4929461,41.8912780,road_vertex,way/1364317363
N12d4929473_41d8949384,12.4929473,41.8949384,road_vertex,way/23060474
N12d4929510_41d8885211,12.4929510,41.8885211,road_vertex,way/375130361
N12d4929529_41d8967051,12.4929529,41.8967051,road_vertex,way/1315302852
N12d4929535_41d8968212,12.4929535,41.8968212,road_vertex,way/202737282
N12d4929538_41d8908456,12.4929538,41.8908456,road_vertex,way/215801333
N12d4929543_41d8847969,12.4929543,41.8847969,road_vertex,way/24781948
N12d4929588_41d8913418,12.4929588,41.8913418,road_vertex,way/23276316
N12d4929591_41d8884435,12.4929591,41.8884435,road_vertex,way/375130361
N12d4929614_41d8893343,12.4929614,41.8893343,road_vertex,way/1236903421
N12d4929688_41d8885184,12.4929688,41.8885184,road_vertex,way/375130361
N12d4929699_41d8894419,12.4929699,41.8894419,road_vertex,way/11491481
N12d4929721_41d8949513,12.4929721,41.8949513,road_vertex,way/23060474
N12d4929740_41d8862241,12.4929740,41.8862241,road_vertex,way/550172679
N12d4929742_41d8895676,12.4929742,41.8895676,road_vertex,way/1175936710
N12d4929744_41d8884475,12.4929744,41.8884475,road_vertex,way/375130361
N12d4929830_41d8874910,12.4929830,41.8874910,road_vertex,way/374989756
N12d4929843_41d8885114,12.4929843,41.8885114,road_vertex,way/375130361
N12d4929843_41d8914088,12.4929843,41.8914088,road_vertex,way/202014787
N12d4929845_41d8862206,12.4929845,41.8862206,road_vertex,way/550172679
N12d4929872_41d8962243,12.4929872,41.8962243,road_vertex,way/190639862
N12d4929873_41d8849774,12.4929873,41.8849774,road_vertex,way/24781949
N12d4929874_41d8884547,12.4929874,41.8884547,road_vertex,way/375130361
N12d4929877_41d8954931,12.4929877,41.8954931,road_vertex,way/1360703946
N12d4929887_41d8954475,12.4929887,41.8954475,road_vertex,way/95509136
N12d4929911_41d8900512,12.4929911,41.8900512,road_vertex,way/131271401
N12d4929916_41d8862731,12.4929916,41.8862731,road_vertex,way/375678814
N12d4929949_41d8949671,12.4929949,41.8949671,road_vertex,way/23060474
N12d4929957_41d8885009,12.4929957,41.8885009,road_vertex,way/375130361
N12d4929968_41d8884645,12.4929968,41.8884645,road_vertex,way/375130361
N12d4929984_41d8929321,12.4929984,41.8929321,road_vertex,way/23569661
N12d4929989_41d8889136,12.4929989,41.8889136,road_vertex,way/140343132
N12d4930009_41d8979546,12.4930009,41.8979546,road_vertex,way/95509142
N12d4930016_41d8884881,12.4930016,41.8884881,road_vertex,way/375130361
N12d4930017_41d8884760,12.4930017,41.8884760,road_vertex,way/375130361
N12d4930038_41d8968072,12.4930038,41.8968072,road_vertex,way/1315302853
N12d4930084_41d8932131,12.4930084,41.8932131,road_vertex,way/1472749575
N12d4930156_41d8949844,12.4930156,41.8949844,road_vertex,way/346997700
N12d4930180_41d8954685,12.4930180,41.8954685,road_vertex,way/1360703946
N12d4930237_41d8917605,12.4930237,41.8917605,road_vertex,way/1364316799
N12d4930280_41d8825811,12.4930280,41.8825811,road_vertex,way/24566952
N12d4930283_41d8954494,12.4930283,41.8954494,road_vertex,way/1360703946
N12d4930286_41d8955361,12.4930286,41.8955361,road_vertex,way/95509127
N12d4930314_41d8833092,12.4930314,41.8833092,road_vertex,way/843040938
N12d4930318_41d8917793,12.4930318,41.8917793,road_vertex,way/1364316795
N12d4930340_41d8950085,12.4930340,41.8950085,road_vertex,way/189465655
N12d4930365_41d8918609,12.4930365,41.8918609,road_vertex,way/1364316801
N12d4930367_41d8928683,12.4930367,41.8928683,road_vertex,way/23569661
N12d4930377_41d8915176,12.4930377,41.8915176,road_vertex,way/201337270
N12d4930382_41d8891452,12.4930382,41.8891452,road_vertex,way/23591644
N12d4930410_41d8917974,12.4930410,41.8917974,road_vertex,way/1364316797
N12d4930424_41d8889198,12.4930424,41.8889198,road_vertex,way/140343132
N12d4930429_41d8872860,12.4930429,41.8872860,road_vertex,way/629799633
N12d4930472_41d8874671,12.4930472,41.8874671,road_vertex,way/374989756
N12d4930480_41d8912364,12.4930480,41.8912364,road_vertex,way/1364317363
N12d4930495_41d8962708,12.4930495,41.8962708,road_vertex,way/190639862
N12d4930515_41d8954065,12.4930515,41.8954065,road_vertex,way/1360703946
N12d4930519_41d8918225,12.4930519,41.8918225,road_vertex,way/1364316797
N12d4930540_41d8955684,12.4930540,41.8955684,road_vertex,way/95509127
N12d4930543_41d8912453,12.4930543,41.8912453,road_vertex,way/1364317362
N12d4930581_41d8851030,12.4930581,41.8851030,road_vertex,way/1163422653
N12d4930588_41d8831177,12.4930588,41.8831177,road_vertex,way/143818596
N12d4930611_41d8916583,12.4930611,41.8916583,road_vertex,way/201337268
N12d4930613_41d8928201,12.4930613,41.8928201,road_vertex,way/23569661
N12d4930628_41d8893444,12.4930628,41.8893444,road_vertex,way/1236903421
N12d4930631_41d8831973,12.4930631,41.8831973,road_vertex,way/143818596
N12d4930644_41d8825568,12.4930644,41.8825568,road_vertex,way/24566952
N12d4930648_41d8918524,12.4930648,41.8918524,road_vertex,way/1364316797
N12d4930663_41d8869398,12.4930663,41.8869398,road_vertex,way/1020151638
N12d4930668_41d8918567,12.4930668,41.8918567,road_vertex,way/1364316801
N12d4930676_41d8913840,12.4930676,41.8913840,road_vertex,way/1279275942
N12d4930690_41d8918616,12.4930690,41.8918616,road_vertex,way/1364316800
N12d4930691_41d8860274,12.4930691,41.8860274,road_vertex,way/24781944
N12d4930692_41d8859927,12.4930692,41.8859927,road_vertex,way/24781944
N12d4930694_41d8956577,12.4930694,41.8956577,road_vertex,way/128177128
N12d4930746_41d8924890,12.4930746,41.8924890,road_vertex,way/1364319423
N12d4930753_41d8955965,12.4930753,41.8955965,road_vertex,way/95509127
N12d4930764_41d8917452,12.4930764,41.8917452,road_vertex,way/1364316799
N12d4930767_41d8918157,12.4930767,41.8918157,road_vertex,way/201337259
N12d4930776_41d8913352,12.4930776,41.8913352,road_vertex,way/1279275946
N12d4930776_41d8913488,12.4930776,41.8913488,road_vertex,way/1279275946
N12d4930795_41d8859621,12.4930795,41.8859621,road_vertex,way/24781944
N12d4930797_41d8954540,12.4930797,41.8954540,road_vertex,way/95509136
N12d4930801_41d8940495,12.4930801,41.8940495,road_vertex,way/232886171
N12d4930812_41d8912900,12.4930812,41.8912900,road_vertex,way/1279275948
N12d4930819_41d8894399,12.4930819,41.8894399,road_vertex,way/11491481
N12d4930825_41d8927775,12.4930825,41.8927775,road_vertex,way/672843188
N12d4930826_41d8948734,12.4930826,41.8948734,road_vertex,way/140757477
N12d4930848_41d8863168,12.4930848,41.8863168,road_vertex,way/1020151636
N12d4930898_41d8956167,12.4930898,41.8956167,road_vertex,way/95509127
N12d4930901_41d8890999,12.4930901,41.8890999,road_vertex,way/1175936711
N12d4930905_41d8889412,12.4930905,41.8889412,road_vertex,way/140343132
N12d4930933_41d8913759,12.4930933,41.8913759,road_vertex,way/1279275942
N12d4930954_41d8913143,12.4930954,41.8913143,road_vertex,way/1279275948
N12d4930980_41d8829782,12.4930980,41.8829782,road_vertex,way/143818596
N12d4930986_41d8825357,12.4930986,41.8825357,road_vertex,way/24566952
N12d4930993_41d8917388,12.4930993,41.8917388,road_vertex,way/1279275944
N12d4931006_41d8913226,12.4931006,41.8913226,road_vertex,way/1279275947
N12d4931038_41d8956363,12.4931038,41.8956363,road_vertex,way/128177128
N12d4931057_41d8868392,12.4931057,41.8868392,road_vertex,way/1020151639
N12d4931074_41d8896340,12.4931074,41.8896340,road_vertex,way/1175936710
N12d4931079_41d8947133,12.4931079,41.8947133,road_vertex,way/1502861115
N12d4931081_41d8914039,12.4931081,41.8914039,road_vertex,way/1279275941
N12d4931103_41d8833152,12.4931103,41.8833152,road_vertex,way/843040938
N12d4931137_41d8959681,12.4931137,41.8959681,road_vertex,way/346996826
N12d4931139_41d8947001,12.4931139,41.8947001,road_vertex,way/1502861115
N12d4931177_41d8963237,12.4931177,41.8963237,road_vertex,way/190639862
N12d4931204_41d8954592,12.4931204,41.8954592,road_vertex,way/95509136
N12d4931209_41d8891375,12.4931209,41.8891375,road_vertex,way/23591644
N12d4931230_41d8940625,12.4931230,41.8940625,road_vertex,way/232886171
N12d4931237_41d8949650,12.4931237,41.8949650,road_vertex,way/346997700
N12d4931275_41d8851113,12.4931275,41.8851113,road_vertex,way/1163422653
N12d4931283_41d8916395,12.4931283,41.8916395,road_vertex,way/201337270
N12d4931289_41d8874086,12.4931289,41.8874086,road_vertex,way/374989756
N12d4931289_41d8918013,12.4931289,41.8918013,road_vertex,way/201337268
N12d4931340_41d8913953,12.4931340,41.8913953,road_vertex,way/1279275941
N12d4931355_41d8833780,12.4931355,41.8833780,road_vertex,way/143818596
N12d4931362_41d8893519,12.4931362,41.8893519,road_vertex,way/1236903421
N12d4931404_41d8889618,12.4931404,41.8889618,road_vertex,way/140343132
N12d4931420_41d8946376,12.4931420,41.8946376,road_vertex,way/494026794
N12d4931424_41d8849407,12.4931424,41.8849407,road_vertex,way/1163422654
N12d4931436_41d8849122,12.4931436,41.8849122,road_vertex,way/1163422654
N12d4931437_41d8956713,12.4931437,41.8956713,road_vertex,way/95509138
N12d4931454_41d8825100,12.4931454,41.8825100,road_vertex,way/24566952
N12d4931495_41d8849772,12.4931495,41.8849772,road_vertex,way/1163422654
N12d4931496_41d8947270,12.4931496,41.8947270,road_vertex,way/140757470
N12d4931514_41d8925159,12.4931514,41.8925159,road_vertex,way/27411788
N12d4931532_41d8954648,12.4931532,41.8954648,road_vertex,way/95509136
N12d4931559_41d8867193,12.4931559,41.8867193,road_vertex,way/1020151638
N12d4931593_41d8963586,12.4931593,41.8963586,road_vertex,way/190639862
N12d4931654_41d8908933,12.4931654,41.8908933,road_vertex,way/245210493
N12d4931666_41d8940739,12.4931666,41.8940739,road_vertex,way/232886171
N12d4931669_41d8848746,12.4931669,41.8848746,road_vertex,way/1163422654
N12d4931679_41d8917195,12.4931679,41.8917195,road_vertex,way/1279275944
N12d4931709_41d8945750,12.4931709,41.8945750,road_vertex,way/1502861114
N12d4931711_41d8850074,12.4931711,41.8850074,road_vertex,way/1163422654
N12d4931748_41d8907486,12.4931748,41.8907486,road_vertex,way/1175936710
N12d4931772_41d8909734,12.4931772,41.8909734,road_vertex,way/202014785
N12d4931781_41d8968649,12.4931781,41.8968649,road_vertex,way/1315302854
N12d4931782_41d8945591,12.4931782,41.8945591,road_vertex,way/1502861114
N12d4931794_41d8927927,12.4931794,41.8927927,road_vertex,way/672843188
N12d4931850_41d8954716,12.4931850,41.8954716,road_vertex,way/95509136
N12d4931865_41d8968406,12.4931865,41.8968406,road_vertex,way/1315302856
N12d4931867_41d8889714,12.4931867,41.8889714,road_vertex,way/140343132
N12d4931900_41d8824876,12.4931900,41.8824876,road_vertex,way/24566952
N12d4931913_41d8851251,12.4931913,41.8851251,road_vertex,way/1163422653
N12d4931920_41d8920708,12.4931920,41.8920708,road_vertex,way/1364319422
N12d4931926_41d8861175,12.4931926,41.8861175,road_vertex,way/550172679
N12d4931930_41d8891325,12.4931930,41.8891325,road_vertex,way/23591644
N12d4931938_41d8894414,12.4931938,41.8894414,road_vertex,way/11491481
N12d4931977_41d8893614,12.4931977,41.8893614,road_vertex,way/1236903421
N12d4931978_41d8963927,12.4931978,41.8963927,road_vertex,way/190639862
N12d4931980_41d8948477,12.4931980,41.8948477,road_vertex,way/140757477
N12d4931990_41d8917822,12.4931990,41.8917822,road_vertex,way/201337270
N12d4932000_41d8907376,12.4932000,41.8907376,road_vertex,way/215801333
N12d4932051_41d8907899,12.4932051,41.8907899,road_vertex,way/134576220
N12d4932074_41d8940834,12.4932074,41.8940834,road_vertex,way/232886171
N12d4932095_41d8873189,12.4932095,41.8873189,road_vertex,way/629799633
N12d4932147_41d8954765,12.4932147,41.8954765,road_vertex,way/95509136
N12d4932159_41d8948475,12.4932159,41.8948475,road_vertex,way/140757477
N12d4932212_41d8878553,12.4932212,41.8878553,road_vertex,way/629799634
N12d4932219_41d8820358,12.4932219,41.8820358,road_vertex,way/818515541
N12d4932262_41d8964216,12.4932262,41.8964216,road_vertex,way/190639862
N12d4932287_41d8948483,12.4932287,41.8948483,road_vertex,way/140757477
N12d4932306_41d8919098,12.4932306,41.8919098,road_vertex,way/201337270
N12d4932320_41d8850475,12.4932320,41.8850475,road_vertex,way/1163422654
N12d4932339_41d8917008,12.4932339,41.8917008,road_vertex,way/1279275944
N12d4932362_41d8824665,12.4932362,41.8824665,road_vertex,way/24566952
N12d4932398_41d8855047,12.4932398,41.8855047,road_vertex,way/24781946
N12d4932417_41d8854949,12.4932417,41.8854949,road_vertex,way/24781945
N12d4932418_41d8954817,12.4932418,41.8954817,road_vertex,way/95509136
N12d4932420_41d8855159,12.4932420,41.8855159,road_vertex,way/24781945
N12d4932424_41d8948538,12.4932424,41.8948538,road_vertex,way/140757477
N12d4932435_41d8851354,12.4932435,41.8851354,road_vertex,way/1163422653
N12d4932453_41d8928144,12.4932453,41.8928144,road_vertex,way/672843188
N12d4932470_41d8854859,12.4932470,41.8854859,road_vertex,way/24781945
N12d4932472_41d8892995,12.4932472,41.8892995,road_vertex,way/201007332
N12d4932489_41d8855261,12.4932489,41.8855261,road_vertex,way/24781945
N12d4932511_41d8899742,12.4932511,41.8899742,road_vertex,way/833499631
N12d4932529_41d8909467,12.4932529,41.8909467,road_vertex,way/202014785
N12d4932555_41d8854783,12.4932555,41.8854783,road_vertex,way/24781945
N12d4932571_41d8948659,12.4932571,41.8948659,road_vertex,way/140757478
N12d4932573_41d8940931,12.4932573,41.8940931,road_vertex,way/232886171
N12d4932596_41d8855341,12.4932596,41.8855341,road_vertex,way/24781945
N12d4932609_41d8916932,12.4932609,41.8916932,road_vertex,way/1279275943
N12d4932627_41d8894481,12.4932627,41.8894481,road_vertex,way/11491481
N12d4932627_41d8897424,12.4932627,41.8897424,road_vertex,way/1175936710
N12d4932653_41d8893767,12.4932653,41.8893767,road_vertex,way/1236903421
N12d4932664_41d8854727,12.4932664,41.8854727,road_vertex,way/24781949
N12d4932713_41d8954860,12.4932713,41.8954860,road_vertex,way/95509136
N12d4932731_41d8855393,12.4932731,41.8855393,road_vertex,way/24781945
N12d4932731_41d8949322,12.4932731,41.8949322,road_vertex,way/182205854
N12d4932744_41d8908531,12.4932744,41.8908531,road_vertex,way/245210493
N12d4932753_41d8948822,12.4932753,41.8948822,road_vertex,way/182205853
N12d4932754_41d8849099,12.4932754,41.8849099,road_vertex,way/24781948
N12d4932755_41d8964765,12.4932755,41.8964765,road_vertex,way/190639862
N12d4932776_41d8826511,12.4932776,41.8826511,road_vertex,way/143818596
N12d4932806_41d8854692,12.4932806,41.8854692,road_vertex,way/24781945
N12d4932818_41d8824471,12.4932818,41.8824471,road_vertex,way/24566952
N12d4932819_41d8946748,12.4932819,41.8946748,road_vertex,way/189465645
N12d4932840_41d8911265,12.4932840,41.8911265,road_vertex,way/1364317362
N12d4932843_41d8899264,12.4932843,41.8899264,road_vertex,way/833499631
N12d4932851_41d8855411,12.4932851,41.8855411,road_vertex,way/24781945
N12d4932860_41d8949269,12.4932860,41.8949269,road_vertex,way/182205854
N12d4932928_41d8931901,12.4932928,41.8931901,road_vertex,way/672847699
N12d4932930_41d8850706,12.4932930,41.8850706,road_vertex,way/1163422654
N12d4932937_41d8948714,12.4932937,41.8948714,road_vertex,way/140757478
N12d4932941_41d8949179,12.4932941,41.8949179,road_vertex,way/182205854
N12d4932945_41d8948987,12.4932945,41.8948987,road_vertex,way/182205854
N12d4932955_41d8854692,12.4932955,41.8854692,road_vertex,way/1163422653
N12d4932960_41d8954904,12.4932960,41.8954904,road_vertex,way/95509136
N12d4932971_41d8949089,12.4932971,41.8949089,road_vertex,way/182205854
N12d4932974_41d8855405,12.4932974,41.8855405,road_vertex,way/24781945
N12d4933001_41d8864254,12.4933001,41.8864254,road_vertex,way/1020151637
N12d4933006_41d8965055,12.4933006,41.8965055,road_vertex,way/190639862
N12d4933044_41d8941008,12.4933044,41.8941008,road_vertex,way/232886171
N12d4933051_41d8958323,12.4933051,41.8958323,road_vertex,way/95509138
N12d4933091_41d8855377,12.4933091,41.8855377,road_vertex,way/24781950
N12d4933098_41d8854725,12.4933098,41.8854725,road_vertex,way/24781945
N12d4933098_41d8923573,12.4933098,41.8923573,road_vertex,way/1364319424
N12d4933187_41d8855333,12.4933187,41.8855333,road_vertex,way/24781945
N12d4933200_41d8894583,12.4933200,41.8894583,road_vertex,way/11491481
N12d4933211_41d8851458,12.4933211,41.8851458,road_vertex,way/1163422654
N12d4933214_41d8892906,12.4933214,41.8892906,road_vertex,way/201007332
N12d4933221_41d8854788,12.4933221,41.8854788,road_vertex,way/24781945
N12d4933230_41d8954918,12.4933230,41.8954918,road_vertex,way/95509136
N12d4933262_41d8893950,12.4933262,41.8893950,road_vertex,way/1236903421
N12d4933262_41d8923779,12.4933262,41.8923779,road_vertex,way/1364319426
N12d4933267_41d8855273,12.4933267,41.8855273,road_vertex,way/24781945
N12d4933268_41d8965369,12.4933268,41.8965369,road_vertex,way/190639862
N12d4933273_41d8908315,12.4933273,41.8908315,road_vertex,way/245210493
N12d4933279_41d8958543,12.4933279,41.8958543,road_vertex,way/346996826
N12d4933311_41d8854877,12.4933311,41.8854877,road_vertex,way/24781945
N12d4933319_41d8824278,12.4933319,41.8824278,road_vertex,way/24566952
N12d4933326_41d8855200,12.4933326,41.8855200,road_vertex,way/24781952
N12d4933362_41d8854982,12.4933362,41.8854982,road_vertex,way/24781945
N12d4933367_41d8855093,12.4933367,41.8855093,road_vertex,way/24781945
N12d4933381_41d8941052,12.4933381,41.8941052,road_vertex,way/232886171
N12d4933407_41d8837305,12.4933407,41.8837305,road_vertex,way/143818596
N12d4933410_41d8954924,12.4933410,41.8954924,road_vertex,way/95509136
N12d4933412_41d8924002,12.4933412,41.8924002,road_vertex,way/1364319426
N12d4933444_41d8850831,12.4933444,41.8850831,road_vertex,way/1163422654
N12d4933460_41d8923370,12.4933460,41.8923370,road_vertex,way/1364319423
N12d4933480_41d8905556,12.4933480,41.8905556,road_vertex,way/1175936710
N12d4933482_41d8965662,12.4933482,41.8965662,road_vertex,way/190639862
N12d4933492_41d8851356,12.4933492,41.8851356,road_vertex,way/1163422654
N12d4933519_41d8924162,12.4933519,41.8924162,road_vertex,way/1364319426
N12d4933548_41d8954281,12.4933548,41.8954281,road_vertex,way/189465655
N12d4933550_41d8954911,12.4933550,41.8954911,road_vertex,way/95509136
N12d4933551_41d8851204,12.4933551,41.8851204,road_vertex,way/1163422654
N12d4933553_41d8849256,12.4933553,41.8849256,road_vertex,way/24781948
N12d4933575_41d8851018,12.4933575,41.8851018,road_vertex,way/1163422654
N12d4933582_41d8946935,12.4933582,41.8946935,road_vertex,way/189465645
N12d4933585_41d8890395,12.4933585,41.8890395,road_vertex,way/831190225
N12d4933593_41d8924255,12.4933593,41.8924255,road_vertex,way/1364319425
N12d4933681_41d8894678,12.4933681,41.8894678,road_vertex,way/11491481
N12d4933700_41d8898337,12.4933700,41.8898337,road_vertex,way/1175936710
N12d4933702_41d8824140,12.4933702,41.8824140,road_vertex,way/24566952
N12d4933704_41d8870025,12.4933704,41.8870025,road_vertex,way/1020151640
N12d4933706_41d8965979,12.4933706,41.8965979,road_vertex,way/190639862
N12d4933726_41d8928385,12.4933726,41.8928385,road_vertex,way/672843188
N12d4933735_41d8851681,12.4933735,41.8851681,road_vertex,way/1163422653
N12d4933766_41d8862414,12.4933766,41.8862414,road_vertex,way/1020151637
N12d4933779_41d8908091,12.4933779,41.8908091,road_vertex,way/245210493
N12d4933905_41d8890389,12.4933905,41.8890389,road_vertex,way/831190225
N12d4933940_41d8954774,12.4933940,41.8954774,road_vertex,way/189465655
N12d4934020_41d8849341,12.4934020,41.8849341,road_vertex,way/24781948
N12d4934060_41d8873576,12.4934060,41.8873576,road_vertex,way/629799634
N12d4934077_41d8868989,12.4934077,41.8868989,road_vertex,way/1020151640
N12d4934104_41d8894773,12.4934104,41.8894773,road_vertex,way/1236903421
N12d4934160_41d8891200,12.4934160,41.8891200,road_vertex,way/23591644
N12d4934179_41d8903979,12.4934179,41.8903979,road_vertex,way/1175936710
N12d4934181_41d8959533,12.4934181,41.8959533,road_vertex,way/95509138
N12d4934210_41d8955113,12.4934210,41.8955113,road_vertex,way/189465655
N12d4934226_41d8823959,12.4934226,41.8823959,road_vertex,way/24566952
N12d4934245_41d8890406,12.4934245,41.8890406,road_vertex,way/831190225
N12d4934259_41d8957692,12.4934259,41.8957692,road_vertex,way/95509134
N12d4934321_41d8852538,12.4934321,41.8852538,road_vertex,way/1163422653
N12d4934360_41d8868202,12.4934360,41.8868202,road_vertex,way/1020151640
N12d4934365_41d8892673,12.4934365,41.8892673,road_vertex,way/201007332
N12d4934457_41d8894411,12.4934457,41.8894411,road_vertex,way/1425979190
N12d4934459_41d8890868,12.4934459,41.8890868,road_vertex,way/1175936711
N12d4934488_41d8907743,12.4934488,41.8907743,road_vertex,way/245210493
N12d4934492_41d8923365,12.4934492,41.8923365,road_vertex,way/201337265
N12d4934511_41d8890430,12.4934511,41.8890430,road_vertex,way/831190225
N12d4934532_41d8898792,12.4934532,41.8898792,road_vertex,way/1175936710
N12d4934539_41d8852052,12.4934539,41.8852052,road_vertex,way/1163422653
N12d4934552_41d8894298,12.4934552,41.8894298,road_vertex,way/1425979190
N12d4934631_41d8823835,12.4934631,41.8823835,road_vertex,way/24566952
N12d4934661_41d8849381,12.4934661,41.8849381,road_vertex,way/24781948
N12d4934747_41d8891135,12.4934747,41.8891135,road_vertex,way/23591644
N12d4934755_41d8839698,12.4934755,41.8839698,road_vertex,way/143818596
N12d4934761_41d8890464,12.4934761,41.8890464,road_vertex,way/831190225
N12d4934939_41d8893919,12.4934939,41.8893919,road_vertex,way/1425979186
N12d4935019_41d8823733,12.4935019,41.8823733,road_vertex,way/24566952
N12d4935026_41d8890504,12.4935026,41.8890504,road_vertex,way/831190225
N12d4935064_41d8893804,12.4935064,41.8893804,road_vertex,way/1425979187
N12d4935070_41d8849353,12.4935070,41.8849353,road_vertex,way/24781948
N12d4935089_41d8900506,12.4935089,41.8900506,road_vertex,way/1175936710
N12d4935099_41d8893766,12.4935099,41.8893766,road_vertex,way/1425979187
N12d4935099_41d8901790,12.4935099,41.8901790,road_vertex,way/1175936710
N12d4935158_41d8895158,12.4935158,41.8895158,road_vertex,way/11491481
N12d4935174_41d8907387,12.4935174,41.8907387,road_vertex,way/245210493
N12d4935181_41d8891060,12.4935181,41.8891060,road_vertex,way/23591644
N12d4935185_41d8893721,12.4935185,41.8893721,road_vertex,way/1425979187
N12d4935186_41d8968129,12.4935186,41.8968129,road_vertex,way/190639862
N12d4935189_41d8892401,12.4935189,41.8892401,road_vertex,way/23591645
N12d4935259_41d8870346,12.4935259,41.8870346,road_vertex,way/629799634
N12d4935285_41d8886302,12.4935285,41.8886302,road_vertex,way/140343129
N12d4935288_41d8905712,12.4935288,41.8905712,road_vertex,way/215801333
N12d4935298_41d8886118,12.4935298,41.8886118,road_vertex,way/140343148
N12d4935311_41d8890579,12.4935311,41.8890579,road_vertex,way/831190225
N12d4935328_41d8922079,12.4935328,41.8922079,road_vertex,way/1279275945
N12d4935354_41d8886480,12.4935354,41.8886480,road_vertex,way/140343129
N12d4935355_41d8949656,12.4935355,41.8949656,road_vertex,way/95509132
N12d4935357_41d8968418,12.4935357,41.8968418,road_vertex,way/190639862
N12d4935378_41d8823650,12.4935378,41.8823650,road_vertex,way/24566952
N12d4935383_41d8885958,12.4935383,41.8885958,road_vertex,way/140343129
N12d4935405_41d8951128,12.4935405,41.8951128,road_vertex,way/1360703944
N12d4935409_41d8859379,12.4935409,41.8859379,road_vertex,way/24781950
N12d4935465_41d8968627,12.4935465,41.8968627,road_vertex,way/190639862
N12d4935477_41d8892284,12.4935477,41.8892284,road_vertex,way/23591645
N12d4935495_41d8849236,12.4935495,41.8849236,road_vertex,way/24781948
N12d4935499_41d8886630,12.4935499,41.8886630,road_vertex,way/140343129
N12d4935525_41d8890638,12.4935525,41.8890638,road_vertex,way/831190225
N12d4935531_41d8885827,12.4935531,41.8885827,road_vertex,way/140343129
N12d4935556_41d8890978,12.4935556,41.8890978,road_vertex,way/23591644
N12d4935581_41d8968974,12.4935581,41.8968974,road_vertex,way/1315302856
N12d4935596_41d8922022,12.4935596,41.8922022,road_vertex,way/1279275939
N12d4935611_41d8956993,12.4935611,41.8956993,road_vertex,way/95509134
N12d4935614_41d8869392,12.4935614,41.8869392,road_vertex,way/629799634
N12d4935622_41d8969117,12.4935622,41.8969117,road_vertex,way/190639862
N12d4935634_41d8922797,12.4935634,41.8922797,road_vertex,way/1279275945
N12d4935637_41d8817652,12.4935637,41.8817652,road_vertex,way/1298029990
N12d4935642_41d8898481,12.4935642,41.8898481,road_vertex,way/833499631
N12d4935662_41d8969352,12.4935662,41.8969352,road_vertex,way/190639863
N12d4935696_41d8892168,12.4935696,41.8892168,road_vertex,way/23591645
N12d4935703_41d8886736,12.4935703,41.8886736,road_vertex,way/140343129
N12d4935704_41d8889783,12.4935704,41.8889783,road_vertex,way/140343132
N12d4935725_41d8885735,12.4935725,41.8885735,road_vertex,way/140343129
N12d4935731_41d8956931,12.4935731,41.8956931,road_vertex,way/189465655
N12d4935750_41d8823551,12.4935750,41.8823551,road_vertex,way/24566952
N12d4935752_41d8890717,12.4935752,41.8890717,road_vertex,way/831190225
N12d4935807_41d8949142,12.4935807,41.8949142,road_vertex,way/95509132
N12d4935813_41d8890918,12.4935813,41.8890918,road_vertex,way/23591644
N12d4935838_41d8893382,12.4935838,41.8893382,road_vertex,way/112167242
N12d4935853_41d8859684,12.4935853,41.8859684,road_vertex,way/112174947
N12d4935856_41d8929271,12.4935856,41.8929271,road_vertex,way/672843188
N12d4935878_41d8922713,12.4935878,41.8922713,road_vertex,way/22885885
N12d4935899_41d8895632,12.4935899,41.8895632,road_vertex,way/11491481
N12d4935942_41d8886785,12.4935942,41.8886785,road_vertex,way/140343129
N12d4935949_41d8885693,12.4935949,41.8885693,road_vertex,way/140343129
N12d4936005_41d8892001,12.4936005,41.8892001,road_vertex,way/23591645
N12d4936049_41d8849074,12.4936049,41.8849074,road_vertex,way/24781948
N12d4936051_41d8818001,12.4936051,41.8818001,road_vertex,way/818515541
N12d4936068_41d8823453,12.4936068,41.8823453,road_vertex,way/24566952
N12d4936078_41d8890860,12.4936078,41.8890860,road_vertex,way/831190225
N12d4936083_41d8868127,12.4936083,41.8868127,road_vertex,way/629799634
N12d4936162_41d8908024,12.4936162,41.8908024,road_vertex,way/202014785
N12d4936175_41d8898332,12.4936175,41.8898332,road_vertex,way/833499631
N12d4936178_41d8905852,12.4936178,41.8905852,road_vertex,way/11491481
N12d4936179_41d8885704,12.4936179,41.8885704,road_vertex,way/140343129
N12d4936190_41d8886773,12.4936190,41.8886773,road_vertex,way/140343129
N12d4936197_41d8889848,12.4936197,41.8889848,road_vertex,way/1425979193
N12d4936276_41d8890823,12.4936276,41.8890823,road_vertex,way/23591644
N12d4936285_41d8890988,12.4936285,41.8890988,road_vertex,way/831190225
N12d4936289_41d8905006,12.4936289,41.8905006,road_vertex,way/215801333
N12d4936297_41d8891808,12.4936297,41.8891808,road_vertex,way/23591645
N12d4936314_41d8950584,12.4936314,41.8950584,road_vertex,way/493764105
N12d4936337_41d8949521,12.4936337,41.8949521,road_vertex,way/493764107
N12d4936348_41d8922560,12.4936348,41.8922560,road_vertex,way/1217979210
N12d4936361_41d8899909,12.4936361,41.8899909,road_vertex,way/215801333
N12d4936382_41d8892460,12.4936382,41.8892460,road_vertex,way/23591646
N12d4936387_41d8957662,12.4936387,41.8957662,road_vertex,way/189465655
N12d4936393_41d8885767,12.4936393,41.8885767,road_vertex,way/140343153
N12d4936398_41d8892267,12.4936398,41.8892267,road_vertex,way/23591646
N12d4936418_41d8886699,12.4936418,41.8886699,road_vertex,way/140343129
N12d4936422_41d8892626,12.4936422,41.8892626,road_vertex,way/23591646
N12d4936434_41d8889922,12.4936434,41.8889922,road_vertex,way/1425979194
N12d4936460_41d8823320,12.4936460,41.8823320,road_vertex,way/24566952
N12d4936472_41d8888365,12.4936472,41.8888365,road_vertex,way/140343140
N12d4936472_41d8892783,12.4936472,41.8892783,road_vertex,way/23591646
N12d4936476_41d8892066,12.4936476,41.8892066,road_vertex,way/23591646
N12d4936496_41d8891136,12.4936496,41.8891136,road_vertex,way/831190225
N12d4936509_41d8890784,12.4936509,41.8890784,road_vertex,way/23591644
N12d4936526_41d8933296,12.4936526,41.8933296,road_vertex,way/672847699
N12d4936531_41d8921765,12.4936531,41.8921765,road_vertex,way/1217979209
N12d4936548_41d8848894,12.4936548,41.8848894,road_vertex,way/24781948
N12d4936552_41d8896284,12.4936552,41.8896284,road_vertex,way/11491481
N12d4936578_41d8861729,12.4936578,41.8861729,road_vertex,way/1020151636
N12d4936582_41d8885887,12.4936582,41.8885887,road_vertex,way/140343129
N12d4936601_41d8886574,12.4936601,41.8886574,road_vertex,way/140343129
N12d4936606_41d8893053,12.4936606,41.8893053,road_vertex,way/112167242
N12d4936628_41d8891778,12.4936628,41.8891778,road_vertex,way/23591646
N12d4936640_41d8885304,12.4936640,41.8885304,road_vertex,way/140343153
N12d4936656_41d8891536,12.4936656,41.8891536,road_vertex,way/23591645
N12d4936667_41d8950373,12.4936667,41.8950373,road_vertex,way/1190977600
N12d4936670_41d8888408,12.4936670,41.8888408,road_vertex,way/1425979193
N12d4936687_41d8946795,12.4936687,41.8946795,road_vertex,way/1190977612
N12d4936707_41d8886046,12.4936707,41.8886046,road_vertex,way/140343129
N12d4936717_41d8886411,12.4936717,41.8886411,road_vertex,way/140343129
N12d4936719_41d8905578,12.4936719,41.8905578,road_vertex,way/11491481
N12d4936734_41d8891583,12.4936734,41.8891583,road_vertex,way/23591646
N12d4936754_41d8886228,12.4936754,41.8886228,road_vertex,way/140343129
N12d4936798_41d8823188,12.4936798,41.8823188,road_vertex,way/24566952
N12d4936800_41d8900831,12.4936800,41.8900831,road_vertex,way/215801333
N12d4936808_41d8891379,12.4936808,41.8891379,road_vertex,way/1375061353
N12d4936809_41d8897440,12.4936809,41.8897440,road_vertex,way/103335453
N12d4936846_41d8890741,12.4936846,41.8890741,road_vertex,way/23591644
N12d4936863_41d8888439,12.4936863,41.8888439,road_vertex,way/1425979193
N12d4936876_41d8860864,12.4936876,41.8860864,road_vertex,way/375678814
N12d4936880_41d8891241,12.4936880,41.8891241,road_vertex,way/121548976
N12d4936882_41d8950224,12.4936882,41.8950224,road_vertex,way/1360704538
N12d4936935_41d8904290,12.4936935,41.8904290,road_vertex,way/215801333
N12d4936950_41d8949189,12.4936950,41.8949189,road_vertex,way/140757473
N12d4936958_41d8910069,12.4936958,41.8910069,road_vertex,way/376969890
N12d4936967_41d8923200,12.4936967,41.8923200,road_vertex,way/1217979210
N12d4937010_41d8947776,12.4937010,41.8947776,road_vertex,way/189558676
N12d4937032_41d8901317,12.4937032,41.8901317,road_vertex,way/215801333
N12d4937035_41d8843492,12.4937035,41.8843492,road_vertex,way/143818596
N12d4937044_41d8823079,12.4937044,41.8823079,road_vertex,way/24566952
N12d4937052_41d8861412,12.4937052,41.8861412,road_vertex,way/140343138
N12d4937055_41d8948702,12.4937055,41.8948702,road_vertex,way/493764107
N12d4937071_41d8891675,12.4937071,41.8891675,road_vertex,way/1375061353
N12d4937082_41d8848780,12.4937082,41.8848780,road_vertex,way/24781948
N12d4937094_41d8950095,12.4937094,41.8950095,road_vertex,way/1190977600
N12d4937103_41d8898085,12.4937103,41.8898085,road_vertex,way/134576219
N12d4937128_41d8905316,12.4937128,41.8905316,road_vertex,way/11491481
N12d4937131_41d8892823,12.4937131,41.8892823,road_vertex,way/1425979189
N12d4937131_41d8911974,12.4937131,41.8911974,road_vertex,way/1072297385
N12d4937140_41d8910371,12.4937140,41.8910371,road_vertex,way/1279275946
N12d4937147_41d8890725,12.4937147,41.8890725,road_vertex,way/201007334
N12d4937155_41d8929653,12.4937155,41.8929653,road_vertex,way/672843188
N12d4937166_41d8901599,12.4937166,41.8901599,road_vertex,way/215801333
N12d4937172_41d8897349,12.4937172,41.8897349,road_vertex,way/33924729
N12d4937182_41d8948652,12.4937182,41.8948652,road_vertex,way/493764107
N12d4937233_41d8910528,12.4937233,41.8910528,road_vertex,way/376969891
N12d4937253_41d8892770,12.4937253,41.8892770,road_vertex,way/1425979189
N12d4937255_41d8891909,12.4937255,41.8891909,road_vertex,way/1375061353
N12d4937269_41d8906634,12.4937269,41.8906634,road_vertex,way/122109238
N12d4937272_41d8909921,12.4937272,41.8909921,road_vertex,way/231177620
N12d4937297_41d8950244,12.4937297,41.8950244,road_vertex,way/140757480
N12d4937314_41d8933599,12.4937314,41.8933599,road_vertex,way/672847698
N12d4937347_41d8864724,12.4937347,41.8864724,road_vertex,way/629799634
N12d4937368_41d8894447,12.4937368,41.8894447,road_vertex,way/23591646
N12d4937371_41d8898671,12.4937371,41.8898671,road_vertex,way/134576219
N12d4937383_41d8948652,12.4937383,41.8948652,road_vertex,way/493764107
N12d4937401_41d8892109,12.4937401,41.8892109,road_vertex,way/1375061353
N12d4937404_41d8891180,12.4937404,41.8891180,road_vertex,way/1375061352
N12d4937409_41d8903065,12.4937409,41.8903065,road_vertex,way/215801333
N12d4937409_41d8909268,12.4937409,41.8909268,road_vertex,way/231177620
N12d4937427_41d8949721,12.4937427,41.8949721,road_vertex,way/140757479
N12d4937428_41d8892708,12.4937428,41.8892708,road_vertex,way/1425979189
N12d4937448_41d8905882,12.4937448,41.8905882,road_vertex,way/22979056
N12d4937456_41d8822867,12.4937456,41.8822867,road_vertex,way/24566952
N12d4937471_41d8921491,12.4937471,41.8921491,road_vertex,way/1217979209
N12d4937491_41d8949482,12.4937491,41.8949482,road_vertex,way/140757475
N12d4937504_41d8848075,12.4937504,41.8848075,road_vertex,way/120951468
N12d4937505_41d8909069,12.4937505,41.8909069,road_vertex,way/1425982511
N12d4937547_41d8889891,12.4937547,41.8889891,road_vertex,way/1425979194
N12d4937550_41d8907502,12.4937550,41.8907502,road_vertex,way/202014785
N12d4937558_41d8892662,12.4937558,41.8892662,road_vertex,way/1425979188
N12d4937569_41d8848702,12.4937569,41.8848702,road_vertex,way/120951468
N12d4937575_41d8904966,12.4937575,41.8904966,road_vertex,way/11491481
N12d4937592_41d8949535,12.4937592,41.8949535,road_vertex,way/140757479
N12d4937598_41d8849331,12.4937598,41.8849331,road_vertex,way/120951467
N12d4937606_41d8908858,12.4937606,41.8908858,road_vertex,way/231177620
N12d4937623_41d8941559,12.4937623,41.8941559,road_vertex,way/232886171
N12d4937645_41d8847507,12.4937645,41.8847507,road_vertex,way/120951468
N12d4937715_41d8848953,12.4937715,41.8848953,road_vertex,way/24781954
N12d4937726_41d8892606,12.4937726,41.8892606,road_vertex,way/1425979188
N12d4937759_41d8953351,12.4937759,41.8953351,road_vertex,way/1360703944
N12d4937765_41d8898576,12.4937765,41.8898576,road_vertex,way/101258378
N12d4937769_41d8949332,12.4937769,41.8949332,road_vertex,way/140757479
N12d4937784_41d8922193,12.4937784,41.8922193,road_vertex,way/767575365
N12d4937801_41d8905624,12.4937801,41.8905624,road_vertex,way/22979056
N12d4937815_41d8822672,12.4937815,41.8822672,road_vertex,way/24566952
N12d4937821_41d8911492,12.4937821,41.8911492,road_vertex,way/376969891
N12d4937873_41d8849937,12.4937873,41.8849937,road_vertex,way/24781954
N12d4937878_41d8848758,12.4937878,41.8848758,road_vertex,way/24781948
N12d4937931_41d8892547,12.4937931,41.8892547,road_vertex,way/1425979188
N12d4937937_41d8850592,12.4937937,41.8850592,road_vertex,way/24781954
N12d4937943_41d8922803,12.4937943,41.8922803,road_vertex,way/767575365
N12d4937961_41d8904609,12.4937961,41.8904609,road_vertex,way/1364316803
N12d4937986_41d8941879,12.4937986,41.8941879,road_vertex,way/140757468
N12d4937987_41d8941587,12.4937987,41.8941587,road_vertex,way/232886171
N12d4938023_41d8889862,12.4938023,41.8889862,road_vertex,way/1425979194
N12d4938024_41d8923006,12.4938024,41.8923006,road_vertex,way/1217979210
N12d4938028_41d8949036,12.4938028,41.8949036,road_vertex,way/1190977601
N12d4938036_41d8942421,12.4938036,41.8942421,road_vertex,way/23694379
N12d4938051_41d8942579,12.4938051,41.8942579,road_vertex,way/23694381
N12d4938055_41d8904660,12.4938055,41.8904660,road_vertex,way/1511937209
N12d4938096_41d8923196,12.4938096,41.8923196,road_vertex,way/767575365
N12d4938102_41d8848719,12.4938102,41.8848719,road_vertex,way/24781948
N12d4938108_41d8943193,12.4938108,41.8943193,road_vertex,way/23694381
N12d4938109_41d8904692,12.4938109,41.8904692,road_vertex,way/1511937209
N12d4938120_41d8943321,12.4938120,41.8943321,road_vertex,way/23694382
N12d4938154_41d8948892,12.4938154,41.8948892,road_vertex,way/1190977602
N12d4938168_41d8892476,12.4938168,41.8892476,road_vertex,way/1425979191
N12d4938171_41d8845441,12.4938171,41.8845441,road_vertex,way/143818596
N12d4938176_41d8890045,12.4938176,41.8890045,road_vertex,way/1425979192
N12d4938181_41d8943972,12.4938181,41.8943972,road_vertex,way/23694382
N12d4938187_41d8905295,12.4938187,41.8905295,road_vertex,way/22979056
N12d4938195_41d8846333,12.4938195,41.8846333,road_vertex,way/120951468
N12d4938213_41d8890149,12.4938213,41.8890149,road_vertex,way/1359353768
N12d4938235_41d8923503,12.4938235,41.8923503,road_vertex,way/767575365
N12d4938251_41d8904268,12.4938251,41.8904268,road_vertex,way/11491481
N12d4938256_41d8851173,12.4938256,41.8851173,road_vertex,way/24781954
N12d4938257_41d8895556,12.4938257,41.8895556,road_vertex,way/102290906
N12d4938284_41d8892441,12.4938284,41.8892441,road_vertex,way/1425979191
N12d4938286_41d8822368,12.4938286,41.8822368,road_vertex,way/24566952
N12d4938286_41d8890500,12.4938286,41.8890500,road_vertex,way/1359353766
N12d4938293_41d8948089,12.4938293,41.8948089,road_vertex,way/1190977603
N12d4938324_41d8933992,12.4938324,41.8933992,road_vertex,way/672847700
N12d4938325_41d8906271,12.4938325,41.8906271,road_vertex,way/122109238
N12d4938326_41d8848547,12.4938326,41.8848547,road_vertex,way/24781948
N12d4938349_41d8890800,12.4938349,41.8890800,road_vertex,way/1359353767
N12d4938383_41d8845859,12.4938383,41.8845859,road_vertex,way/120951472
N12d4938397_41d8890894,12.4938397,41.8890894,road_vertex,way/1375061352
N12d4938410_41d8947430,12.4938410,41.8947430,road_vertex,way/1190977603
N12d4938428_41d8946795,12.4938428,41.8946795,road_vertex,way/1363660973
N12d4938448_41d8911049,12.4938448,41.8911049,road_vertex,way/119380750
N12d4938459_41d8947155,12.4938459,41.8947155,road_vertex,way/23694377
N12d4938464_41d8941576,12.4938464,41.8941576,road_vertex,way/232886171
N12d4938479_41d8948999,12.4938479,41.8948999,road_vertex,way/1360703945
N12d4938489_41d8923885,12.4938489,41.8923885,road_vertex,way/767575365
N12d4938503_41d8903930,12.4938503,41.8903930,road_vertex,way/11491481
N12d4938524_41d8904937,12.4938524,41.8904937,road_vertex,way/1531922726
N12d4938575_41d8900385,12.4938575,41.8900385,road_vertex,way/11491481
N12d4938610_41d8934103,12.4938610,41.8934103,road_vertex,way/672847697
N12d4938650_41d8903670,12.4938650,41.8903670,road_vertex,way/11491481
N12d4938658_41d8851789,12.4938658,41.8851789,road_vertex,way/24781954
N12d4938705_41d8822081,12.4938705,41.8822081,road_vertex,way/24566952
N12d4938738_41d8818740,12.4938738,41.8818740,road_vertex,way/843042150
N12d4938766_41d8903440,12.4938766,41.8903440,road_vertex,way/11491481
N12d4938787_41d8937940,12.4938787,41.8937940,road_vertex,way/348410740
N12d4938796_41d8921944,12.4938796,41.8921944,road_vertex,way/22885885
N12d4938802_41d8904613,12.4938802,41.8904613,road_vertex,way/1489728089
N12d4938843_41d8905117,12.4938843,41.8905117,road_vertex,way/1531922726
N12d4938853_41d8934199,12.4938853,41.8934199,road_vertex,way/672846333
N12d4938857_41d8838891,12.4938857,41.8838891,road_vertex,way/1441615550
N12d4938865_41d8901207,12.4938865,41.8901207,road_vertex,way/11491481
N12d4938879_41d8903173,12.4938879,41.8903173,road_vertex,way/11491481
N12d4938887_41d8941514,12.4938887,41.8941514,road_vertex,way/232886171
N12d4938925_41d8908524,12.4938925,41.8908524,road_vertex,way/1425982511
N12d4938958_41d8904380,12.4938958,41.8904380,road_vertex,way/1489728089
N12d4938961_41d8902954,12.4938961,41.8902954,road_vertex,way/11491481
N12d4939003_41d8901803,12.4939003,41.8901803,road_vertex,way/11491481
N12d4939024_41d8902743,12.4939024,41.8902743,road_vertex,way/11491481
N12d4939054_41d8902227,12.4939054,41.8902227,road_vertex,way/11491481
N12d4939054_41d8902535,12.4939054,41.8902535,road_vertex,way/11491481
N12d4939097_41d8839447,12.4939097,41.8839447,road_vertex,way/1441615550
N12d4939099_41d8907424,12.4939099,41.8907424,road_vertex,way/202014784
N12d4939102_41d8905246,12.4939102,41.8905246,road_vertex,way/1312291148
N12d4939145_41d8904063,12.4939145,41.8904063,road_vertex,way/1489728089
N12d4939172_41d8941444,12.4939172,41.8941444,road_vertex,way/232886171
N12d4939192_41d8907297,12.4939192,41.8907297,road_vertex,way/202014784
N12d4939219_41d8932720,12.4939219,41.8932720,road_vertex,way/672847701
N12d4939230_41d8946690,12.4939230,41.8946690,road_vertex,way/1363660973
N12d4939232_41d8907094,12.4939232,41.8907094,road_vertex,way/1216458784
N12d4939252_41d8895321,12.4939252,41.8895321,road_vertex,way/102290906
N12d4939256_41d8906973,12.4939256,41.8906973,road_vertex,way/1216458784
N12d4939265_41d8852507,12.4939265,41.8852507,road_vertex,way/24781954
N12d4939279_41d8903758,12.4939279,41.8903758,road_vertex,way/1489728089
N12d4939333_41d8847664,12.4939333,41.8847664,road_vertex,way/1499300821
N12d4939338_41d8905965,12.4939338,41.8905965,road_vertex,way/122109238
N12d4939358_41d8903524,12.4939358,41.8903524,road_vertex,way/1489728089
N12d4939375_41d8941373,12.4939375,41.8941373,road_vertex,way/232886171
N12d4939378_41d8909354,12.4939378,41.8909354,road_vertex,way/1279275946
N12d4939426_41d8900612,12.4939426,41.8900612,road_vertex,way/366647666
N12d4939430_41d8895281,12.4939430,41.8895281,road_vertex,way/1375061353
N12d4939431_41d8903226,12.4939431,41.8903226,road_vertex,way/1489728089
N12d4939448_41d8879975,12.4939448,41.8879975,road_vertex,way/140343153
N12d4939487_41d8821497,12.4939487,41.8821497,road_vertex,way/24566952
N12d4939493_41d8902879,12.4939493,41.8902879,road_vertex,way/366647666
N12d4939517_41d8902612,12.4939517,41.8902612,road_vertex,way/366647666
N12d4939539_41d8901201,12.4939539,41.8901201,road_vertex,way/366647666
N12d4939544_41d8902270,12.4939544,41.8902270,road_vertex,way/366647666
N12d4939554_41d8901558,12.4939554,41.8901558,road_vertex,way/366647666
N12d4939558_41d8901908,12.4939558,41.8901908,road_vertex,way/366647666
N12d4939579_41d8847261,12.4939579,41.8847261,road_vertex,way/1499300821
N12d4939606_41d8941265,12.4939606,41.8941265,road_vertex,way/232886171
N12d4939610_41d8839624,12.4939610,41.8839624,road_vertex,way/1441615551
N12d4939617_41d8895240,12.4939617,41.8895240,road_vertex,way/102290906
N12d4939637_41d8895708,12.4939637,41.8895708,road_vertex,way/1375061353
N12d4939823_41d8941137,12.4939823,41.8941137,road_vertex,way/232886171
N12d4939840_41d8894931,12.4939840,41.8894931,road_vertex,way/1375061352
N12d4939876_41d8895022,12.4939876,41.8895022,road_vertex,way/1359444553
N12d4939937_41d8895170,12.4939937,41.8895170,road_vertex,way/1359444552
N12d4939971_41d8846775,12.4939971,41.8846775,road_vertex,way/1499300820
N12d4939990_41d8853341,12.4939990,41.8853341,road_vertex,way/24781954
N12d4940001_41d8895327,12.4940001,41.8895327,road_vertex,way/1359444554
N12d4940009_41d8847324,12.4940009,41.8847324,road_vertex,way/112174951
N12d4940010_41d8895760,12.4940010,41.8895760,road_vertex,way/1375061351
N12d4940061_41d8948526,12.4940061,41.8948526,road_vertex,way/189558676
N12d4940063_41d8931535,12.4940063,41.8931535,road_vertex,way/672847702
N12d4940104_41d8895591,12.4940104,41.8895591,road_vertex,way/1364314169
N12d4940125_41d8895645,12.4940125,41.8895645,road_vertex,way/1375061351
N12d4940127_41d8910198,12.4940127,41.8910198,road_vertex,way/119380750
N12d4940146_41d8855586,12.4940146,41.8855586,road_vertex,way/24781952
N12d4940146_41d8855671,12.4940146,41.8855671,road_vertex,way/24781951
N12d4940146_41d8884549,12.4940146,41.8884549,road_vertex,way/201007334
N12d4940180_41d8855752,12.4940180,41.8855752,road_vertex,way/24781951
N12d4940188_41d8855498,12.4940188,41.8855498,road_vertex,way/24781951
N12d4940229_41d8941404,12.4940229,41.8941404,road_vertex,way/140757481
N12d4940246_41d8855821,12.4940246,41.8855821,road_vertex,way/24781951
N12d4940249_41d8931266,12.4940249,41.8931266,road_vertex,way/672847702
N12d4940268_41d8855425,12.4940268,41.8855425,road_vertex,way/24781951
N12d4940278_41d8920795,12.4940278,41.8920795,road_vertex,way/1217979209
N12d4940283_41d8905698,12.4940283,41.8905698,road_vertex,way/122109238
N12d4940313_41d8845971,12.4940313,41.8845971,road_vertex,way/1499300820
N12d4940319_41d8909034,12.4940319,41.8909034,road_vertex,way/1279275946
N12d4940323_41d8831824,12.4940323,41.8831824,road_vertex,way/1441615550
N12d4940338_41d8855871,12.4940338,41.8855871,road_vertex,way/24781951
N12d4940340_41d8946602,12.4940340,41.8946602,road_vertex,way/1392233165
N12d4940377_41d8855377,12.4940377,41.8855377,road_vertex,way/24781951
N12d4940387_41d8947878,12.4940387,41.8947878,road_vertex,way/23569690
N12d4940405_41d8847255,12.4940405,41.8847255,road_vertex,way/112174951
N12d4940446_41d8855898,12.4940446,41.8855898,road_vertex,way/24781951
N12d4940474_41d8853744,12.4940474,41.8853744,road_vertex,way/24781954
N12d4940501_41d8855360,12.4940501,41.8855360,road_vertex,way/24781951
N12d4940560_41d8855898,12.4940560,41.8855898,road_vertex,way/24781951
N12d4940570_41d8947514,12.4940570,41.8947514,road_vertex,way/23569690
N12d4940583_41d8904753,12.4940583,41.8904753,road_vertex,way/1312291148
N12d4940599_41d8921508,12.4940599,41.8921508,road_vertex,way/22885885
N12d4940625_41d8855375,12.4940625,41.8855375,road_vertex,way/24781951
N12d4940633_41d8934844,12.4940633,41.8934844,road_vertex,way/672845706
N12d4940668_41d8855872,12.4940668,41.8855872,road_vertex,way/24781951
N12d4940670_41d8947352,12.4940670,41.8947352,road_vertex,way/23569690
N12d4940674_41d8946574,12.4940674,41.8946574,road_vertex,way/1363660973
N12d4940682_41d8904935,12.4940682,41.8904935,road_vertex,way/1301378283
N12d4940735_41d8855421,12.4940735,41.8855421,road_vertex,way/24781951
N12d4940761_41d8855823,12.4940761,41.8855823,road_vertex,way/24781951
N12d4940775_41d8947217,12.4940775,41.8947217,road_vertex,way/23569690
N12d4940779_41d8884877,12.4940779,41.8884877,road_vertex,way/1359367482
N12d4940817_41d8855493,12.4940817,41.8855493,road_vertex,way/24781951
N12d4940822_41d8865596,12.4940822,41.8865596,road_vertex,way/140343144
N12d4940822_41d8884784,12.4940822,41.8884784,road_vertex,way/1359367482
N12d4940828_41d8855755,12.4940828,41.8855755,road_vertex,way/24781951
N12d4940862_41d8855580,12.4940862,41.8855580,road_vertex,way/24781951
N12d4940864_41d8855674,12.4940864,41.8855674,road_vertex,way/24781953
N12d4940870_41d8830108,12.4940870,41.8830108,road_vertex,way/1441615550
N12d4940892_41d8947098,12.4940892,41.8947098,road_vertex,way/23569690
N12d4940898_41d8934184,12.4940898,41.8934184,road_vertex,way/672843188
N12d4940909_41d8934956,12.4940909,41.8934956,road_vertex,way/672845502
N12d4940923_41d8839795,12.4940923,41.8839795,road_vertex,way/1499300820
N12d4940930_41d8842247,12.4940930,41.8842247,road_vertex,way/1499300820
N12d4940956_41d8854059,12.4940956,41.8854059,road_vertex,way/24781954
N12d4940963_41d8905514,12.4940963,41.8905514,road_vertex,way/1301378280
N12d4940988_41d8884393,12.4940988,41.8884393,road_vertex,way/1359367480
N12d4941003_41d8946992,12.4941003,41.8946992,road_vertex,way/1392233165
N12d4941010_41d8931663,12.4941010,41.8931663,road_vertex,way/672843188
N12d4941023_41d8900223,12.4941023,41.8900223,road_vertex,way/1375061350
N12d4941030_41d8904626,12.4941030,41.8904626,road_vertex,way/1301378282
N12d4941089_41d8947633,12.4941089,41.8947633,road_vertex,way/1363660961
N12d4941159_41d8946902,12.4941159,41.8946902,road_vertex,way/23569690
N12d4941160_41d8819671,12.4941160,41.8819671,road_vertex,way/1298029990
N12d4941184_41d8948054,12.4941184,41.8948054,road_vertex,way/1363660961
N12d4941189_41d8883920,12.4941189,41.8883920,road_vertex,way/1359367481
N12d4941189_41d8922197,12.4941189,41.8922197,road_vertex,way/1217979210
N12d4941201_41d8947388,12.4941201,41.8947388,road_vertex,way/1363660961
N12d4941215_41d8906009,12.4941215,41.8906009,road_vertex,way/993231733
N12d4941227_41d8883847,12.4941227,41.8883847,road_vertex,way/1359444543
N12d4941244_41d8900172,12.4941244,41.8900172,road_vertex,way/1375061350
N12d4941253_41d8829637,12.4941253,41.8829637,road_vertex,way/1441615550
N12d4941336_41d8907750,12.4941336,41.8907750,road_vertex,way/1425982511
N12d4941341_41d8906260,12.4941341,41.8906260,road_vertex,way/1276004035
N12d4941389_41d8906347,12.4941389,41.8906347,road_vertex,way/1364317364
N12d4941396_41d8947231,12.4941396,41.8947231,road_vertex,way/1392233165
N12d4941400_41d8946801,12.4941400,41.8946801,road_vertex,way/23569690
N12d4941426_41d8900130,12.4941426,41.8900130,road_vertex,way/1375061353
N12d4941505_41d8904507,12.4941505,41.8904507,road_vertex,way/188102263
N12d4941606_41d8900089,12.4941606,41.8900089,road_vertex,way/1375061350
N12d4941626_41d8858445,12.4941626,41.8858445,road_vertex,way/1414285294
N12d4941648_41d8875188,12.4941648,41.8875188,road_vertex,way/140343149
N12d4941722_41d8946708,12.4941722,41.8946708,road_vertex,way/23569690
N12d4941735_41d8900059,12.4941735,41.8900059,road_vertex,way/1375061350
N12d4941737_41d8947064,12.4941737,41.8947064,road_vertex,way/1363660972
N12d4941745_41d8883842,12.4941745,41.8883842,road_vertex,way/1359367479
N12d4941770_41d8939192,12.4941770,41.8939192,road_vertex,way/348410740
N12d4941799_41d8948384,12.4941799,41.8948384,road_vertex,way/1363660961
N12d4941805_41d8933044,12.4941805,41.8933044,road_vertex,way/672843188
N12d4941819_41d8935767,12.4941819,41.8935767,road_vertex,way/672844501
N12d4941856_41d8932670,12.4941856,41.8932670,road_vertex,way/672843188
N12d4941858_41d8900030,12.4941858,41.8900030,road_vertex,way/1375061350
N12d4941870_41d8946278,12.4941870,41.8946278,road_vertex,way/1363660973
N12d4941876_41d8854385,12.4941876,41.8854385,road_vertex,way/24781954
N12d4941900_41d8865574,12.4941900,41.8865574,road_vertex,way/140343144
N12d4941903_41d8901309,12.4941903,41.8901309,road_vertex,way/1375061353
N12d4941975_41d8907548,12.4941975,41.8907548,road_vertex,way/1425982511
N12d4942016_41d8939344,12.4942016,41.8939344,road_vertex,way/348410740
N12d4942058_41d8946654,12.4942058,41.8946654,road_vertex,way/23569690
N12d4942064_41d8920370,12.4942064,41.8920370,road_vertex,way/1363661956
N12d4942079_41d8935446,12.4942079,41.8935446,road_vertex,way/672844501
N12d4942109_41d8908528,12.4942109,41.8908528,road_vertex,way/1279275946
N12d4942121_41d8920514,12.4942121,41.8920514,road_vertex,way/1363661956
N12d4942139_41d8907457,12.4942139,41.8907457,road_vertex,way/1425982511
N12d4942169_41d8949904,12.4942169,41.8949904,road_vertex,way/1363660959
N12d4942179_41d8906196,12.4942179,41.8906196,road_vertex,way/1425982511
N12d4942203_41d8877010,12.4942203,41.8877010,road_vertex,way/1359118535
N12d4942214_41d8900948,12.4942214,41.8900948,road_vertex,way/1364314169
N12d4942216_41d8905157,12.4942216,41.8905157,road_vertex,way/993231734
N12d4942237_41d8955122,12.4942237,41.8955122,road_vertex,way/1360704538
N12d4942251_41d8839082,12.4942251,41.8839082,road_vertex,way/528739175
N12d4942279_41d8906196,12.4942279,41.8906196,road_vertex,way/1425982511
N12d4942280_41d8901468,12.4942280,41.8901468,road_vertex,way/993231732
N12d4942283_41d8907335,12.4942283,41.8907335,road_vertex,way/1425982511
N12d4942299_41d8921154,12.4942299,41.8921154,road_vertex,way/1217979215
N12d4942349_41d8906211,12.4942349,41.8906211,road_vertex,way/1425982511
N12d4942359_41d8904293,12.4942359,41.8904293,road_vertex,way/188102263
N12d4942389_41d8907234,12.4942389,41.8907234,road_vertex,way/1425982511
N12d4942438_41d8839502,12.4942438,41.8839502,road_vertex,way/528739175
N12d4942447_41d8906259,12.4942447,41.8906259,road_vertex,way/1425982511
N12d4942479_41d8921741,12.4942479,41.8921741,road_vertex,way/1363661957
N12d4942484_41d8907115,12.4942484,41.8907115,road_vertex,way/1425982511
N12d4942490_41d8942317,12.4942490,41.8942317,road_vertex,way/140757481
N12d4942510_41d8906314,12.4942510,41.8906314,road_vertex,way/1425982511
N12d4942522_41d8957842,12.4942522,41.8957842,road_vertex,way/1363660979
N12d4942532_41d8907029,12.4942532,41.8907029,road_vertex,way/1425982511
N12d4942532_41d8921928,12.4942532,41.8921928,road_vertex,way/1363661957
N12d4942569_41d8906912,12.4942569,41.8906912,road_vertex,way/1425982511
N12d4942572_41d8906433,12.4942572,41.8906433,road_vertex,way/1425982511
N12d4942594_41d8906706,12.4942594,41.8906706,road_vertex,way/1425982512
N12d4942596_41d8865329,12.4942596,41.8865329,road_vertex,way/140343144
N12d4942598_41d8906549,12.4942598,41.8906549,road_vertex,way/1425982511
N12d4942626_41d8903107,12.4942626,41.8903107,road_vertex,way/1375061353
N12d4942647_41d8957759,12.4942647,41.8957759,road_vertex,way/1363660979
N12d4942671_41d8855631,12.4942671,41.8855631,road_vertex,way/24781953
N12d4942706_41d8906691,12.4942706,41.8906691,road_vertex,way/1425982512
N12d4942872_41d8949183,12.4942872,41.8949183,road_vertex,way/189558676
N12d4942892_41d8903622,12.4942892,41.8903622,road_vertex,way/1375061353
N12d4943014_41d8856368,12.4943014,41.8856368,road_vertex,way/112174947
N12d4943045_41d8921024,12.4943045,41.8921024,road_vertex,way/22885885
N12d4943051_41d8950115,12.4943051,41.8950115,road_vertex,way/1363660965
N12d4943078_41d8904113,12.4943078,41.8904113,road_vertex,way/188102263
N12d4943083_41d8832300,12.4943083,41.8832300,road_vertex,way/1441615552
N12d4943086_41d8854708,12.4943086,41.8854708,road_vertex,way/24781954
N12d4943089_41d8942462,12.4943089,41.8942462,road_vertex,way/140757481
N12d4943094_41d8920204,12.4943094,41.8920204,road_vertex,way/1217979209
N12d4943104_41d8878649,12.4943104,41.8878649,road_vertex,way/129115593
N12d4943114_41d8919254,12.4943114,41.8919254,road_vertex,way/119380750
N12d4943161_41d8957459,12.4943161,41.8957459,road_vertex,way/1363660978
N12d4943230_41d8906617,12.4943230,41.8906617,road_vertex,way/1301378284
N12d4943281_41d8857864,12.4943281,41.8857864,road_vertex,way/1414285294
N12d4943283_41d8904062,12.4943283,41.8904062,road_vertex,way/1375061353
N12d4943289_41d8871463,12.4943289,41.8871463,road_vertex,way/374989757
N12d4943321_41d8855075,12.4943321,41.8855075,road_vertex,way/24781954
N12d4943338_41d8970262,12.4943338,41.8970262,road_vertex,way/95509138
N12d4943381_41d8908265,12.4943381,41.8908265,road_vertex,way/1279275946
N12d4943387_41d8943308,12.4943387,41.8943308,road_vertex,way/348403053
N12d4943443_41d8940992,12.4943443,41.8940992,road_vertex,way/140757469
N12d4943462_41d8904017,12.4943462,41.8904017,road_vertex,way/188102263
N12d4943468_41d8900577,12.4943468,41.8900577,road_vertex,way/1429563559
N12d4943529_41d8941506,12.4943529,41.8941506,road_vertex,way/140757469
N12d4943536_41d8904276,12.4943536,41.8904276,road_vertex,way/1375061353
N12d4943541_41d8909769,12.4943541,41.8909769,road_vertex,way/119380750
N12d4943549_41d8938091,12.4943549,41.8938091,road_vertex,way/672844352
N12d4943572_41d8957863,12.4943572,41.8957863,road_vertex,way/23328154
N12d4943573_41d8937540,12.4943573,41.8937540,road_vertex,way/672844352
N12d4943585_41d8936702,12.4943585,41.8936702,road_vertex,way/672844352
N12d4943591_41d8834098,12.4943591,41.8834098,road_vertex,way/528739175
N12d4943602_41d8879145,12.4943602,41.8879145,road_vertex,way/1359444543
N12d4943604_41d8937430,12.4943604,41.8937430,road_vertex,way/672844352
N12d4943616_41d8940584,12.4943616,41.8940584,road_vertex,way/140757469
N12d4943618_41d8830979,12.4943618,41.8830979,road_vertex,way/1441615552
N12d4943629_41d8946461,12.4943629,41.8946461,road_vertex,way/23569690
N12d4943666_41d8900999,12.4943666,41.8900999,road_vertex,way/1429563559
N12d4943693_41d8855897,12.4943693,41.8855897,road_vertex,way/112174947
N12d4943714_41d8877432,12.4943714,41.8877432,road_vertex,way/1359118535
N12d4943714_41d8920926,12.4943714,41.8920926,road_vertex,way/22885885
N12d4943735_41d8921686,12.4943735,41.8921686,road_vertex,way/1217979210
N12d4943744_41d8878972,12.4943744,41.8878972,road_vertex,way/1359444544
N12d4943748_41d8937093,12.4943748,41.8937093,road_vertex,way/672844352
N12d4943778_41d8878898,12.4943778,41.8878898,road_vertex,way/1359444544
N12d4943780_41d8970799,12.4943780,41.8970799,road_vertex,way/95509138
N12d4943788_41d8957094,12.4943788,41.8957094,road_vertex,way/1363660978
N12d4943795_41d8906537,12.4943795,41.8906537,road_vertex,way/1301378284
N12d4943814_41d8942435,12.4943814,41.8942435,road_vertex,way/140757481
N12d4943829_41d8904498,12.4943829,41.8904498,road_vertex,way/1375061353
N12d4943887_41d8900928,12.4943887,41.8900928,road_vertex,way/1236922730
N12d4943887_41d8903910,12.4943887,41.8903910,road_vertex,way/188102263
N12d4943918_41d8901598,12.4943918,41.8901598,road_vertex,way/1429563559
N12d4943951_41d8936229,12.4943951,41.8936229,road_vertex,way/672844352
N12d4943970_41d8829742,12.4943970,41.8829742,road_vertex,way/1441615550
N12d4943982_41d8942994,12.4943982,41.8942994,road_vertex,way/348403053
N12d4943987_41d8943295,12.4943987,41.8943295,road_vertex,way/348403053
N12d4943990_41d8878472,12.4943990,41.8878472,road_vertex,way/1359118538
N12d4944012_41d8906459,12.4944012,41.8906459,road_vertex,way/833516926
N12d4944025_41d8956951,12.4944025,41.8956951,road_vertex,way/1363660977
N12d4944038_41d8901377,12.4944038,41.8901377,road_vertex,way/1364314172
N12d4944109_41d8957037,12.4944109,41.8957037,road_vertex,way/1363660976
N12d4944131_41d8950329,12.4944131,41.8950329,road_vertex,way/1363660965
N12d4944145_41d8909892,12.4944145,41.8909892,road_vertex,way/119380750
N12d4944180_41d8949472,12.4944180,41.8949472,road_vertex,way/189558676
N12d4944210_41d8901235,12.4944210,41.8901235,road_vertex,way/1364314172
N12d4944236_41d8844848,12.4944236,41.8844848,road_vertex,way/120951463
N12d4944241_41d8904701,12.4944241,41.8904701,road_vertex,way/1375061353
N12d4944256_41d8845382,12.4944256,41.8845382,road_vertex,way/120951463
N12d4944261_41d8917289,12.4944261,41.8917289,road_vertex,way/119380750
N12d4944262_41d8855174,12.4944262,41.8855174,road_vertex,way/112174947
N12d4944282_41d8936536,12.4944282,41.8936536,road_vertex,way/348410741
N12d4944298_41d8946388,12.4944298,41.8946388,road_vertex,way/23569690
N12d4944314_41d8830927,12.4944314,41.8830927,road_vertex,way/1441615552
N12d4944317_41d8815674,12.4944317,41.8815674,road_vertex,way/843042150
N12d4944327_41d8957260,12.4944327,41.8957260,road_vertex,way/1363660976
N12d4944334_41d8903808,12.4944334,41.8903808,road_vertex,way/1425984825
N12d4944337_41d8845986,12.4944337,41.8845986,road_vertex,way/120951463
N12d4944349_41d8844400,12.4944349,41.8844400,road_vertex,way/120951463
N12d4944366_41d8906107,12.4944366,41.8906107,road_vertex,way/833516926
N12d4944400_41d8831834,12.4944400,41.8831834,road_vertex,way/528739175
N12d4944405_41d8877625,12.4944405,41.8877625,road_vertex,way/1359118538
N12d4944422_41d8940306,12.4944422,41.8940306,road_vertex,way/140757469
N12d4944468_41d8856252,12.4944468,41.8856252,road_vertex,way/1414345298
N12d4944474_41d8913142,12.4944474,41.8913142,road_vertex,way/119380750
N12d4944484_41d8946691,12.4944484,41.8946691,road_vertex,way/1363660972
N12d4944491_41d8846555,12.4944491,41.8846555,road_vertex,way/120951463
N12d4944530_41d8957467,12.4944530,41.8957467,road_vertex,way/1363660976
N12d4944546_41d8920844,12.4944546,41.8920844,road_vertex,way/22885885
N12d4944571_41d8943291,12.4944571,41.8943291,road_vertex,way/348403052
N12d4944605_41d8844064,12.4944605,41.8844064,road_vertex,way/120951463
N12d4944605_41d8946004,12.4944605,41.8946004,road_vertex,way/1363660973
N12d4944635_41d8936773,12.4944635,41.8936773,road_vertex,way/348410741
N12d4944673_41d8906134,12.4944673,41.8906134,road_vertex,way/1301378285
N12d4944763_41d8904802,12.4944763,41.8904802,road_vertex,way/26172984
N12d4944777_41d8903687,12.4944777,41.8903687,road_vertex,way/1425984825
N12d4944801_41d8916112,12.4944801,41.8916112,road_vertex,way/119380750
N12d4944819_41d8877637,12.4944819,41.8877637,road_vertex,way/1359444547
N12d4944840_41d8847089,12.4944840,41.8847089,road_vertex,way/120951463
N12d4944887_41d8854362,12.4944887,41.8854362,road_vertex,way/112174947
N12d4944893_41d8862809,12.4944893,41.8862809,road_vertex,way/140343144
N12d4944904_41d8877694,12.4944904,41.8877694,road_vertex,way/1359444547
N12d4944905_41d8903833,12.4944905,41.8903833,road_vertex,way/1364314160
N12d4944925_41d8967176,12.4944925,41.8967176,road_vertex,way/189465655
N12d4944928_41d8946334,12.4944928,41.8946334,road_vertex,way/23569690
N12d4944945_41d8936949,12.4944945,41.8936949,road_vertex,way/348410741
N12d4944972_41d8906271,12.4944972,41.8906271,road_vertex,way/1301378285
N12d4945007_41d8914991,12.4945007,41.8914991,road_vertex,way/119380750
N12d4945014_41d8877728,12.4945014,41.8877728,road_vertex,way/1359444547
N12d4945026_41d8920111,12.4945026,41.8920111,road_vertex,way/1217979209
N12d4945034_41d8843834,12.4945034,41.8843834,road_vertex,way/120951463
N12d4945073_41d8967341,12.4945073,41.8967341,road_vertex,way/189465655
N12d4945093_41d8942381,12.4945093,41.8942381,road_vertex,way/140757469
N12d4945106_41d8877097,12.4945106,41.8877097,road_vertex,way/33925347
N12d4945118_41d8877202,12.4945118,41.8877202,road_vertex,way/33925347
N12d4945122_41d8903978,12.4945122,41.8903978,road_vertex,way/1364314160
N12d4945128_41d8949660,12.4945128,41.8949660,road_vertex,way/189558676
N12d4945142_41d8940349,12.4945142,41.8940349,road_vertex,way/140757469
N12d4945149_41d8877749,12.4945149,41.8877749,road_vertex,way/1359444547
N12d4945192_41d8906377,12.4945192,41.8906377,road_vertex,way/1301378285
N12d4945222_41d8847494,12.4945222,41.8847494,road_vertex,way/120951463
N12d4945237_41d8866268,12.4945237,41.8866268,road_vertex,way/140343149
N12d4945237_41d8932088,12.4945237,41.8932088,road_vertex,way/1494562837
N12d4945264_41d8933124,12.4945264,41.8933124,road_vertex,way/1494562837
N12d4945276_41d8877736,12.4945276,41.8877736,road_vertex,way/1359444547
N12d4945306_41d8920793,12.4945306,41.8920793,road_vertex,way/28009592
N12d4945351_41d8904043,12.4945351,41.8904043,road_vertex,way/1364314160
N12d4945372_41d8904895,12.4945372,41.8904895,road_vertex,way/26172984
N12d4945411_41d8906460,12.4945411,41.8906460,road_vertex,way/1364314161
N12d4945450_41d8877715,12.4945450,41.8877715,road_vertex,way/1359444547
N12d4945457_41d8852832,12.4945457,41.8852832,road_vertex,way/112174947
N12d4945477_41d8843730,12.4945477,41.8843730,road_vertex,way/120951463
N12d4945540_41d8816069,12.4945540,41.8816069,road_vertex,way/1298029990
N12d4945566_41d8921520,12.4945566,41.8921520,road_vertex,way/1217979210
N12d4945577_41d8857135,12.4945577,41.8857135,road_vertex,way/1414285294
N12d4945664_41d8936328,12.4945664,41.8936328,road_vertex,way/232886171
N12d4945665_41d8920783,12.4945665,41.8920783,road_vertex,way/22885885
N12d4945820_41d8851802,12.4945820,41.8851802,road_vertex,way/112174947
N12d4945827_41d8949798,12.4945827,41.8949798,road_vertex,way/189558676
N12d4945843_41d8843681,12.4945843,41.8843681,road_vertex,way/120951463
N12d4945853_41d8936175,12.4945853,41.8936175,road_vertex,way/232886171
N12d4945884_41d8961190,12.4945884,41.8961190,road_vertex,way/1363660974
N12d4945906_41d8847983,12.4945906,41.8847983,road_vertex,way/120951463
N12d4945910_41d8877633,12.4945910,41.8877633,road_vertex,way/1359444547
N12d4945960_41d8904878,12.4945960,41.8904878,road_vertex,way/26172984
N12d4945997_41d8878401,12.4945997,41.8878401,road_vertex,way/1359118539
N12d4946030_41d8936054,12.4946030,41.8936054,road_vertex,way/232886171
N12d4946042_41d8905999,12.4946042,41.8905999,road_vertex,way/1364314161
N12d4946067_41d8946280,12.4946067,41.8946280,road_vertex,way/23569690
N12d4946159_41d8856982,12.4946159,41.8856982,road_vertex,way/1414345298
N12d4946169_41d8864366,12.4946169,41.8864366,road_vertex,way/140343149
N12d4946179_41d8920783,12.4946179,41.8920783,road_vertex,way/22885885
N12d4946223_41d8907708,12.4946223,41.8907708,road_vertex,way/1279275946
N12d4946297_41d8935904,12.4946297,41.8935904,road_vertex,way/232886171
N12d4946318_41d8950704,12.4946318,41.8950704,road_vertex,way/1363660962
N12d4946341_41d8950605,12.4946341,41.8950605,road_vertex,way/1363660964
N12d4946355_41d8906818,12.4946355,41.8906818,road_vertex,way/1236954049
N12d4946389_41d8843526,12.4946389,41.8843526,road_vertex,way/120951463
N12d4946391_41d8850693,12.4946391,41.8850693,road_vertex,way/112174947
N12d4946471_41d8926529,12.4946471,41.8926529,road_vertex,way/23568626
N12d4946520_41d8950738,12.4946520,41.8950738,road_vertex,way/1363660960
N12d4946536_41d8949928,12.4946536,41.8949928,road_vertex,way/1363660964
N12d4946547_41d8843396,12.4946547,41.8843396,road_vertex,way/120951463
N12d4946549_41d8878274,12.4946549,41.8878274,road_vertex,way/1359444545
N12d4946554_41d8935786,12.4946554,41.8935786,road_vertex,way/232886171
N12d4946564_41d8829768,12.4946564,41.8829768,road_vertex,way/1441615550
N12d4946635_41d8949492,12.4946635,41.8949492,road_vertex,way/1363660964
N12d4946638_41d8946268,12.4946638,41.8946268,road_vertex,way/23569690
N12d4946668_41d8920787,12.4946668,41.8920787,road_vertex,way/22885885
N12d4946671_41d8904785,12.4946671,41.8904785,road_vertex,way/26172984
N12d4946701_41d8949229,12.4946701,41.8949229,road_vertex,way/1363660963
N12d4946778_41d8811455,12.4946778,41.8811455,road_vertex,way/843042150
N12d4946778_41d8880579,12.4946778,41.8880579,road_vertex,way/1359118539
N12d4946783_41d8935709,12.4946783,41.8935709,road_vertex,way/232886171
N12d4946800_41d8843188,12.4946800,41.8843188,road_vertex,way/24782129
N12d4946808_41d8840310,12.4946808,41.8840310,road_vertex,way/528739175
N12d4946852_41d8906757,12.4946852,41.8906757,road_vertex,way/352157298
N12d4946873_41d8839758,12.4946873,41.8839758,road_vertex,way/130468253
N12d4946901_41d8920073,12.4946901,41.8920073,road_vertex,way/1217979209
N12d4946918_41d8906248,12.4946918,41.8906248,road_vertex,way/352157298
N12d4946950_41d8842481,12.4946950,41.8842481,road_vertex,way/212905316
N12d4947001_41d8815286,12.4947001,41.8815286,road_vertex,way/24566952
N12d4947028_41d8925599,12.4947028,41.8925599,road_vertex,way/28009592
N12d4947037_41d8935641,12.4947037,41.8935641,road_vertex,way/232886171
N12d4947041_41d8904717,12.4947041,41.8904717,road_vertex,way/26172984
N12d4947069_41d8962370,12.4947069,41.8962370,road_vertex,way/1363657109
N12d4947077_41d8946590,12.4947077,41.8946590,road_vertex,way/1363660972
N12d4947113_41d8849199,12.4947113,41.8849199,road_vertex,way/112174947
N12d4947119_41d8840892,12.4947119,41.8840892,road_vertex,way/130468253
N12d4947126_41d8839211,12.4947126,41.8839211,road_vertex,way/130468253
N12d4947140_41d8842040,12.4947140,41.8842040,road_vertex,way/24782129
N12d4947141_41d8946252,12.4947141,41.8946252,road_vertex,way/23569690
N12d4947142_41d8920814,12.4947142,41.8920814,road_vertex,way/22885885
N12d4947200_41d8862740,12.4947200,41.8862740,road_vertex,way/140343149
N12d4947212_41d8811341,12.4947212,41.8811341,road_vertex,way/843042150
N12d4947253_41d8815074,12.4947253,41.8815074,road_vertex,way/24566952
N12d4947297_41d8878234,12.4947297,41.8878234,road_vertex,way/1359444545
N12d4947316_41d8859838,12.4947316,41.8859838,road_vertex,way/140343149
N12d4947320_41d8841278,12.4947320,41.8841278,road_vertex,way/130468253
N12d4947327_41d8848632,12.4947327,41.8848632,road_vertex,way/120951463
N12d4947386_41d8935574,12.4947386,41.8935574,road_vertex,way/232886171
N12d4947407_41d8878287,12.4947407,41.8878287,road_vertex,way/1359444545
N12d4947423_41d8927765,12.4947423,41.8927765,road_vertex,way/767575375
N12d4947424_41d8838797,12.4947424,41.8838797,road_vertex,way/130468253
N12d4947456_41d8900166,12.4947456,41.8900166,road_vertex,way/1364314172
N12d4947478_41d8878337,12.4947478,41.8878337,road_vertex,way/1359444545
N12d4947482_41d8814472,12.4947482,41.8814472,road_vertex,way/1298029990
N12d4947507_41d8869866,12.4947507,41.8869866,road_vertex,way/129115593
N12d4947513_41d8950083,12.4947513,41.8950083,road_vertex,way/189558676
N12d4947534_41d8811375,12.4947534,41.8811375,road_vertex,way/843042150
N12d4947562_41d8942386,12.4947562,41.8942386,road_vertex,way/140757469
N12d4947563_41d8906051,12.4947563,41.8906051,road_vertex,way/352157298
N12d4947569_41d8856559,12.4947569,41.8856559,road_vertex,way/1414345299
N12d4947591_41d8920846,12.4947591,41.8920846,road_vertex,way/22885885
N12d4947672_41d8946238,12.4947672,41.8946238,road_vertex,way/23569690
N12d4947678_41d8877854,12.4947678,41.8877854,road_vertex,way/129115592
N12d4947695_41d8838434,12.4947695,41.8838434,road_vertex,way/130468253
N12d4947714_41d8814676,12.4947714,41.8814676,road_vertex,way/24566952
N12d4947744_41d8829892,12.4947744,41.8829892,road_vertex,way/1441615550
N12d4947756_41d8811416,12.4947756,41.8811416,road_vertex,way/843042150
N12d4947803_41d8935502,12.4947803,41.8935502,road_vertex,way/232886171
N12d4947847_41d8921580,12.4947847,41.8921580,road_vertex,way/1217979210
N12d4947848_41d8829548,12.4947848,41.8829548,road_vertex,way/1441615550
N12d4947864_41d8810146,12.4947864,41.8810146,road_vertex,way/1298029990
N12d4947885_41d8950135,12.4947885,41.8950135,road_vertex,way/189558676
N12d4947920_41d8811522,12.4947920,41.8811522,road_vertex,way/843042150
N12d4947930_41d8837734,12.4947930,41.8837734,road_vertex,way/130468253
N12d4947984_41d8812369,12.4947984,41.8812369,road_vertex,way/843042150
N12d4948020_41d8859116,12.4948020,41.8859116,road_vertex,way/140343144
N12d4948029_41d8811716,12.4948029,41.8811716,road_vertex,way/843042150
N12d4948032_41d8878242,12.4948032,41.8878242,road_vertex,way/1359444546
N12d4948039_41d8878284,12.4948039,41.8878284,road_vertex,way/1359444546
N12d4948053_41d8878348,12.4948053,41.8878348,road_vertex,way/1359444546
N12d4948058_41d8924831,12.4948058,41.8924831,road_vertex,way/23568626
N12d4948081_41d8878522,12.4948081,41.8878522,road_vertex,way/1359444546
N12d4948114_41d8812144,12.4948114,41.8812144,road_vertex,way/843042150
N12d4948151_41d8928555,12.4948151,41.8928555,road_vertex,way/28009593
N12d4948183_41d8836819,12.4948183,41.8836819,road_vertex,way/130468253
N12d4948191_41d8878084,12.4948191,41.8878084,road_vertex,way/1359444546
N12d4948203_41d8906628,12.4948203,41.8906628,road_vertex,way/23578477
N12d4948242_41d8946216,12.4948242,41.8946216,road_vertex,way/23569690
N12d4948261_41d8950185,12.4948261,41.8950185,road_vertex,way/189558676
N12d4948280_41d8836608,12.4948280,41.8836608,road_vertex,way/528739174
N12d4948323_41d8913259,12.4948323,41.8913259,road_vertex,way/23578479
N12d4948354_41d8965671,12.4948354,41.8965671,road_vertex,way/23327919
N12d4948395_41d8855447,12.4948395,41.8855447,road_vertex,way/1414345299
N12d4948413_41d8870173,12.4948413,41.8870173,road_vertex,way/33925347
N12d4948445_41d8971151,12.4948445,41.8971151,road_vertex,way/189465655
N12d4948460_41d8920939,12.4948460,41.8920939,road_vertex,way/22885885
N12d4948477_41d8836443,12.4948477,41.8836443,road_vertex,way/528739174
N12d4948501_41d8835427,12.4948501,41.8835427,road_vertex,way/130468253
N12d4948516_41d8882623,12.4948516,41.8882623,road_vertex,way/1359367477
N12d4948556_41d8882738,12.4948556,41.8882738,road_vertex,way/1359367477
N12d4948556_41d8945934,12.4948556,41.8945934,road_vertex,way/1363660973
N12d4948578_41d8961343,12.4948578,41.8961343,road_vertex,way/1363660975
N12d4948641_41d8860392,12.4948641,41.8860392,road_vertex,way/140343149
N12d4948645_41d8882966,12.4948645,41.8882966,road_vertex,way/1359367476
N12d4948673_41d8836407,12.4948673,41.8836407,road_vertex,way/528739174
N12d4948696_41d8834991,12.4948696,41.8834991,road_vertex,way/130468253
N12d4948714_41d8950245,12.4948714,41.8950245,road_vertex,way/189558676
N12d4948745_41d8946203,12.4948745,41.8946203,road_vertex,way/23569690
N12d4948753_41d8883242,12.4948753,41.8883242,road_vertex,way/1359367478
N12d4948763_41d8882576,12.4948763,41.8882576,road_vertex,way/1359444545
N12d4948782_41d8882498,12.4948782,41.8882498,road_vertex,way/1359444545
N12d4948827_41d8883310,12.4948827,41.8883310,road_vertex,way/1509452075
N12d4948871_41d8882556,12.4948871,41.8882556,road_vertex,way/1359367475
N12d4948897_41d8858532,12.4948897,41.8858532,road_vertex,way/140343144
N12d4948942_41d8836439,12.4948942,41.8836439,road_vertex,way/546928430
N12d4948943_41d8971714,12.4948943,41.8971714,road_vertex,way/189465655
N12d4948953_41d8844255,12.4948953,41.8844255,road_vertex,way/112174947
N12d4948955_41d8812656,12.4948955,41.8812656,road_vertex,way/1298029990
N12d4948972_41d8941869,12.4948972,41.8941869,road_vertex,way/140757469
N12d4948977_41d8877939,12.4948977,41.8877939,road_vertex,way/1359444546
N12d4948979_41d8953549,12.4948979,41.8953549,road_vertex,way/23328154
N12d4948998_41d8883298,12.4948998,41.8883298,road_vertex,way/1359367474
N12d4949022_41d8921028,12.4949022,41.8921028,road_vertex,way/22885885
N12d4949046_41d8905870,12.4949046,41.8905870,road_vertex,way/352157298
N12d4949073_41d8912653,12.4949073,41.8912653,road_vertex,way/23578479
N12d4949087_41d8834202,12.4949087,41.8834202,road_vertex,way/130468253
N12d4949130_41d8883473,12.4949130,41.8883473,road_vertex,way/1509452075
N12d4949179_41d8953438,12.4949179,41.8953438,road_vertex,way/23328154
N12d4949224_41d8843681,12.4949224,41.8843681,road_vertex,way/212905315
N12d4949226_41d8833579,12.4949226,41.8833579,road_vertex,way/130468253
N12d4949246_41d8903199,12.4949246,41.8903199,road_vertex,way/140072981
N12d4949248_41d8882492,12.4949248,41.8882492,road_vertex,way/1359367475
N12d4949260_41d8906572,12.4949260,41.8906572,road_vertex,way/23578477
N12d4949310_41d8832582,12.4949310,41.8832582,road_vertex,way/1274615590
N12d4949334_41d8946199,12.4949334,41.8946199,road_vertex,way/23569690
N12d4949366_41d8882839,12.4949366,41.8882839,road_vertex,way/11354437
N12d4949378_41d8953381,12.4949378,41.8953381,road_vertex,way/23328154
N12d4949404_41d8855664,12.4949404,41.8855664,road_vertex,way/1414345299
N12d4949407_41d8831858,12.4949407,41.8831858,road_vertex,way/1441615552
N12d4949421_41d8833184,12.4949421,41.8833184,road_vertex,way/130468253
N12d4949439_41d8950331,12.4949439,41.8950331,road_vertex,way/189558676
N12d4949444_41d8942735,12.4949444,41.8942735,road_vertex,way/140757469
N12d4949449_41d8832852,12.4949449,41.8832852,road_vertex,way/130468253
N12d4949469_41d8903322,12.4949469,41.8903322,road_vertex,way/1364314160
N12d4949476_41d8924131,12.4949476,41.8924131,road_vertex,way/23568626
N12d4949500_41d8883223,12.4949500,41.8883223,road_vertex,way/1359367474
N12d4949503_41d8882450,12.4949503,41.8882450,road_vertex,way/1359367475
N12d4949557_41d8965019,12.4949557,41.8965019,road_vertex,way/23327919
N12d4949595_41d8953353,12.4949595,41.8953353,road_vertex,way/23328154
N12d4949601_41d8843003,12.4949601,41.8843003,road_vertex,way/212905316
N12d4949602_41d8882432,12.4949602,41.8882432,road_vertex,way/1359367472
N12d4949623_41d8882516,12.4949623,41.8882516,road_vertex,way/1359367466
N12d4949633_41d8920415,12.4949633,41.8920415,road_vertex,way/1217979209
N12d4949682_41d8883200,12.4949682,41.8883200,road_vertex,way/1359367474
N12d4949719_41d8882777,12.4949719,41.8882777,road_vertex,way/1359367465
N12d4949724_41d8964926,12.4949724,41.8964926,road_vertex,way/1363657109
N12d4949755_41d8921178,12.4949755,41.8921178,road_vertex,way/22885885
N12d4949835_41d8942443,12.4949835,41.8942443,road_vertex,way/140757469
N12d4949841_41d8883106,12.4949841,41.8883106,road_vertex,way/1359367467
N12d4949868_41d8883170,12.4949868,41.8883170,road_vertex,way/1359367473
N12d4949893_41d8835241,12.4949893,41.8835241,road_vertex,way/546928430
N12d4949911_41d8942665,12.4949911,41.8942665,road_vertex,way/140757469
N12d4949921_41d8953356,12.4949921,41.8953356,road_vertex,way/23328154
N12d4949928_41d8836674,12.4949928,41.8836674,road_vertex,way/528739174
N12d4949942_41d8842251,12.4949942,41.8842251,road_vertex,way/1006423890
N12d4949944_41d8811271,12.4949944,41.8811271,road_vertex,way/1298029990
N12d4949980_41d8946194,12.4949980,41.8946194,road_vertex,way/23569690
N12d4950023_41d8808883,12.4950023,41.8808883,road_vertex,way/1298029990
N12d4950048_41d8903048,12.4950048,41.8903048,road_vertex,way/140072981
N12d4950072_41d8950395,12.4950072,41.8950395,road_vertex,way/189558676
N12d4950201_41d8953406,12.4950201,41.8953406,road_vertex,way/23328154
N12d4950286_41d8866635,12.4950286,41.8866635,road_vertex,way/758384069
N12d4950325_41d8841167,12.4950325,41.8841167,road_vertex,way/1006423890
N12d4950370_41d8902991,12.4950370,41.8902991,road_vertex,way/140072978
N12d4950376_41d8953473,12.4950376,41.8953473,road_vertex,way/23328154
N12d4950416_41d8964541,12.4950416,41.8964541,road_vertex,way/23327918
N12d4950425_41d8808693,12.4950425,41.8808693,road_vertex,way/1298029990
N12d4950464_41d8921335,12.4950464,41.8921335,road_vertex,way/22885885
N12d4950486_41d8843175,12.4950486,41.8843175,road_vertex,way/212905316
N12d4950491_41d8887690,12.4950491,41.8887690,road_vertex,way/1509452075
N12d4950522_41d8887785,12.4950522,41.8887785,road_vertex,way/1359353774
N12d4950532_41d8887514,12.4950532,41.8887514,road_vertex,way/1509452075
N12d4950583_41d8887668,12.4950583,41.8887668,road_vertex,way/1359353778
N12d4950584_41d8808685,12.4950584,41.8808685,road_vertex,way/1298029990
N12d4950608_41d8888131,12.4950608,41.8888131,road_vertex,way/1359353773
N12d4950644_41d8834483,12.4950644,41.8834483,road_vertex,way/546928430
N12d4950660_41d8922048,12.4950660,41.8922048,road_vertex,way/1217979210
N12d4950672_41d8888391,12.4950672,41.8888391,road_vertex,way/1359353775
N12d4950679_41d8808714,12.4950679,41.8808714,road_vertex,way/1298029990
N12d4950695_41d8888539,12.4950695,41.8888539,road_vertex,way/1359353775
N12d4950743_41d8950455,12.4950743,41.8950455,road_vertex,way/189558676
N12d4950774_41d8808773,12.4950774,41.8808773,road_vertex,way/1298029990
N12d4950774_41d8954161,12.4950774,41.8954161,road_vertex,way/348323736
N12d4950781_41d8857744,12.4950781,41.8857744,road_vertex,way/140343144
N12d4950818_41d8809447,12.4950818,41.8809447,road_vertex,way/1298029990
N12d4950837_41d8888509,12.4950837,41.8888509,road_vertex,way/1359353772
N12d4950877_41d8809235,12.4950877,41.8809235,road_vertex,way/1298029990
N12d4950882_41d8954086,12.4950882,41.8954086,road_vertex,way/348323736
N12d4950898_41d8808932,12.4950898,41.8808932,road_vertex,way/1298029990
N12d4950951_41d8923609,12.4950951,41.8923609,road_vertex,way/23568626
N12d4950999_41d8911823,12.4950999,41.8911823,road_vertex,way/23578479
N12d4951009_41d8954362,12.4951009,41.8954362,road_vertex,way/348323736
N12d4951011_41d8887544,12.4951011,41.8887544,road_vertex,way/1359353777
N12d4951050_41d8840817,12.4951050,41.8840817,road_vertex,way/212905327
N12d4951080_41d8887524,12.4951080,41.8887524,road_vertex,way/1359353779
N12d4951084_41d8953947,12.4951084,41.8953947,road_vertex,way/348323736
N12d4951102_41d8902864,12.4951102,41.8902864,road_vertex,way/140072978
N12d4951103_41d8921498,12.4951103,41.8921498,road_vertex,way/22885885
N12d4951129_41d8857619,12.4951129,41.8857619,road_vertex,way/140343144
N12d4951152_41d8949996,12.4951152,41.8949996,road_vertex,way/1363660961
N12d4951178_41d8888021,12.4951178,41.8888021,road_vertex,way/11354435
N12d4951321_41d8888409,12.4951321,41.8888409,road_vertex,way/1359353770
N12d4951331_41d8928892,12.4951331,41.8928892,road_vertex,way/28009593
N12d4951335_41d8887476,12.4951335,41.8887476,road_vertex,way/1359353782
N12d4951338_41d8920800,12.4951338,41.8920800,road_vertex,way/1217979209
N12d4951348_41d8887539,12.4951348,41.8887539,road_vertex,way/1359353782
N12d4951359_41d8950509,12.4951359,41.8950509,road_vertex,way/189558676
N12d4951396_41d8864509,12.4951396,41.8864509,road_vertex,way/1415689571
N12d4951404_41d8856189,12.4951404,41.8856189,road_vertex,way/135618679
N12d4951440_41d8951295,12.4951440,41.8951295,road_vertex,way/1363660960
N12d4951445_41d8840670,12.4951445,41.8840670,road_vertex,way/1052648698
N12d4951495_41d8887964,12.4951495,41.8887964,road_vertex,way/1359353780
N12d4951501_41d8834055,12.4951501,41.8834055,road_vertex,way/546928432
N12d4951502_41d8905559,12.4951502,41.8905559,road_vertex,way/352157298
N12d4951504_41d8857515,12.4951504,41.8857515,road_vertex,way/140343144
N12d4951520_41d8888368,12.4951520,41.8888368,road_vertex,way/1359353771
N12d4951526_41d8833582,12.4951526,41.8833582,road_vertex,way/546928432
N12d4951599_41d8888285,12.4951599,41.8888285,road_vertex,way/1359353781
N12d4951617_41d8861812,12.4951617,41.8861812,road_vertex,way/234796856
N12d4951624_41d8888351,12.4951624,41.8888351,road_vertex,way/1359353781
N12d4951643_41d8833357,12.4951643,41.8833357,road_vertex,way/1274615590
N12d4951646_41d8841308,12.4951646,41.8841308,road_vertex,way/1052648698
N12d4951689_41d8834508,12.4951689,41.8834508,road_vertex,way/546928432
N12d4951717_41d8921669,12.4951717,41.8921669,road_vertex,way/22885885
N12d4951744_41d8833164,12.4951744,41.8833164,road_vertex,way/546928432
N12d4951893_41d8906594,12.4951893,41.8906594,road_vertex,way/352157304
N12d4951931_41d8857465,12.4951931,41.8857465,road_vertex,way/140343144
N12d4951957_41d8950536,12.4951957,41.8950536,road_vertex,way/189558676
N12d4951978_41d8837131,12.4951978,41.8837131,road_vertex,way/1006423889
N12d4951978_41d8892412,12.4951978,41.8892412,road_vertex,way/1359444561
N12d4952001_41d8892487,12.4952001,41.8892487,road_vertex,way/1359444557
N12d4952021_41d8841458,12.4952021,41.8841458,road_vertex,way/1052648698
N12d4952065_41d8892738,12.4952065,41.8892738,road_vertex,way/1359444555
N12d4952070_41d8834887,12.4952070,41.8834887,road_vertex,way/546928432
N12d4952092_41d8892391,12.4952092,41.8892391,road_vertex,way/1359444561
N12d4952129_41d8832818,12.4952129,41.8832818,road_vertex,way/546928432
N12d4952140_41d8893030,12.4952140,41.8893030,road_vertex,way/1359444556
N12d4952176_41d8840397,12.4952176,41.8840397,road_vertex,way/212905327
N12d4952184_41d8893166,12.4952184,41.8893166,road_vertex,way/1359444568
N12d4952231_41d8864910,12.4952231,41.8864910,road_vertex,way/758384068
N12d4952258_41d8861795,12.4952258,41.8861795,road_vertex,way/22890428
N12d4952298_41d8964998,12.4952298,41.8964998,road_vertex,way/1363657125
N12d4952320_41d8857464,12.4952320,41.8857464,road_vertex,way/140343144
N12d4952334_41d8893191,12.4952334,41.8893191,road_vertex,way/1359444568
N12d4952367_41d8955745,12.4952367,41.8955745,road_vertex,way/348323734
N12d4952392_41d8922588,12.4952392,41.8922588,road_vertex,way/1217979210
N12d4952404_41d8906068,12.4952404,41.8906068,road_vertex,way/352157304
N12d4952417_41d8955419,12.4952417,41.8955419,road_vertex,way/348323734
N12d4952420_41d8855827,12.4952420,41.8855827,road_vertex,way/135618678
N12d4952451_41d8893273,12.4952451,41.8893273,road_vertex,way/1359444568
N12d4952458_41d8835115,12.4952458,41.8835115,road_vertex,way/546928432
N12d4952495_41d8921903,12.4952495,41.8921903,road_vertex,way/22885885
N12d4952499_41d8893377,12.4952499,41.8893377,road_vertex,way/1364314170
N12d4952505_41d8837340,12.4952505,41.8837340,road_vertex,way/528739174
N12d4952605_41d8862418,12.4952605,41.8862418,road_vertex,way/1415689571
N12d4952606_41d8865328,12.4952606,41.8865328,road_vertex,way/758384068
N12d4952616_41d8955567,12.4952616,41.8955567,road_vertex,way/348323734
N12d4952630_41d8905946,12.4952630,41.8905946,road_vertex,way/352157304
N12d4952639_41d8950558,12.4952639,41.8950558,road_vertex,way/189558676
N12d4952641_41d8832581,12.4952641,41.8832581,road_vertex,way/546928432
N12d4952687_41d8862363,12.4952687,41.8862363,road_vertex,way/1415689571
N12d4952692_41d8841568,12.4952692,41.8841568,road_vertex,way/1052648698
N12d4952704_41d8892282,12.4952704,41.8892282,road_vertex,way/1359444560
N12d4952757_41d8955681,12.4952757,41.8955681,road_vertex,way/348323731
N12d4952784_41d8862314,12.4952784,41.8862314,road_vertex,way/1415689571
N12d4952813_41d8892597,12.4952813,41.8892597,road_vertex,way/102290906
N12d4952815_41d8833866,12.4952815,41.8833866,road_vertex,way/1006423888
N12d4952844_41d8835215,12.4952844,41.8835215,road_vertex,way/1006423889
N12d4952849_41d8837541,12.4952849,41.8837541,road_vertex,way/528739174
N12d4952850_41d8834048,12.4952850,41.8834048,road_vertex,way/1006423888
N12d4952856_41d8893317,12.4952856,41.8893317,road_vertex,way/1359444568
N12d4952858_41d8867345,12.4952858,41.8867345,road_vertex,way/758384069
N12d4952875_41d8833725,12.4952875,41.8833725,road_vertex,way/1006423888
N12d4952890_41d8833690,12.4952890,41.8833690,road_vertex,way/1006423888
N12d4952905_41d8859264,12.4952905,41.8859264,road_vertex,way/234796856
N12d4952914_41d8839878,12.4952914,41.8839878,road_vertex,way/212905327
N12d4952916_41d8934828,12.4952916,41.8934828,road_vertex,way/348422498
N12d4952935_41d8921333,12.4952935,41.8921333,road_vertex,way/1217979209
N12d4952942_41d8862262,12.4952942,41.8862262,road_vertex,way/1415689571
N12d4952969_41d8861776,12.4952969,41.8861776,road_vertex,way/1052631579
N12d4952974_41d8935078,12.4952974,41.8935078,road_vertex,way/348422498
N12d4952988_41d8834201,12.4952988,41.8834201,road_vertex,way/1006423888
N12d4953059_41d8833556,12.4953059,41.8833556,road_vertex,way/1006423888
N12d4953059_41d8893277,12.4953059,41.8893277,road_vertex,way/1359444566
N12d4953094_41d8911471,12.4953094,41.8911471,road_vertex,way/23578479
N12d4953095_41d8837760,12.4953095,41.8837760,road_vertex,way/528739174
N12d4953097_41d8910867,12.4953097,41.8910867,road_vertex,way/1222118300
N12d4953107_41d8892210,12.4953107,41.8892210,road_vertex,way/1359444562
N12d4953154_41d8862250,12.4953154,41.8862250,road_vertex,way/1509452074
N12d4953201_41d8834294,12.4953201,41.8834294,road_vertex,way/1006423889
N12d4953203_41d8955978,12.4953203,41.8955978,road_vertex,way/348323735
N12d4953205_41d8838007,12.4953205,41.8838007,road_vertex,way/528739174
N12d4953215_41d8861804,12.4953215,41.8861804,road_vertex,way/22890428
N12d4953227_41d8832477,12.4953227,41.8832477,road_vertex,way/546928432
N12d4953234_41d8860154,12.4953234,41.8860154,road_vertex,way/232423371
N12d4953234_41d8892182,12.4953234,41.8892182,road_vertex,way/1359444562
N12d4953236_41d8922155,12.4953236,41.8922155,road_vertex,way/22885885
N12d4953259_41d8950583,12.4953259,41.8950583,road_vertex,way/189558676
N12d4953268_41d8841508,12.4953268,41.8841508,road_vertex,way/1052648698
N12d4953275_41d8855441,12.4953275,41.8855441,road_vertex,way/24566955
N12d4953290_41d8833490,12.4953290,41.8833490,road_vertex,way/1006423888
N12d4953306_41d8893228,12.4953306,41.8893228,road_vertex,way/1359444567
N12d4953319_41d8862289,12.4953319,41.8862289,road_vertex,way/1509452074
N12d4953333_41d8908540,12.4953333,41.8908540,road_vertex,way/1222118300
N12d4953340_41d8906643,12.4953340,41.8906643,road_vertex,way/1222118300
N12d4953370_41d8910102,12.4953370,41.8910102,road_vertex,way/1222118300
N12d4953379_41d8835277,12.4953379,41.8835277,road_vertex,way/546928432
N12d4953390_41d8838638,12.4953390,41.8838638,road_vertex,way/528739174
N12d4953406_41d8862392,12.4953406,41.8862392,road_vertex,way/1509452074
N12d4953407_41d8892989,12.4953407,41.8892989,road_vertex,way/1359444567
N12d4953410_41d8839199,12.4953410,41.8839199,road_vertex,way/212905327
N12d4953417_41d8936453,12.4953417,41.8936453,road_vertex,way/348422498
N12d4953447_41d8862483,12.4953447,41.8862483,road_vertex,way/1509452074
N12d4953448_41d8834309,12.4953448,41.8834309,road_vertex,way/1006423888
N12d4953451_41d8860739,12.4953451,41.8860739,road_vertex,way/1052631579
N12d4953458_41d8893199,12.4953458,41.8893199,road_vertex,way/1364314171
N12d4953481_41d8861866,12.4953481,41.8861866,road_vertex,way/232423371
N12d4953506_41d8892878,12.4953506,41.8892878,road_vertex,way/1359444567
N12d4953527_41d8936830,12.4953527,41.8936830,road_vertex,way/348422498
N12d4953537_41d8833505,12.4953537,41.8833505,road_vertex,way/1006423888
N12d4953544_41d8923119,12.4953544,41.8923119,road_vertex,way/1217979210
N12d4953548_41d8838979,12.4953548,41.8838979,road_vertex,way/528739174
N12d4953615_41d8937214,12.4953615,41.8937214,road_vertex,way/348422498
N12d4953618_41d8861920,12.4953618,41.8861920,road_vertex,way/22890428
N12d4953625_41d8956275,12.4953625,41.8956275,road_vertex,way/348323735
N12d4953677_41d8937554,12.4953677,41.8937554,road_vertex,way/348422498
N12d4953679_41d8834243,12.4953679,41.8834243,road_vertex,way/1006423888
N12d4953685_41d8897455,12.4953685,41.8897455,road_vertex,way/1364314169
N12d4953697_41d8892096,12.4953697,41.8892096,road_vertex,way/1359444565
N12d4953698_41d8860368,12.4953698,41.8860368,road_vertex,way/1273180864
N12d4953718_41d8937902,12.4953718,41.8937902,road_vertex,way/348422498
N12d4953734_41d8861998,12.4953734,41.8861998,road_vertex,way/22890428
N12d4953750_41d8833599,12.4953750,41.8833599,road_vertex,way/1006423888
N12d4953770_41d8892295,12.4953770,41.8892295,road_vertex,way/1359444565
N12d4953791_41d8956177,12.4953791,41.8956177,road_vertex,way/348323735
N12d4953796_41d8898274,12.4953796,41.8898274,road_vertex,way/1364314168
N12d4953797_41d8855182,12.4953797,41.8855182,road_vertex,way/24566955
N12d4953799_41d8892392,12.4953799,41.8892392,road_vertex,way/1359444563
N12d4953802_41d8950591,12.4953802,41.8950591,road_vertex,way/189558676
N12d4953808_41d8839199,12.4953808,41.8839199,road_vertex,way/528739174
N12d4953818_41d8861746,12.4953818,41.8861746,road_vertex,way/232423371
N12d4953828_41d8832516,12.4953828,41.8832516,road_vertex,way/546928432
N12d4953836_41d8897383,12.4953836,41.8897383,road_vertex,way/1364314169
N12d4953837_41d8922397,12.4953837,41.8922397,road_vertex,way/22885885
N12d4953846_41d8939217,12.4953846,41.8939217,road_vertex,way/348422498
N12d4953847_41d8862105,12.4953847,41.8862105,road_vertex,way/22890428
N12d4953848_41d8834109,12.4953848,41.8834109,road_vertex,way/1006423888
N12d4953849_41d8835224,12.4953849,41.8835224,road_vertex,way/546928432
N12d4953870_41d8939352,12.4953870,41.8939352,road_vertex,way/348422498
N12d4953885_41d8834023,12.4953885,41.8834023,road_vertex,way/1006423888
N12d4953888_41d8833752,12.4953888,41.8833752,road_vertex,way/1006423888
N12d4953896_41d8892670,12.4953896,41.8892670,road_vertex,way/1359444564
N12d4953908_41d8837185,12.4953908,41.8837185,road_vertex,way/135617266
N12d4953918_41d8897289,12.4953918,41.8897289,road_vertex,way/1364314170
N12d4953921_41d8939554,12.4953921,41.8939554,road_vertex,way/348422498
N12d4953923_41d8833934,12.4953923,41.8833934,road_vertex,way/1006423888
N12d4953930_41d8892785,12.4953930,41.8892785,road_vertex,way/1359444564
N12d4953933_41d8862229,12.4953933,41.8862229,road_vertex,way/22890428
N12d4954007_41d8939784,12.4954007,41.8939784,road_vertex,way/348422498
N12d4954033_41d8898193,12.4954033,41.8898193,road_vertex,way/140072987
N12d4954073_41d8939924,12.4954073,41.8939924,road_vertex,way/348422498
N12d4954082_41d8955951,12.4954082,41.8955951,road_vertex,way/348323735
N12d4954090_41d8861680,12.4954090,41.8861680,road_vertex,way/23591344
N12d4954098_41d8908540,12.4954098,41.8908540,road_vertex,way/23780589
N12d4954100_41d8841608,12.4954100,41.8841608,road_vertex,way/1052648698
N12d4954127_41d8839364,12.4954127,41.8839364,road_vertex,way/528739174
N12d4954143_41d8859349,12.4954143,41.8859349,road_vertex,way/1273180864
N12d4954153_41d8854999,12.4954153,41.8854999,road_vertex,way/24566955
N12d4954160_41d8905229,12.4954160,41.8905229,road_vertex,way/352157298
N12d4954169_41d8854152,12.4954169,41.8854152,road_vertex,way/1273180862
N12d4954171_41d8897996,12.4954171,41.8897996,road_vertex,way/1364314168
N12d4954178_41d8837522,12.4954178,41.8837522,road_vertex,way/135617266
N12d4954181_41d8905413,12.4954181,41.8905413,road_vertex,way/352157304
N12d4954197_41d8856821,12.4954197,41.8856821,road_vertex,way/234796856
N12d4954240_41d8950593,12.4954240,41.8950593,road_vertex,way/189558676
N12d4954255_41d8837779,12.4954255,41.8837779,road_vertex,way/135617266
N12d4954255_41d8838102,12.4954255,41.8838102,road_vertex,way/135617266
N12d4954381_41d8832696,12.4954381,41.8832696,road_vertex,way/546928432
N12d4954401_41d8922658,12.4954401,41.8922658,road_vertex,way/22885885
N12d4954427_41d8835026,12.4954427,41.8835026,road_vertex,way/546928432
N12d4954467_41d8838367,12.4954467,41.8838367,road_vertex,way/135617266
N12d4954470_41d8854863,12.4954470,41.8854863,road_vertex,way/24566955
N12d4954513_41d8897518,12.4954513,41.8897518,road_vertex,way/1236922730
N12d4954544_41d8839487,12.4954544,41.8839487,road_vertex,way/528739174
N12d4954567_41d8836596,12.4954567,41.8836596,road_vertex,way/135617265
N12d4954575_41d8858450,12.4954575,41.8858450,road_vertex,way/1273180864
N12d4954613_41d8896784,12.4954613,41.8896784,road_vertex,way/1364314171
N12d4954635_41d8950593,12.4954635,41.8950593,road_vertex,way/189558676
N12d4954645_41d8857132,12.4954645,41.8857132,road_vertex,way/23591343
N12d4954690_41d8858397,12.4954690,41.8858397,road_vertex,way/1273180865
N12d4954730_41d8860445,12.4954730,41.8860445,road_vertex,way/1324396717
N12d4954757_41d8854782,12.4954757,41.8854782,road_vertex,way/24566955
N12d4954828_41d8905162,12.4954828,41.8905162,road_vertex,way/352157304
N12d4954828_41d8922876,12.4954828,41.8922876,road_vertex,way/23569612
N12d4954829_41d8832996,12.4954829,41.8832996,road_vertex,way/546928432
N12d4954832_41d8860719,12.4954832,41.8860719,road_vertex,way/1324396719
N12d4954865_41d8906703,12.4954865,41.8906703,road_vertex,way/352157300
N12d4954873_41d8922027,12.4954873,41.8922027,road_vertex,way/1217979209
N12d4954877_41d8860110,12.4954877,41.8860110,road_vertex,way/1324396720
N12d4954883_41d8834696,12.4954883,41.8834696,road_vertex,way/546928432
N12d4954900_41d8838590,12.4954900,41.8838590,road_vertex,way/135617266
N12d4954917_41d8857351,12.4954917,41.8857351,road_vertex,way/23591343
N12d4954944_41d8900526,12.4954944,41.8900526,road_vertex,way/140072987
N12d4955020_41d8839508,12.4955020,41.8839508,road_vertex,way/528739174
N12d4955022_41d8950578,12.4955022,41.8950578,road_vertex,way/189558676
N12d4955087_41d8861439,12.4955087,41.8861439,road_vertex,way/1324396717
N12d4955111_41d8834297,12.4955111,41.8834297,road_vertex,way/546928432
N12d4955126_41d8833386,12.4955126,41.8833386,road_vertex,way/546928432
N12d4955138_41d8857545,12.4955138,41.8857545,road_vertex,way/1273180865
N12d4955145_41d8838615,12.4955145,41.8838615,road_vertex,way/135617266
N12d4955146_41d8841917,12.4955146,41.8841917,road_vertex,way/1052648698
N12d4955162_41d8905091,12.4955162,41.8905091,road_vertex,way/352157298
N12d4955242_41d8833827,12.4955242,41.8833827,road_vertex,way/546928432
N12d4955260_41d8854743,12.4955260,41.8854743,road_vertex,way/234796856
N12d4955282_41d8868066,12.4955282,41.8868066,road_vertex,way/1509452074
N12d4955295_41d8906132,12.4955295,41.8906132,road_vertex,way/352157300
N12d4955297_41d8923974,12.4955297,41.8923974,road_vertex,way/1217979210
N12d4955310_41d8970303,12.4955310,41.8970303,road_vertex,way/1363657109
N12d4955356_41d8857825,12.4955356,41.8857825,road_vertex,way/23591343
N12d4955398_41d8900663,12.4955398,41.8900663,road_vertex,way/140072985
N12d4955419_41d8900753,12.4955419,41.8900753,road_vertex,way/140072985
N12d4955423_41d8836190,12.4955423,41.8836190,road_vertex,way/135617265
N12d4955425_41d8854462,12.4955425,41.8854462,road_vertex,way/1273180862
N12d4955471_41d8839459,12.4955471,41.8839459,road_vertex,way/528739174
N12d4955528_41d8856805,12.4955528,41.8856805,road_vertex,way/1273186714
N12d4955554_41d8852296,12.4955554,41.8852296,road_vertex,way/1418954977
N12d4955558_41d8868857,12.4955558,41.8868857,road_vertex,way/1359444549
N12d4955585_41d8858173,12.4955585,41.8858173,road_vertex,way/23591343
N12d4955681_41d8858323,12.4955681,41.8858323,road_vertex,way/1324396717
N12d4955692_41d8868829,12.4955692,41.8868829,road_vertex,way/1359444549
N12d4955748_41d8934455,12.4955748,41.8934455,road_vertex,way/348422497
N12d4955778_41d8934697,12.4955778,41.8934697,road_vertex,way/348422497
N12d4955797_41d8858503,12.4955797,41.8858503,road_vertex,way/23591343
N12d4955801_41d8838524,12.4955801,41.8838524,road_vertex,way/135617266
N12d4955837_41d8855745,12.4955837,41.8855745,road_vertex,way/1273186714
N12d4955840_41d8856089,12.4955840,41.8856089,road_vertex,way/1415687933
N12d4955865_41d8869682,12.4955865,41.8869682,road_vertex,way/1359444548
N12d4955937_41d8842207,12.4955937,41.8842207,road_vertex,way/1052648698
N12d4955946_41d8858808,12.4955946,41.8858808,road_vertex,way/23591343
N12d4955999_41d8911838,12.4955999,41.8911838,road_vertex,way/201947386
N12d4956031_41d8957253,12.4956031,41.8957253,road_vertex,way/23328154
N12d4956052_41d8859089,12.4956052,41.8859089,road_vertex,way/23591343
N12d4956052_41d8950586,12.4956052,41.8950586,road_vertex,way/189558676
N12d4956068_41d8839406,12.4956068,41.8839406,road_vertex,way/528739174
N12d4956101_41d8946029,12.4956101,41.8946029,road_vertex,way/1363660973
N12d4956102_41d8853172,12.4956102,41.8853172,road_vertex,way/366647670
N12d4956156_41d8869912,12.4956156,41.8869912,road_vertex,way/1359444548
N12d4956159_41d8900280,12.4956159,41.8900280,road_vertex,way/140072987
N12d4956203_41d8868729,12.4956203,41.8868729,road_vertex,way/233833352
N12d4956204_41d8922668,12.4956204,41.8922668,road_vertex,way/1217979209
N12d4956211_41d8934409,12.4956211,41.8934409,road_vertex,way/232886171
N12d4956235_41d8900502,12.4956235,41.8900502,road_vertex,way/140072987
N12d4956248_41d8904009,12.4956248,41.8904009,road_vertex,way/1364314164
N12d4956262_41d8835892,12.4956262,41.8835892,road_vertex,way/135617265
N12d4956283_41d8908544,12.4956283,41.8908544,road_vertex,way/201947386
N12d4956303_41d8859820,12.4956303,41.8859820,road_vertex,way/1324396720
N12d4956325_41d8854684,12.4956325,41.8854684,road_vertex,way/1415689570
N12d4956343_41d8861171,12.4956343,41.8861171,road_vertex,way/23591344
N12d4956345_41d8957443,12.4956345,41.8957443,road_vertex,way/1413817751
N12d4956357_41d8838499,12.4956357,41.8838499,road_vertex,way/135617266
N12d4956383_41d8937537,12.4956383,41.8937537,road_vertex,way/348422497
N12d4956441_41d8906733,12.4956441,41.8906733,road_vertex,way/24491737
N12d4956484_41d8869549,12.4956484,41.8869549,road_vertex,way/22890428
N12d4956494_41d8860386,12.4956494,41.8860386,road_vertex,way/1324396719
N12d4956509_41d8839375,12.4956509,41.8839375,road_vertex,way/528739174
N12d4956523_41d8924762,12.4956523,41.8924762,road_vertex,way/1217979210
N12d4956574_41d8852064,12.4956574,41.8852064,road_vertex,way/95644996
N12d4956640_41d8869829,12.4956640,41.8869829,road_vertex,way/22890428
N12d4956643_41d8853897,12.4956643,41.8853897,road_vertex,way/1415689570
N12d4956653_41d8957603,12.4956653,41.8957603,road_vertex,way/1413817751
N12d4956658_41d8870381,12.4956658,41.8870381,road_vertex,way/1359444548
N12d4956659_41d8849043,12.4956659,41.8849043,road_vertex,way/1418954977
N12d4956663_41d8934387,12.4956663,41.8934387,road_vertex,way/232886171
N12d4956708_41d8905396,12.4956708,41.8905396,road_vertex,way/352157304
N12d4956710_41d8922979,12.4956710,41.8922979,road_vertex,way/1217979209
N12d4956739_41d8861086,12.4956739,41.8861086,road_vertex,way/758384717
N12d4956743_41d8851700,12.4956743,41.8851700,road_vertex,way/95644996
N12d4956746_41d8848824,12.4956746,41.8848824,road_vertex,way/1418954978
N12d4956787_41d8834802,12.4956787,41.8834802,road_vertex,way/546928431
N12d4956793_41d8946225,12.4956793,41.8946225,road_vertex,way/23569690
N12d4956805_41d8853039,12.4956805,41.8853039,road_vertex,way/366647670
N12d4956813_41d8848847,12.4956813,41.8848847,road_vertex,way/1418954978
N12d4956836_41d8905267,12.4956836,41.8905267,road_vertex,way/352157303
N12d4956860_41d8848489,12.4956860,41.8848489,road_vertex,way/1418954977
N12d4956876_41d8842776,12.4956876,41.8842776,road_vertex,way/1052648698
N12d4956878_41d8839427,12.4956878,41.8839427,road_vertex,way/528739174
N12d4956883_41d8870137,12.4956883,41.8870137,road_vertex,way/22890428
N12d4956895_41d8900931,12.4956895,41.8900931,road_vertex,way/140072982
N12d4956911_41d8924997,12.4956911,41.8924997,road_vertex,way/1363661959
N12d4956913_41d8851356,12.4956913,41.8851356,road_vertex,way/95644996
N12d4956928_41d8957720,12.4956928,41.8957720,road_vertex,way/1413817751
N12d4956957_41d8838441,12.4956957,41.8838441,road_vertex,way/135617266
N12d4956989_41d8900913,12.4956989,41.8900913,road_vertex,way/140072982
N12d4957005_41d8905219,12.4957005,41.8905219,road_vertex,way/352157303
N12d4957050_41d8870803,12.4957050,41.8870803,road_vertex,way/1359444548
N12d4957064_41d8842966,12.4957064,41.8842966,road_vertex,way/1052648698
N12d4957071_41d8851079,12.4957071,41.8851079,road_vertex,way/95644996
N12d4957077_41d8852990,12.4957077,41.8852990,road_vertex,way/1273186713
N12d4957092_41d8972058,12.4957092,41.8972058,road_vertex,way/1363657109
N12d4957097_41d8924936,12.4957097,41.8924936,road_vertex,way/1363661959
N12d4957129_41d8900009,12.4957129,41.8900009,road_vertex,way/140072989
N12d4957133_41d8839530,12.4957133,41.8839530,road_vertex,way/528739174
N12d4957133_41d8844465,12.4957133,41.8844465,road_vertex,way/195977785
N12d4957136_41d8934380,12.4957136,41.8934380,road_vertex,way/232886171
N12d4957139_41d8835779,12.4957139,41.8835779,road_vertex,way/546928431
N12d4957151_41d8950584,12.4957151,41.8950584,road_vertex,way/189558676
N12d4957157_41d8972322,12.4957157,41.8972322,road_vertex,way/1363657109
N12d4957159_41d8901873,12.4957159,41.8901873,road_vertex,way/1364314163
N12d4957169_41d8900248,12.4957169,41.8900248,road_vertex,way/140072989
N12d4957213_41d8957810,12.4957213,41.8957810,road_vertex,way/1413817751
N12d4957217_41d8905244,12.4957217,41.8905244,road_vertex,way/352157303
N12d4957227_41d8901673,12.4957227,41.8901673,road_vertex,way/140072982
N12d4957229_41d8850824,12.4957229,41.8850824,road_vertex,way/95644996
N12d4957243_41d8899784,12.4957243,41.8899784,road_vertex,way/140072989
N12d4957262_41d8870527,12.4957262,41.8870527,road_vertex,way/22890428
N12d4957269_41d8972233,12.4957269,41.8972233,road_vertex,way/1363657109
N12d4957273_41d8946501,12.4957273,41.8946501,road_vertex,way/1363660972
N12d4957274_41d8848595,12.4957274,41.8848595,road_vertex,way/1418954977
N12d4957280_41d8839707,12.4957280,41.8839707,road_vertex,way/528739174
N12d4957281_41d8852518,12.4957281,41.8852518,road_vertex,way/1273186713
N12d4957313_41d8924411,12.4957313,41.8924411,road_vertex,way/767575373
N12d4957354_41d8844522,12.4957354,41.8844522,road_vertex,way/195977785
N12d4957360_41d8844113,12.4957360,41.8844113,road_vertex,way/24782128
N12d4957368_41d8860658,12.4957368,41.8860658,road_vertex,way/1415687933
N12d4957398_41d8843979,12.4957398,41.8843979,road_vertex,way/24782128
N12d4957398_41d8850604,12.4957398,41.8850604,road_vertex,way/95644996
N12d4957410_41d8839931,12.4957410,41.8839931,road_vertex,way/528739174
N12d4957411_41d8899666,12.4957411,41.8899666,road_vertex,way/140072989
N12d4957413_41d8905308,12.4957413,41.8905308,road_vertex,way/352157303
N12d4957414_41d8852943,12.4957414,41.8852943,road_vertex,way/366647670
N12d4957419_41d8970005,12.4957419,41.8970005,road_vertex,way/1363657125
N12d4957435_41d8871255,12.4957435,41.8871255,road_vertex,way/1359444548
N12d4957459_41d8946248,12.4957459,41.8946248,road_vertex,way/23569690
N12d4957485_41d8868479,12.4957485,41.8868479,road_vertex,way/590475963
N12d4957492_41d8957897,12.4957492,41.8957897,road_vertex,way/1413817751
N12d4957507_41d8840279,12.4957507,41.8840279,road_vertex,way/528739174
N12d4957526_41d8843842,12.4957526,41.8843842,road_vertex,way/24782128
N12d4957527_41d8870785,12.4957527,41.8870785,road_vertex,way/590475966
N12d4957561_41d8901613,12.4957561,41.8901613,road_vertex,way/140072989
N12d4957578_41d8844577,12.4957578,41.8844577,road_vertex,way/195977785
N12d4957588_41d8850368,12.4957588,41.8850368,road_vertex,way/95644996
N12d4957597_41d8840450,12.4957597,41.8840450,road_vertex,way/528739174
N12d4957598_41d8934397,12.4957598,41.8934397,road_vertex,way/232886171
N12d4957620_41d8912075,12.4957620,41.8912075,road_vertex,way/201947386
N12d4957621_41d8901783,12.4957621,41.8901783,road_vertex,way/1364314163
N12d4957622_41d8868896,12.4957622,41.8868896,road_vertex,way/590475963
N12d4957662_41d8843732,12.4957662,41.8843732,road_vertex,way/24782128
N12d4957669_41d8905373,12.4957669,41.8905373,road_vertex,way/352157302
N12d4957680_41d8875427,12.4957680,41.8875427,road_vertex,way/1359444547
N12d4957689_41d8871082,12.4957689,41.8871082,road_vertex,way/22890428
N12d4957719_41d8957978,12.4957719,41.8957978,road_vertex,way/1413817751
N12d4957761_41d8852907,12.4957761,41.8852907,road_vertex,way/366647670
N12d4957766_41d8860870,12.4957766,41.8860870,road_vertex,way/758384717
N12d4957768_41d8843512,12.4957768,41.8843512,road_vertex,way/24782128
N12d4957787_41d8902252,12.4957787,41.8902252,road_vertex,way/140072989
N12d4957794_41d8840660,12.4957794,41.8840660,road_vertex,way/528739174
N12d4957802_41d8850133,12.4957802,41.8850133,road_vertex,way/95644996
N12d4957814_41d8843204,12.4957814,41.8843204,road_vertex,way/1052648698
N12d4957833_41d8838912,12.4957833,41.8838912,road_vertex,way/82720996
N12d4957853_41d8924741,12.4957853,41.8924741,road_vertex,way/1217979214
N12d4957857_41d8869518,12.4957857,41.8869518,road_vertex,way/590475963
N12d4957859_41d8843044,12.4957859,41.8843044,road_vertex,way/24782128
N12d4957892_41d8875353,12.4957892,41.8875353,road_vertex,way/1359444547
N12d4957915_41d8850848,12.4957915,41.8850848,road_vertex,way/1273180863
N12d4957957_41d8842926,12.4957957,41.8842926,road_vertex,way/24782128
N12d4957990_41d8835790,12.4957990,41.8835790,road_vertex,way/135617265
N12d4958011_41d8958127,12.4958011,41.8958127,road_vertex,way/1413817751
N12d4958017_41d8875296,12.4958017,41.8875296,road_vertex,way/1359444547
N12d4958037_41d8849882,12.4958037,41.8849882,road_vertex,way/95644996
N12d4958048_41d8849171,12.4958048,41.8849171,road_vertex,way/1273180861
N12d4958049_41d8870565,12.4958049,41.8870565,road_vertex,way/590475966
N12d4958090_41d8870006,12.4958090,41.8870006,road_vertex,way/590475963
N12d4958103_41d8946287,12.4958103,41.8946287,road_vertex,way/23569690
N12d4958107_41d8842831,12.4958107,41.8842831,road_vertex,way/24782128
N12d4958153_41d8901680,12.4958153,41.8901680,road_vertex,way/1364314163
N12d4958187_41d8838761,12.4958187,41.8838761,road_vertex,way/82720996
N12d4958220_41d8906087,12.4958220,41.8906087,road_vertex,way/23780591
N12d4958245_41d8852888,12.4958245,41.8852888,road_vertex,way/366647670
N12d4958250_41d8958269,12.4958250,41.8958269,road_vertex,way/1413817751
N12d4958271_41d8875097,12.4958271,41.8875097,road_vertex,way/1359444547
N12d4958283_41d8849650,12.4958283,41.8849650,road_vertex,way/95644996
N12d4958309_41d8924105,12.4958309,41.8924105,road_vertex,way/1217979209
N12d4958325_41d8870449,12.4958325,41.8870449,road_vertex,way/590475966
N12d4958349_41d8912546,12.4958349,41.8912546,road_vertex,way/1427064901
N12d4958366_41d8846415,12.4958366,41.8846415,road_vertex,way/1418954977
N12d4958390_41d8873105,12.4958390,41.8873105,road_vertex,way/22890428
N12d4958407_41d8941844,12.4958407,41.8941844,road_vertex,way/140757483
N12d4958408_41d8874927,12.4958408,41.8874927,road_vertex,way/1359444547
N12d4958434_41d8842709,12.4958434,41.8842709,road_vertex,way/82720991
N12d4958438_41d8942140,12.4958438,41.8942140,road_vertex,way/140757483
N12d4958451_41d8971170,12.4958451,41.8971170,road_vertex,way/1363657125
N12d4958465_41d8841203,12.4958465,41.8841203,road_vertex,way/528739174
N12d4958471_41d8867958,12.4958471,41.8867958,road_vertex,way/23591343
N12d4958476_41d8868108,12.4958476,41.8868108,road_vertex,way/23591343
N12d4958477_41d8941531,12.4958477,41.8941531,road_vertex,way/140757483
N12d4958514_41d8836014,12.4958514,41.8836014,road_vertex,way/135617265
N12d4958516_41d8874711,12.4958516,41.8874711,road_vertex,way/1359444547
N12d4958518_41d8849412,12.4958518,41.8849412,road_vertex,way/1273180861
N12d4958527_41d8868275,12.4958527,41.8868275,road_vertex,way/233833352
N12d4958546_41d8874530,12.4958546,41.8874530,road_vertex,way/1359444548
N12d4958551_41d8842589,12.4958551,41.8842589,road_vertex,way/24782126
N12d4958555_41d8942387,12.4958555,41.8942387,road_vertex,way/140757483
N12d4958595_41d8941268,12.4958595,41.8941268,road_vertex,way/140757483
N12d4958600_41d8868434,12.4958600,41.8868434,road_vertex,way/23591343
N12d4958617_41d8838666,12.4958617,41.8838666,road_vertex,way/82720996
N12d4958623_41d8924510,12.4958623,41.8924510,road_vertex,way/1363661958
N12d4958632_41d8842462,12.4958632,41.8842462,road_vertex,way/24782126
N12d4958646_41d8849268,12.4958646,41.8849268,road_vertex,way/95644996
N12d4958649_41d8867483,12.4958649,41.8867483,road_vertex,way/23591343
N12d4958663_41d8950176,12.4958663,41.8950176,road_vertex,way/1363660968
N12d4958664_41d8949893,12.4958664,41.8949893,road_vertex,way/1363660966
N12d4958684_41d8950580,12.4958684,41.8950580,road_vertex,way/1363660968
N12d4958708_41d8951059,12.4958708,41.8951059,road_vertex,way/1363660968
N12d4958709_41d8951311,12.4958709,41.8951311,road_vertex,way/1363660967
N12d4958722_41d8866864,12.4958722,41.8866864,road_vertex,way/23591343
N12d4958725_41d8867136,12.4958725,41.8867136,road_vertex,way/23591343
N12d4958727_41d8868580,12.4958727,41.8868580,road_vertex,way/23591343
N12d4958728_41d8939003,12.4958728,41.8939003,road_vertex,way/140757482
N12d4958743_41d8946359,12.4958743,41.8946359,road_vertex,way/23569690
N12d4958749_41d8904401,12.4958749,41.8904401,road_vertex,way/352157303
N12d4958755_41d8941037,12.4958755,41.8941037,road_vertex,way/140757483
N12d4958758_41d8845538,12.4958758,41.8845538,road_vertex,way/1418954977
N12d4958766_41d8872040,12.4958766,41.8872040,road_vertex,way/590475963
N12d4958772_41d8842336,12.4958772,41.8842336,road_vertex,way/24782126
N12d4958789_41d8849085,12.4958789,41.8849085,road_vertex,way/95644996
N12d4958816_41d8874390,12.4958816,41.8874390,road_vertex,way/22890428
N12d4958822_41d8924456,12.4958822,41.8924456,road_vertex,way/1363661958
N12d4958825_41d8836661,12.4958825,41.8836661,road_vertex,way/135617266
N12d4958849_41d8942635,12.4958849,41.8942635,road_vertex,way/140757483
N12d4958867_41d8842981,12.4958867,41.8842981,road_vertex,way/82720991
N12d4958892_41d8837762,12.4958892,41.8837762,road_vertex,way/135617266
N12d4958910_41d8842201,12.4958910,41.8842201,road_vertex,way/24782126
N12d4958925_41d8845037,12.4958925,41.8845037,road_vertex,way/1418954977
N12d4958929_41d8958720,12.4958929,41.8958720,road_vertex,way/1413817751
N12d4958935_41d8849638,12.4958935,41.8849638,road_vertex,way/1273180863
N12d4958947_41d8837009,12.4958947,41.8837009,road_vertex,way/135617266
N12d4958956_41d8848841,12.4958956,41.8848841,road_vertex,way/95644996
N12d4958962_41d8844887,12.4958962,41.8844887,road_vertex,way/1418954977
N12d4958967_41d8940815,12.4958967,41.8940815,road_vertex,way/140757483
N12d4958994_41d8836218,12.4958994,41.8836218,road_vertex,way/135617266
N12d4958995_41d8852859,12.4958995,41.8852859,road_vertex,way/366647670
N12d4958997_41d8841560,12.4958997,41.8841560,road_vertex,way/528739174
N12d4959026_41d8844611,12.4959026,41.8844611,road_vertex,way/1418954980
N12d4959028_41d8872843,12.4959028,41.8872843,road_vertex,way/590475963
N12d4959035_41d8838662,12.4959035,41.8838662,road_vertex,way/82720996
N12d4959035_41d8844284,12.4959035,41.8844284,road_vertex,way/1418954980
N12d4959046_41d8868801,12.4959046,41.8868801,road_vertex,way/23591343
N12d4959054_41d8842028,12.4959054,41.8842028,road_vertex,way/24782126
N12d4959056_41d8837629,12.4959056,41.8837629,road_vertex,way/135617266
N12d4959059_41d8837423,12.4959059,41.8837423,road_vertex,way/135617266
N12d4959064_41d8841716,12.4959064,41.8841716,road_vertex,way/24782126
N12d4959077_41d8896572,12.4959077,41.8896572,road_vertex,way/1364314166
N12d4959102_41d8841840,12.4959102,41.8841840,road_vertex,way/24782126
N12d4959109_41d8966442,12.4959109,41.8966442,road_vertex,way/348319806
N12d4959117_41d8848582,12.4959117,41.8848582,road_vertex,way/95644996
N12d4959143_41d8942771,12.4959143,41.8942771,road_vertex,way/140757483
N12d4959147_41d8905364,12.4959147,41.8905364,road_vertex,way/352157302
N12d4959203_41d8843061,12.4959203,41.8843061,road_vertex,way/82720991
N12d4959207_41d8958509,12.4959207,41.8958509,road_vertex,way/1363660984
N12d4959222_41d8940626,12.4959222,41.8940626,road_vertex,way/140757483
N12d4959241_41d8925601,12.4959241,41.8925601,road_vertex,way/22885885
N12d4959244_41d8875766,12.4959244,41.8875766,road_vertex,way/129115592
N12d4959277_41d8848282,12.4959277,41.8848282,road_vertex,way/95644996
N12d4959281_41d8873481,12.4959281,41.8873481,road_vertex,way/590475963
N12d4959283_41d8841379,12.4959283,41.8841379,road_vertex,way/82720991
N12d4959296_41d8868992,12.4959296,41.8868992,road_vertex,way/23591343
N12d4959321_41d8946183,12.4959321,41.8946183,road_vertex,way/1363660973
N12d4959323_41d8905879,12.4959323,41.8905879,road_vertex,way/23780591
N12d4959326_41d8844325,12.4959326,41.8844325,road_vertex,way/1418954980
N12d4959342_41d8840178,12.4959342,41.8840178,road_vertex,way/82720991
N12d4959362_41d8946447,12.4959362,41.8946447,road_vertex,way/23569690
N12d4959364_41d8843081,12.4959364,41.8843081,road_vertex,way/82720991
N12d4959373_41d8958384,12.4959373,41.8958384,road_vertex,way/1058876004
N12d4959391_41d8873730,12.4959391,41.8873730,road_vertex,way/590475963
N12d4959409_41d8839898,12.4959409,41.8839898,road_vertex,way/82720991
N12d4959411_41d8942844,12.4959411,41.8942844,road_vertex,way/140757483
N12d4959417_41d8841115,12.4959417,41.8841115,road_vertex,way/82720991
N12d4959417_41d8849066,12.4959417,41.8849066,road_vertex,way/1273180863
N12d4959422_41d8840388,12.4959422,41.8840388,road_vertex,way/82720991
N12d4959431_41d8847985,12.4959431,41.8847985,road_vertex,way/95644996
N12d4959478_41d8844251,12.4959478,41.8844251,road_vertex,way/1418954980
N12d4959491_41d8840931,12.4959491,41.8840931,road_vertex,way/82720991
N12d4959505_41d8869230,12.4959505,41.8869230,road_vertex,way/23591343
N12d4959511_41d8843061,12.4959511,41.8843061,road_vertex,way/82720991
N12d4959516_41d8840768,12.4959516,41.8840768,road_vertex,way/82720991
N12d4959530_41d8839748,12.4959530,41.8839748,road_vertex,way/82720991
N12d4959537_41d8873991,12.4959537,41.8873991,road_vertex,way/590475963
N12d4959553_41d8852838,12.4959553,41.8852838,road_vertex,way/366647670
N12d4959594_41d8965653,12.4959594,41.8965653,road_vertex,way/348319806
N12d4959604_41d8847604,12.4959604,41.8847604,road_vertex,way/95644996
N12d4959606_41d8844031,12.4959606,41.8844031,road_vertex,way/1418954980
N12d4959618_41d8844747,12.4959618,41.8844747,road_vertex,way/1273180860
N12d4959631_41d8869506,12.4959631,41.8869506,road_vertex,way/23591343
N12d4959632_41d8848685,12.4959632,41.8848685,road_vertex,way/1273180863
N12d4959662_41d8836537,12.4959662,41.8836537,road_vertex,way/135617265
N12d4959662_41d8874127,12.4959662,41.8874127,road_vertex,way/590475963
N12d4959672_41d8842961,12.4959672,41.8842961,road_vertex,way/82720991
N12d4959674_41d8838765,12.4959674,41.8838765,road_vertex,way/82720996
N12d4959693_41d8955635,12.4959693,41.8955635,road_vertex,way/1058876001
N12d4959710_41d8868044,12.4959710,41.8868044,road_vertex,way/233833352
N12d4959770_41d8847224,12.4959770,41.8847224,road_vertex,way/95644996
N12d4959786_41d8942869,12.4959786,41.8942869,road_vertex,way/140757483
N12d4959823_41d8874241,12.4959823,41.8874241,road_vertex,way/590475963
N12d4959829_41d8898942,12.4959829,41.8898942,road_vertex,way/140072989
N12d4959852_41d8839508,12.4959852,41.8839508,road_vertex,way/82720991
N12d4959871_41d8913850,12.4959871,41.8913850,road_vertex,way/1427064901
N12d4959897_41d8843514,12.4959897,41.8843514,road_vertex,way/1418954980
N12d4959933_41d8946558,12.4959933,41.8946558,road_vertex,way/23569690
N12d4959977_41d8867988,12.4959977,41.8867988,road_vertex,way/11376966
N12d4959996_41d8913574,12.4959996,41.8913574,road_vertex,way/25696392
N12d4960001_41d8848143,12.4960001,41.8848143,road_vertex,way/1273180863
N12d4960007_41d8874293,12.4960007,41.8874293,road_vertex,way/590475963
N12d4960032_41d8838888,12.4960032,41.8838888,road_vertex,way/135617265
N12d4960044_41d8927055,12.4960044,41.8927055,road_vertex,way/1301378286
N12d4960045_41d8940256,12.4960045,41.8940256,road_vertex,way/140757483
N12d4960088_41d8836944,12.4960088,41.8836944,road_vertex,way/135617265
N12d4960088_41d8852839,12.4960088,41.8852839,road_vertex,way/366647670
N12d4960111_41d8942862,12.4960111,41.8942862,road_vertex,way/140757483
N12d4960188_41d8874308,12.4960188,41.8874308,road_vertex,way/590475963
N12d4960245_41d8860414,12.4960245,41.8860414,road_vertex,way/758384717
N12d4960251_41d8914664,12.4960251,41.8914664,road_vertex,way/25696393
N12d4960285_41d8838563,12.4960285,41.8838563,road_vertex,way/135617265
N12d4960306_41d8946966,12.4960306,41.8946966,road_vertex,way/1363660972
N12d4960361_41d8837465,12.4960361,41.8837465,road_vertex,way/135617265
N12d4960384_41d8874273,12.4960384,41.8874273,road_vertex,way/590475963
N12d4960403_41d8904097,12.4960403,41.8904097,road_vertex,way/352157298
N12d4960406_41d8957567,12.4960406,41.8957567,road_vertex,way/1192040454
N12d4960437_41d8838087,12.4960437,41.8838087,road_vertex,way/135617265
N12d4960449_41d8946670,12.4960449,41.8946670,road_vertex,way/23569690
N12d4960468_41d8909144,12.4960468,41.8909144,road_vertex,way/1427064899
N12d4960469_41d8839039,12.4960469,41.8839039,road_vertex,way/82720996
N12d4960477_41d8938328,12.4960477,41.8938328,road_vertex,way/140757482
N12d4960498_41d8845232,12.4960498,41.8845232,road_vertex,way/95644996
N12d4960500_41d8908844,12.4960500,41.8908844,road_vertex,way/23780592
N12d4960500_41d8942852,12.4960500,41.8942852,road_vertex,way/140757483
N12d4960516_41d8860367,12.4960516,41.8860367,road_vertex,way/758384717
N12d4960550_41d8874205,12.4960550,41.8874205,road_vertex,way/590475963
N12d4960572_41d8969941,12.4960572,41.8969941,road_vertex,way/23328113
N12d4960602_41d8844974,12.4960602,41.8844974,road_vertex,way/1273180860
N12d4960622_41d8852857,12.4960622,41.8852857,road_vertex,way/366647670
N12d4960658_41d8940075,12.4960658,41.8940075,road_vertex,way/140757483
N12d4960684_41d8838939,12.4960684,41.8838939,road_vertex,way/82720991
N12d4960725_41d8874091,12.4960725,41.8874091,road_vertex,way/590475963
N12d4960750_41d8942833,12.4960750,41.8942833,road_vertex,way/140757483
N12d4960802_41d8938231,12.4960802,41.8938231,road_vertex,way/140757482
N12d4960841_41d8873958,12.4960841,41.8873958,road_vertex,way/590475963
N12d4960912_41d8838909,12.4960912,41.8838909,road_vertex,way/82720991
N12d4960960_41d8954701,12.4960960,41.8954701,road_vertex,way/1058876001
N12d4960976_41d8895987,12.4960976,41.8895987,road_vertex,way/1364314166
N12d4960982_41d8875910,12.4960982,41.8875910,road_vertex,way/1382088700
N12d4961000_41d8840723,12.4961000,41.8840723,road_vertex,way/1418954979
N12d4961002_41d8860282,12.4961002,41.8860282,road_vertex,way/758384717
N12d4961030_41d8873700,12.4961030,41.8873700,road_vertex,way/590475963
N12d4961061_41d8845080,12.4961061,41.8845080,road_vertex,way/1490704644
N12d4961064_41d8940045,12.4961064,41.8940045,road_vertex,way/140757483
N12d4961075_41d8946812,12.4961075,41.8946812,road_vertex,way/23569690
N12d4961084_41d8942754,12.4961084,41.8942754,road_vertex,way/140757483
N12d4961086_41d8838972,12.4961086,41.8838972,road_vertex,way/82720991
N12d4961109_41d8852878,12.4961109,41.8852878,road_vertex,way/366647670
N12d4961126_41d8908884,12.4961126,41.8908884,road_vertex,way/1427064893
N12d4961127_41d8938192,12.4961127,41.8938192,road_vertex,way/140757482
N12d4961189_41d8923221,12.4961189,41.8923221,road_vertex,way/767575373
N12d4961202_41d8839283,12.4961202,41.8839283,road_vertex,way/82720991
N12d4961215_41d8845111,12.4961215,41.8845111,road_vertex,way/1490704644
N12d4961232_41d8839186,12.4961232,41.8839186,road_vertex,way/1415689566
N12d4961257_41d8839102,12.4961257,41.8839102,road_vertex,way/82720991
N12d4961279_41d8907044,12.4961279,41.8907044,road_vertex,way/1427064893
N12d4961321_41d8942648,12.4961321,41.8942648,road_vertex,way/140757483
N12d4961354_41d8938197,12.4961354,41.8938197,road_vertex,way/140757482
N12d4961445_41d8956825,12.4961445,41.8956825,road_vertex,way/1192040454
N12d4961450_41d8940070,12.4961450,41.8940070,road_vertex,way/140757483
N12d4961469_41d8942538,12.4961469,41.8942538,road_vertex,way/140757483
N12d4961471_41d8968522,12.4961471,41.8968522,road_vertex,way/23328113
N12d4961551_41d8915316,12.4961551,41.8915316,road_vertex,way/24491832
N12d4961560_41d8875164,12.4961560,41.8875164,road_vertex,way/232183089
N12d4961580_41d8942348,12.4961580,41.8942348,road_vertex,way/140757483
N12d4961609_41d8938236,12.4961609,41.8938236,road_vertex,way/140757482
N12d4961615_41d8839277,12.4961615,41.8839277,road_vertex,way/1418954979
N12d4961620_41d8942123,12.4961620,41.8942123,road_vertex,way/140757483
N12d4961647_41d8946955,12.4961647,41.8946955,road_vertex,way/23569690
N12d4961653_41d8852904,12.4961653,41.8852904,road_vertex,way/366647670
N12d4961655_41d8875452,12.4961655,41.8875452,road_vertex,way/232183089
N12d4961712_41d8875624,12.4961712,41.8875624,road_vertex,way/1382088700
N12d4961763_41d8880944,12.4961763,41.8880944,road_vertex,way/1359367451
N12d4961787_41d8838893,12.4961787,41.8838893,road_vertex,way/1415689566
N12d4961839_41d8940890,12.4961839,41.8940890,road_vertex,way/140757483
N12d4961868_41d8940203,12.4961868,41.8940203,road_vertex,way/140757483
N12d4961878_41d8938310,12.4961878,41.8938310,road_vertex,way/140757482
N12d4961897_41d8903812,12.4961897,41.8903812,road_vertex,way/352157298
N12d4961900_41d8876187,12.4961900,41.8876187,road_vertex,way/232183089
N12d4961904_41d8947282,12.4961904,41.8947282,road_vertex,way/1363660972
N12d4961925_41d8875534,12.4961925,41.8875534,road_vertex,way/1382088700
N12d4961945_41d8918793,12.4961945,41.8918793,road_vertex,way/24491832
N12d4961978_41d8967748,12.4961978,41.8967748,road_vertex,way/348319806
N12d4961994_41d8936013,12.4961994,41.8936013,road_vertex,way/348414304
N12d4962006_41d8936272,12.4962006,41.8936272,road_vertex,way/348414304
N12d4962060_41d8936515,12.4962060,41.8936515,road_vertex,way/348414304
N12d4962073_41d8935693,12.4962073,41.8935693,road_vertex,way/348414304
N12d4962099_41d8938414,12.4962099,41.8938414,road_vertex,way/140757482
N12d4962102_41d8841265,12.4962102,41.8841265,road_vertex,way/95644996
N12d4962127_41d8939882,12.4962127,41.8939882,road_vertex,way/140757482
N12d4962170_41d8852939,12.4962170,41.8852939,road_vertex,way/366647670
N12d4962198_41d8879944,12.4962198,41.8879944,road_vertex,way/1359367463
N12d4962243_41d8904774,12.4962243,41.8904774,road_vertex,way/352157290
N12d4962244_41d8936782,12.4962244,41.8936782,road_vertex,way/348414304
N12d4962262_41d8957353,12.4962262,41.8957353,road_vertex,way/1058876001
N12d4962270_41d8935155,12.4962270,41.8935155,road_vertex,way/348414304
N12d4962279_41d8946972,12.4962279,41.8946972,road_vertex,way/1363660973
N12d4962306_41d8880307,12.4962306,41.8880307,road_vertex,way/1359367463
N12d4962311_41d8879925,12.4962311,41.8879925,road_vertex,way/1382088699
N12d4962315_41d8939593,12.4962315,41.8939593,road_vertex,way/140757482
N12d4962325_41d8947135,12.4962325,41.8947135,road_vertex,way/23569690
N12d4962345_41d8919784,12.4962345,41.8919784,road_vertex,way/1222118301
N12d4962347_41d8880448,12.4962347,41.8880448,road_vertex,way/1359367462
N12d4962359_41d8934790,12.4962359,41.8934790,road_vertex,way/348414304
N12d4962391_41d8880601,12.4962391,41.8880601,road_vertex,way/1359367464
N12d4962420_41d8905298,12.4962420,41.8905298,road_vertex,way/23780591
N12d4962448_41d8939319,12.4962448,41.8939319,road_vertex,way/140757482
N12d4962476_41d8880895,12.4962476,41.8880895,road_vertex,way/1359367464
N12d4962502_41d8938703,12.4962502,41.8938703,road_vertex,way/348414304
N12d4962502_41d8939003,12.4962502,41.8939003,road_vertex,way/140757482
N12d4962514_41d8937001,12.4962514,41.8937001,road_vertex,way/348414304
N12d4962578_41d8860961,12.4962578,41.8860961,road_vertex,way/758384717
N12d4962615_41d8880876,12.4962615,41.8880876,road_vertex,way/1502861103
N12d4962667_41d8874897,12.4962667,41.8874897,road_vertex,way/11491198
N12d4962824_41d8852635,12.4962824,41.8852635,road_vertex,way/1360164524
N12d4962842_41d8938569,12.4962842,41.8938569,road_vertex,way/348414304
N12d4962845_41d8852977,12.4962845,41.8852977,road_vertex,way/366647670
N12d4962849_41d8937230,12.4962849,41.8937230,road_vertex,way/348414304
N12d4962943_41d8934853,12.4962943,41.8934853,road_vertex,way/232886171
N12d4962959_41d8836311,12.4962959,41.8836311,road_vertex,way/1415689566
N12d4962985_41d8921644,12.4962985,41.8921644,road_vertex,way/1222118301
N12d4963048_41d8938342,12.4963048,41.8938342,road_vertex,way/348414304
N12d4963077_41d8937492,12.4963077,41.8937492,road_vertex,way/348414304
N12d4963111_41d8879810,12.4963111,41.8879810,road_vertex,way/1359367459
N12d4963180_41d8938043,12.4963180,41.8938043,road_vertex,way/348414304
N12d4963182_41d8937751,12.4963182,41.8937751,road_vertex,way/348414304
N12d4963212_41d8880757,12.4963212,41.8880757,road_vertex,way/1502861102
N12d4963222_41d8882501,12.4963222,41.8882501,road_vertex,way/1502861103
N12d4963225_41d8879796,12.4963225,41.8879796,road_vertex,way/1359367460
N12d4963250_41d8840282,12.4963250,41.8840282,road_vertex,way/1415689569
N12d4963257_41d8880249,12.4963257,41.8880249,road_vertex,way/232183089
N12d4963320_41d8879802,12.4963320,41.8879802,road_vertex,way/1382088698
N12d4963326_41d8911969,12.4963326,41.8911969,road_vertex,way/25696392
N12d4963363_41d8879889,12.4963363,41.8879889,road_vertex,way/1359367456
N12d4963398_41d8880721,12.4963398,41.8880721,road_vertex,way/1502861102
N12d4963454_41d8853024,12.4963454,41.8853024,road_vertex,way/366647670
N12d4963485_41d8880199,12.4963485,41.8880199,road_vertex,way/1359367455
N12d4963509_41d8934925,12.4963509,41.8934925,road_vertex,way/232886171
N12d4963580_41d8880442,12.4963580,41.8880442,road_vertex,way/1359367457
N12d4963595_41d8880678,12.4963595,41.8880678,road_vertex,way/1502861102
N12d4963683_41d8839321,12.4963683,41.8839321,road_vertex,way/1415689569
N12d4963696_41d8880663,12.4963696,41.8880663,road_vertex,way/1359367457
N12d4963706_41d8955644,12.4963706,41.8955644,road_vertex,way/1058876001
N12d4963706_41d8956129,12.4963706,41.8956129,road_vertex,way/1058876001
N12d4963814_41d8837048,12.4963814,41.8837048,road_vertex,way/95644996
N12d4963822_41d8962294,12.4963822,41.8962294,road_vertex,way/1413817751
N12d4963880_41d8853059,12.4963880,41.8853059,road_vertex,way/366647670
N12d4963953_41d8885072,12.4963953,41.8885072,road_vertex,way/1502861103
N12d4963976_41d8904119,12.4963976,41.8904119,road_vertex,way/352157305
N12d4963982_41d8885160,12.4963982,41.8885160,road_vertex,way/1359367443
N12d4963997_41d8834544,12.4963997,41.8834544,road_vertex,way/1415689566
N12d4963997_41d8884952,12.4963997,41.8884952,road_vertex,way/1502861103
N12d4964008_41d8903996,12.4964008,41.8903996,road_vertex,way/352157305
N12d4964022_41d8935005,12.4964022,41.8935005,road_vertex,way/232886171
N12d4964029_41d8947616,12.4964029,41.8947616,road_vertex,way/23569690
N12d4964081_41d8885419,12.4964081,41.8885419,road_vertex,way/1359367442
N12d4964089_41d8836423,12.4964089,41.8836423,road_vertex,way/95644996
N12d4964089_41d8885047,12.4964089,41.8885047,road_vertex,way/1359367436
N12d4964109_41d8903890,12.4964109,41.8903890,road_vertex,way/352157305
N12d4964115_41d8963330,12.4964115,41.8963330,road_vertex,way/1363660988
N12d4964125_41d8962545,12.4964125,41.8962545,road_vertex,way/1413817751
N12d4964232_41d8885813,12.4964232,41.8885813,road_vertex,way/1359367444
N12d4964253_41d8885864,12.4964253,41.8885864,road_vertex,way/1359367444
N12d4964265_41d8903850,12.4964265,41.8903850,road_vertex,way/352157305
N12d4964304_41d8894967,12.4964304,41.8894967,road_vertex,way/1364314166
N12d4964323_41d8962749,12.4964323,41.8962749,road_vertex,way/1413817751
N12d4964344_41d8835898,12.4964344,41.8835898,road_vertex,way/95644996
N12d4964358_41d8885823,12.4964358,41.8885823,road_vertex,way/1359367441
N12d4964406_41d8853130,12.4964406,41.8853130,road_vertex,way/366647670
N12d4964443_41d8903867,12.4964443,41.8903867,road_vertex,way/352157305
N12d4964504_41d8962971,12.4964504,41.8962971,road_vertex,way/1413817751
N12d4964594_41d8903904,12.4964594,41.8903904,road_vertex,way/352157305
N12d4964594_41d8935112,12.4964594,41.8935112,road_vertex,way/232886171
N12d4964598_41d8835445,12.4964598,41.8835445,road_vertex,way/95644996
N12d4964689_41d8833657,12.4964689,41.8833657,road_vertex,way/1415689566
N12d4964724_41d8948032,12.4964724,41.8948032,road_vertex,way/1363660972
N12d4964730_41d8962763,12.4964730,41.8962763,road_vertex,way/1363660988
N12d4964735_41d8853188,12.4964735,41.8853188,road_vertex,way/366647670
N12d4964741_41d8904020,12.4964741,41.8904020,road_vertex,way/352157305
N12d4964773_41d8884802,12.4964773,41.8884802,road_vertex,way/1359367435
N12d4964784_41d8911284,12.4964784,41.8911284,road_vertex,way/1427064899
N12d4964860_41d8963404,12.4964860,41.8963404,road_vertex,way/1413817751
N12d4964880_41d8884763,12.4964880,41.8884763,road_vertex,way/1359367437
N12d4964885_41d8835001,12.4964885,41.8835001,road_vertex,way/95644996
N12d4964926_41d8885248,12.4964926,41.8885248,road_vertex,way/232183089
N12d4964927_41d8852971,12.4964927,41.8852971,road_vertex,way/1360164524
N12d4964944_41d8884760,12.4964944,41.8884760,road_vertex,way/1359367447
N12d4964946_41d8962570,12.4964946,41.8962570,road_vertex,way/1363660987
N12d4964961_41d8884807,12.4964961,41.8884807,road_vertex,way/1359367447
N12d4965036_41d8840387,12.4965036,41.8840387,road_vertex,way/552817071
N12d4965042_41d8885625,12.4965042,41.8885625,road_vertex,way/1359367439
N12d4965059_41d8963594,12.4965059,41.8963594,road_vertex,way/1363660982
N12d4965065_41d8962651,12.4965065,41.8962651,road_vertex,way/1363660984
N12d4965081_41d8885211,12.4965081,41.8885211,road_vertex,way/1359367445
N12d4965106_41d8840736,12.4965106,41.8840736,road_vertex,way/552817071
N12d4965113_41d8935227,12.4965113,41.8935227,road_vertex,way/232886171
N12d4965117_41d8885606,12.4965117,41.8885606,road_vertex,way/1359367440
N12d4965150_41d8834612,12.4965150,41.8834612,road_vertex,way/95644996
N12d4965180_41d8885543,12.4965180,41.8885543,road_vertex,way/1359367446
N12d4965196_41d8885585,12.4965196,41.8885585,road_vertex,way/1359367446
N12d4965203_41d8853280,12.4965203,41.8853280,road_vertex,way/366647670
N12d4965264_41d8963790,12.4965264,41.8963790,road_vertex,way/23328109
N12d4965269_41d8839031,12.4965269,41.8839031,road_vertex,way/552817071
N12d4965280_41d8962338,12.4965280,41.8962338,road_vertex,way/1363660985
N12d4965347_41d8962370,12.4965347,41.8962370,road_vertex,way/1363660986
N12d4965356_41d8835587,12.4965356,41.8835587,road_vertex,way/1415689567
N12d4965392_41d8948018,12.4965392,41.8948018,road_vertex,way/23569690
N12d4965474_41d8832823,12.4965474,41.8832823,road_vertex,way/1415689566
N12d4965487_41d8834190,12.4965487,41.8834190,road_vertex,way/95644996
N12d4965521_41d8962461,12.4965521,41.8962461,road_vertex,way/1363660986
N12d4965572_41d8947928,12.4965572,41.8947928,road_vertex,way/1363660973
N12d4965607_41d8860378,12.4965607,41.8860378,road_vertex,way/758384717
N12d4965608_41d8889726,12.4965608,41.8889726,road_vertex,way/1359444577
N12d4965641_41d8964121,12.4965641,41.8964121,road_vertex,way/23328109
N12d4965645_41d8840558,12.4965645,41.8840558,road_vertex,way/24566959
N12d4965645_41d8853390,12.4965645,41.8853390,road_vertex,way/366647670
N12d4965651_41d8935356,12.4965651,41.8935356,road_vertex,way/232886171
N12d4965675_41d8962541,12.4965675,41.8962541,road_vertex,way/1363660986
N12d4965705_41d8889970,12.4965705,41.8889970,road_vertex,way/1359444570
N12d4965777_41d8962603,12.4965777,41.8962603,road_vertex,way/1363660983
N12d4965778_41d8890160,12.4965778,41.8890160,road_vertex,way/1359444569
N12d4965803_41d8833825,12.4965803,41.8833825,road_vertex,way/95644996
N12d4965869_41d8890396,12.4965869,41.8890396,road_vertex,way/1359444571
N12d4965885_41d8903071,12.4965885,41.8903071,road_vertex,way/352157298
N12d4965921_41d8894512,12.4965921,41.8894512,road_vertex,way/1364314166
N12d4965933_41d8890661,12.4965933,41.8890661,road_vertex,way/1359444579
N12d4965996_41d8964391,12.4965996,41.8964391,road_vertex,way/23328109
N12d4966013_41d8841241,12.4966013,41.8841241,road_vertex,way/552817071
N12d4966056_41d8853212,12.4966056,41.8853212,road_vertex,way/1360164524
N12d4966065_41d8853501,12.4966065,41.8853501,road_vertex,way/366647670
N12d4966100_41d8930998,12.4966100,41.8930998,road_vertex,way/1363661954
N12d4966140_41d8833495,12.4966140,41.8833495,road_vertex,way/95644996
N12d4966175_41d8889614,12.4966175,41.8889614,road_vertex,way/1359444577
N12d4966185_41d8930916,12.4966185,41.8930916,road_vertex,way/1363661954
N12d4966245_41d8834603,12.4966245,41.8834603,road_vertex,way/1415689567
N12d4966284_41d8904004,12.4966284,41.8904004,road_vertex,way/352157305
N12d4966313_41d8836311,12.4966313,41.8836311,road_vertex,way/552817071
N12d4966329_41d8889301,12.4966329,41.8889301,road_vertex,way/232183089
N12d4966418_41d8889577,12.4966418,41.8889577,road_vertex,way/1359444576
N12d4966467_41d8904537,12.4966467,41.8904537,road_vertex,way/23780591
N12d4966483_41d8890567,12.4966483,41.8890567,road_vertex,way/1359444579
N12d4966519_41d8833166,12.4966519,41.8833166,road_vertex,way/95644996
N12d4966534_41d8890556,12.4966534,41.8890556,road_vertex,way/1359444581
N12d4966585_41d8890009,12.4966585,41.8890009,road_vertex,way/1236922718
N12d4966595_41d8904513,12.4966595,41.8904513,road_vertex,way/23780591
N12d4966614_41d8853641,12.4966614,41.8853641,road_vertex,way/366647670
N12d4966702_41d8930491,12.4966702,41.8930491,road_vertex,way/1217979213
N12d4966711_41d8853376,12.4966711,41.8853376,road_vertex,way/1360164524
N12d4966728_41d8889529,12.4966728,41.8889529,road_vertex,way/1359444578
N12d4966755_41d8900091,12.4966755,41.8900091,road_vertex,way/1364314165
N12d4966764_41d8840577,12.4966764,41.8840577,road_vertex,way/24566959
N12d4966778_41d8853195,12.4966778,41.8853195,road_vertex,way/24782215
N12d4966778_41d8890529,12.4966778,41.8890529,road_vertex,way/1359444581
N12d4966804_41d8835749,12.4966804,41.8835749,road_vertex,way/552817071
N12d4966820_41d8935705,12.4966820,41.8935705,road_vertex,way/232886171
N12d4966843_41d8889509,12.4966843,41.8889509,road_vertex,way/1359444578
N12d4966943_41d8832836,12.4966943,41.8832836,road_vertex,way/95644996
N12d4967030_41d8894200,12.4967030,41.8894200,road_vertex,way/1364314166
N12d4967035_41d8890500,12.4967035,41.8890500,road_vertex,way/1359444581
N12d4967138_41d8894264,12.4967138,41.8894264,road_vertex,way/1364314166
N12d4967251_41d8930052,12.4967251,41.8930052,road_vertex,way/1363661955
N12d4967270_41d8894224,12.4967270,41.8894224,road_vertex,way/1364314165
N12d4967288_41d8889439,12.4967288,41.8889439,road_vertex,way/1359444574
N12d4967329_41d8929986,12.4967329,41.8929986,road_vertex,way/1363661955
N12d4967358_41d8889627,12.4967358,41.8889627,road_vertex,way/1359444574
N12d4967410_41d8832507,12.4967410,41.8832507,road_vertex,way/95644996
N12d4967431_41d8889847,12.4967431,41.8889847,road_vertex,way/1359444573
N12d4967439_41d8851590,12.4967439,41.8851590,road_vertex,way/24782215
N12d4967493_41d8890035,12.4967493,41.8890035,road_vertex,way/1359444575
N12d4967523_41d8833663,12.4967523,41.8833663,road_vertex,way/1415689567
N12d4967582_41d8831253,12.4967582,41.8831253,road_vertex,way/1415689566
N12d4967606_41d8890428,12.4967606,41.8890428,road_vertex,way/1359444580
N12d4967780_41d8894100,12.4967780,41.8894100,road_vertex,way/139800466
N12d4967937_41d8893311,12.4967937,41.8893311,road_vertex,way/1236922730
N12d4967973_41d8850331,12.4967973,41.8850331,road_vertex,way/24782215
N12d4967994_41d8859919,12.4967994,41.8859919,road_vertex,way/758384717
N12d4968047_41d8923323,12.4968047,41.8923323,road_vertex,way/23569612
N12d4968067_41d8959370,12.4968067,41.8959370,road_vertex,way/1363660982
N12d4968102_41d8936125,12.4968102,41.8936125,road_vertex,way/232886171
N12d4968188_41d8939713,12.4968188,41.8939713,road_vertex,way/348414303
N12d4968196_41d8932350,12.4968196,41.8932350,road_vertex,way/1301378286
N12d4968224_41d8958575,12.4968224,41.8958575,road_vertex,way/232183095
N12d4968239_41d8849610,12.4968239,41.8849610,road_vertex,way/24782215
N12d4968249_41d8959347,12.4968249,41.8959347,road_vertex,way/1363660982
N12d4968265_41d8949184,12.4968265,41.8949184,road_vertex,way/1363660972
N12d4968317_41d8959196,12.4968317,41.8959196,road_vertex,way/1363660981
N12d4968334_41d8853680,12.4968334,41.8853680,road_vertex,way/1360164524
N12d4968370_41d8835536,12.4968370,41.8835536,road_vertex,way/552817071
N12d4968465_41d8924892,12.4968465,41.8924892,road_vertex,way/23568629
N12d4968486_41d8909546,12.4968486,41.8909546,road_vertex,way/201944799
N12d4968600_41d8958850,12.4968600,41.8958850,road_vertex,way/1363660980
N12d4968697_41d8949066,12.4968697,41.8949066,road_vertex,way/23569690
N12d4968783_41d8949752,12.4968783,41.8949752,road_vertex,way/1363660969
N12d4968798_41d8949869,12.4968798,41.8949869,road_vertex,way/1363660971
N12d4968842_41d8950499,12.4968842,41.8950499,road_vertex,way/1363660971
N12d4968853_41d8899706,12.4968853,41.8899706,road_vertex,way/1448320234
N12d4968868_41d8893836,12.4968868,41.8893836,road_vertex,way/201008859
N12d4968875_41d8951174,12.4968875,41.8951174,road_vertex,way/1363660970
N12d4968876_41d8950985,12.4968876,41.8950985,road_vertex,way/1363660971
N12d4968905_41d8899833,12.4968905,41.8899833,road_vertex,way/1448320234
N12d4968926_41d8892631,12.4968926,41.8892631,road_vertex,way/1220332427
N12d4968947_41d8909329,12.4968947,41.8909329,road_vertex,way/25696392
N12d4968953_41d8899686,12.4968953,41.8899686,road_vertex,way/1448320235
N12d4969015_41d8949749,12.4969015,41.8949749,road_vertex,way/1363660972
N12d4969033_41d8899670,12.4969033,41.8899670,road_vertex,way/1448320235
N12d4969042_41d8900171,12.4969042,41.8900171,road_vertex,way/231177619
N12d4969057_41d8958289,12.4969057,41.8958289,road_vertex,way/1363660980
N12d4969130_41d8837757,12.4969130,41.8837757,road_vertex,way/24566960
N12d4969194_41d8900544,12.4969194,41.8900544,road_vertex,way/231177619
N12d4969200_41d8893756,12.4969200,41.8893756,road_vertex,way/587941820
N12d4969216_41d8902419,12.4969216,41.8902419,road_vertex,way/352157299
N12d4969222_41d8932144,12.4969222,41.8932144,road_vertex,way/22885885
N12d4969231_41d8900636,12.4969231,41.8900636,road_vertex,way/291759443
N12d4969244_41d8901659,12.4969244,41.8901659,road_vertex,way/1364314164
N12d4969248_41d8951179,12.4969248,41.8951179,road_vertex,way/1363660960
N12d4969290_41d8900781,12.4969290,41.8900781,road_vertex,way/231177619
N12d4969303_41d8836759,12.4969303,41.8836759,road_vertex,way/24566960
N12d4969317_41d8854321,12.4969317,41.8854321,road_vertex,way/366647670
N12d4969324_41d8949719,12.4969324,41.8949719,road_vertex,way/1363660972
N12d4969359_41d8949561,12.4969359,41.8949561,road_vertex,way/1363660972
N12d4969382_41d8903456,12.4969382,41.8903456,road_vertex,way/352157299
N12d4969430_41d8849256,12.4969430,41.8849256,road_vertex,way/24782215
N12d4969433_41d8936997,12.4969433,41.8936997,road_vertex,way/348414303
N12d4969442_41d8893530,12.4969442,41.8893530,road_vertex,way/587941820
N12d4969451_41d8901176,12.4969451,41.8901176,road_vertex,way/1359235662
N12d4969458_41d8838106,12.4969458,41.8838106,road_vertex,way/24566960
N12d4969459_41d8853983,12.4969459,41.8853983,road_vertex,way/1360164524
N12d4969476_41d8884768,12.4969476,41.8884768,road_vertex,way/1359367438
N12d4969483_41d8889962,12.4969483,41.8889962,road_vertex,way/1359444572
N12d4969498_41d8932323,12.4969498,41.8932323,road_vertex,way/23568629
N12d4969522_41d8949349,12.4969522,41.8949349,road_vertex,way/23569690
N12d4969536_41d8893275,12.4969536,41.8893275,road_vertex,way/1220332426
N12d4969536_41d8901378,12.4969536,41.8901378,road_vertex,way/1364311533
N12d4969552_41d8903957,12.4969552,41.8903957,road_vertex,way/23780591
N12d4969577_41d8853703,12.4969577,41.8853703,road_vertex,way/24566958
N12d4969627_41d8936642,12.4969627,41.8936642,road_vertex,way/348414303
N12d4969643_41d8901581,12.4969643,41.8901581,road_vertex,way/1364311533
N12d4969706_41d8892792,12.4969706,41.8892792,road_vertex,way/201007336
N12d4969707_41d8949166,12.4969707,41.8949166,road_vertex,way/1363660973
N12d4969718_41d8899541,12.4969718,41.8899541,road_vertex,way/139800458
N12d4969757_41d8830954,12.4969757,41.8830954,road_vertex,way/95644996
N12d4969778_41d8853215,12.4969778,41.8853215,road_vertex,way/24566958
N12d4969782_41d8960381,12.4969782,41.8960381,road_vertex,way/1363660981
N12d4969786_41d8832196,12.4969786,41.8832196,road_vertex,way/1415689567
N12d4969795_41d8892974,12.4969795,41.8892974,road_vertex,way/587941819
N12d4969800_41d8940161,12.4969800,41.8940161,road_vertex,way/348414303
N12d4969810_41d8854078,12.4969810,41.8854078,road_vertex,way/1382089959
N12d4969835_41d8851706,12.4969835,41.8851706,road_vertex,way/24566958
N12d4969876_41d8900014,12.4969876,41.8900014,road_vertex,way/22885647
N12d4969891_41d8850658,12.4969891,41.8850658,road_vertex,way/24566958
N12d4969906_41d8893174,12.4969906,41.8893174,road_vertex,way/587941820
N12d4970002_41d8896704,12.4970002,41.8896704,road_vertex,way/201008859
N12d4970007_41d8931283,12.4970007,41.8931283,road_vertex,way/23568629
N12d4970056_41d8939660,12.4970056,41.8939660,road_vertex,way/348414303
N12d4970109_41d8931702,12.4970109,41.8931702,road_vertex,way/1217979212
N12d4970134_41d8933755,12.4970134,41.8933755,road_vertex,way/1217979211
N12d4970176_41d8951191,12.4970176,41.8951191,road_vertex,way/1362623905
N12d4970229_41d8849903,12.4970229,41.8849903,road_vertex,way/24566958
N12d4970319_41d8841825,12.4970319,41.8841825,road_vertex,way/552817071
N12d4970322_41d8931529,12.4970322,41.8931529,road_vertex,way/95930785
N12d4970401_41d8949669,12.4970401,41.8949669,road_vertex,way/23569690
N12d4970473_41d8909810,12.4970473,41.8909810,road_vertex,way/201944799
N12d4970503_41d8841145,12.4970503,41.8841145,road_vertex,way/24566959
N12d4970510_41d8901016,12.4970510,41.8901016,road_vertex,way/23780597
N12d4970517_41d8902844,12.4970517,41.8902844,road_vertex,way/352157299
N12d4970540_41d8854278,12.4970540,41.8854278,road_vertex,way/1382089959
N12d4970657_41d8901392,12.4970657,41.8901392,road_vertex,way/1364311532
N12d4970724_41d8901552,12.4970724,41.8901552,road_vertex,way/40741240
N12d4970736_41d8924321,12.4970736,41.8924321,road_vertex,way/23569612
N12d4970911_41d8842071,12.4970911,41.8842071,road_vertex,way/552817071
N12d4970937_41d8902080,12.4970937,41.8902080,road_vertex,way/352157298
N12d4971115_41d8899277,12.4971115,41.8899277,road_vertex,way/201008859
N12d4971164_41d8841311,12.4971164,41.8841311,road_vertex,way/24566959
N12d4971186_41d8902696,12.4971186,41.8902696,road_vertex,way/352157301
N12d4971192_41d8899431,12.4971192,41.8899431,road_vertex,way/201008859
N12d4971202_41d8951846,12.4971202,41.8951846,road_vertex,way/1362623905
N12d4971213_41d8879260,12.4971213,41.8879260,road_vertex,way/1359367449
N12d4971238_41d8934481,12.4971238,41.8934481,road_vertex,way/1217979211
N12d4971253_41d8949978,12.4971253,41.8949978,road_vertex,way/23569690
N12d4971295_41d8899588,12.4971295,41.8899588,road_vertex,way/201008859
N12d4971301_41d8910011,12.4971301,41.8910011,road_vertex,way/201944799
N12d4971330_41d8896270,12.4971330,41.8896270,road_vertex,way/139800470
N12d4971391_41d8920871,12.4971391,41.8920871,road_vertex,way/1222118304
N12d4971399_41d8899721,12.4971399,41.8899721,road_vertex,way/263344710
N12d4971400_41d8951927,12.4971400,41.8951927,road_vertex,way/1362623905
N12d4971454_41d8903358,12.4971454,41.8903358,road_vertex,way/352157306
N12d4971551_41d8903583,12.4971551,41.8903583,road_vertex,way/352157306
N12d4971557_41d8841599,12.4971557,41.8841599,road_vertex,way/24566959
N12d4971575_41d8902633,12.4971575,41.8902633,road_vertex,way/352157301
N12d4971614_41d8899938,12.4971614,41.8899938,road_vertex,way/263344710
N12d4971619_41d8953297,12.4971619,41.8953297,road_vertex,way/23328208
N12d4971658_41d8937328,12.4971658,41.8937328,road_vertex,way/232886171
N12d4971717_41d8847751,12.4971717,41.8847751,road_vertex,way/552817071
N12d4971755_41d8900057,12.4971755,41.8900057,road_vertex,way/263344710
N12d4971783_41d8952993,12.4971783,41.8952993,road_vertex,way/23328208
N12d4971801_41d8842814,12.4971801,41.8842814,road_vertex,way/552817071
N12d4971813_41d8829696,12.4971813,41.8829696,road_vertex,way/95644996
N12d4971836_41d8838382,12.4971836,41.8838382,road_vertex,way/24566960
N12d4971880_41d8900162,12.4971880,41.8900162,road_vertex,way/291759443
N12d4971904_41d8952778,12.4971904,41.8952778,road_vertex,way/23328208
N12d4971927_41d8930229,12.4971927,41.8930229,road_vertex,way/377966338
N12d4971958_41d8899118,12.4971958,41.8899118,road_vertex,way/1220332425
N12d4971958_41d8931501,12.4971958,41.8931501,road_vertex,way/377966338
N12d4972002_41d8910394,12.4972002,41.8910394,road_vertex,way/201944799
N12d4972010_41d8952568,12.4972010,41.8952568,road_vertex,way/23328208
N12d4972048_41d8900270,12.4972048,41.8900270,road_vertex,way/291759246
N12d4972074_41d8899096,12.4972074,41.8899096,road_vertex,way/1220332426
N12d4972113_41d8828164,12.4972113,41.8828164,road_vertex,way/1415689566
N12d4972119_41d8843845,12.4972119,41.8843845,road_vertex,way/552817071
N12d4972135_41d8846815,12.4972135,41.8846815,road_vertex,way/552817071
N12d4972136_41d8928545,12.4972136,41.8928545,road_vertex,way/1222118303
N12d4972149_41d8952278,12.4972149,41.8952278,road_vertex,way/23328208
N12d4972150_41d8934856,12.4972150,41.8934856,road_vertex,way/1217979211
N12d4972163_41d8935751,12.4972163,41.8935751,road_vertex,way/1217979211
N12d4972177_41d8900353,12.4972177,41.8900353,road_vertex,way/291759246
N12d4972218_41d8927878,12.4972218,41.8927878,road_vertex,way/377966338
N12d4972223_41d8925179,12.4972223,41.8925179,road_vertex,way/377966338
N12d4972244_41d8837071,12.4972244,41.8837071,road_vertex,way/24566960
N12d4972244_41d8913308,12.4972244,41.8913308,road_vertex,way/201944799
N12d4972245_41d8924514,12.4972245,41.8924514,road_vertex,way/377966338
N12d4972256_41d8912517,12.4972256,41.8912517,road_vertex,way/201944799
N12d4972282_41d8952004,12.4972282,41.8952004,road_vertex,way/1331408310
N12d4972288_41d8935165,12.4972288,41.8935165,road_vertex,way/1217979211
N12d4972309_41d8950459,12.4972309,41.8950459,road_vertex,way/189558676
N12d4972311_41d8830637,12.4972311,41.8830637,road_vertex,way/1415689567
N12d4972314_41d8846180,12.4972314,41.8846180,road_vertex,way/552817071
N12d4972356_41d8838206,12.4972356,41.8838206,road_vertex,way/24566960
N12d4972382_41d8900455,12.4972382,41.8900455,road_vertex,way/291759246
N12d4972395_41d8938536,12.4972395,41.8938536,road_vertex,way/348422993
N12d4972399_41d8845270,12.4972399,41.8845270,road_vertex,way/552817071
N12d4972442_41d8898602,12.4972442,41.8898602,road_vertex,way/139800467
N12d4972535_41d8911002,12.4972535,41.8911002,road_vertex,way/201944799
N12d4972560_41d8951430,12.4972560,41.8951430,road_vertex,way/308135185
N12d4972562_41d8837564,12.4972562,41.8837564,road_vertex,way/24566960
N12d4972593_41d8911774,12.4972593,41.8911774,road_vertex,way/378002634
N12d4972598_41d8951119,12.4972598,41.8951119,road_vertex,way/23328208
N12d4972619_41d8923404,12.4972619,41.8923404,road_vertex,way/377966338
N12d4972622_41d8938098,12.4972622,41.8938098,road_vertex,way/348422993
N12d4972688_41d8859001,12.4972688,41.8859001,road_vertex,way/758384717
N12d4972703_41d8923276,12.4972703,41.8923276,road_vertex,way/1222118303
N12d4972766_41d8914630,12.4972766,41.8914630,road_vertex,way/201944799
N12d4972810_41d8937712,12.4972810,41.8937712,road_vertex,way/348422993
N12d4972832_41d8952562,12.4972832,41.8952562,road_vertex,way/1362623904
N12d4972871_41d8900643,12.4972871,41.8900643,road_vertex,way/291759246
N12d4972879_41d8830264,12.4972879,41.8830264,road_vertex,way/22890785
N12d4972929_41d8927309,12.4972929,41.8927309,road_vertex,way/1222118303
N12d4972975_41d8901724,12.4972975,41.8901724,road_vertex,way/352157298
N12d4973043_41d8896165,12.4973043,41.8896165,road_vertex,way/139800470
N12d4973256_41d8952089,12.4973256,41.8952089,road_vertex,way/1362623904
N12d4973308_41d8934798,12.4973308,41.8934798,road_vertex,way/22885885
N12d4973378_41d8951953,12.4973378,41.8951953,road_vertex,way/1362623904
N12d4973398_41d8923775,12.4973398,41.8923775,road_vertex,way/1222118303
N12d4973527_41d8829841,12.4973527,41.8829841,road_vertex,way/1415711961
N12d4973559_41d8926600,12.4973559,41.8926600,road_vertex,way/1222118303
N12d4973583_41d8902672,12.4973583,41.8902672,road_vertex,way/352157301
N12d4973613_41d8828548,12.4973613,41.8828548,road_vertex,way/95644996
N12d4973728_41d8951825,12.4973728,41.8951825,road_vertex,way/308135185
N12d4973740_41d8903150,12.4973740,41.8903150,road_vertex,way/23780591
N12d4973744_41d8898340,12.4973744,41.8898340,road_vertex,way/139800467
N12d4973781_41d8934097,12.4973781,41.8934097,road_vertex,way/1217979212
N12d4973790_41d8938908,12.4973790,41.8938908,road_vertex,way/348422993
N12d4973858_41d8936027,12.4973858,41.8936027,road_vertex,way/1228464482
N12d4973881_41d8921479,12.4973881,41.8921479,road_vertex,way/377966338
N12d4973975_41d8907868,12.4973975,41.8907868,road_vertex,way/40741243
N12d4973983_41d8934441,12.4973983,41.8934441,road_vertex,way/1228464488
N12d4973985_41d8934231,12.4973985,41.8934231,road_vertex,way/1228464488
N12d4974015_41d8924554,12.4974015,41.8924554,road_vertex,way/1222118303
N12d4974049_41d8926234,12.4974049,41.8926234,road_vertex,way/1222118303
N12d4974059_41d8935303,12.4974059,41.8935303,road_vertex,way/22885903
N12d4974113_41d8934319,12.4974113,41.8934319,road_vertex,way/1228464488
N12d4974208_41d8950453,12.4974208,41.8950453,road_vertex,way/308135184
N12d4974226_41d8936275,12.4974226,41.8936275,road_vertex,way/1362628692
N12d4974233_41d8951097,12.4974233,41.8951097,road_vertex,way/308135184
N12d4974248_41d8951469,12.4974248,41.8951469,road_vertex,way/308135184
N12d4974284_41d8912752,12.4974284,41.8912752,road_vertex,way/24491604
N12d4974284_41d8951693,12.4974284,41.8951693,road_vertex,way/308135184
N12d4974294_41d8913152,12.4974294,41.8913152,road_vertex,way/24491604
N12d4974364_41d8951890,12.4974364,41.8951890,road_vertex,way/308135184
N12d4974367_41d8854846,12.4974367,41.8854846,road_vertex,way/350190786
N12d4974376_41d8936164,12.4974376,41.8936164,road_vertex,way/1362628692
N12d4974414_41d8872789,12.4974414,41.8872789,road_vertex,way/23591369
N12d4974429_41d8912368,12.4974429,41.8912368,road_vertex,way/378002634
N12d4974459_41d8913532,12.4974459,41.8913532,road_vertex,way/24491604
N12d4974471_41d8952097,12.4974471,41.8952097,road_vertex,way/308135185
N12d4974571_41d8909650,12.4974571,41.8909650,road_vertex,way/40741243
N12d4974592_41d8873272,12.4974592,41.8873272,road_vertex,way/1382088697
N12d4974593_41d8934822,12.4974593,41.8934822,road_vertex,way/1228464487
N12d4974603_41d8919333,12.4974603,41.8919333,road_vertex,way/1222118304
N12d4974686_41d8912058,12.4974686,41.8912058,road_vertex,way/24491604
N12d4974764_41d8913861,12.4974764,41.8913861,road_vertex,way/24491604
N12d4974766_41d8891252,12.4974766,41.8891252,road_vertex,way/201007336
N12d4974787_41d8910211,12.4974787,41.8910211,road_vertex,way/201944801
N12d4974841_41d8935808,12.4974841,41.8935808,road_vertex,way/1228464486
N12d4974854_41d8891429,12.4974854,41.8891429,road_vertex,way/139800471
N12d4974920_41d8919178,12.4974920,41.8919178,road_vertex,way/1222118304
N12d4975003_41d8891786,12.4975003,41.8891786,road_vertex,way/587941820
N12d4975005_41d8927159,12.4975005,41.8927159,road_vertex,way/23569612
N12d4975044_41d8911810,12.4975044,41.8911810,road_vertex,way/24491604
N12d4975090_41d8892067,12.4975090,41.8892067,road_vertex,way/139800471
N12d4975135_41d8897010,12.4975135,41.8897010,road_vertex,way/139800474
N12d4975164_41d8920297,12.4975164,41.8920297,road_vertex,way/377966338
N12d4975184_41d8914110,12.4975184,41.8914110,road_vertex,way/24491604
N12d4975222_41d8896053,12.4975222,41.8896053,road_vertex,way/139800474
N12d4975226_41d8856125,12.4975226,41.8856125,road_vertex,way/366647670
N12d4975231_41d8919025,12.4975231,41.8919025,road_vertex,way/24491608
N12d4975279_41d8895429,12.4975279,41.8895429,road_vertex,way/139800474
N12d4975295_41d8935281,12.4975295,41.8935281,road_vertex,way/1362628691
N12d4975340_41d8898020,12.4975340,41.8898020,road_vertex,way/139800474
N12d4975345_41d8935419,12.4975345,41.8935419,road_vertex,way/1362628691
N12d4975417_41d8898232,12.4975417,41.8898232,road_vertex,way/139800474
N12d4975420_41d8935353,12.4975420,41.8935353,road_vertex,way/1362628691
N12d4975424_41d8919782,12.4975424,41.8919782,road_vertex,way/377966338
N12d4975472_41d8898386,12.4975472,41.8898386,road_vertex,way/1220332425
N12d4975474_41d8947264,12.4975474,41.8947264,road_vertex,way/61979720
N12d4975475_41d8919345,12.4975475,41.8919345,road_vertex,way/377966338
N12d4975477_41d8911641,12.4975477,41.8911641,road_vertex,way/24491605
N12d4975529_41d8898543,12.4975529,41.8898543,road_vertex,way/139800474
N12d4975641_41d8888095,12.4975641,41.8888095,road_vertex,way/1236922718
N12d4975655_41d8898865,12.4975655,41.8898865,road_vertex,way/139800474
N12d4975683_41d8914258,12.4975683,41.8914258,road_vertex,way/24491604
N12d4975695_41d8877517,12.4975695,41.8877517,road_vertex,way/1382088696
N12d4975699_41d8852607,12.4975699,41.8852607,road_vertex,way/350190786
N12d4975772_41d8878315,12.4975772,41.8878315,road_vertex,way/1359367449
N12d4975800_41d8895354,12.4975800,41.8895354,road_vertex,way/139800461
N12d4975890_41d8878410,12.4975890,41.8878410,road_vertex,way/1359367448
N12d4975999_41d8877093,12.4975999,41.8877093,road_vertex,way/1382088696
N12d4976105_41d8878883,12.4976105,41.8878883,road_vertex,way/1382088695
N12d4976105_41d8911558,12.4976105,41.8911558,road_vertex,way/24491604
N12d4976113_41d8909981,12.4976113,41.8909981,road_vertex,way/201944801
N12d4976128_41d8856407,12.4976128,41.8856407,road_vertex,way/366647670
N12d4976133_41d8928126,12.4976133,41.8928126,road_vertex,way/95930785
N12d4976210_41d8908935,12.4976210,41.8908935,road_vertex,way/201944800
N12d4976218_41d8914292,12.4976218,41.8914292,road_vertex,way/24491604
N12d4976228_41d8851662,12.4976228,41.8851662,road_vertex,way/24566957
N12d4976248_41d8902673,12.4976248,41.8902673,road_vertex,way/352157298
N12d4976260_41d8918588,12.4976260,41.8918588,road_vertex,way/201944799
N12d4976287_41d8877876,12.4976287,41.8877876,road_vertex,way/102290909
N12d4976296_41d8964481,12.4976296,41.8964481,road_vertex,way/24167876
N12d4976313_41d8907825,12.4976313,41.8907825,road_vertex,way/201944800
N12d4976318_41d8901088,12.4976318,41.8901088,road_vertex,way/352157298
N12d4976394_41d8826829,12.4976394,41.8826829,road_vertex,way/95644996
N12d4976412_41d8906702,12.4976412,41.8906702,road_vertex,way/352157294
N12d4976461_41d8964596,12.4976461,41.8964596,road_vertex,way/24167876
N12d4976475_41d8902099,12.4976475,41.8902099,road_vertex,way/352157298
N12d4976479_41d8952848,12.4976479,41.8952848,road_vertex,way/1392220194
N12d4976487_41d8934478,12.4976487,41.8934478,road_vertex,way/1362628685
N12d4976503_41d8907015,12.4976503,41.8907015,road_vertex,way/352157294
N12d4976587_41d8907343,12.4976587,41.8907343,road_vertex,way/352157293
N12d4976589_41d8878791,12.4976589,41.8878791,road_vertex,way/1382088695
N12d4976698_41d8907818,12.4976698,41.8907818,road_vertex,way/352157291
N12d4976718_41d8964342,12.4976718,41.8964342,road_vertex,way/1000775704
N12d4976727_41d8953246,12.4976727,41.8953246,road_vertex,way/1331408311
N12d4976733_41d8911640,12.4976733,41.8911640,road_vertex,way/24491604
N12d4976743_41d8914210,12.4976743,41.8914210,road_vertex,way/24491606
N12d4976823_41d8952973,12.4976823,41.8952973,road_vertex,way/584602767
N12d4976824_41d8887855,12.4976824,41.8887855,road_vertex,way/1236922716
N12d4976875_41d8964872,12.4976875,41.8964872,road_vertex,way/24167876
N12d4976995_41d8856690,12.4976995,41.8856690,road_vertex,way/366647670
N12d4977016_41d8900138,12.4977016,41.8900138,road_vertex,way/1364311532
N12d4977061_41d8921417,12.4977061,41.8921417,road_vertex,way/24491609
N12d4977095_41d8921746,12.4977095,41.8921746,road_vertex,way/24491610
N12d4977112_41d8907825,12.4977112,41.8907825,road_vertex,way/23578477
N12d4977148_41d8836382,12.4977148,41.8836382,road_vertex,way/552817071
N12d4977150_41d8850174,12.4977150,41.8850174,road_vertex,way/24566963
N12d4977248_41d8872311,12.4977248,41.8872311,road_vertex,way/23591369
N12d4977285_41d8907828,12.4977285,41.8907828,road_vertex,way/23578477
N12d4977285_41d8908560,12.4977285,41.8908560,road_vertex,way/1364311560
N12d4977286_41d8911876,12.4977286,41.8911876,road_vertex,way/24491604
N12d4977294_41d8913971,12.4977294,41.8913971,road_vertex,way/24491604
N12d4977315_41d8965148,12.4977315,41.8965148,road_vertex,way/24167876
N12d4977334_41d8939114,12.4977334,41.8939114,road_vertex,way/232886171
N12d4977368_41d8858062,12.4977368,41.8858062,road_vertex,way/758384717
N12d4977444_41d8882807,12.4977444,41.8882807,road_vertex,way/102290914
N12d4977453_41d8901561,12.4977453,41.8901561,road_vertex,way/352157298
N12d4977455_41d8896109,12.4977455,41.8896109,road_vertex,way/139800475
N12d4977503_41d8881560,12.4977503,41.8881560,road_vertex,way/23591370
N12d4977503_41d8901715,12.4977503,41.8901715,road_vertex,way/352157298
N12d4977523_41d8964922,12.4977523,41.8964922,road_vertex,way/1000775704
N12d4977581_41d8856018,12.4977581,41.8856018,road_vertex,way/350190786
N12d4977581_41d8881795,12.4977581,41.8881795,road_vertex,way/11355155
N12d4977588_41d8883238,12.4977588,41.8883238,road_vertex,way/1395736315
N12d4977622_41d8881919,12.4977622,41.8881919,road_vertex,way/112167387
N12d4977628_41d8965333,12.4977628,41.8965333,road_vertex,way/24167876
N12d4977697_41d8912239,12.4977697,41.8912239,road_vertex,way/24491604
N12d4977702_41d8913606,12.4977702,41.8913606,road_vertex,way/24491604
N12d4977715_41d8882200,12.4977715,41.8882200,road_vertex,way/1414280753
N12d4977746_41d8907850,12.4977746,41.8907850,road_vertex,way/23780632
N12d4977769_41d8882364,12.4977769,41.8882364,road_vertex,way/1414280753
N12d4977800_41d8924168,12.4977800,41.8924168,road_vertex,way/24491610
N12d4977812_41d8856971,12.4977812,41.8856971,road_vertex,way/366647670
N12d4977815_41d8907350,12.4977815,41.8907350,road_vertex,way/23780632
N12d4977816_41d8938903,12.4977816,41.8938903,road_vertex,way/1228464483
N12d4977853_41d8939234,12.4977853,41.8939234,road_vertex,way/1228464483
N12d4977877_41d8938731,12.4977877,41.8938731,road_vertex,way/1228464482
N12d4977893_41d8882720,12.4977893,41.8882720,road_vertex,way/112167389
N12d4977897_41d8939619,12.4977897,41.8939619,road_vertex,way/1228464484
N12d4977916_41d8912685,12.4977916,41.8912685,road_vertex,way/24491604
N12d4977918_41d8913160,12.4977918,41.8913160,road_vertex,way/24491604
N12d4977923_41d8857951,12.4977923,41.8857951,road_vertex,way/758384717
N12d4977948_41d8899703,12.4977948,41.8899703,road_vertex,way/24432512
N12d4977963_41d8907015,12.4977963,41.8907015,road_vertex,way/23780632
N12d4977966_41d8897557,12.4977966,41.8897557,road_vertex,way/139800475
N12d4977968_41d8965518,12.4977968,41.8965518,road_vertex,way/24167876
N12d4977978_41d8972801,12.4977978,41.8972801,road_vertex,way/23328109
N12d4978029_41d8899982,12.4978029,41.8899982,road_vertex,way/1220332448
N12d4978063_41d8883190,12.4978063,41.8883190,road_vertex,way/1395736315
N12d4978071_41d8923975,12.4978071,41.8923975,road_vertex,way/24491610
N12d4978134_41d8857934,12.4978134,41.8857934,road_vertex,way/758384717
N12d4978156_41d8906681,12.4978156,41.8906681,road_vertex,way/23780632
N12d4978190_41d8923320,12.4978190,41.8923320,road_vertex,way/24491610
N12d4978202_41d8923782,12.4978202,41.8923782,road_vertex,way/24491610
N12d4978206_41d8965641,12.4978206,41.8965641,road_vertex,way/24167876
N12d4978254_41d8923546,12.4978254,41.8923546,road_vertex,way/24491610
N12d4978254_41d8951039,12.4978254,41.8951039,road_vertex,way/1392220194
N12d4978310_41d8939327,12.4978310,41.8939327,road_vertex,way/232886171
N12d4978384_41d8950411,12.4978384,41.8950411,road_vertex,way/1392220194
N12d4978389_41d8906432,12.4978389,41.8906432,road_vertex,way/23780632
N12d4978454_41d8857953,12.4978454,41.8857953,road_vertex,way/758384717
N12d4978474_41d8899906,12.4978474,41.8899906,road_vertex,way/1220332448
N12d4978505_41d8899992,12.4978505,41.8899992,road_vertex,way/587941822
N12d4978507_41d8900106,12.4978507,41.8900106,road_vertex,way/587941822
N12d4978515_41d8965364,12.4978515,41.8965364,road_vertex,way/1000775704
N12d4978563_41d8899888,12.4978563,41.8899888,road_vertex,way/587941822
N12d4978654_41d8906219,12.4978654,41.8906219,road_vertex,way/23780632
N12d4978656_41d8857279,12.4978656,41.8857279,road_vertex,way/366647670
N12d4978700_41d8858011,12.4978700,41.8858011,road_vertex,way/758384717
N12d4978724_41d8883215,12.4978724,41.8883215,road_vertex,way/1236922717
N12d4978804_41d8939393,12.4978804,41.8939393,road_vertex,way/232886171
N12d4978812_41d8930447,12.4978812,41.8930447,road_vertex,way/1228464481
N12d4978865_41d8888014,12.4978865,41.8888014,road_vertex,way/1395736313
N12d4978882_41d8887465,12.4978882,41.8887465,road_vertex,way/1395736313
N12d4978892_41d8887122,12.4978892,41.8887122,road_vertex,way/1395736313
N12d4978892_41d8902703,12.4978892,41.8902703,road_vertex,way/232183092
N12d4978895_41d8903296,12.4978895,41.8903296,road_vertex,way/1364311537
N12d4978923_41d8858144,12.4978923,41.8858144,road_vertex,way/758384717
N12d4978951_41d8888143,12.4978951,41.8888143,road_vertex,way/1359446797
N12d4978964_41d8906001,12.4978964,41.8906001,road_vertex,way/23780632
N12d4979071_41d8858316,12.4979071,41.8858316,road_vertex,way/758384717
N12d4979094_41d8888067,12.4979094,41.8888067,road_vertex,way/1359446797
N12d4979104_41d8903698,12.4979104,41.8903698,road_vertex,way/352065544
N12d4979105_41d8939405,12.4979105,41.8939405,road_vertex,way/232886171
N12d4979111_41d8917781,12.4979111,41.8917781,road_vertex,way/24491607
N12d4979123_41d8908676,12.4979123,41.8908676,road_vertex,way/1364311560
N12d4979179_41d8858521,12.4979179,41.8858521,road_vertex,way/758384717
N12d4979191_41d8903871,12.4979191,41.8903871,road_vertex,way/352065545
N12d4979192_41d8902065,12.4979192,41.8902065,road_vertex,way/587941822
N12d4979306_41d8905784,12.4979306,41.8905784,road_vertex,way/23780632
N12d4979309_41d8907700,12.4979309,41.8907700,road_vertex,way/1364311539
N12d4979330_41d8902167,12.4979330,41.8902167,road_vertex,way/587941822
N12d4979394_41d8930171,12.4979394,41.8930171,road_vertex,way/1228464481
N12d4979396_41d8939394,12.4979396,41.8939394,road_vertex,way/232886171
N12d4979410_41d8930993,12.4979410,41.8930993,road_vertex,way/23569612
N12d4979415_41d8889420,12.4979415,41.8889420,road_vertex,way/1359446792
N12d4979425_41d8904263,12.4979425,41.8904263,road_vertex,way/352065545
N12d4979426_41d8896444,12.4979426,41.8896444,road_vertex,way/139800454
N12d4979427_41d8896346,12.4979427,41.8896346,road_vertex,way/139800454
N12d4979435_41d8895721,12.4979435,41.8895721,road_vertex,way/139800475
N12d4979441_41d8889491,12.4979441,41.8889491,road_vertex,way/1359446792
N12d4979443_41d8886996,12.4979443,41.8886996,road_vertex,way/1395736312
N12d4979492_41d8896532,12.4979492,41.8896532,road_vertex,way/139800454
N12d4979495_41d8896258,12.4979495,41.8896258,road_vertex,way/139800454
N12d4979542_41d8902186,12.4979542,41.8902186,road_vertex,way/587941822
N12d4979559_41d8889335,12.4979559,41.8889335,road_vertex,way/1359446789
N12d4979561_41d8889720,12.4979561,41.8889720,road_vertex,way/201007336
N12d4979564_41d8887329,12.4979564,41.8887329,road_vertex,way/1348795942
N12d4979579_41d8896575,12.4979579,41.8896575,road_vertex,way/139800454
N12d4979607_41d8896208,12.4979607,41.8896208,road_vertex,way/139800475
N12d4979669_41d8939332,12.4979669,41.8939332,road_vertex,way/232886171
N12d4979671_41d8940326,12.4979671,41.8940326,road_vertex,way/1228464484
N12d4979677_41d8889936,12.4979677,41.8889936,road_vertex,way/1359446794
N12d4979718_41d8887699,12.4979718,41.8887699,road_vertex,way/1220332440
N12d4979731_41d8890021,12.4979731,41.8890021,road_vertex,way/1359446794
N12d4979748_41d8896209,12.4979748,41.8896209,road_vertex,way/139800454
N12d4979750_41d8896581,12.4979750,41.8896581,road_vertex,way/139800475
N12d4979754_41d8889247,12.4979754,41.8889247,road_vertex,way/1359446789
N12d4979755_41d8904603,12.4979755,41.8904603,road_vertex,way/352065545
N12d4979797_41d8902111,12.4979797,41.8902111,road_vertex,way/587941822
N12d4979811_41d8929899,12.4979811,41.8929899,road_vertex,way/1228464481
N12d4979860_41d8905499,12.4979860,41.8905499,road_vertex,way/23780632
N12d4979861_41d8896257,12.4979861,41.8896257,road_vertex,way/139800454
N12d4979864_41d8896533,12.4979864,41.8896533,road_vertex,way/139800454
N12d4979876_41d8887174,12.4979876,41.8887174,road_vertex,way/1348795942
N12d4979891_41d8896978,12.4979891,41.8896978,road_vertex,way/139800475
N12d4979925_41d8896460,12.4979925,41.8896460,road_vertex,way/139800454
N12d4979932_41d8896350,12.4979932,41.8896350,road_vertex,way/139800454
N12d4979940_41d8890478,12.4979940,41.8890478,road_vertex,way/1220332429
N12d4979957_41d8846025,12.4979957,41.8846025,road_vertex,way/350190782
N12d4979957_41d8897167,12.4979957,41.8897167,road_vertex,way/139800475
N12d4980026_41d8908774,12.4980026,41.8908774,road_vertex,way/1364311560
N12d4980055_41d8939178,12.4980055,41.8939178,road_vertex,way/232886171
N12d4980062_41d8873167,12.4980062,41.8873167,road_vertex,way/166294197
N12d4980089_41d8886848,12.4980089,41.8886848,road_vertex,way/1395736314
N12d4980108_41d8887083,12.4980108,41.8887083,road_vertex,way/1348795942
N12d4980142_41d8873664,12.4980142,41.8873664,road_vertex,way/166294197
N12d4980177_41d8898625,12.4980177,41.8898625,road_vertex,way/291759245
N12d4980183_41d8966113,12.4980183,41.8966113,road_vertex,way/1000775704
N12d4980197_41d8890410,12.4980197,41.8890410,road_vertex,way/587941820
N12d4980220_41d8887047,12.4980220,41.8887047,road_vertex,way/1395736314
N12d4980257_41d8940583,12.4980257,41.8940583,road_vertex,way/1362628694
N12d4980284_41d8887366,12.4980284,41.8887366,road_vertex,way/1359446798
N12d4980299_41d8899220,12.4980299,41.8899220,road_vertex,way/1219034413
N12d4980338_41d8940517,12.4980338,41.8940517,road_vertex,way/1362628694
N12d4980369_41d8949159,12.4980369,41.8949159,road_vertex,way/348785117
N12d4980378_41d8857910,12.4980378,41.8857910,road_vertex,way/366647670
N12d4980385_41d8887301,12.4980385,41.8887301,road_vertex,way/1395736314
N12d4980405_41d8891080,12.4980405,41.8891080,road_vertex,way/112166886
N12d4980460_41d8905226,12.4980460,41.8905226,road_vertex,way/104666918
N12d4980466_41d8965732,12.4980466,41.8965732,road_vertex,way/999586094
N12d4980476_41d8889025,12.4980476,41.8889025,road_vertex,way/1220332432
N12d4980504_41d8949408,12.4980504,41.8949408,road_vertex,way/1362623910
N12d4980554_41d8965613,12.4980554,41.8965613,road_vertex,way/999586094
N12d4980583_41d8950409,12.4980583,41.8950409,road_vertex,way/189558677
N12d4980625_41d8900231,12.4980625,41.8900231,road_vertex,way/1219034413
N12d4980680_41d8889392,12.4980680,41.8889392,road_vertex,way/201007336
N12d4980681_41d8863174,12.4980681,41.8863174,road_vertex,way/758384717
N12d4980685_41d8949283,12.4980685,41.8949283,road_vertex,way/1362623910
N12d4980732_41d8949430,12.4980732,41.8949430,road_vertex,way/1362623910
N12d4980776_41d8908884,12.4980776,41.8908884,road_vertex,way/1364311560
N12d4980807_41d8842869,12.4980807,41.8842869,road_vertex,way/24566961
N12d4980881_41d8892188,12.4980881,41.8892188,road_vertex,way/112166886
N12d4980900_41d8890244,12.4980900,41.8890244,road_vertex,way/587941820
N12d4980956_41d8858130,12.4980956,41.8858130,road_vertex,way/366647670
N12d4981036_41d8886646,12.4981036,41.8886646,road_vertex,way/1220332439
N12d4981045_41d8939817,12.4981045,41.8939817,road_vertex,way/1217979216
N12d4981108_41d8857268,12.4981108,41.8857268,road_vertex,way/350190786
N12d4981134_41d8890188,12.4981134,41.8890188,road_vertex,way/587941820
N12d4981137_41d8895388,12.4981137,41.8895388,road_vertex,way/139800472
N12d4981149_41d8893451,12.4981149,41.8893451,road_vertex,way/112166886
N12d4981152_41d8888548,12.4981152,41.8888548,road_vertex,way/1236922737
N12d4981168_41d8950386,12.4981168,41.8950386,road_vertex,way/232183091
N12d4981249_41d8888809,12.4981249,41.8888809,road_vertex,way/1359446790
N12d4981285_41d8890481,12.4981285,41.8890481,road_vertex,way/23591371
N12d4981290_41d8904905,12.4981290,41.8904905,road_vertex,way/23780632
N12d4981375_41d8939486,12.4981375,41.8939486,road_vertex,way/1362628693
N12d4981404_41d8895348,12.4981404,41.8895348,road_vertex,way/139800464
N12d4981405_41d8894255,12.4981405,41.8894255,road_vertex,way/587941826
N12d4981460_41d8907696,12.4981460,41.8907696,road_vertex,way/1364311539
N12d4981470_41d8939382,12.4981470,41.8939382,road_vertex,way/1362628693
N12d4981481_41d8940099,12.4981481,41.8940099,road_vertex,way/880397912
N12d4981494_41d8949506,12.4981494,41.8949506,road_vertex,way/1362623907
N12d4981502_41d8898387,12.4981502,41.8898387,road_vertex,way/291759245
N12d4981520_41d8888725,12.4981520,41.8888725,road_vertex,way/1359446791
N12d4981535_41d8858085,12.4981535,41.8858085,road_vertex,way/1382089959
N12d4981569_41d8888773,12.4981569,41.8888773,road_vertex,way/1359446791
N12d4981580_41d8949355,12.4981580,41.8949355,road_vertex,way/232183091
N12d4981582_41d8896647,12.4981582,41.8896647,road_vertex,way/139800472
N12d4981664_41d8858395,12.4981664,41.8858395,road_vertex,way/366647670
N12d4981693_41d8895291,12.4981693,41.8895291,road_vertex,way/587941826
N12d4981712_41d8889723,12.4981712,41.8889723,road_vertex,way/1220332434
N12d4981713_41d8948017,12.4981713,41.8948017,road_vertex,way/348785117
N12d4981739_41d8889090,12.4981739,41.8889090,road_vertex,way/1220332433
N12d4981762_41d8891513,12.4981762,41.8891513,road_vertex,way/23591371
N12d4981804_41d8843296,12.4981804,41.8843296,road_vertex,way/106119411
N12d4981815_41d8909098,12.4981815,41.8909098,road_vertex,way/1364311560
N12d4981817_41d8949146,12.4981817,41.8949146,road_vertex,way/232183091
N12d4981895_41d8877726,12.4981895,41.8877726,road_vertex,way/166294197
N12d4981912_41d8904724,12.4981912,41.8904724,road_vertex,way/23780632
N12d4981942_41d8939698,12.4981942,41.8939698,road_vertex,way/880397912
N12d4981954_41d8889492,12.4981954,41.8889492,road_vertex,way/1220332436
N12d4981972_41d8857447,12.4981972,41.8857447,road_vertex,way/350190786
N12d4981976_41d8949554,12.4981976,41.8949554,road_vertex,way/1362623908
N12d4982036_41d8948253,12.4982036,41.8948253,road_vertex,way/1362623909
N12d4982057_41d8939598,12.4982057,41.8939598,road_vertex,way/880397912
N12d4982102_41d8844939,12.4982102,41.8844939,road_vertex,way/24566961
N12d4982116_41d8896715,12.4982116,41.8896715,road_vertex,way/1220332425
N12d4982123_41d8949583,12.4982123,41.8949583,road_vertex,way/1362623911
N12d4982178_41d8886254,12.4982178,41.8886254,road_vertex,way/1220332439
N12d4982225_41d8949187,12.4982225,41.8949187,road_vertex,way/1362623911
N12d4982234_41d8897107,12.4982234,41.8897107,road_vertex,way/1220332425
N12d4982239_41d8834202,12.4982239,41.8834202,road_vertex,way/1415711961
N12d4982244_41d8907177,12.4982244,41.8907177,road_vertex,way/1364311539
N12d4982304_41d8923769,12.4982304,41.8923769,road_vertex,way/1228464481
N12d4982342_41d8949684,12.4982342,41.8949684,road_vertex,way/1362623908
N12d4982355_41d8840865,12.4982355,41.8840865,road_vertex,way/24566961
N12d4982364_41d8858672,12.4982364,41.8858672,road_vertex,way/366647670
N12d4982444_41d8871854,12.4982444,41.8871854,road_vertex,way/166294196
N12d4982492_41d8858468,12.4982492,41.8858468,road_vertex,way/1382089958
N12d4982504_41d8897197,12.4982504,41.8897197,road_vertex,way/587941825
N12d4982517_41d8893339,12.4982517,41.8893339,road_vertex,way/23591371
N12d4982565_41d8939156,12.4982565,41.8939156,road_vertex,way/880397912
N12d4982579_41d8904589,12.4982579,41.8904589,road_vertex,way/182071970
N12d4982592_41d8877748,12.4982592,41.8877748,road_vertex,way/166294197
N12d4982616_41d8897511,12.4982616,41.8897511,road_vertex,way/587941825
N12d4982617_41d8909278,12.4982617,41.8909278,road_vertex,way/1364311560
N12d4982663_41d8872598,12.4982663,41.8872598,road_vertex,way/166294197
N12d4982710_41d8905087,12.4982710,41.8905087,road_vertex,way/904672893
N12d4982769_41d8879065,12.4982769,41.8879065,road_vertex,way/166294197
N12d4982791_41d8898004,12.4982791,41.8898004,road_vertex,way/587941825
N12d4982795_41d8949689,12.4982795,41.8949689,road_vertex,way/1362623925
N12d4982802_41d8857975,12.4982802,41.8857975,road_vertex,way/24566957
N12d4982803_41d8949837,12.4982803,41.8949837,road_vertex,way/1362623926
N12d4982810_41d8922369,12.4982810,41.8922369,road_vertex,way/1228464481
N12d4982813_41d8905456,12.4982813,41.8905456,road_vertex,way/904672893
N12d4982826_41d8938972,12.4982826,41.8938972,road_vertex,way/880397912
N12d4982833_41d8898130,12.4982833,41.8898130,road_vertex,way/587941825
N12d4982842_41d8950373,12.4982842,41.8950373,road_vertex,way/1362623926
N12d4982857_41d8927413,12.4982857,41.8927413,road_vertex,way/1228464481
N12d4982866_41d8905656,12.4982866,41.8905656,road_vertex,way/182071971
N12d4982884_41d8898267,12.4982884,41.8898267,road_vertex,way/587941825
N12d4982887_41d8896616,12.4982887,41.8896616,road_vertex,way/587941826
N12d4982890_41d8950887,12.4982890,41.8950887,road_vertex,way/1362623926
N12d4982902_41d8951007,12.4982902,41.8951007,road_vertex,way/1362623924
N12d4982904_41d8927249,12.4982904,41.8927249,road_vertex,way/1228464481
N12d4982919_41d8908344,12.4982919,41.8908344,road_vertex,way/23578476
N12d4982981_41d8880648,12.4982981,41.8880648,road_vertex,way/166294197
N12d4982982_41d8843800,12.4982982,41.8843800,road_vertex,way/106119370
N12d4983000_41d8905975,12.4983000,41.8905975,road_vertex,way/182071972
N12d4983023_41d8898658,12.4983023,41.8898658,road_vertex,way/587941825
N12d4983034_41d8938857,12.4983034,41.8938857,road_vertex,way/880397912
N12d4983054_41d8906155,12.4983054,41.8906155,road_vertex,way/182071972
N12d4983065_41d8923221,12.4983065,41.8923221,road_vertex,way/1228464481
N12d4983083_41d8858993,12.4983083,41.8858993,road_vertex,way/366647670
N12d4983123_41d8882284,12.4983123,41.8882284,road_vertex,way/1395736316
N12d4983125_41d8898944,12.4983125,41.8898944,road_vertex,way/587941825
N12d4983161_41d8921983,12.4983161,41.8921983,road_vertex,way/95930786
N12d4983188_41d8906554,12.4983188,41.8906554,road_vertex,way/182071965
N12d4983232_41d8938777,12.4983232,41.8938777,road_vertex,way/880397912
N12d4983236_41d8857272,12.4983236,41.8857272,road_vertex,way/350190786
N12d4983283_41d8841262,12.4983283,41.8841262,road_vertex,way/106119411
N12d4983304_41d8858792,12.4983304,41.8858792,road_vertex,way/1382089958
N12d4983316_41d8906872,12.4983316,41.8906872,road_vertex,way/1364311539
N12d4983331_41d8909510,12.4983331,41.8909510,road_vertex,way/1364311560
N12d4983388_41d8898972,12.4983388,41.8898972,road_vertex,way/587941822
N12d4983441_41d8843997,12.4983441,41.8843997,road_vertex,way/106119403
N12d4983441_41d8895937,12.4983441,41.8895937,road_vertex,way/23591371
N12d4983450_41d8924151,12.4983450,41.8924151,road_vertex,way/95930784
N12d4983465_41d8899096,12.4983465,41.8899096,road_vertex,way/587941824
N12d4983530_41d8968640,12.4983530,41.8968640,road_vertex,way/999586088
N12d4983588_41d8896383,12.4983588,41.8896383,road_vertex,way/139800465
N12d4983605_41d8925141,12.4983605,41.8925141,road_vertex,way/95930783
N12d4983624_41d8923555,12.4983624,41.8923555,road_vertex,way/95930783
N12d4983628_41d8909632,12.4983628,41.8909632,road_vertex,way/1364311561
N12d4983655_41d8906776,12.4983655,41.8906776,road_vertex,way/1364311539
N12d4983695_41d8859286,12.4983695,41.8859286,road_vertex,way/366647670
N12d4983717_41d8942255,12.4983717,41.8942255,road_vertex,way/1228464484
N12d4983736_41d8909561,12.4983736,41.8909561,road_vertex,way/1364311562
N12d4983790_41d8967382,12.4983790,41.8967382,road_vertex,way/999586092
N12d4983792_41d8908062,12.4983792,41.8908062,road_vertex,way/182071965
N12d4983803_41d8968407,12.4983803,41.8968407,road_vertex,way/999586088
N12d4983846_41d8897210,12.4983846,41.8897210,road_vertex,way/122185761
N12d4983863_41d8904358,12.4983863,41.8904358,road_vertex,way/23780632
N12d4983901_41d8897798,12.4983901,41.8897798,road_vertex,way/1305035450
N12d4983919_41d8897923,12.4983919,41.8897923,road_vertex,way/1304509408
N12d4983941_41d8898095,12.4983941,41.8898095,road_vertex,way/130017521
N12d4983948_41d8859407,12.4983948,41.8859407,road_vertex,way/366647670
N12d4983958_41d8967206,12.4983958,41.8967206,road_vertex,way/999586092
N12d4983967_41d8909977,12.4983967,41.8909977,road_vertex,way/1364311560
N12d4984004_41d8898524,12.4984004,41.8898524,road_vertex,way/130017521
N12d4984007_41d8938567,12.4984007,41.8938567,road_vertex,way/880397912
N12d4984074_41d8901276,12.4984074,41.8901276,road_vertex,way/587941822
N12d4984075_41d8882215,12.4984075,41.8882215,road_vertex,way/1395736317
N12d4984139_41d8898968,12.4984139,41.8898968,road_vertex,way/587941824
N12d4984144_41d8909320,12.4984144,41.8909320,road_vertex,way/1364311562
N12d4984168_41d8927874,12.4984168,41.8927874,road_vertex,way/1362628685
N12d4984174_41d8901160,12.4984174,41.8901160,road_vertex,way/1364311534
N12d4984189_41d8901053,12.4984189,41.8901053,road_vertex,way/587941822
N12d4984209_41d8922805,12.4984209,41.8922805,road_vertex,way/95930786
N12d4984221_41d8899224,12.4984221,41.8899224,road_vertex,way/24432514
N12d4984227_41d8859554,12.4984227,41.8859554,road_vertex,way/366647670
N12d4984260_41d8926995,12.4984260,41.8926995,road_vertex,way/95930783
N12d4984290_41d8967970,12.4984290,41.8967970,road_vertex,way/999586088
N12d4984323_41d8901135,12.4984323,41.8901135,road_vertex,way/1364311536
N12d4984342_41d8938542,12.4984342,41.8938542,road_vertex,way/880397912
N12d4984359_41d8825966,12.4984359,41.8825966,road_vertex,way/1273186707
N12d4984363_41d8946258,12.4984363,41.8946258,road_vertex,way/1362623909
N12d4984446_41d8907940,12.4984446,41.8907940,road_vertex,way/23578475
N12d4984452_41d8908641,12.4984452,41.8908641,road_vertex,way/1364311553
N12d4984455_41d8835502,12.4984455,41.8835502,road_vertex,way/1415711961
N12d4984506_41d8872351,12.4984506,41.8872351,road_vertex,way/166294197
N12d4984515_41d8878853,12.4984515,41.8878853,road_vertex,way/166294197
N12d4984518_41d8967749,12.4984518,41.8967749,road_vertex,way/999586091
N12d4984529_41d8904285,12.4984529,41.8904285,road_vertex,way/153340001
N12d4984597_41d8896047,12.4984597,41.8896047,road_vertex,way/1359446796
N12d4984597_41d8942112,12.4984597,41.8942112,road_vertex,way/22885903
N12d4984638_41d8909029,12.4984638,41.8909029,road_vertex,way/1364311562
N12d4984645_41d8938549,12.4984645,41.8938549,road_vertex,way/880397912
N12d4984668_41d8906885,12.4984668,41.8906885,road_vertex,way/1364311539
N12d4984683_41d8854928,12.4984683,41.8854928,road_vertex,way/350190784
N12d4984731_41d8903833,12.4984731,41.8903833,road_vertex,way/153340001
N12d4984777_41d8908962,12.4984777,41.8908962,road_vertex,way/1364311559
N12d4984814_41d8895977,12.4984814,41.8895977,road_vertex,way/1359446796
N12d4984817_41d8898829,12.4984817,41.8898829,road_vertex,way/1220332446
N12d4984821_41d8885575,12.4984821,41.8885575,road_vertex,way/1348795942
N12d4984841_41d8904290,12.4984841,41.8904290,road_vertex,way/23780632
N12d4984858_41d8885903,12.4984858,41.8885903,road_vertex,way/1220332438
N12d4984891_41d8967934,12.4984891,41.8967934,road_vertex,way/999586087
N12d4984908_41d8901084,12.4984908,41.8901084,road_vertex,way/1364311536
N12d4984917_41d8898579,12.4984917,41.8898579,road_vertex,way/1220332444
N12d4984930_41d8956139,12.4984930,41.8956139,road_vertex,way/1331408311
N12d4984935_41d8898370,12.4984935,41.8898370,road_vertex,way/949544248
N12d4984945_41d8896276,12.4984945,41.8896276,road_vertex,way/587941821
N12d4984948_41d8955948,12.4984948,41.8955948,road_vertex,way/1331408311
N12d4984961_41d8878796,12.4984961,41.8878796,road_vertex,way/166294197
N12d4984964_41d8898040,12.4984964,41.8898040,road_vertex,way/949544248
N12d4984977_41d8897882,12.4984977,41.8897882,road_vertex,way/949544248
N12d4984989_41d8841993,12.4984989,41.8841993,road_vertex,way/106119403
N12d4985001_41d8897718,12.4985001,41.8897718,road_vertex,way/949544248
N12d4985003_41d8897588,12.4985003,41.8897588,road_vertex,way/1305035450
N12d4985003_41d8938596,12.4985003,41.8938596,road_vertex,way/880397912
N12d4985031_41d8903386,12.4985031,41.8903386,road_vertex,way/153339998
N12d4985035_41d8969079,12.4985035,41.8969079,road_vertex,way/24167876
N12d4985046_41d8897085,12.4985046,41.8897085,road_vertex,way/949544248
N12d4985057_41d8901486,12.4985057,41.8901486,road_vertex,way/232183092
N12d4985059_41d8967973,12.4985059,41.8967973,road_vertex,way/1341324791
N12d4985078_41d8896712,12.4985078,41.8896712,road_vertex,way/949544248
N12d4985080_41d8844699,12.4985080,41.8844699,road_vertex,way/106119370
N12d4985118_41d8896243,12.4985118,41.8896243,road_vertex,way/1220332435
N12d4985125_41d8903211,12.4985125,41.8903211,road_vertex,way/153340004
N12d4985146_41d8968829,12.4985146,41.8968829,road_vertex,way/24167481
N12d4985157_41d8922360,12.4985157,41.8922360,road_vertex,way/95930783
N12d4985168_41d8904330,12.4985168,41.8904330,road_vertex,way/23780632
N12d4985196_41d8901973,12.4985196,41.8901973,road_vertex,way/1364311537
N12d4985237_41d8902118,12.4985237,41.8902118,road_vertex,way/153340000
N12d4985251_41d8900087,12.4985251,41.8900087,road_vertex,way/1220332446
N12d4985280_41d8968579,12.4985280,41.8968579,road_vertex,way/24167481
N12d4985303_41d8882129,12.4985303,41.8882129,road_vertex,way/1395736318
N12d4985308_41d8902527,12.4985308,41.8902527,road_vertex,way/153340006
N12d4985313_41d8902674,12.4985313,41.8902674,road_vertex,way/153340006
N12d4985329_41d8938674,12.4985329,41.8938674,road_vertex,way/880397912
N12d4985344_41d8967659,12.4985344,41.8967659,road_vertex,way/1341324791
N12d4985431_41d8968338,12.4985431,41.8968338,road_vertex,way/24167481
N12d4985489_41d8906995,12.4985489,41.8906995,road_vertex,way/1364311539
N12d4985510_41d8904383,12.4985510,41.8904383,road_vertex,way/23780632
N12d4985549_41d8901028,12.4985549,41.8901028,road_vertex,way/1364311536
N12d4985553_41d8900866,12.4985553,41.8900866,road_vertex,way/1220332446
N12d4985580_41d8896560,12.4985580,41.8896560,road_vertex,way/23591593
N12d4985605_41d8968098,12.4985605,41.8968098,road_vertex,way/999586086
N12d4985612_41d8897604,12.4985612,41.8897604,road_vertex,way/130017523
N12d4985670_41d8925756,12.4985670,41.8925756,road_vertex,way/95930784
N12d4985675_41d8967333,12.4985675,41.8967333,road_vertex,way/1341324791
N12d4985729_41d8900997,12.4985729,41.8900997,road_vertex,way/1364311535
N12d4985822_41d8904436,12.4985822,41.8904436,road_vertex,way/23780632
N12d4985965_41d8901811,12.4985965,41.8901811,road_vertex,way/1364311573
N12d4985969_41d8938877,12.4985969,41.8938877,road_vertex,way/880397912
N12d4986033_41d8966951,12.4986033,41.8966951,road_vertex,way/1341324791
N12d4986064_41d8884844,12.4986064,41.8884844,road_vertex,way/1220332439
N12d4986120_41d8901068,12.4986120,41.8901068,road_vertex,way/1220332446
N12d4986141_41d8906036,12.4986141,41.8906036,road_vertex,way/1364311539
N12d4986146_41d8859025,12.4986146,41.8859025,road_vertex,way/350190785
N12d4986158_41d8897501,12.4986158,41.8897501,road_vertex,way/130017523
N12d4986183_41d8836544,12.4986183,41.8836544,road_vertex,way/1415711961
N12d4986236_41d8860367,12.4986236,41.8860367,road_vertex,way/1382089957
N12d4986245_41d8939018,12.4986245,41.8939018,road_vertex,way/880397912
N12d4986249_41d8860688,12.4986249,41.8860688,road_vertex,way/366647670
N12d4986250_41d8878632,12.4986250,41.8878632,road_vertex,way/166294197
N12d4986252_41d8907624,12.4986252,41.8907624,road_vertex,way/23578475
N12d4986281_41d8885045,12.4986281,41.8885045,road_vertex,way/1348795942
N12d4986320_41d8882057,12.4986320,41.8882057,road_vertex,way/1395736319
N12d4986399_41d8922311,12.4986399,41.8922311,road_vertex,way/95930783
N12d4986408_41d8907017,12.4986408,41.8907017,road_vertex,way/22895646
N12d4986422_41d8956623,12.4986422,41.8956623,road_vertex,way/1331408311
N12d4986438_41d8904553,12.4986438,41.8904553,road_vertex,way/23780633
N12d4986490_41d8939183,12.4986490,41.8939183,road_vertex,way/880397912
N12d4986547_41d8901709,12.4986547,41.8901709,road_vertex,way/1364311573
N12d4986547_41d8906681,12.4986547,41.8906681,road_vertex,way/22895646
N12d4986591_41d8900960,12.4986591,41.8900960,road_vertex,way/1220332446
N12d4986620_41d8944167,12.4986620,41.8944167,road_vertex,way/1362623909
N12d4986628_41d8842695,12.4986628,41.8842695,road_vertex,way/106119367
N12d4986641_41d8860906,12.4986641,41.8860906,road_vertex,way/366647670
N12d4986652_41d8968339,12.4986652,41.8968339,road_vertex,way/999586086
N12d4986679_41d8845384,12.4986679,41.8845384,road_vertex,way/106182817
N12d4986706_41d8966230,12.4986706,41.8966230,road_vertex,way/1341324791
N12d4986711_41d8900807,12.4986711,41.8900807,road_vertex,way/1220332446
N12d4986716_41d8944172,12.4986716,41.8944172,road_vertex,way/1362623912
N12d4986731_41d8939382,12.4986731,41.8939382,road_vertex,way/880397912
N12d4986748_41d8906369,12.4986748,41.8906369,road_vertex,way/22895646
N12d4986806_41d8860677,12.4986806,41.8860677,road_vertex,way/1382089956
N12d4986865_41d8857784,12.4986865,41.8857784,road_vertex,way/350190785
N12d4986879_41d8924733,12.4986879,41.8924733,road_vertex,way/95930786
N12d4986917_41d8943612,12.4986917,41.8943612,road_vertex,way/22885903
N12d4986940_41d8939604,12.4986940,41.8939604,road_vertex,way/880397912
N12d4986965_41d8825743,12.4986965,41.8825743,road_vertex,way/107257945
N12d4986968_41d8906099,12.4986968,41.8906099,road_vertex,way/22895646
N12d4987047_41d8944360,12.4987047,41.8944360,road_vertex,way/1362623912
N12d4987055_41d8905181,12.4987055,41.8905181,road_vertex,way/1364311541
N12d4987071_41d8860308,12.4987071,41.8860308,road_vertex,way/350190783
N12d4987152_41d8906596,12.4987152,41.8906596,road_vertex,way/1364311542
N12d4987179_41d8904762,12.4987179,41.8904762,road_vertex,way/153339993
N12d4987189_41d8860142,12.4987189,41.8860142,road_vertex,way/350190783
N12d4987198_41d8931906,12.4987198,41.8931906,road_vertex,way/1007115513
N12d4987265_41d8906298,12.4987265,41.8906298,road_vertex,way/1364311542
N12d4987354_41d8897272,12.4987354,41.8897272,road_vertex,way/130017523
N12d4987362_41d8906871,12.4987362,41.8906871,road_vertex,way/1364311542
N12d4987456_41d8905674,12.4987456,41.8905674,road_vertex,way/22895646
N12d4987468_41d8943968,12.4987468,41.8943968,road_vertex,way/232183091
N12d4987485_41d8944629,12.4987485,41.8944629,road_vertex,way/1362623912
N12d4987493_41d8932211,12.4987493,41.8932211,road_vertex,way/1007115513
N12d4987503_41d8826143,12.4987503,41.8826143,road_vertex,way/107257945
N12d4987554_41d8922504,12.4987554,41.8922504,road_vertex,way/95930783
N12d4987567_41d8904899,12.4987567,41.8904899,road_vertex,way/1364311541
N12d4987608_41d8944632,12.4987608,41.8944632,road_vertex,way/1267656272
N12d4987629_41d8901490,12.4987629,41.8901490,road_vertex,way/1364311572
N12d4987661_41d8861143,12.4987661,41.8861143,road_vertex,way/1382089956
N12d4987837_41d8858123,12.4987837,41.8858123,road_vertex,way/350190785
N12d4987858_41d8847403,12.4987858,41.8847403,road_vertex,way/24566961
N12d4987885_41d8957100,12.4987885,41.8957100,road_vertex,way/1331408311
N12d4987900_41d8964932,12.4987900,41.8964932,road_vertex,way/1341324791
N12d4987949_41d8884421,12.4987949,41.8884421,road_vertex,way/1348795942
N12d4987983_41d8905237,12.4987983,41.8905237,road_vertex,way/1364311538
N12d4988019_41d8904642,12.4988019,41.8904642,road_vertex,way/1364311541
N12d4988098_41d8921997,12.4988098,41.8921997,road_vertex,way/1362628682
N12d4988227_41d8843380,12.4988227,41.8843380,road_vertex,way/106182817
N12d4988231_41d8861741,12.4988231,41.8861741,road_vertex,way/366647670
N12d4988232_41d8826650,12.4988232,41.8826650,road_vertex,way/107257945
N12d4988273_41d8905516,12.4988273,41.8905516,road_vertex,way/1364311543
N12d4988295_41d8964077,12.4988295,41.8964077,road_vertex,way/999586099
N12d4988303_41d8905544,12.4988303,41.8905544,road_vertex,way/1364311543
N12d4988322_41d8956892,12.4988322,41.8956892,road_vertex,way/584602767
N12d4988323_41d8846087,12.4988323,41.8846087,road_vertex,way/106119405
N12d4988407_41d8905016,12.4988407,41.8905016,road_vertex,way/22895646
N12d4988452_41d8881884,12.4988452,41.8881884,road_vertex,way/1395736320
N12d4988567_41d8923244,12.4988567,41.8923244,road_vertex,way/95930783
N12d4988582_41d8964196,12.4988582,41.8964196,road_vertex,way/1341324791
N12d4988593_41d8858364,12.4988593,41.8858364,road_vertex,way/350190785
N12d4988607_41d8942239,12.4988607,41.8942239,road_vertex,way/880397912
N12d4988640_41d8934017,12.4988640,41.8934017,road_vertex,way/1007115513
N12d4988648_41d8964466,12.4988648,41.8964466,road_vertex,way/24167482
N12d4988659_41d8957003,12.4988659,41.8957003,road_vertex,way/584602767
N12d4988736_41d8956785,12.4988736,41.8956785,road_vertex,way/1362623921
N12d4988737_41d8846265,12.4988737,41.8846265,road_vertex,way/106119370
N12d4988741_41d8960682,12.4988741,41.8960682,road_vertex,way/349307434
N12d4988742_41d8862013,12.4988742,41.8862013,road_vertex,way/366647670
N12d4988804_41d8964286,12.4988804,41.8964286,road_vertex,way/999586099
N12d4988814_41d8934162,12.4988814,41.8934162,road_vertex,way/1007115513
N12d4988849_41d8827067,12.4988849,41.8827067,road_vertex,way/107257945
N12d4988934_41d8904127,12.4988934,41.8904127,road_vertex,way/1364311540
N12d4989004_41d8957112,12.4989004,41.8957112,road_vertex,way/584602767
N12d4989037_41d8957023,12.4989037,41.8957023,road_vertex,way/1331408309
N12d4989061_41d8957499,12.4989061,41.8957499,road_vertex,way/1331408311
N12d4989094_41d8905078,12.4989094,41.8905078,road_vertex,way/1364311542
N12d4989139_41d8901179,12.4989139,41.8901179,road_vertex,way/1364311572
N12d4989236_41d8904633,12.4989236,41.8904633,road_vertex,way/22895646
N12d4989296_41d8957201,12.4989296,41.8957201,road_vertex,way/24167334
N12d4989339_41d8862310,12.4989339,41.8862310,road_vertex,way/366647670
N12d4989349_41d8968923,12.4989349,41.8968923,road_vertex,way/999586085
N12d4989429_41d8895636,12.4989429,41.8895636,road_vertex,way/23591593
N12d4989459_41d8959730,12.4989459,41.8959730,road_vertex,way/349307437
N12d4989461_41d8890220,12.4989461,41.8890220,road_vertex,way/139613592
N12d4989479_41d8957141,12.4989479,41.8957141,road_vertex,way/1362623920
N12d4989498_41d8934522,12.4989498,41.8934522,road_vertex,way/1007115513
N12d4989500_41d8968830,12.4989500,41.8968830,road_vertex,way/999586095
N12d4989554_41d8954651,12.4989554,41.8954651,road_vertex,way/1362623921
N12d4989593_41d8884114,12.4989593,41.8884114,road_vertex,way/1220332438
N12d4989596_41d8957287,12.4989596,41.8957287,road_vertex,way/24167334
N12d4989611_41d8884402,12.4989611,41.8884402,road_vertex,way/139613594
N12d4989664_41d8921399,12.4989664,41.8921399,road_vertex,way/1364311556
N12d4989698_41d8883762,12.4989698,41.8883762,road_vertex,way/1348795942
N12d4989766_41d8862321,12.4989766,41.8862321,road_vertex,way/1382089955
N12d4989811_41d8959256,12.4989811,41.8959256,road_vertex,way/349307439
N12d4989845_41d8921602,12.4989845,41.8921602,road_vertex,way/1362628683
N12d4989851_41d8890126,12.4989851,41.8890126,road_vertex,way/139613596
N12d4989860_41d8904337,12.4989860,41.8904337,road_vertex,way/22895646
N12d4989871_41d8844083,12.4989871,41.8844083,road_vertex,way/106119405
N12d4989944_41d8862622,12.4989944,41.8862622,road_vertex,way/366647670
N12d4989963_41d8867189,12.4989963,41.8867189,road_vertex,way/233833351
N12d4989980_41d8954474,12.4989980,41.8954474,road_vertex,way/24167336
N12d4990002_41d8923039,12.4990002,41.8923039,road_vertex,way/1362628685
N12d4990071_41d8846836,12.4990071,41.8846836,road_vertex,way/106119418
N12d4990076_41d8958900,12.4990076,41.8958900,road_vertex,way/349307439
N12d4990084_41d8890539,12.4990084,41.8890539,road_vertex,way/139613596
N12d4990130_41d8900952,12.4990130,41.8900952,road_vertex,way/1364311568
N12d4990200_41d8950923,12.4990200,41.8950923,road_vertex,way/1362623921
N12d4990219_41d8921134,12.4990219,41.8921134,road_vertex,way/1364311556
N12d4990221_41d8881683,12.4990221,41.8881683,road_vertex,way/1395736320
N12d4990234_41d8962311,12.4990234,41.8962311,road_vertex,way/1341324791
N12d4990242_41d8922032,12.4990242,41.8922032,road_vertex,way/1362628683
N12d4990254_41d8958659,12.4990254,41.8958659,road_vertex,way/349307433
N12d4990363_41d8883348,12.4990363,41.8883348,road_vertex,way/1220332439
N12d4990415_41d8828120,12.4990415,41.8828120,road_vertex,way/107257945
N12d4990445_41d8891176,12.4990445,41.8891176,road_vertex,way/139613596
N12d4990452_41d8958393,12.4990452,41.8958393,road_vertex,way/349307441
N12d4990459_41d8904133,12.4990459,41.8904133,road_vertex,way/22895646
N12d4990493_41d8838459,12.4990493,41.8838459,road_vertex,way/1415711961
N12d4990510_41d8957879,12.4990510,41.8957879,road_vertex,way/1331408311
N12d4990511_41d8951085,12.4990511,41.8951085,road_vertex,way/1362623922
N12d4990515_41d8895050,12.4990515,41.8895050,road_vertex,way/1220332435
N12d4990538_41d8951500,12.4990538,41.8951500,road_vertex,way/1362623921
N12d4990562_41d8957432,12.4990562,41.8957432,road_vertex,way/1331408309
N12d4990588_41d8883407,12.4990588,41.8883407,road_vertex,way/1348795942
N12d4990636_41d8961860,12.4990636,41.8961860,road_vertex,way/1341324791
N12d4990688_41d8904431,12.4990688,41.8904431,road_vertex,way/1364311549
N12d4990691_41d8862965,12.4990691,41.8862965,road_vertex,way/366647670
N12d4990695_41d8922521,12.4990695,41.8922521,road_vertex,way/1362628684
N12d4990717_41d8951117,12.4990717,41.8951117,road_vertex,way/1362623922
N12d4990719_41d8900865,12.4990719,41.8900865,road_vertex,way/1364311568
N12d4990719_41d8914822,12.4990719,41.8914822,road_vertex,way/1364311554
N12d4990742_41d8958002,12.4990742,41.8958002,road_vertex,way/349307441
N12d4990748_41d8922572,12.4990748,41.8922572,road_vertex,way/1362628686
N12d4990767_41d8957957,12.4990767,41.8957957,road_vertex,way/1331408311
N12d4990805_41d8961937,12.4990805,41.8961937,road_vertex,way/24167481
N12d4990826_41d8838248,12.4990826,41.8838248,road_vertex,way/1415711962
N12d4990869_41d8915759,12.4990869,41.8915759,road_vertex,way/23780634
N12d4990911_41d8895364,12.4990911,41.8895364,road_vertex,way/1077377674
N12d4990918_41d8862845,12.4990918,41.8862845,road_vertex,way/1382089955
N12d4990932_41d8957691,12.4990932,41.8957691,road_vertex,way/349307436
N12d4990950_41d8900824,12.4990950,41.8900824,road_vertex,way/1364311569
N12d4990965_41d8883244,12.4990965,41.8883244,road_vertex,way/1348795942
N12d4990987_41d8891633,12.4990987,41.8891633,road_vertex,way/139613596
N12d4991048_41d8915095,12.4991048,41.8915095,road_vertex,way/1364311554
N12d4991076_41d8883024,12.4991076,41.8883024,road_vertex,way/1220332439
N12d4991120_41d8896038,12.4991120,41.8896038,road_vertex,way/1077377674
N12d4991123_41d8958182,12.4991123,41.8958182,road_vertex,way/1331408311
N12d4991169_41d8958075,12.4991169,41.8958075,road_vertex,way/1331408311
N12d4991194_41d8951198,12.4991194,41.8951198,road_vertex,way/1362623918
N12d4991228_41d8881552,12.4991228,41.8881552,road_vertex,way/1348795944
N12d4991235_41d8967548,12.4991235,41.8967548,road_vertex,way/999586095
N12d4991261_41d8863220,12.4991261,41.8863220,road_vertex,way/366647670
N12d4991267_41d8838487,12.4991267,41.8838487,road_vertex,way/1415711962
N12d4991299_41d8904257,12.4991299,41.8904257,road_vertex,way/1364311549
N12d4991326_41d8828373,12.4991326,41.8828373,road_vertex,way/28273636
N12d4991326_41d8915419,12.4991326,41.8915419,road_vertex,way/1224740387
N12d4991331_41d8883081,12.4991331,41.8883081,road_vertex,way/1348795942
N12d4991419_41d8882367,12.4991419,41.8882367,road_vertex,way/1348795944
N12d4991441_41d8900737,12.4991441,41.8900737,road_vertex,way/1364311569
N12d4991455_41d8920409,12.4991455,41.8920409,road_vertex,way/1364311556
N12d4991495_41d8950291,12.4991495,41.8950291,road_vertex,way/189558677
N12d4991498_41d8951249,12.4991498,41.8951249,road_vertex,way/1362623919
N12d4991516_41d8837858,12.4991516,41.8837858,road_vertex,way/1415711961
N12d4991549_41d8882344,12.4991549,41.8882344,road_vertex,way/1348795944
N12d4991614_41d8957738,12.4991614,41.8957738,road_vertex,way/1331408309
N12d4991617_41d8847498,12.4991617,41.8847498,road_vertex,way/106119361
N12d4991620_41d8844832,12.4991620,41.8844832,road_vertex,way/106119418
N12d4991623_41d8882941,12.4991623,41.8882941,road_vertex,way/1348795942
N12d4991636_41d8892045,12.4991636,41.8892045,road_vertex,way/139613596
N12d4991641_41d8903207,12.4991641,41.8903207,road_vertex,way/1364311540
N12d4991646_41d8915719,12.4991646,41.8915719,road_vertex,way/1224740387
N12d4991693_41d8889682,12.4991693,41.8889682,road_vertex,way/139613593
N12d4991697_41d8951298,12.4991697,41.8951298,road_vertex,way/1362623920
N12d4991721_41d8865327,12.4991721,41.8865327,road_vertex,way/1052648700
N12d4991739_41d8915847,12.4991739,41.8915847,road_vertex,way/1364311555
N12d4991750_41d8915973,12.4991750,41.8915973,road_vertex,way/1224740357
N12d4991764_41d8949653,12.4991764,41.8949653,road_vertex,way/1236287090
N12d4991765_41d8837581,12.4991765,41.8837581,road_vertex,way/1415711961
N12d4991777_41d8949528,12.4991777,41.8949528,road_vertex,way/1362623908
N12d4991786_41d8965841,12.4991786,41.8965841,road_vertex,way/24167482
N12d4991796_41d8915709,12.4991796,41.8915709,road_vertex,way/1364311555
N12d4991797_41d8859583,12.4991797,41.8859583,road_vertex,way/350190781
N12d4991802_41d8951015,12.4991802,41.8951015,road_vertex,way/761759452
N12d4991835_41d8950033,12.4991835,41.8950033,road_vertex,way/761759451
N12d4991864_41d8966578,12.4991864,41.8966578,road_vertex,way/1362619187
N12d4991882_41d8950280,12.4991882,41.8950280,road_vertex,way/761759451
N12d4991889_41d8890114,12.4991889,41.8890114,road_vertex,way/139613593
N12d4991905_41d8882800,12.4991905,41.8882800,road_vertex,way/1348795942
N12d4991925_41d8892421,12.4991925,41.8892421,road_vertex,way/139613596
N12d4991961_41d8882175,12.4991961,41.8882175,road_vertex,way/11380149
N12d4991974_41d8966331,12.4991974,41.8966331,road_vertex,way/1362619187
N12d4991994_41d8950927,12.4991994,41.8950927,road_vertex,way/1362623917
N12d4991997_41d8849123,12.4991997,41.8849123,road_vertex,way/24566961
N12d4992009_41d8951010,12.4992009,41.8951010,road_vertex,way/1362623917
N12d4992027_41d8863558,12.4992027,41.8863558,road_vertex,way/366647670
N12d4992031_41d8879352,12.4992031,41.8879352,road_vertex,way/11380150
N12d4992061_41d8966641,12.4992061,41.8966641,road_vertex,way/1362619187
N12d4992085_41d8949828,12.4992085,41.8949828,road_vertex,way/189558642
N12d4992132_41d8882436,12.4992132,41.8882436,road_vertex,way/1220332439
N12d4992137_41d8839819,12.4992137,41.8839819,road_vertex,way/22890790
N12d4992161_41d8966005,12.4992161,41.8966005,road_vertex,way/562726906
N12d4992178_41d8892735,12.4992178,41.8892735,road_vertex,way/139613596
N12d4992233_41d8839399,12.4992233,41.8839399,road_vertex,way/22890790
N12d4992234_41d8903965,12.4992234,41.8903965,road_vertex,way/1364311548
N12d4992241_41d8882602,12.4992241,41.8882602,road_vertex,way/1348795943
N12d4992282_41d8916525,12.4992282,41.8916525,road_vertex,way/1224740357
N12d4992287_41d8839028,12.4992287,41.8839028,road_vertex,way/477686164
N12d4992294_41d8965589,12.4992294,41.8965589,road_vertex,way/562726907
N12d4992310_41d8900570,12.4992310,41.8900570,road_vertex,way/1364311570
N12d4992333_41d8965708,12.4992333,41.8965708,road_vertex,way/562726907
N12d4992350_41d8966067,12.4992350,41.8966067,road_vertex,way/24167482
N12d4992434_41d8959472,12.4992434,41.8959472,road_vertex,way/1341324791
N12d4992450_41d8833591,12.4992450,41.8833591,road_vertex,way/1415711961
N12d4992488_41d8882981,12.4992488,41.8882981,road_vertex,way/1220332438
N12d4992528_41d8881308,12.4992528,41.8881308,road_vertex,way/11380150
N12d4992590_41d8959252,12.4992590,41.8959252,road_vertex,way/1341324791
N12d4992602_41d8966115,12.4992602,41.8966115,road_vertex,way/24167482
N12d4992613_41d8883490,12.4992613,41.8883490,road_vertex,way/139613594
N12d4992656_41d8966843,12.4992656,41.8966843,road_vertex,way/472228290
N12d4992676_41d8959132,12.4992676,41.8959132,road_vertex,way/1341324791
N12d4992694_41d8903794,12.4992694,41.8903794,road_vertex,way/1364311548
N12d4992727_41d8831799,12.4992727,41.8831799,road_vertex,way/1497402931
N12d4992749_41d8959028,12.4992749,41.8959028,road_vertex,way/1341324791
N12d4992768_41d8947950,12.4992768,41.8947950,road_vertex,way/1362623913
N12d4992778_41d8829466,12.4992778,41.8829466,road_vertex,way/28273636
N12d4992846_41d8848024,12.4992846,41.8848024,road_vertex,way/106119395
N12d4992865_41d8966142,12.4992865,41.8966142,road_vertex,way/24167482
N12d4992892_41d8958839,12.4992892,41.8958839,road_vertex,way/1341324791
N12d4992898_41d8958064,12.4992898,41.8958064,road_vertex,way/1331408309
N12d4992921_41d8947825,12.4992921,41.8947825,road_vertex,way/1362623913
N12d4992938_41d8913182,12.4992938,41.8913182,road_vertex,way/1364311553
N12d4992961_41d8831979,12.4992961,41.8831979,road_vertex,way/1497402931
N12d4993011_41d8900460,12.4993011,41.8900460,road_vertex,way/1364311570
N12d4993029_41d8839421,12.4993029,41.8839421,road_vertex,way/1490704723
N12d4993033_41d8958642,12.4993033,41.8958642,road_vertex,way/1341324791
N12d4993063_41d8863957,12.4993063,41.8863957,road_vertex,way/366647670
N12d4993068_41d8858266,12.4993068,41.8858266,road_vertex,way/350190784
N12d4993103_41d8892615,12.4993103,41.8892615,road_vertex,way/139613596
N12d4993107_41d8966143,12.4993107,41.8966143,road_vertex,way/24167482
N12d4993119_41d8947654,12.4993119,41.8947654,road_vertex,way/1236287091
N12d4993159_41d8848158,12.4993159,41.8848158,road_vertex,way/106119401
N12d4993166_41d8845494,12.4993166,41.8845494,road_vertex,way/106119361
N12d4993185_41d8948348,12.4993185,41.8948348,road_vertex,way/1362623915
N12d4993196_41d8839355,12.4993196,41.8839355,road_vertex,way/325373413
N12d4993214_41d8903644,12.4993214,41.8903644,road_vertex,way/1364311547
N12d4993233_41d8948308,12.4993233,41.8948308,road_vertex,way/1236287090
N12d4993248_41d8967049,12.4993248,41.8967049,road_vertex,way/472228290
N12d4993250_41d8958327,12.4993250,41.8958327,road_vertex,way/1341324791
N12d4993251_41d8839530,12.4993251,41.8839530,road_vertex,way/1490704723
N12d4993288_41d8919333,12.4993288,41.8919333,road_vertex,way/1364311557
N12d4993291_41d8958708,12.4993291,41.8958708,road_vertex,way/1331408311
N12d4993297_41d8889296,12.4993297,41.8889296,road_vertex,way/139613592
N12d4993304_41d8839699,12.4993304,41.8839699,road_vertex,way/325373413
N12d4993327_41d8865790,12.4993327,41.8865790,road_vertex,way/1052648700
N12d4993376_41d8966119,12.4993376,41.8966119,road_vertex,way/24167482
N12d4993424_41d8947390,12.4993424,41.8947390,road_vertex,way/1362623914
N12d4993424_41d8948520,12.4993424,41.8948520,road_vertex,way/1362623916
N12d4993516_41d8958403,12.4993516,41.8958403,road_vertex,way/24167481
N12d4993560_41d8832372,12.4993560,41.8832372,road_vertex,way/1273180866
N12d4993563_41d8947265,12.4993563,41.8947265,road_vertex,way/1362623914
N12d4993600_41d8863909,12.4993600,41.8863909,road_vertex,way/1382089955
N12d4993661_41d8900343,12.4993661,41.8900343,road_vertex,way/1364311571
N12d4993691_41d8948703,12.4993691,41.8948703,road_vertex,way/1362623916
N12d4993722_41d8919550,12.4993722,41.8919550,road_vertex,way/1364311557
N12d4993867_41d8903463,12.4993867,41.8903463,road_vertex,way/1364311547
N12d4993871_41d8894198,12.4993871,41.8894198,road_vertex,way/139613593
N12d4993898_41d8967254,12.4993898,41.8967254,road_vertex,way/1362619186
N12d4993915_41d8884104,12.4993915,41.8884104,road_vertex,way/139613594
N12d4993951_41d8894399,12.4993951,41.8894399,road_vertex,way/1220332435
N12d4993991_41d8918216,12.4993991,41.8918216,road_vertex,way/1224740357
N12d4994003_41d8958347,12.4994003,41.8958347,road_vertex,way/1331408309
N12d4994034_41d8967305,12.4994034,41.8967305,road_vertex,way/1362619186
N12d4994044_41d8831871,12.4994044,41.8831871,road_vertex,way/107257942
N12d4994101_41d8894777,12.4994101,41.8894777,road_vertex,way/139613591
N12d4994101_41d8948983,12.4994101,41.8948983,road_vertex,way/1362623916
N12d4994114_41d8967545,12.4994114,41.8967545,road_vertex,way/472228275
N12d4994129_41d8862361,12.4994129,41.8862361,road_vertex,way/159255538
N12d4994155_41d8948358,12.4994155,41.8948358,road_vertex,way/189558642
N12d4994220_41d8919314,12.4994220,41.8919314,road_vertex,way/1224740238
N12d4994238_41d8833201,12.4994238,41.8833201,road_vertex,way/325373413
N12d4994258_41d8880855,12.4994258,41.8880855,road_vertex,way/11380148
N12d4994308_41d8864408,12.4994308,41.8864408,road_vertex,way/366647670
N12d4994348_41d8831059,12.4994348,41.8831059,road_vertex,way/107257945
N12d4994497_41d8833024,12.4994497,41.8833024,road_vertex,way/1495043038
N12d4994653_41d8866200,12.4994653,41.8866200,road_vertex,way/1052648700
N12d4994708_41d8846155,12.4994708,41.8846155,road_vertex,way/106119401
N12d4994753_41d8906701,12.4994753,41.8906701,road_vertex,way/1364311553
N12d4994758_41d8961398,12.4994758,41.8961398,road_vertex,way/1331408307
N12d4994760_41d8832774,12.4994760,41.8832774,road_vertex,way/1495043038
N12d4994767_41d8919843,12.4994767,41.8919843,road_vertex,way/24492269
N12d4994778_41d8920895,12.4994778,41.8920895,road_vertex,way/1362628687
N12d4994781_41d8919048,12.4994781,41.8919048,road_vertex,way/1364311558
N12d4994845_41d8848881,12.4994845,41.8848881,road_vertex,way/106119395
N12d4994857_41d8919023,12.4994857,41.8919023,road_vertex,way/1364311558
N12d4994946_41d8881022,12.4994946,41.8881022,road_vertex,way/1348795943
N12d4994948_41d8920834,12.4994948,41.8920834,road_vertex,way/1362628688
N12d4994960_41d8899722,12.4994960,41.8899722,road_vertex,way/211042754
N12d4995049_41d8832520,12.4995049,41.8832520,road_vertex,way/223967647
N12d4995089_41d8881285,12.4995089,41.8881285,road_vertex,way/1220332438
N12d4995157_41d8974144,12.4995157,41.8974144,road_vertex,way/463283873
N12d4995187_41d8974439,12.4995187,41.8974439,road_vertex,way/463283873
N12d4995188_41d8973868,12.4995188,41.8973868,road_vertex,way/463283873
N12d4995202_41d8866084,12.4995202,41.8866084,road_vertex,way/233833351
N12d4995221_41d8906030,12.4995221,41.8906030,road_vertex,way/23645857
N12d4995229_41d8960567,12.4995229,41.8960567,road_vertex,way/1331408307
N12d4995317_41d8973656,12.4995317,41.8973656,road_vertex,way/463283873
N12d4995334_41d8864525,12.4995334,41.8864525,road_vertex,way/1382089960
N12d4995338_41d8906156,12.4995338,41.8906156,road_vertex,way/23645857
N12d4995344_41d8919553,12.4995344,41.8919553,road_vertex,way/24492269
N12d4995418_41d8880810,12.4995418,41.8880810,road_vertex,way/1348795943
N12d4995433_41d8865141,12.4995433,41.8865141,road_vertex,way/1382089962
N12d4995468_41d8902933,12.4995468,41.8902933,road_vertex,way/1364311550
N12d4995478_41d8863010,12.4995478,41.8863010,road_vertex,way/1077377646
N12d4995481_41d8960122,12.4995481,41.8960122,road_vertex,way/1331408307
N12d4995517_41d8899979,12.4995517,41.8899979,road_vertex,way/1429907373
N12d4995530_41d8920595,12.4995530,41.8920595,road_vertex,way/1362628688
N12d4995543_41d8976951,12.4995543,41.8976951,road_vertex,way/463283873
N12d4995584_41d8864849,12.4995584,41.8864849,road_vertex,way/1382089961
N12d4995594_41d8977057,12.4995594,41.8977057,road_vertex,way/463283873
N12d4995598_41d8832038,12.4995598,41.8832038,road_vertex,way/223967647
N12d4995635_41d8865406,12.4995635,41.8865406,road_vertex,way/233833351
N12d4995693_41d8864636,12.4995693,41.8864636,road_vertex,way/1382089961
N12d4995710_41d8865283,12.4995710,41.8865283,road_vertex,way/233833350
N12d4995738_41d8865237,12.4995738,41.8865237,road_vertex,way/1382089962
N12d4995777_41d8919986,12.4995777,41.8919986,road_vertex,way/1364304928
N12d4995826_41d8977356,12.4995826,41.8977356,road_vertex,way/463283873
N12d4995869_41d8959438,12.4995869,41.8959438,road_vertex,way/562726908
N12d4995874_41d8920453,12.4995874,41.8920453,road_vertex,way/1362628689
N12d4995894_41d8864944,12.4995894,41.8864944,road_vertex,way/366647670
N12d4995919_41d8959344,12.4995919,41.8959344,road_vertex,way/1331408307
N12d4995938_41d8949579,12.4995938,41.8949579,road_vertex,way/189558640
N12d4995939_41d8831738,12.4995939,41.8831738,road_vertex,way/1495043039
N12d4996028_41d8864741,12.4996028,41.8864741,road_vertex,way/1382089960
N12d4996038_41d8959122,12.4996038,41.8959122,road_vertex,way/562726908
N12d4996046_41d8831648,12.4996046,41.8831648,road_vertex,way/1495043039
N12d4996076_41d8902730,12.4996076,41.8902730,road_vertex,way/1364311551
N12d4996127_41d8920348,12.4996127,41.8920348,road_vertex,way/1364304928
N12d4996219_41d8958786,12.4996219,41.8958786,road_vertex,way/1331408309
N12d4996280_41d8958672,12.4996280,41.8958672,road_vertex,way/562726909
N12d4996307_41d8864229,12.4996307,41.8864229,road_vertex,way/159255536
N12d4996354_41d8969461,12.4996354,41.8969461,road_vertex,way/472228275
N12d4996394_41d8846877,12.4996394,41.8846877,road_vertex,way/106119380
N12d4996426_41d8899776,12.4996426,41.8899776,road_vertex,way/1429907373
N12d4996446_41d8864873,12.4996446,41.8864873,road_vertex,way/1382091410
N12d4996470_41d8849576,12.4996470,41.8849576,road_vertex,way/106119414
N12d4996494_41d8958297,12.4996494,41.8958297,road_vertex,way/1331408308
N12d4996521_41d8863865,12.4996521,41.8863865,road_vertex,way/159255536
N12d4996554_41d8906407,12.4996554,41.8906407,road_vertex,way/1364311552
N12d4996561_41d8830972,12.4996561,41.8830972,road_vertex,way/43635879
N12d4996575_41d8902565,12.4996575,41.8902565,road_vertex,way/1364311551
N12d4996662_41d8911563,12.4996662,41.8911563,road_vertex,way/1364311555
N12d4996672_41d8863607,12.4996672,41.8863607,road_vertex,way/159255538
N12d4996691_41d8957934,12.4996691,41.8957934,road_vertex,way/1331408308
N12d4996698_41d8906154,12.4996698,41.8906154,road_vertex,way/1364311552
N12d4996702_41d8969549,12.4996702,41.8969549,road_vertex,way/472228275
N12d4996707_41d8830816,12.4996707,41.8830816,road_vertex,way/43635879
N12d4996717_41d8918407,12.4996717,41.8918407,road_vertex,way/1364311558
N12d4996723_41d8922736,12.4996723,41.8922736,road_vertex,way/1362628686
N12d4996726_41d8896424,12.4996726,41.8896424,road_vertex,way/1224751836
N12d4996730_41d8899457,12.4996730,41.8899457,road_vertex,way/211042754
N12d4996776_41d8907001,12.4996776,41.8907001,road_vertex,way/1364311552
N12d4996800_41d8950163,12.4996800,41.8950163,road_vertex,way/189558641
N12d4996803_41d8910006,12.4996803,41.8910006,road_vertex,way/1364311553
N12d4996819_41d8896407,12.4996819,41.8896407,road_vertex,way/1224751831
N12d4996823_41d8898849,12.4996823,41.8898849,road_vertex,way/1220332446
N12d4996824_41d8972616,12.4996824,41.8972616,road_vertex,way/463283873
N12d4996858_41d8905028,12.4996858,41.8905028,road_vertex,way/1364311542
N12d4996883_41d8957615,12.4996883,41.8957615,road_vertex,way/1331408308
N12d4996886_41d8893788,12.4996886,41.8893788,road_vertex,way/1220332435
N12d4996918_41d8884066,12.4996918,41.8884066,road_vertex,way/1382094276
N12d4996946_41d8880562,12.4996946,41.8880562,road_vertex,way/1382091412
N12d4996971_41d8969491,12.4996971,41.8969491,road_vertex,way/472228275
N12d4997051_41d8949536,12.4997051,41.8949536,road_vertex,way/562726912
N12d4997062_41d8852799,12.4997062,41.8852799,road_vertex,way/350190784
N12d4997082_41d8884378,12.4997082,41.8884378,road_vertex,way/122185783
N12d4997115_41d8959461,12.4997115,41.8959461,road_vertex,way/24167334
N12d4997131_41d8901569,12.4997131,41.8901569,road_vertex,way/1429907373
N12d4997156_41d8883218,12.4997156,41.8883218,road_vertex,way/139613595
N12d4997169_41d8899456,12.4997169,41.8899456,road_vertex,way/211042754
N12d4997185_41d8899696,12.4997185,41.8899696,road_vertex,way/1429907373
N12d4997198_41d8897651,12.4997198,41.8897651,road_vertex,way/1224751840
N12d4997225_41d8851362,12.4997225,41.8851362,road_vertex,way/24566961
N12d4997324_41d8921618,12.4997324,41.8921618,road_vertex,way/1362628690
N12d4997346_41d8859716,12.4997346,41.8859716,road_vertex,way/1077377646
N12d4997354_41d8895998,12.4997354,41.8895998,road_vertex,way/196667870
N12d4997380_41d8858154,12.4997380,41.8858154,road_vertex,way/159255538
N12d4997412_41d8883646,12.4997412,41.8883646,road_vertex,way/1236922743
N12d4997437_41d8882920,12.4997437,41.8882920,road_vertex,way/139613595
N12d4997437_41d8896287,12.4997437,41.8896287,road_vertex,way/1224751831
N12d4997461_41d8852268,12.4997461,41.8852268,road_vertex,way/350190784
N12d4997465_41d8969267,12.4997465,41.8969267,road_vertex,way/472228275
N12d4997480_41d8909402,12.4997480,41.8909402,road_vertex,way/1364311553
N12d4997520_41d8956499,12.4997520,41.8956499,road_vertex,way/562726909
N12d4997547_41d8882293,12.4997547,41.8882293,road_vertex,way/139613595
N12d4997547_41d8883872,12.4997547,41.8883872,road_vertex,way/1382094276
N12d4997554_41d8958658,12.4997554,41.8958658,road_vertex,way/24167736
N12d4997584_41d8909476,12.4997584,41.8909476,road_vertex,way/1364304950
N12d4997596_41d8830649,12.4997596,41.8830649,road_vertex,way/223967646
N12d4997628_41d8901379,12.4997628,41.8901379,road_vertex,way/1429907373
N12d4997637_41d8899533,12.4997637,41.8899533,road_vertex,way/211042754
N12d4997664_41d8899861,12.4997664,41.8899861,road_vertex,way/1429907373
N12d4997731_41d8884179,12.4997731,41.8884179,road_vertex,way/1236922743
N12d4997739_41d8946446,12.4997739,41.8946446,road_vertex,way/761761316
N12d4997866_41d8897538,12.4997866,41.8897538,road_vertex,way/1224751840
N12d4997915_41d8879836,12.4997915,41.8879836,road_vertex,way/102290913
N12d4997922_41d8899656,12.4997922,41.8899656,road_vertex,way/211042754
N12d4997947_41d8894054,12.4997947,41.8894054,road_vertex,way/227781330
N12d4997954_41d8909929,12.4997954,41.8909929,road_vertex,way/1364304950
N12d4997996_41d8897939,12.4997996,41.8897939,road_vertex,way/346325175
N12d4998004_41d8950985,12.4998004,41.8950985,road_vertex,way/562726909
N12d4998018_41d8847572,12.4998018,41.8847572,road_vertex,way/106119414
N12d4998020_41d8958751,12.4998020,41.8958751,road_vertex,way/24167736
N12d4998060_41d8971919,12.4998060,41.8971919,road_vertex,way/463283873
N12d4998062_41d8898138,12.4998062,41.8898138,road_vertex,way/346325175
N12d4998074_41d8850263,12.4998074,41.8850263,road_vertex,way/106119395
N12d4998083_41d8881647,12.4998083,41.8881647,road_vertex,way/139613595
N12d4998169_41d8981104,12.4998169,41.8981104,road_vertex,way/108571049
N12d4998177_41d8894738,12.4998177,41.8894738,road_vertex,way/227781330
N12d4998179_41d8896142,12.4998179,41.8896142,road_vertex,way/1224751837
N12d4998227_41d8899854,12.4998227,41.8899854,road_vertex,way/211042754
N12d4998228_41d8910285,12.4998228,41.8910285,road_vertex,way/1364304950
N12d4998237_41d8898601,12.4998237,41.8898601,road_vertex,way/1224751838
N12d4998242_41d8858284,12.4998242,41.8858284,road_vertex,way/1077377646
N12d4998285_41d8856281,12.4998285,41.8856281,road_vertex,way/159255535
N12d4998292_41d8895079,12.4998292,41.8895079,road_vertex,way/232687721
N12d4998315_41d8910398,12.4998315,41.8910398,road_vertex,way/1364304948
N12d4998371_41d8879832,12.4998371,41.8879832,road_vertex,way/1382091412
N12d4998386_41d8895356,12.4998386,41.8895356,road_vertex,way/227781330
N12d4998394_41d8856918,12.4998394,41.8856918,road_vertex,way/159255538
N12d4998394_41d8958824,12.4998394,41.8958824,road_vertex,way/24167736
N12d4998447_41d8901152,12.4998447,41.8901152,road_vertex,way/1429907373
N12d4998483_41d8959355,12.4998483,41.8959355,road_vertex,way/472228275
N12d4998484_41d8950128,12.4998484,41.8950128,road_vertex,way/189558641
N12d4998509_41d8849700,12.4998509,41.8849700,road_vertex,way/24566962
N12d4998526_41d8895774,12.4998526,41.8895774,road_vertex,way/227781330
N12d4998528_41d8900179,12.4998528,41.8900179,road_vertex,way/24432513
N12d4998536_41d8980014,12.4998536,41.8980014,road_vertex,way/463283873
N12d4998553_41d8910526,12.4998553,41.8910526,road_vertex,way/1364304927
N12d4998594_41d8956830,12.4998594,41.8956830,road_vertex,way/472228286
N12d4998609_41d8980917,12.4998609,41.8980917,road_vertex,way/108571049
N12d4998610_41d8897409,12.4998610,41.8897409,road_vertex,way/1224751839
N12d4998645_41d8855265,12.4998645,41.8855265,road_vertex,way/159255535
N12d4998651_41d8959229,12.4998651,41.8959229,road_vertex,way/1361730078
N12d4998664_41d8909383,12.4998664,41.8909383,road_vertex,way/23780634
N12d4998672_41d8970553,12.4998672,41.8970553,road_vertex,way/258581214
N12d4998734_41d8959111,12.4998734,41.8959111,road_vertex,way/1361730078
N12d4998802_41d8980828,12.4998802,41.8980828,road_vertex,way/108571049
N12d4998840_41d8881046,12.4998840,41.8881046,road_vertex,way/139613595
N12d4998862_41d8901487,12.4998862,41.8901487,road_vertex,way/22895646
N12d4998866_41d8881426,12.4998866,41.8881426,road_vertex,way/139613595
N12d4998901_41d8958891,12.4998901,41.8958891,road_vertex,way/472228285
N12d4998953_41d8909678,12.4998953,41.8909678,road_vertex,way/181276125
N12d4998968_41d8900766,12.4998968,41.8900766,road_vertex,way/24432513
N12d4998977_41d8883791,12.4998977,41.8883791,road_vertex,way/122185783
N12d4998985_41d8980731,12.4998985,41.8980731,road_vertex,way/108571049
N12d4999034_41d8898459,12.4999034,41.8898459,road_vertex,way/1224751838
N12d4999045_41d8857163,12.4999045,41.8857163,road_vertex,way/1077377646
N12d4999120_41d8958471,12.4999120,41.8958471,road_vertex,way/472228285
N12d4999135_41d8865986,12.4999135,41.8865986,road_vertex,way/366647670
N12d4999162_41d8950910,12.4999162,41.8950910,road_vertex,way/95509129
N12d4999174_41d8854564,12.4999174,41.8854564,road_vertex,way/159255535
N12d4999198_41d8909483,12.4999198,41.8909483,road_vertex,way/1364304945
N12d4999209_41d8850000,12.4999209,41.8850000,road_vertex,way/24566962
N12d4999215_41d8833948,12.4999215,41.8833948,road_vertex,way/223967644
N12d4999218_41d8979615,12.4999218,41.8979615,road_vertex,way/463283873
N12d4999263_41d8943697,12.4999263,41.8943697,road_vertex,way/761761316
N12d4999343_41d8831487,12.4999343,41.8831487,road_vertex,way/223967646
N12d4999343_41d8901330,12.4999343,41.8901330,road_vertex,way/165613073
N12d4999385_41d8971270,12.4999385,41.8971270,road_vertex,way/463283873
N12d4999398_41d8958922,12.4999398,41.8958922,road_vertex,way/24167736
N12d4999521_41d8952786,12.4999521,41.8952786,road_vertex,way/1361730067
N12d4999614_41d8900332,12.4999614,41.8900332,road_vertex,way/1224751835
N12d4999622_41d8848259,12.4999622,41.8848259,road_vertex,way/24566961
N12d4999651_41d8833558,12.4999651,41.8833558,road_vertex,way/43635885
N12d4999666_41d8831910,12.4999666,41.8831910,road_vertex,way/43635886
N12d4999679_41d8970023,12.4999679,41.8970023,road_vertex,way/258581214
N12d4999738_41d8952373,12.4999738,41.8952373,road_vertex,way/1361730067
N12d4999774_41d8957194,12.4999774,41.8957194,road_vertex,way/472228286
N12d4999838_41d8952197,12.4999838,41.8952197,road_vertex,way/1296660797
N12d4999880_41d8980283,12.4999880,41.8980283,road_vertex,way/108571049
N12d4999883_41d8979114,12.4999883,41.8979114,road_vertex,way/463283873
N12d4999902_41d8900640,12.4999902,41.8900640,road_vertex,way/1224751835
N12d4999907_41d8958924,12.4999907,41.8958924,road_vertex,way/24167736
N12d4999929_41d8957921,12.4999929,41.8957921,road_vertex,way/81741052
N12d5000027_41d8831547,12.5000027,41.8831547,road_vertex,way/223967645
N12d5000031_41d8951872,12.5000031,41.8951872,road_vertex,way/562726911
N12d5000041_41d8857866,12.5000041,41.8857866,road_vertex,way/159255536
N12d5000247_41d8857523,12.5000247,41.8857523,road_vertex,way/159255538
N12d5000288_41d8951437,12.5000288,41.8951437,road_vertex,way/1296660798
N12d5000308_41d8958915,12.5000308,41.8958915,road_vertex,way/81756179
N12d5000417_41d8951390,12.5000417,41.8951390,road_vertex,way/1296660798
N12d5000529_41d8878941,12.5000529,41.8878941,road_vertex,way/102290913
N12d5000565_41d8953312,12.5000565,41.8953312,road_vertex,way/221973581
N12d5000630_41d8957870,12.5000630,41.8957870,road_vertex,way/81741052
N12d5000636_41d8883773,12.5000636,41.8883773,road_vertex,way/1220404943
N12d5000640_41d8951108,12.5000640,41.8951108,road_vertex,way/1296660798
N12d5000658_41d8979802,12.5000658,41.8979802,road_vertex,way/108571049
N12d5000749_41d8969466,12.5000749,41.8969466,road_vertex,way/258581214
N12d5000806_41d8958889,12.5000806,41.8958889,road_vertex,way/81756179
N12d5000857_41d8952794,12.5000857,41.8952794,road_vertex,way/95509129
N12d5000940_41d8959172,12.5000940,41.8959172,road_vertex,way/472228275
N12d5000972_41d8892317,12.5000972,41.8892317,road_vertex,way/1169437191
N12d5000973_41d8944226,12.5000973,41.8944226,road_vertex,way/761761315
N12d5001017_41d8866378,12.5001017,41.8866378,road_vertex,way/1382091410
N12d5001048_41d8908014,12.5001048,41.8908014,road_vertex,way/181276125
N12d5001114_41d8950085,12.5001114,41.8950085,road_vertex,way/1296660796
N12d5001182_41d8957840,12.5001182,41.8957840,road_vertex,way/81741072
N12d5001190_41d8892966,12.5001190,41.8892966,road_vertex,way/1303521896
N12d5001214_41d8893059,12.5001214,41.8893059,road_vertex,way/1303521896
N12d5001285_41d8878691,12.5001285,41.8878691,road_vertex,way/102290913
N12d5001309_41d8893423,12.5001309,41.8893423,road_vertex,way/1303521896
N12d5001311_41d8949662,12.5001311,41.8949662,road_vertex,way/1361730071
N12d5001316_41d8911653,12.5001316,41.8911653,road_vertex,way/1364304945
N12d5001359_41d8949556,12.5001359,41.8949556,road_vertex,way/1361730071
N12d5001486_41d8957831,12.5001486,41.8957831,road_vertex,way/81741072
N12d5001529_41d8838012,12.5001529,41.8838012,road_vertex,way/1362569030
N12d5001549_41d8900137,12.5001549,41.8900137,road_vertex,way/1224751835
N12d5001590_41d8949568,12.5001590,41.8949568,road_vertex,way/562726912
N12d5001658_41d8970008,12.5001658,41.8970008,road_vertex,way/463283873
N12d5001754_41d8953670,12.5001754,41.8953670,road_vertex,way/472228283
N12d5001775_41d8937994,12.5001775,41.8937994,road_vertex,way/761761317
N12d5001776_41d8950060,12.5001776,41.8950060,road_vertex,way/22886026
N12d5001818_41d8951100,12.5001818,41.8951100,road_vertex,way/472228288
N12d5001825_41d8979098,12.5001825,41.8979098,road_vertex,way/108571049
N12d5001830_41d8938839,12.5001830,41.8938839,road_vertex,way/761761316
N12d5001848_41d8957821,12.5001848,41.8957821,road_vertex,way/81741065
N12d5001925_41d8968881,12.5001925,41.8968881,road_vertex,way/258581214
N12d5002027_41d8953752,12.5002027,41.8953752,road_vertex,way/221973583
N12d5002212_41d8948465,12.5002212,41.8948465,road_vertex,way/1361730068
N12d5002240_41d8957810,12.5002240,41.8957810,road_vertex,way/587941833
N12d5002332_41d8888014,12.5002332,41.8888014,road_vertex,way/927830549
N12d5002358_41d8978772,12.5002358,41.8978772,road_vertex,way/108571049
N12d5002393_41d8969496,12.5002393,41.8969496,road_vertex,way/463283873
N12d5002394_41d8948523,12.5002394,41.8948523,road_vertex,way/1361730068
N12d5002434_41d8831451,12.5002434,41.8831451,road_vertex,way/223967645
N12d5002442_41d8950046,12.5002442,41.8950046,road_vertex,way/22886026
N12d5002468_41d8857858,12.5002468,41.8857858,road_vertex,way/159255525
N12d5002841_41d8889991,12.5002841,41.8889991,road_vertex,way/927830549
N12d5002897_41d8939361,12.5002897,41.8939361,road_vertex,way/761761317
N12d5002906_41d8831158,12.5002906,41.8831158,road_vertex,way/1273186710
N12d5002982_41d8951113,12.5002982,41.8951113,road_vertex,way/1361730073
N12d5003032_41d8845732,12.5003032,41.8845732,road_vertex,way/1369697105
N12d5003101_41d8954077,12.5003101,41.8954077,road_vertex,way/221973585
N12d5003152_41d8948739,12.5003152,41.8948739,road_vertex,way/472337847
N12d5003203_41d8849740,12.5003203,41.8849740,road_vertex,way/159255542
N12d5003231_41d8849475,12.5003231,41.8849475,road_vertex,way/159255542
N12d5003233_41d8951116,12.5003233,41.8951116,road_vertex,way/1361730073
N12d5003303_41d8867302,12.5003303,41.8867302,road_vertex,way/366647670
N12d5003307_41d8845392,12.5003307,41.8845392,road_vertex,way/1362569029
N12d5003476_41d8950866,12.5003476,41.8950866,road_vertex,way/472228283
N12d5003485_41d8890311,12.5003485,41.8890311,road_vertex,way/927830549
N12d5003526_41d8849997,12.5003526,41.8849997,road_vertex,way/159255542
N12d5003569_41d8950830,12.5003569,41.8950830,road_vertex,way/1361730072
N12d5003619_41d8945146,12.5003619,41.8945146,road_vertex,way/761761314
N12d5003621_41d8950746,12.5003621,41.8950746,road_vertex,way/1361730072
N12d5003703_41d8945175,12.5003703,41.8945175,road_vertex,way/761761314
N12d5003706_41d8829924,12.5003706,41.8829924,road_vertex,way/1273186709
N12d5003761_41d8844831,12.5003761,41.8844831,road_vertex,way/1362569030
N12d5003777_41d8858186,12.5003777,41.8858186,road_vertex,way/159255540
N12d5003792_41d8890264,12.5003792,41.8890264,road_vertex,way/927830549
N12d5003858_41d8915859,12.5003858,41.8915859,road_vertex,way/1364304927
N12d5003911_41d8915955,12.5003911,41.8915955,road_vertex,way/1471963345
N12d5003985_41d8916045,12.5003985,41.8916045,road_vertex,way/1471963345
N12d5003998_41d8949911,12.5003998,41.8949911,road_vertex,way/472228287
N12d5004003_41d8949003,12.5004003,41.8949003,road_vertex,way/1361730069
N12d5004007_41d8945281,12.5004007,41.8945281,road_vertex,way/761761313
N12d5004026_41d8954348,12.5004026,41.8954348,road_vertex,way/221973585
N12d5004111_41d8845791,12.5004111,41.8845791,road_vertex,way/159255534
N12d5004116_41d8930136,12.5004116,41.8930136,road_vertex,way/1361759625
N12d5004211_41d8949064,12.5004211,41.8949064,road_vertex,way/1361730069
N12d5004248_41d8900175,12.5004248,41.8900175,road_vertex,way/1224751842
N12d5004273_41d8949331,12.5004273,41.8949331,road_vertex,way/1361730070
N12d5004301_41d8916433,12.5004301,41.8916433,road_vertex,way/1052648705
N12d5004308_41d8949247,12.5004308,41.8949247,road_vertex,way/1361730070
N12d5004312_41d8915828,12.5004312,41.8915828,road_vertex,way/1471963344
N12d5004341_41d8903630,12.5004341,41.8903630,road_vertex,way/1364304940
N12d5004347_41d8948806,12.5004347,41.8948806,road_vertex,way/472337846
N12d5004427_41d8850411,12.5004427,41.8850411,road_vertex,way/159255543
N12d5004443_41d8954462,12.5004443,41.8954462,road_vertex,way/221973585
N12d5004524_41d8958790,12.5004524,41.8958790,road_vertex,way/472228275
N12d5004545_41d8846278,12.5004545,41.8846278,road_vertex,way/159255534
N12d5004577_41d8845220,12.5004577,41.8845220,road_vertex,way/22890835
N12d5004660_41d8916876,12.5004660,41.8916876,road_vertex,way/1364304929
N12d5004714_41d8866513,12.5004714,41.8866513,road_vertex,way/159255525
N12d5004721_41d8846047,12.5004721,41.8846047,road_vertex,way/159255539
N12d5004733_41d8916977,12.5004733,41.8916977,road_vertex,way/1364304929
N12d5004744_41d8846128,12.5004744,41.8846128,road_vertex,way/159255539
N12d5004759_41d8977302,12.5004759,41.8977302,road_vertex,way/108571049
N12d5004763_41d8845956,12.5004763,41.8845956,road_vertex,way/159255539
N12d5004764_41d8915655,12.5004764,41.8915655,road_vertex,way/1471963342
N12d5004797_41d8846216,12.5004797,41.8846216,road_vertex,way/159255539
N12d5004828_41d8847456,12.5004828,41.8847456,road_vertex,way/159255542
N12d5004841_41d8845875,12.5004841,41.8845875,road_vertex,way/159255539
N12d5004861_41d8890101,12.5004861,41.8890101,road_vertex,way/927830549
N12d5004888_41d8954570,12.5004888,41.8954570,road_vertex,way/221973585
N12d5004914_41d8916918,12.5004914,41.8916918,road_vertex,way/1364304928
N12d5004925_41d8945600,12.5004925,41.8945600,road_vertex,way/761761313
N12d5004960_41d8845835,12.5004960,41.8845835,road_vertex,way/159255539
N12d5005095_41d8846636,12.5005095,41.8846636,road_vertex,way/159255541
N12d5005117_41d8845852,12.5005117,41.8845852,road_vertex,way/159255539
N12d5005123_41d8856131,12.5005123,41.8856131,road_vertex,way/159255540
N12d5005161_41d8846556,12.5005161,41.8846556,road_vertex,way/159255539
N12d5005170_41d8838792,12.5005170,41.8838792,road_vertex,way/107257937
N12d5005227_41d8916117,12.5005227,41.8916117,road_vertex,way/24492269
N12d5005259_41d8956755,12.5005259,41.8956755,road_vertex,way/587941832
N12d5005283_41d8915370,12.5005283,41.8915370,road_vertex,way/1364304945
N12d5005284_41d8968327,12.5005284,41.8968327,road_vertex,way/463283873
N12d5005313_41d8957685,12.5005313,41.8957685,road_vertex,way/587941833
N12d5005320_41d8915441,12.5005320,41.8915441,road_vertex,way/1471963342
N12d5005346_41d8882316,12.5005346,41.8882316,road_vertex,way/1220404943
N12d5005359_41d8866496,12.5005359,41.8866496,road_vertex,way/159255525
N12d5005382_41d8846760,12.5005382,41.8846760,road_vertex,way/159255542
N12d5005389_41d8954683,12.5005389,41.8954683,road_vertex,way/221973585
N12d5005426_41d8915403,12.5005426,41.8915403,road_vertex,way/1364304945
N12d5005490_41d8868017,12.5005490,41.8868017,road_vertex,way/366647670
N12d5005533_41d8915363,12.5005533,41.8915363,road_vertex,way/1471963343
N12d5005577_41d8889991,12.5005577,41.8889991,road_vertex,way/927830549
N12d5005577_41d8965408,12.5005577,41.8965408,road_vertex,way/1361722416
N12d5005590_41d8855829,12.5005590,41.8855829,road_vertex,way/159255540
N12d5005630_41d8915467,12.5005630,41.8915467,road_vertex,way/1471963343
N12d5005633_41d8877473,12.5005633,41.8877473,road_vertex,way/102290913
N12d5005784_41d8965642,12.5005784,41.8965642,road_vertex,way/1361722416
N12d5005867_41d8884240,12.5005867,41.8884240,road_vertex,way/139855118
N12d5005867_41d8890988,12.5005867,41.8890988,road_vertex,way/927830549
N12d5005873_41d8968354,12.5005873,41.8968354,road_vertex,way/463283873
N12d5005904_41d8844899,12.5005904,41.8844899,road_vertex,way/191153019
N12d5005950_41d8920464,12.5005950,41.8920464,road_vertex,way/352627901
N12d5005970_41d8915814,12.5005970,41.8915814,road_vertex,way/1471963341
N12d5005982_41d8966774,12.5005982,41.8966774,road_vertex,way/258581214
N12d5006005_41d8868185,12.5006005,41.8868185,road_vertex,way/366647670
N12d5006031_41d8957655,12.5006031,41.8957655,road_vertex,way/587941833
N12d5006039_41d8866415,12.5006039,41.8866415,road_vertex,way/159255525
N12d5006080_41d8847998,12.5006080,41.8847998,road_vertex,way/159255533
N12d5006104_41d8920610,12.5006104,41.8920610,road_vertex,way/352627901
N12d5006104_41d8954830,12.5006104,41.8954830,road_vertex,way/221973585
N12d5006196_41d8892125,12.5006196,41.8892125,road_vertex,way/927830549
N12d5006223_41d8892217,12.5006223,41.8892217,road_vertex,way/1220332435
N12d5006311_41d8967613,12.5006311,41.8967613,road_vertex,way/463283876
N12d5006320_41d8892546,12.5006320,41.8892546,road_vertex,way/927830549
N12d5006390_41d8967824,12.5006390,41.8967824,road_vertex,way/1361722418
N12d5006405_41d8920073,12.5006405,41.8920073,road_vertex,way/352627896
N12d5006430_41d8841440,12.5006430,41.8841440,road_vertex,way/1362569030
N12d5006439_41d8865787,12.5006439,41.8865787,road_vertex,way/159255525
N12d5006443_41d8916295,12.5006443,41.8916295,road_vertex,way/1471963341
N12d5006486_41d8868330,12.5006486,41.8868330,road_vertex,way/366647670
N12d5006495_41d8920173,12.5006495,41.8920173,road_vertex,way/352627901
N12d5006511_41d8916367,12.5006511,41.8916367,road_vertex,way/1364304931
N12d5006538_41d8881095,12.5006538,41.8881095,road_vertex,way/1382094276
N12d5006550_41d8968054,12.5006550,41.8968054,road_vertex,way/1361722418
N12d5006569_41d8916582,12.5006569,41.8916582,road_vertex,way/1364304931
N12d5006585_41d8966452,12.5006585,41.8966452,road_vertex,way/463283877
N12d5006596_41d8841596,12.5006596,41.8841596,road_vertex,way/1362569030
N12d5006597_41d8868188,12.5006597,41.8868188,road_vertex,way/1382091410
N12d5006618_41d8848231,12.5006618,41.8848231,road_vertex,way/159255537
N12d5006646_41d8924029,12.5006646,41.8924029,road_vertex,way/352627895
N12d5006649_41d8920287,12.5006649,41.8920287,road_vertex,way/352627901
N12d5006655_41d8967426,12.5006655,41.8967426,road_vertex,way/463283876
N12d5006664_41d8847324,12.5006664,41.8847324,road_vertex,way/159255541
N12d5006667_41d8847245,12.5006667,41.8847245,road_vertex,way/159255537
N12d5006676_41d8848257,12.5006676,41.8848257,road_vertex,way/159255543
N12d5006855_41d8954974,12.5006855,41.8954974,road_vertex,way/350963936
N12d5006901_41d8920506,12.5006901,41.8920506,road_vertex,way/352627897
N12d5006912_41d8967280,12.5006912,41.8967280,road_vertex,way/1361722419
N12d5006919_41d8966790,12.5006919,41.8966790,road_vertex,way/1361722417
N12d5006921_41d8868458,12.5006921,41.8868458,road_vertex,way/366647670
N12d5006995_41d8842284,12.5006995,41.8842284,road_vertex,way/22890835
N12d5007023_41d8923435,12.5007023,41.8923435,road_vertex,way/352627895
N12d5007030_41d8967227,12.5007030,41.8967227,road_vertex,way/1361722419
N12d5007106_41d8966950,12.5007106,41.8966950,road_vertex,way/1361722417
N12d5007115_41d8920951,12.5007115,41.8920951,road_vertex,way/352627895
N12d5007123_41d8920632,12.5007123,41.8920632,road_vertex,way/352627897
N12d5007149_41d8923123,12.5007149,41.8923123,road_vertex,way/352627895
N12d5007181_41d8919808,12.5007181,41.8919808,road_vertex,way/352627899
N12d5007191_41d8921613,12.5007191,41.8921613,road_vertex,way/352627895
N12d5007194_41d8888873,12.5007194,41.8888873,road_vertex,way/1052648704
N12d5007207_41d8842020,12.5007207,41.8842020,road_vertex,way/325373412
N12d5007219_41d8902474,12.5007219,41.8902474,road_vertex,way/106129566
N12d5007233_41d8922592,12.5007233,41.8922592,road_vertex,way/352627895
N12d5007247_41d8922123,12.5007247,41.8922123,road_vertex,way/352627895
N12d5007261_41d8920520,12.5007261,41.8920520,road_vertex,way/352627895
N12d5007298_41d8941271,12.5007298,41.8941271,road_vertex,way/24167915
N12d5007309_41d8898327,12.5007309,41.8898327,road_vertex,way/1224751843
N12d5007313_41d8902935,12.5007313,41.8902935,road_vertex,way/106129566
N12d5007320_41d8919933,12.5007320,41.8919933,road_vertex,way/352627899
N12d5007365_41d8868589,12.5007365,41.8868589,road_vertex,way/366647670
N12d5007370_41d8903081,12.5007370,41.8903081,road_vertex,way/1364304940
N12d5007405_41d8901904,12.5007405,41.8901904,road_vertex,way/106129566
N12d5007419_41d8847648,12.5007419,41.8847648,road_vertex,way/159255541
N12d5007487_41d8898643,12.5007487,41.8898643,road_vertex,way/1224751843
N12d5007487_41d8903719,12.5007487,41.8903719,road_vertex,way/25696269
N12d5007530_41d8890121,12.5007530,41.8890121,road_vertex,way/1052648704
N12d5007555_41d8901731,12.5007555,41.8901731,road_vertex,way/106129566
N12d5007663_41d8955124,12.5007663,41.8955124,road_vertex,way/350963936
N12d5007705_41d8841397,12.5007705,41.8841397,road_vertex,way/22890835
N12d5007743_41d8867427,12.5007743,41.8867427,road_vertex,way/159110213
N12d5007769_41d8842688,12.5007769,41.8842688,road_vertex,way/191153019
N12d5007787_41d8867752,12.5007787,41.8867752,road_vertex,way/159110213
N12d5007797_41d8848521,12.5007797,41.8848521,road_vertex,way/159255543
N12d5007802_41d8899083,12.5007802,41.8899083,road_vertex,way/1224751843
N12d5007851_41d8890370,12.5007851,41.8890370,road_vertex,way/1052648704
N12d5007864_41d8920175,12.5007864,41.8920175,road_vertex,way/352627895
N12d5007899_41d8859583,12.5007899,41.8859583,road_vertex,way/159255525
N12d5007929_41d8868748,12.5007929,41.8868748,road_vertex,way/366647670
N12d5007947_41d8842533,12.5007947,41.8842533,road_vertex,way/325373412
N12d5007974_41d8883907,12.5007974,41.8883907,road_vertex,way/1052648702
N12d5008067_41d8920061,12.5008067,41.8920061,road_vertex,way/1364304928
N12d5008068_41d8884222,12.5008068,41.8884222,road_vertex,way/1052648702
N12d5008085_41d8891904,12.5008085,41.8891904,road_vertex,way/1224741371
N12d5008121_41d8842633,12.5008121,41.8842633,road_vertex,way/325373411
N12d5008129_41d8867981,12.5008129,41.8867981,road_vertex,way/159110213
N12d5008162_41d8941566,12.5008162,41.8941566,road_vertex,way/24167915
N12d5008168_41d8902961,12.5008168,41.8902961,road_vertex,way/1364304941
N12d5008199_41d8892227,12.5008199,41.8892227,road_vertex,way/227781322
N12d5008284_41d8963897,12.5008284,41.8963897,road_vertex,way/24167739
N12d5008288_41d8963689,12.5008288,41.8963689,road_vertex,way/24167739
N12d5008307_41d8964134,12.5008307,41.8964134,road_vertex,way/472228275
N12d5008308_41d8963439,12.5008308,41.8963439,road_vertex,way/24167739
N12d5008310_41d8903400,12.5008310,41.8903400,road_vertex,way/1364304941
N12d5008358_41d8941881,12.5008358,41.8941881,road_vertex,way/472337846
N12d5008362_41d8964371,12.5008362,41.8964371,road_vertex,way/24167739
N12d5008383_41d8903577,12.5008383,41.8903577,road_vertex,way/1364304939
N12d5008435_41d8892870,12.5008435,41.8892870,road_vertex,way/227781322
N12d5008444_41d8964598,12.5008444,41.8964598,road_vertex,way/24167739
N12d5008449_41d8859757,12.5008449,41.8859757,road_vertex,way/159255540
N12d5008456_41d8904230,12.5008456,41.8904230,road_vertex,way/1364304925
N12d5008484_41d8903779,12.5008484,41.8903779,road_vertex,way/1364304939
N12d5008509_41d8900970,12.5008509,41.8900970,road_vertex,way/190296550
N12d5008529_41d8893138,12.5008529,41.8893138,road_vertex,way/227781322
N12d5008546_41d8955399,12.5008546,41.8955399,road_vertex,way/221973580
N12d5008560_41d8941532,12.5008560,41.8941532,road_vertex,way/472337846
N12d5008567_41d8964778,12.5008567,41.8964778,road_vertex,way/24167739
N12d5008587_41d8893299,12.5008587,41.8893299,road_vertex,way/232687721
N12d5008594_41d8898306,12.5008594,41.8898306,road_vertex,way/165613073
N12d5008611_41d8932943,12.5008611,41.8932943,road_vertex,way/1361759616
N12d5008638_41d8904197,12.5008638,41.8904197,road_vertex,way/1364304938
N12d5008641_41d8893449,12.5008641,41.8893449,road_vertex,way/227781322
N12d5008671_41d8914181,12.5008671,41.8914181,road_vertex,way/1364304926
N12d5008717_41d8964947,12.5008717,41.8964947,road_vertex,way/24167739
N12d5008755_41d8919673,12.5008755,41.8919673,road_vertex,way/352627895
N12d5008757_41d8842107,12.5008757,41.8842107,road_vertex,way/325373411
N12d5008772_41d8893813,12.5008772,41.8893813,road_vertex,way/227781322
N12d5008865_41d8898756,12.5008865,41.8898756,road_vertex,way/1224751842
N12d5008872_41d8894092,12.5008872,41.8894092,road_vertex,way/1224751834
N12d5008879_41d8880668,12.5008879,41.8880668,road_vertex,way/122185783
N12d5008921_41d8894209,12.5008921,41.8894209,road_vertex,way/1224751834
N12d5008956_41d8965167,12.5008956,41.8965167,road_vertex,way/258581214
N12d5008974_41d8887238,12.5008974,41.8887238,road_vertex,way/1052648702
N12d5009054_41d8936153,12.5009054,41.8936153,road_vertex,way/1361759626
N12d5009085_41d8881091,12.5009085,41.8881091,road_vertex,way/1382094275
N12d5009188_41d8876577,12.5009188,41.8876577,road_vertex,way/1382091412
N12d5009218_41d8898648,12.5009218,41.8898648,road_vertex,way/1224751842
N12d5009241_41d8841706,12.5009241,41.8841706,road_vertex,way/325373411
N12d5009348_41d8958535,12.5009348,41.8958535,road_vertex,way/472228275
N12d5009355_41d8860137,12.5009355,41.8860137,road_vertex,way/159255525
N12d5009367_41d8936249,12.5009367,41.8936249,road_vertex,way/1361759626
N12d5009397_41d8860855,12.5009397,41.8860855,road_vertex,way/159255525
N12d5009402_41d8904236,12.5009402,41.8904236,road_vertex,way/1364304925
N12d5009403_41d8958274,12.5009403,41.8958274,road_vertex,way/81756179
N12d5009407_41d8860530,12.5009407,41.8860530,road_vertex,way/159255525
N12d5009408_41d8934311,12.5009408,41.8934311,road_vertex,way/22886002
N12d5009424_41d8935469,12.5009424,41.8935469,road_vertex,way/1361759625
N12d5009426_41d8893683,12.5009426,41.8893683,road_vertex,way/24432504
N12d5009431_41d8857129,12.5009431,41.8857129,road_vertex,way/159255540
N12d5009487_41d8898750,12.5009487,41.8898750,road_vertex,way/1224751842
N12d5009496_41d8864556,12.5009496,41.8864556,road_vertex,way/159110213
N12d5009528_41d8935278,12.5009528,41.8935278,road_vertex,way/837236572
N12d5009560_41d8894098,12.5009560,41.8894098,road_vertex,way/1224743897
N12d5009639_41d8933897,12.5009639,41.8933897,road_vertex,way/1361759616
N12d5009688_41d8841336,12.5009688,41.8841336,road_vertex,way/325373411
N12d5009695_41d8903352,12.5009695,41.8903352,road_vertex,way/23578475
N12d5009696_41d8889642,12.5009696,41.8889642,road_vertex,way/1052648702
N12d5009754_41d8857664,12.5009754,41.8857664,road_vertex,way/159255540
N12d5009781_41d8897986,12.5009781,41.8897986,road_vertex,way/165613073
N12d5009804_41d8898660,12.5009804,41.8898660,road_vertex,way/1224751844
N12d5009808_41d8890017,12.5009808,41.8890017,road_vertex,way/1052648704
N12d5009840_41d8934693,12.5009840,41.8934693,road_vertex,way/837236572
N12d5009850_41d8904363,12.5009850,41.8904363,road_vertex,way/1364304943
N12d5009920_41d8902622,12.5009920,41.8902622,road_vertex,way/1364304940
N12d5009951_41d8876225,12.5009951,41.8876225,road_vertex,way/102290913
N12d5009954_41d8915042,12.5009954,41.8915042,road_vertex,way/1364304923
N12d5009974_41d8833692,12.5009974,41.8833692,road_vertex,way/1273186710
N12d5009990_41d8868645,12.5009990,41.8868645,road_vertex,way/159110213
N12d5010015_41d8936458,12.5010015,41.8936458,road_vertex,way/472337848
N12d5010019_41d8895560,12.5010019,41.8895560,road_vertex,way/24432504
N12d5010032_41d8899743,12.5010032,41.8899743,road_vertex,way/190296550
N12d5010041_41d8904295,12.5010041,41.8904295,road_vertex,way/1364304944
N12d5010057_41d8897464,12.5010057,41.8897464,road_vertex,way/1224751829
N12d5010087_41d8898359,12.5010087,41.8898359,road_vertex,way/1224751844
N12d5010121_41d8898565,12.5010121,41.8898565,road_vertex,way/1224751844
N12d5010125_41d8897879,12.5010125,41.8897879,road_vertex,way/24432504
N12d5010142_41d8934218,12.5010142,41.8934218,road_vertex,way/1361759617
N12d5010229_41d8915023,12.5010229,41.8915023,road_vertex,way/1364304923
N12d5010257_41d8934991,12.5010257,41.8934991,road_vertex,way/22886002
N12d5010368_41d8893819,12.5010368,41.8893819,road_vertex,way/1224751828
N12d5010400_41d8893932,12.5010400,41.8893932,road_vertex,way/1224751828
N12d5010408_41d8933730,12.5010408,41.8933730,road_vertex,way/1361759617
N12d5010411_41d8897669,12.5010411,41.8897669,road_vertex,way/24432504
N12d5010453_41d8920648,12.5010453,41.8920648,road_vertex,way/1364304931
N12d5010497_41d8904181,12.5010497,41.8904181,road_vertex,way/1364304944
N12d5010560_41d8897419,12.5010560,41.8897419,road_vertex,way/24432504
N12d5010579_41d8897154,12.5010579,41.8897154,road_vertex,way/24432504
N12d5010583_41d8958205,12.5010583,41.8958205,road_vertex,way/24167740
N12d5010652_41d8956079,12.5010652,41.8956079,road_vertex,way/221973580
N12d5010658_41d8903722,12.5010658,41.8903722,road_vertex,way/1364304914
N12d5010694_41d8935265,12.5010694,41.8935265,road_vertex,way/1217273543
N12d5010733_41d8913948,12.5010733,41.8913948,road_vertex,way/24492269
N12d5010761_41d8897956,12.5010761,41.8897956,road_vertex,way/1224751844
N12d5010783_41d8972587,12.5010783,41.8972587,road_vertex,way/463283873
N12d5010802_41d8972309,12.5010802,41.8972309,road_vertex,way/463283873
N12d5010850_41d8972474,12.5010850,41.8972474,road_vertex,way/463283873
N12d5010854_41d8904091,12.5010854,41.8904091,road_vertex,way/1364304944
N12d5010971_41d8936769,12.5010971,41.8936769,road_vertex,way/1361759627
N12d5010989_41d8904053,12.5010989,41.8904053,road_vertex,way/1364304942
N12d5011041_41d8833974,12.5011041,41.8833974,road_vertex,way/1273186710
N12d5011073_41d8903455,12.5011073,41.8903455,road_vertex,way/1364295636
N12d5011163_41d8936812,12.5011163,41.8936812,road_vertex,way/1361759627
N12d5011197_41d8844854,12.5011197,41.8844854,road_vertex,way/191153019
N12d5011209_41d8862077,12.5011209,41.8862077,road_vertex,way/159110195
N12d5011218_41d8868944,12.5011218,41.8868944,road_vertex,way/159110213
N12d5011344_41d8883374,12.5011344,41.8883374,road_vertex,way/139855118
N12d5011400_41d8973194,12.5011400,41.8973194,road_vertex,way/108571049
N12d5011418_41d8897868,12.5011418,41.8897868,road_vertex,way/1224743896
N12d5011461_41d8972231,12.5011461,41.8972231,road_vertex,way/23338544
N12d5011469_41d8869457,12.5011469,41.8869457,road_vertex,way/1382091411
N12d5011591_41d8935866,12.5011591,41.8935866,road_vertex,way/1217273544
N12d5011642_41d8958171,12.5011642,41.8958171,road_vertex,way/24167740
N12d5011643_41d8971779,12.5011643,41.8971779,road_vertex,way/1237270878
N12d5011667_41d8832483,12.5011667,41.8832483,road_vertex,way/1273186709
N12d5011674_41d8883322,12.5011674,41.8883322,road_vertex,way/139855118
N12d5011732_41d8936344,12.5011732,41.8936344,road_vertex,way/1361759635
N12d5011765_41d8972530,12.5011765,41.8972530,road_vertex,way/24876984
N12d5011830_41d8936263,12.5011830,41.8936263,road_vertex,way/837236571
N12d5011893_41d8971803,12.5011893,41.8971803,road_vertex,way/1237270878
N12d5011939_41d8936128,12.5011939,41.8936128,road_vertex,way/1217273544
N12d5011951_41d8914209,12.5011951,41.8914209,road_vertex,way/1364304923
N12d5011974_41d8869774,12.5011974,41.8869774,road_vertex,way/366647670
N12d5011993_41d8971804,12.5011993,41.8971804,road_vertex,way/1237270878
N12d5012058_41d8958170,12.5012058,41.8958170,road_vertex,way/24167740
N12d5012062_41d8935530,12.5012062,41.8935530,road_vertex,way/1471963346
N12d5012084_41d8880023,12.5012084,41.8880023,road_vertex,way/1382094275
N12d5012190_41d8935810,12.5012190,41.8935810,road_vertex,way/1361759628
N12d5012253_41d8935705,12.5012253,41.8935705,road_vertex,way/1471963346
N12d5012265_41d8936426,12.5012265,41.8936426,road_vertex,way/1217273544
N12d5012402_41d8885707,12.5012402,41.8885707,road_vertex,way/139855118
N12d5012403_41d8913192,12.5012403,41.8913192,road_vertex,way/24492269
N12d5012441_41d8972128,12.5012441,41.8972128,road_vertex,way/24876984
N12d5012484_41d8834248,12.5012484,41.8834248,road_vertex,way/1273186710
N12d5012618_41d8958160,12.5012618,41.8958160,road_vertex,way/141394862
N12d5012710_41d8869017,12.5012710,41.8869017,road_vertex,way/159110213
N12d5012727_41d8892527,12.5012727,41.8892527,road_vertex,way/232687721
N12d5012800_41d8958505,12.5012800,41.8958505,road_vertex,way/141394862
N12d5013028_41d8887757,12.5013028,41.8887757,road_vertex,way/139855118
N12d5013050_41d8912402,12.5013050,41.8912402,road_vertex,way/1364304926
N12d5013200_41d8973230,12.5013200,41.8973230,road_vertex,way/463283881
N12d5013235_41d8973360,12.5013235,41.8973360,road_vertex,way/463283881
N12d5013297_41d8957691,12.5013297,41.8957691,road_vertex,way/141394861
N12d5013313_41d8832796,12.5013313,41.8832796,road_vertex,way/1273186709
N12d5013414_41d8889021,12.5013414,41.8889021,road_vertex,way/139855118
N12d5013452_41d8958584,12.5013452,41.8958584,road_vertex,way/170705242
N12d5013485_41d8897802,12.5013485,41.8897802,road_vertex,way/1382092569
N12d5013514_41d8889349,12.5013514,41.8889349,road_vertex,way/1052648704
N12d5013521_41d8928104,12.5013521,41.8928104,road_vertex,way/1361759616
N12d5013540_41d8854302,12.5013540,41.8854302,road_vertex,way/159255543
N12d5013598_41d8870176,12.5013598,41.8870176,road_vertex,way/366647670
N12d5013624_41d8927932,12.5013624,41.8927932,road_vertex,way/1361759618
N12d5013660_41d8958563,12.5013660,41.8958563,road_vertex,way/170705242
N12d5013713_41d8890001,12.5013713,41.8890001,road_vertex,way/1052648703
N12d5013783_41d8870149,12.5013783,41.8870149,road_vertex,way/106365788
N12d5013801_41d8869103,12.5013801,41.8869103,road_vertex,way/159110213
N12d5013834_41d8897561,12.5013834,41.8897561,road_vertex,way/1382092569
N12d5013867_41d8957642,12.5013867,41.8957642,road_vertex,way/141394861
N12d5013872_41d8834483,12.5013872,41.8834483,road_vertex,way/1273186710
N12d5013893_41d8857019,12.5013893,41.8857019,road_vertex,way/159110212
N12d5013913_41d8854319,12.5013913,41.8854319,road_vertex,way/159255543
N12d5013915_41d8890747,12.5013915,41.8890747,road_vertex,way/1052648703
N12d5013926_41d8857777,12.5013926,41.8857777,road_vertex,way/159110212
N12d5013966_41d8890918,12.5013966,41.8890918,road_vertex,way/1224741371
N12d5013973_41d8870082,12.5013973,41.8870082,road_vertex,way/1382091411
N12d5014040_41d8891218,12.5014040,41.8891218,road_vertex,way/139476075
N12d5014070_41d8902567,12.5014070,41.8902567,road_vertex,way/23578475
N12d5014079_41d8928052,12.5014079,41.8928052,road_vertex,way/1361759618
N12d5014093_41d8870008,12.5014093,41.8870008,road_vertex,way/106365788
N12d5014101_41d8845867,12.5014101,41.8845867,road_vertex,way/22890845
N12d5014145_41d8948488,12.5014145,41.8948488,road_vertex,way/1361730074
N12d5014168_41d8891610,12.5014168,41.8891610,road_vertex,way/139476074
N12d5014172_41d8948609,12.5014172,41.8948609,road_vertex,way/1361730074
N12d5014196_41d8854137,12.5014196,41.8854137,road_vertex,way/159255543
N12d5014217_41d8869896,12.5014217,41.8869896,road_vertex,way/106365788
N12d5014218_41d8891778,12.5014218,41.8891778,road_vertex,way/139476074
N12d5014236_41d8949195,12.5014236,41.8949195,road_vertex,way/472228282
N12d5014249_41d8912292,12.5014249,41.8912292,road_vertex,way/24492269
N12d5014293_41d8949716,12.5014293,41.8949716,road_vertex,way/1361730075
N12d5014323_41d8949965,12.5014323,41.8949965,road_vertex,way/1361730075
N12d5014355_41d8855926,12.5014355,41.8855926,road_vertex,way/159110212
N12d5014366_41d8950005,12.5014366,41.8950005,road_vertex,way/1361730076
N12d5014407_41d8926316,12.5014407,41.8926316,road_vertex,way/1361759619
N12d5014472_41d8844711,12.5014472,41.8844711,road_vertex,way/477686163
N12d5014514_41d8926443,12.5014514,41.8926443,road_vertex,way/1361759616
N12d5014515_41d8950188,12.5014515,41.8950188,road_vertex,way/1236287085
N12d5014546_41d8926166,12.5014546,41.8926166,road_vertex,way/1361759620
N12d5014592_41d8869290,12.5014592,41.8869290,road_vertex,way/159110213
N12d5014636_41d8928205,12.5014636,41.8928205,road_vertex,way/472337871
N12d5014665_41d8949983,12.5014665,41.8949983,road_vertex,way/1361730076
N12d5014704_41d8845391,12.5014704,41.8845391,road_vertex,way/107257937
N12d5014841_41d8949144,12.5014841,41.8949144,road_vertex,way/24167738
N12d5014859_41d8925829,12.5014859,41.8925829,road_vertex,way/1361759620
N12d5014887_41d8855219,12.5014887,41.8855219,road_vertex,way/159110212
N12d5014952_41d8949963,12.5014952,41.8949963,road_vertex,way/472228284
N12d5014993_41d8953605,12.5014993,41.8953605,road_vertex,way/1236287085
N12d5015059_41d8845111,12.5015059,41.8845111,road_vertex,way/477686163
N12d5015202_41d8925255,12.5015202,41.8925255,road_vertex,way/1361759621
N12d5015217_41d8925441,12.5015217,41.8925441,road_vertex,way/1361759621
N12d5015240_41d8834665,12.5015240,41.8834665,road_vertex,way/1273186710
N12d5015252_41d8940954,12.5015252,41.8940954,road_vertex,way/1361759635
N12d5015266_41d8844948,12.5015266,41.8844948,road_vertex,way/22890845
N12d5015355_41d8949932,12.5015355,41.8949932,road_vertex,way/1361730077
N12d5015416_41d8957144,12.5015416,41.8957144,road_vertex,way/1236287085
N12d5015438_41d8957460,12.5015438,41.8957460,road_vertex,way/1236287085
N12d5015449_41d8870601,12.5015449,41.8870601,road_vertex,way/366647670
N12d5015456_41d8915076,12.5015456,41.8915076,road_vertex,way/352581241
N12d5015473_41d8941574,12.5015473,41.8941574,road_vertex,way/472337846
N12d5015485_41d8892016,12.5015485,41.8892016,road_vertex,way/232687721
N12d5015493_41d8845433,12.5015493,41.8845433,road_vertex,way/477686163
N12d5015536_41d8928452,12.5015536,41.8928452,road_vertex,way/1361759624
N12d5015553_41d8949919,12.5015553,41.8949919,road_vertex,way/1361730077
N12d5015563_41d8926537,12.5015563,41.8926537,road_vertex,way/23645857
N12d5015570_41d8940927,12.5015570,41.8940927,road_vertex,way/24167915
N12d5015605_41d8940461,12.5015605,41.8940461,road_vertex,way/1361759638
N12d5015636_41d8897534,12.5015636,41.8897534,road_vertex,way/1382092569
N12d5015650_41d8895287,12.5015650,41.8895287,road_vertex,way/1224743892
N12d5015690_41d8949823,12.5015690,41.8949823,road_vertex,way/472228278
N12d5015788_41d8910595,12.5015788,41.8910595,road_vertex,way/1364304934
N12d5015806_41d8940926,12.5015806,41.8940926,road_vertex,way/24167915
N12d5015832_41d8940408,12.5015832,41.8940408,road_vertex,way/1361759638
N12d5015835_41d8928579,12.5015835,41.8928579,road_vertex,way/1361759624
N12d5015896_41d8884482,12.5015896,41.8884482,road_vertex,way/139476083
N12d5015921_41d8957113,12.5015921,41.8957113,road_vertex,way/24167738
N12d5015933_41d8878771,12.5015933,41.8878771,road_vertex,way/1382094275
N12d5015953_41d8910773,12.5015953,41.8910773,road_vertex,way/1364304933
N12d5015959_41d8957399,12.5015959,41.8957399,road_vertex,way/141394860
N12d5015967_41d8885004,12.5015967,41.8885004,road_vertex,way/139476083
N12d5015986_41d8910524,12.5015986,41.8910524,road_vertex,way/1364304936
N12d5015989_41d8940955,12.5015989,41.8940955,road_vertex,way/24167915
N12d5016008_41d8910862,12.5016008,41.8910862,road_vertex,way/1364304937
N12d5016016_41d8852186,12.5016016,41.8852186,road_vertex,way/159255543
N12d5016036_41d8941275,12.5016036,41.8941275,road_vertex,way/837236569
N12d5016076_41d8897791,12.5016076,41.8897791,road_vertex,way/236896475
N12d5016078_41d8940299,12.5016078,41.8940299,road_vertex,way/1361759637
N12d5016084_41d8897552,12.5016084,41.8897552,road_vertex,way/1224743898
N12d5016142_41d8895731,12.5016142,41.8895731,road_vertex,way/196667874
N12d5016156_41d8941027,12.5016156,41.8941027,road_vertex,way/24167915
N12d5016210_41d8901493,12.5016210,41.8901493,road_vertex,way/1364304940
N12d5016219_41d8891892,12.5016219,41.8891892,road_vertex,way/232687721
N12d5016219_41d8928407,12.5016219,41.8928407,road_vertex,way/1361759623
N12d5016233_41d8895132,12.5016233,41.8895132,road_vertex,way/1224743892
N12d5016244_41d8927322,12.5016244,41.8927322,road_vertex,way/23570137
N12d5016260_41d8915470,12.5016260,41.8915470,road_vertex,way/352581241
N12d5016275_41d8940993,12.5016275,41.8940993,road_vertex,way/61979722
N12d5016286_41d8940870,12.5016286,41.8940870,road_vertex,way/61979722
N12d5016296_41d8892764,12.5016296,41.8892764,road_vertex,way/1224751827
N12d5016310_41d8941129,12.5016310,41.8941129,road_vertex,way/837236569
N12d5016319_41d8911166,12.5016319,41.8911166,road_vertex,way/1364304937
N12d5016324_41d8940191,12.5016324,41.8940191,road_vertex,way/1361759637
N12d5016344_41d8940767,12.5016344,41.8940767,road_vertex,way/61979722
N12d5016349_41d8902226,12.5016349,41.8902226,road_vertex,way/23578475
N12d5016352_41d8858695,12.5016352,41.8858695,road_vertex,way/159110212
N12d5016382_41d8928121,12.5016382,41.8928121,road_vertex,way/1361759623
N12d5016433_41d8851696,12.5016433,41.8851696,road_vertex,way/159255541
N12d5016443_41d8956910,12.5016443,41.8956910,road_vertex,way/472228278
N12d5016449_41d8940676,12.5016449,41.8940676,road_vertex,way/95930236
N12d5016474_41d8928515,12.5016474,41.8928515,road_vertex,way/472337852
N12d5016484_41d8915544,12.5016484,41.8915544,road_vertex,way/352581241
N12d5016510_41d8910219,12.5016510,41.8910219,road_vertex,way/1364304936
N12d5016585_41d8957076,12.5016585,41.8957076,road_vertex,way/472228278
N12d5016611_41d8927732,12.5016611,41.8927732,road_vertex,way/472337870
N12d5016624_41d8940045,12.5016624,41.8940045,road_vertex,way/1471963346
N12d5016636_41d8940969,12.5016636,41.8940969,road_vertex,way/837236570
N12d5016638_41d8897578,12.5016638,41.8897578,road_vertex,way/1224751845
N12d5016639_41d8877809,12.5016639,41.8877809,road_vertex,way/1382094276
N12d5016669_41d8940086,12.5016669,41.8940086,road_vertex,way/1361759634
N12d5016674_41d8853583,12.5016674,41.8853583,road_vertex,way/159110212
N12d5016676_41d8834778,12.5016676,41.8834778,road_vertex,way/1351882325
N12d5016679_41d8896098,12.5016679,41.8896098,road_vertex,way/1224743891
N12d5016685_41d8855936,12.5016685,41.8855936,road_vertex,way/159110211
N12d5016692_41d8848710,12.5016692,41.8848710,road_vertex,way/191153019
N12d5016724_41d8915592,12.5016724,41.8915592,road_vertex,way/352581241
N12d5016734_41d8854657,12.5016734,41.8854657,road_vertex,way/159110199
N12d5016744_41d8834115,12.5016744,41.8834115,road_vertex,way/1273186708
N12d5016776_41d8911614,12.5016776,41.8911614,road_vertex,way/1364304937
N12d5016817_41d8927353,12.5016817,41.8927353,road_vertex,way/1361759622
N12d5016833_41d8926974,12.5016833,41.8926974,road_vertex,way/472337865
N12d5016835_41d8833228,12.5016835,41.8833228,road_vertex,way/1351882324
N12d5016844_41d8910025,12.5016844,41.8910025,road_vertex,way/1364304936
N12d5016848_41d8858883,12.5016848,41.8858883,road_vertex,way/159110191
N12d5016856_41d8885771,12.5016856,41.8885771,road_vertex,way/139476083
N12d5016904_41d8927186,12.5016904,41.8927186,road_vertex,way/1361759622
N12d5016927_41d8911728,12.5016927,41.8911728,road_vertex,way/1364304924
N12d5016928_41d8909982,12.5016928,41.8909982,road_vertex,way/1364304935
N12d5016932_41d8940810,12.5016932,41.8940810,road_vertex,way/837236570
N12d5016945_41d8940392,12.5016945,41.8940392,road_vertex,way/837236573
N12d5016958_41d8940963,12.5016958,41.8940963,road_vertex,way/472337849
N12d5016979_41d8891775,12.5016979,41.8891775,road_vertex,way/232687721
N12d5016985_41d8915614,12.5016985,41.8915614,road_vertex,way/352581241
N12d5016994_41d8961501,12.5016994,41.8961501,road_vertex,way/463283878
N12d5017004_41d8940885,12.5017004,41.8940885,road_vertex,way/837236570
N12d5017048_41d8910783,12.5017048,41.8910783,road_vertex,way/207524281
N12d5017102_41d8851992,12.5017102,41.8851992,road_vertex,way/159255541
N12d5017119_41d8959356,12.5017119,41.8959356,road_vertex,way/1361730081
N12d5017136_41d8940597,12.5017136,41.8940597,road_vertex,way/1361759633
N12d5017148_41d8852014,12.5017148,41.8852014,road_vertex,way/159255530
N12d5017197_41d8940664,12.5017197,41.8940664,road_vertex,way/1361759633
N12d5017202_41d8907498,12.5017202,41.8907498,road_vertex,way/352407535
N12d5017242_41d8959295,12.5017242,41.8959295,road_vertex,way/472228275
N12d5017261_41d8915593,12.5017261,41.8915593,road_vertex,way/352581241
N12d5017269_41d8960450,12.5017269,41.8960450,road_vertex,way/258581214
N12d5017289_41d8886729,12.5017289,41.8886729,road_vertex,way/139476083
N12d5017304_41d8961481,12.5017304,41.8961481,road_vertex,way/1361722415
N12d5017397_41d8959633,12.5017397,41.8959633,road_vertex,way/1361730081
N12d5017441_41d8961388,12.5017441,41.8961388,road_vertex,way/1361722415
N12d5017460_41d8891713,12.5017460,41.8891713,road_vertex,way/232687721
N12d5017537_41d8915543,12.5017537,41.8915543,road_vertex,way/352581241
N12d5017555_41d8961545,12.5017555,41.8961545,road_vertex,way/463283878
N12d5017560_41d8887811,12.5017560,41.8887811,road_vertex,way/139476078
N12d5017600_41d8870987,12.5017600,41.8870987,road_vertex,way/1382091411
N12d5017651_41d8911367,12.5017651,41.8911367,road_vertex,way/352407535
N12d5017702_41d8852659,12.5017702,41.8852659,road_vertex,way/159110212
N12d5017746_41d8893950,12.5017746,41.8893950,road_vertex,way/1224743892
N12d5017768_41d8915460,12.5017768,41.8915460,road_vertex,way/352581241
N12d5017860_41d8902050,12.5017860,41.8902050,road_vertex,way/23578475
N12d5017864_41d8920428,12.5017864,41.8920428,road_vertex,way/1364304911
N12d5017876_41d8960119,12.5017876,41.8960119,road_vertex,way/463432058
N12d5017905_41d8891672,12.5017905,41.8891672,road_vertex,way/232687721
N12d5017920_41d8897820,12.5017920,41.8897820,road_vertex,way/236896475
N12d5017922_41d8961125,12.5017922,41.8961125,road_vertex,way/463432057
N12d5017949_41d8889270,12.5017949,41.8889270,road_vertex,way/139476079
N12d5017975_41d8852420,12.5017975,41.8852420,road_vertex,way/159255528
N12d5017982_41d8960046,12.5017982,41.8960046,road_vertex,way/137470195
N12d5017986_41d8856454,12.5017986,41.8856454,road_vertex,way/159110211
N12d5018038_41d8911175,12.5018038,41.8911175,road_vertex,way/1364304914
N12d5018053_41d8915297,12.5018053,41.8915297,road_vertex,way/352581242
N12d5018068_41d8853506,12.5018068,41.8853506,road_vertex,way/159110211
N12d5018124_41d8894853,12.5018124,41.8894853,road_vertex,way/1224743891
N12d5018158_41d8889977,12.5018158,41.8889977,road_vertex,way/1077377673
N12d5018218_41d8890205,12.5018218,41.8890205,road_vertex,way/1224741371
N12d5018249_41d8960947,12.5018249,41.8960947,road_vertex,way/1361730079
N12d5018281_41d8911055,12.5018281,41.8911055,road_vertex,way/352407535
N12d5018285_41d8890489,12.5018285,41.8890489,road_vertex,way/1077377673
N12d5018291_41d8871223,12.5018291,41.8871223,road_vertex,way/366647670
N12d5018292_41d8842560,12.5018292,41.8842560,road_vertex,way/28273638
N12d5018296_41d8978380,12.5018296,41.8978380,road_vertex,way/463283881
N12d5018307_41d8960524,12.5018307,41.8960524,road_vertex,way/1361730080
N12d5018365_41d8960881,12.5018365,41.8960881,road_vertex,way/1361730079
N12d5018413_41d8834851,12.5018413,41.8834851,road_vertex,way/1351882325
N12d5018420_41d8890908,12.5018420,41.8890908,road_vertex,way/139476081
N12d5018463_41d8891089,12.5018463,41.8891089,road_vertex,way/139476081
N12d5018470_41d8880249,12.5018470,41.8880249,road_vertex,way/139476083
N12d5018496_41d8960719,12.5018496,41.8960719,road_vertex,way/1361730080
N12d5018571_41d8853674,12.5018571,41.8853674,road_vertex,way/106177708
N12d5018722_41d8851765,12.5018722,41.8851765,road_vertex,way/159110212
N12d5018730_41d8854644,12.5018730,41.8854644,road_vertex,way/159110211
N12d5018798_41d8879709,12.5018798,41.8879709,road_vertex,way/139476083
N12d5018814_41d8891582,12.5018814,41.8891582,road_vertex,way/232687721
N12d5018845_41d8923448,12.5018845,41.8923448,road_vertex,way/472337865
N12d5019000_41d8842001,12.5019000,41.8842001,road_vertex,way/28273640
N12d5019029_41d8833406,12.5019029,41.8833406,road_vertex,way/1351882324
N12d5019030_41d8854939,12.5019030,41.8854939,road_vertex,way/159110211
N12d5019148_41d8930225,12.5019148,41.8930225,road_vertex,way/26803492
N12d5019202_41d8892743,12.5019202,41.8892743,road_vertex,way/1224743893
N12d5019221_41d8892516,12.5019221,41.8892516,road_vertex,way/1224751827
N12d5019252_41d8901899,12.5019252,41.8901899,road_vertex,way/23578475
N12d5019384_41d8929478,12.5019384,41.8929478,road_vertex,way/472337865
N12d5019414_41d8914260,12.5019414,41.8914260,road_vertex,way/1364304923
N12d5019416_41d8914545,12.5019416,41.8914545,road_vertex,way/352581242
N12d5019453_41d8851125,12.5019453,41.8851125,road_vertex,way/159110212
N12d5019487_41d8893070,12.5019487,41.8893070,road_vertex,way/196667874
N12d5019534_41d8929524,12.5019534,41.8929524,road_vertex,way/1361759629
N12d5019600_41d8929584,12.5019600,41.8929584,road_vertex,way/1361759629
N12d5019602_41d8914449,12.5019602,41.8914449,road_vertex,way/1364304922
N12d5019608_41d8892965,12.5019608,41.8892965,road_vertex,way/196667874
N12d5019617_41d8893651,12.5019617,41.8893651,road_vertex,way/1224743891
N12d5019643_41d8902467,12.5019643,41.8902467,road_vertex,way/1364295636
N12d5019678_41d8891516,12.5019678,41.8891516,road_vertex,way/232687721
N12d5019719_41d8931785,12.5019719,41.8931785,road_vertex,way/472337852
N12d5019744_41d8892833,12.5019744,41.8892833,road_vertex,way/196667874
N12d5019755_41d8910330,12.5019755,41.8910330,road_vertex,way/352407535
N12d5019770_41d8850870,12.5019770,41.8850870,road_vertex,way/191153019
N12d5019805_41d8917038,12.5019805,41.8917038,road_vertex,way/1364304912
N12d5019839_41d8914687,12.5019839,41.8914687,road_vertex,way/1364304922
N12d5019867_41d8929832,12.5019867,41.8929832,road_vertex,way/472337864
N12d5019868_41d8892677,12.5019868,41.8892677,road_vertex,way/196667874
N12d5019944_41d8892506,12.5019944,41.8892506,road_vertex,way/1224743894
N12d5019991_41d8913242,12.5019991,41.8913242,road_vertex,way/1364304914
N12d5020003_41d8892276,12.5020003,41.8892276,road_vertex,way/196667874
N12d5020037_41d8892098,12.5020037,41.8892098,road_vertex,way/196667874
N12d5020047_41d8841175,12.5020047,41.8841175,road_vertex,way/22890845
N12d5020058_41d8848608,12.5020058,41.8848608,road_vertex,way/477686162
N12d5020059_41d8853608,12.5020059,41.8853608,road_vertex,way/159110185
N12d5020081_41d8957697,12.5020081,41.8957697,road_vertex,way/472228277
N12d5020092_41d8857294,12.5020092,41.8857294,road_vertex,way/159110211
N12d5020108_41d8879081,12.5020108,41.8879081,road_vertex,way/139476083
N12d5020165_41d8917133,12.5020165,41.8917133,road_vertex,way/1364304912
N12d5020176_41d8930123,12.5020176,41.8930123,road_vertex,way/1361759630
N12d5020206_41d8930328,12.5020206,41.8930328,road_vertex,way/472337854
N12d5020246_41d8914115,12.5020246,41.8914115,road_vertex,way/352581240
N12d5020257_41d8930192,12.5020257,41.8930192,road_vertex,way/1361759630
N12d5020314_41d8901793,12.5020314,41.8901793,road_vertex,way/23578475
N12d5020402_41d8891492,12.5020402,41.8891492,road_vertex,way/232687721
N12d5020429_41d8850311,12.5020429,41.8850311,road_vertex,way/106365805
N12d5020452_41d8871544,12.5020452,41.8871544,road_vertex,way/1382091411
N12d5020546_41d8860284,12.5020546,41.8860284,road_vertex,way/159110192
N12d5020611_41d8871499,12.5020611,41.8871499,road_vertex,way/1382091411
N12d5020613_41d8871731,12.5020613,41.8871731,road_vertex,way/366647670
N12d5020618_41d8963780,12.5020618,41.8963780,road_vertex,way/100300111
N12d5020621_41d8915473,12.5020621,41.8915473,road_vertex,way/1364304921
N12d5020681_41d8853580,12.5020681,41.8853580,road_vertex,way/106177708
N12d5020685_41d8865981,12.5020685,41.8865981,road_vertex,way/159110165
N12d5020694_41d8840876,12.5020694,41.8840876,road_vertex,way/22890844
N12d5020703_41d8890136,12.5020703,41.8890136,road_vertex,way/23591593
N12d5020705_41d8915313,12.5020705,41.8915313,road_vertex,way/1364304913
N12d5020728_41d8957303,12.5020728,41.8957303,road_vertex,way/472228277
N12d5020734_41d8865786,12.5020734,41.8865786,road_vertex,way/159110165
N12d5020734_41d8902395,12.5020734,41.8902395,road_vertex,way/1364295636
N12d5020760_41d8856641,12.5020760,41.8856641,road_vertex,way/159110211
N12d5020788_41d8917317,12.5020788,41.8917317,road_vertex,way/472337869
N12d5020790_41d8866175,12.5020790,41.8866175,road_vertex,way/159110165
N12d5020821_41d8844233,12.5020821,41.8844233,road_vertex,way/28273638
N12d5020909_41d8834932,12.5020909,41.8834932,road_vertex,way/1351882325
N12d5021002_41d8890104,12.5021002,41.8890104,road_vertex,way/23591593
N12d5021021_41d8865373,12.5021021,41.8865373,road_vertex,way/159110186
N12d5021022_41d8890919,12.5021022,41.8890919,road_vertex,way/227781319
N12d5021042_41d8891341,12.5021042,41.8891341,road_vertex,way/227781319
N12d5021042_41d8914936,12.5021042,41.8914936,road_vertex,way/1364304913
N12d5021046_41d8891467,12.5021046,41.8891467,road_vertex,way/232687721
N12d5021053_41d8891626,12.5021053,41.8891626,road_vertex,way/227781319
N12d5021065_41d8843442,12.5021065,41.8843442,road_vertex,way/28273640
N12d5021069_41d8890536,12.5021069,41.8890536,road_vertex,way/227781319
N12d5021075_41d8860484,12.5021075,41.8860484,road_vertex,way/159110192
N12d5021102_41d8892107,12.5021102,41.8892107,road_vertex,way/227781319
N12d5021106_41d8866303,12.5021106,41.8866303,road_vertex,way/159110165
N12d5021123_41d8892493,12.5021123,41.8892493,road_vertex,way/1224743894
N12d5021150_41d8957040,12.5021150,41.8957040,road_vertex,way/1361730082
N12d5021210_41d8889702,12.5021210,41.8889702,road_vertex,way/1224741371
N12d5021245_41d8957564,12.5021245,41.8957564,road_vertex,way/24167737
N12d5021273_41d8853619,12.5021273,41.8853619,road_vertex,way/106177708
N12d5021278_41d8947954,12.5021278,41.8947954,road_vertex,way/1361474935
N12d5021296_41d8871909,12.5021296,41.8871909,road_vertex,way/366647670
N12d5021301_41d8956963,12.5021301,41.8956963,road_vertex,way/1361730082
N12d5021319_41d8866297,12.5021319,41.8866297,road_vertex,way/159110165
N12d5021320_41d8849483,12.5021320,41.8849483,road_vertex,way/477686162
N12d5021325_41d8890089,12.5021325,41.8890089,road_vertex,way/227781319
N12d5021327_41d8871149,12.5021327,41.8871149,road_vertex,way/106365788
N12d5021350_41d8843531,12.5021350,41.8843531,road_vertex,way/28273640
N12d5021356_41d8833578,12.5021356,41.8833578,road_vertex,way/1351882324
N12d5021374_41d8871676,12.5021374,41.8871676,road_vertex,way/1382094273
N12d5021420_41d8948071,12.5021420,41.8948071,road_vertex,way/1361474935
N12d5021422_41d8914512,12.5021422,41.8914512,road_vertex,way/1364304915
N12d5021471_41d8866209,12.5021471,41.8866209,road_vertex,way/159110165
N12d5021487_41d8901049,12.5021487,41.8901049,road_vertex,way/1364304940
N12d5021510_41d8914298,12.5021510,41.8914298,road_vertex,way/1364304916
N12d5021515_41d8914097,12.5021515,41.8914097,road_vertex,way/1364304916
N12d5021521_41d8947636,12.5021521,41.8947636,road_vertex,way/1361474936
N12d5021538_41d8889752,12.5021538,41.8889752,road_vertex,way/1224741371
N12d5021567_41d8871131,12.5021567,41.8871131,road_vertex,way/106365788
N12d5021576_41d8890162,12.5021576,41.8890162,road_vertex,way/23591593
N12d5021624_41d8901724,12.5021624,41.8901724,road_vertex,way/23578475
N12d5021636_41d8843570,12.5021636,41.8843570,road_vertex,way/1324396728
N12d5021644_41d8917557,12.5021644,41.8917557,road_vertex,way/1364304917
N12d5021647_41d8957885,12.5021647,41.8957885,road_vertex,way/137470195
N12d5021698_41d8872932,12.5021698,41.8872932,road_vertex,way/1382094274
N12d5021705_41d8965806,12.5021705,41.8965806,road_vertex,way/1361722423
N12d5021723_41d8878838,12.5021723,41.8878838,road_vertex,way/139476083
N12d5021734_41d8947558,12.5021734,41.8947558,road_vertex,way/1361474936
N12d5021739_41d8915639,12.5021739,41.8915639,road_vertex,way/207524281
N12d5021745_41d8890253,12.5021745,41.8890253,road_vertex,way/139476073
N12d5021755_41d8853901,12.5021755,41.8853901,road_vertex,way/106177708
N12d5021760_41d8914393,12.5021760,41.8914393,road_vertex,way/1364304915
N12d5021801_41d8902357,12.5021801,41.8902357,road_vertex,way/1364295636
N12d5021811_41d8965734,12.5021811,41.8965734,road_vertex,way/1361722421
N12d5021862_41d8890400,12.5021862,41.8890400,road_vertex,way/23591593
N12d5021877_41d8917625,12.5021877,41.8917625,road_vertex,way/1364304917
N12d5021884_41d8965684,12.5021884,41.8965684,road_vertex,way/1361722421
N12d5021895_41d8965978,12.5021895,41.8965978,road_vertex,way/1361722423
N12d5021899_41d8891489,12.5021899,41.8891489,road_vertex,way/232687721
N12d5021901_41d8948591,12.5021901,41.8948591,road_vertex,way/472228281
N12d5021927_41d8889832,12.5021927,41.8889832,road_vertex,way/1236882100
N12d5021972_41d8917548,12.5021972,41.8917548,road_vertex,way/472337865
N12d5021978_41d8890652,12.5021978,41.8890652,road_vertex,way/23591593
N12d5022032_41d8890948,12.5022032,41.8890948,road_vertex,way/23591593
N12d5022053_41d8889540,12.5022053,41.8889540,road_vertex,way/139476073
N12d5022072_41d8863865,12.5022072,41.8863865,road_vertex,way/159110207
N12d5022073_41d8917496,12.5022073,41.8917496,road_vertex,way/472337865
N12d5022093_41d8872166,12.5022093,41.8872166,road_vertex,way/366647670
N12d5022129_41d8966206,12.5022129,41.8966206,road_vertex,way/232534727
N12d5022221_41d8914815,12.5022221,41.8914815,road_vertex,way/472337898
N12d5022227_41d8917458,12.5022227,41.8917458,road_vertex,way/472337865
N12d5022244_41d8965483,12.5022244,41.8965483,road_vertex,way/463283879
N12d5022281_41d8863565,12.5022281,41.8863565,road_vertex,way/159110207
N12d5022302_41d8966381,12.5022302,41.8966381,road_vertex,way/232534727
N12d5022350_41d8917474,12.5022350,41.8917474,road_vertex,way/1364304918
N12d5022394_41d8966473,12.5022394,41.8966473,road_vertex,way/232534727
N12d5022404_41d8947254,12.5022404,41.8947254,road_vertex,way/472337850
N12d5022424_41d8872774,12.5022424,41.8872774,road_vertex,way/1382094274
N12d5022442_41d8949091,12.5022442,41.8949091,road_vertex,way/1361474934
N12d5022453_41d8917238,12.5022453,41.8917238,road_vertex,way/1364304918
N12d5022455_41d8888633,12.5022455,41.8888633,road_vertex,way/139476068
N12d5022458_41d8863438,12.5022458,41.8863438,road_vertex,way/159110207
N12d5022462_41d8864845,12.5022462,41.8864845,road_vertex,way/1077377668
N12d5022540_41d8966624,12.5022540,41.8966624,road_vertex,way/232534727
N12d5022603_41d8917536,12.5022603,41.8917536,road_vertex,way/472337865
N12d5022612_41d8949261,12.5022612,41.8949261,road_vertex,way/1361474934
N12d5022616_41d8947466,12.5022616,41.8947466,road_vertex,way/24167916
N12d5022632_41d8965259,12.5022632,41.8965259,road_vertex,way/1361722422
N12d5022645_41d8965900,12.5022645,41.8965900,road_vertex,way/205707866
N12d5022692_41d8891517,12.5022692,41.8891517,road_vertex,way/232687721
N12d5022703_41d8947069,12.5022703,41.8947069,road_vertex,way/1361474937
N12d5022705_41d8966792,12.5022705,41.8966792,road_vertex,way/232534727
N12d5022713_41d8863432,12.5022713,41.8863432,road_vertex,way/159110207
N12d5022720_41d8965207,12.5022720,41.8965207,road_vertex,way/1361722422
N12d5022771_41d8876286,12.5022771,41.8876286,road_vertex,way/122185783
N12d5022785_41d8947031,12.5022785,41.8947031,road_vertex,way/1361474937
N12d5022789_41d8917638,12.5022789,41.8917638,road_vertex,way/472337865
N12d5022791_41d8949266,12.5022791,41.8949266,road_vertex,way/472228278
N12d5022796_41d8916699,12.5022796,41.8916699,road_vertex,way/472337868
N12d5022831_41d8966082,12.5022831,41.8966082,road_vertex,way/205707866
N12d5022833_41d8864987,12.5022833,41.8864987,road_vertex,way/1077377668
N12d5022883_41d8947708,12.5022883,41.8947708,road_vertex,way/24167916
N12d5022902_41d8947088,12.5022902,41.8947088,road_vertex,way/472337849
N12d5022909_41d8966163,12.5022909,41.8966163,road_vertex,way/205707866
N12d5022915_41d8876622,12.5022915,41.8876622,road_vertex,way/1382094275
N12d5022917_41d8872449,12.5022917,41.8872449,road_vertex,way/366647670
N12d5022956_41d8949320,12.5022956,41.8949320,road_vertex,way/472228278
N12d5022962_41d8902351,12.5022962,41.8902351,road_vertex,way/1364295636
N12d5022970_41d8967046,12.5022970,41.8967046,road_vertex,way/1361722424
N12d5022980_41d8915576,12.5022980,41.8915576,road_vertex,way/1364304920
N12d5023007_41d8866255,12.5023007,41.8866255,road_vertex,way/1077377667
N12d5023011_41d8916350,12.5023011,41.8916350,road_vertex,way/1364304919
N12d5023042_41d8901703,12.5023042,41.8901703,road_vertex,way/23578475
N12d5023046_41d8967155,12.5023046,41.8967155,road_vertex,way/1361722424
N12d5023053_41d8966311,12.5023053,41.8966311,road_vertex,way/205707866
N12d5023076_41d8947062,12.5023076,41.8947062,road_vertex,way/472337857
N12d5023115_41d8915762,12.5023115,41.8915762,road_vertex,way/1364304920
N12d5023131_41d8843807,12.5023131,41.8843807,road_vertex,way/1324396728
N12d5023136_41d8916189,12.5023136,41.8916189,road_vertex,way/1364304919
N12d5023158_41d8967098,12.5023158,41.8967098,road_vertex,way/1361722425
N12d5023163_41d8845198,12.5023163,41.8845198,road_vertex,way/28273638
N12d5023180_41d8891548,12.5023180,41.8891548,road_vertex,way/232687721
N12d5023202_41d8843622,12.5023202,41.8843622,road_vertex,way/1324396728
N12d5023216_41d8854932,12.5023216,41.8854932,road_vertex,way/106177708
N12d5023222_41d8966486,12.5023222,41.8966486,road_vertex,way/205707866
N12d5023242_41d8872064,12.5023242,41.8872064,road_vertex,way/1382094273
N12d5023252_41d8967046,12.5023252,41.8967046,road_vertex,way/1361722425
N12d5023253_41d8949574,12.5023253,41.8949574,road_vertex,way/472228278
N12d5023265_41d8868781,12.5023265,41.8868781,road_vertex,way/106365788
N12d5023272_41d8865294,12.5023272,41.8865294,road_vertex,way/1077377670
N12d5023282_41d8865360,12.5023282,41.8865360,road_vertex,way/1077377670
N12d5023289_41d8967143,12.5023289,41.8967143,road_vertex,way/463283881
N12d5023292_41d8865230,12.5023292,41.8865230,road_vertex,way/1077377670
N12d5023321_41d8865419,12.5023321,41.8865419,road_vertex,way/1077377670
N12d5023325_41d8863657,12.5023325,41.8863657,road_vertex,way/159110207
N12d5023340_41d8865174,12.5023340,41.8865174,road_vertex,way/1077377670
N12d5023384_41d8865465,12.5023384,41.8865465,road_vertex,way/1077377670
N12d5023410_41d8865134,12.5023410,41.8865134,road_vertex,way/1077377670
N12d5023458_41d8868230,12.5023458,41.8868230,road_vertex,way/106365788
N12d5023464_41d8865493,12.5023464,41.8865493,road_vertex,way/1077377670
N12d5023479_41d8948258,12.5023479,41.8948258,road_vertex,way/463432066
N12d5023494_41d8865113,12.5023494,41.8865113,road_vertex,way/1077377670
N12d5023553_41d8865499,12.5023553,41.8865499,road_vertex,way/1077377670
N12d5023569_41d8854992,12.5023569,41.8854992,road_vertex,way/159110182
N12d5023571_41d8966853,12.5023571,41.8966853,road_vertex,way/463283880
N12d5023582_41d8865114,12.5023582,41.8865114,road_vertex,way/1077377670
N12d5023589_41d8891579,12.5023589,41.8891579,road_vertex,way/232687721
N12d5023595_41d8872532,12.5023595,41.8872532,road_vertex,way/366647670
N12d5023634_41d8865485,12.5023634,41.8865485,road_vertex,way/1077377670
N12d5023660_41d8865136,12.5023660,41.8865136,road_vertex,way/1077377670
N12d5023704_41d8865452,12.5023704,41.8865452,road_vertex,way/1077377670
N12d5023726_41d8865174,12.5023726,41.8865174,road_vertex,way/1077377670
N12d5023742_41d8935973,12.5023742,41.8935973,road_vertex,way/1471963346
N12d5023758_41d8865405,12.5023758,41.8865405,road_vertex,way/1077377671
N12d5023759_41d8879430,12.5023759,41.8879430,road_vertex,way/139476083
N12d5023771_41d8865226,12.5023771,41.8865226,road_vertex,way/1077377670
N12d5023788_41d8865347,12.5023788,41.8865347,road_vertex,way/1077377670
N12d5023793_41d8865286,12.5023793,41.8865286,road_vertex,way/1077377670
N12d5023815_41d8935926,12.5023815,41.8935926,road_vertex,way/1361759632
N12d5023824_41d8936048,12.5023824,41.8936048,road_vertex,way/1361759632
N12d5023906_41d8911934,12.5023906,41.8911934,road_vertex,way/23570177
N12d5023930_41d8935853,12.5023930,41.8935853,road_vertex,way/1361759632
N12d5023935_41d8966636,12.5023935,41.8966636,road_vertex,way/1361722426
N12d5024061_41d8966562,12.5024061,41.8966562,road_vertex,way/1361722426
N12d5024063_41d8854990,12.5024063,41.8854990,road_vertex,way/106177708
N12d5024074_41d8948825,12.5024074,41.8948825,road_vertex,way/463432066
N12d5024083_41d8936309,12.5024083,41.8936309,road_vertex,way/472337851
N12d5024088_41d8855318,12.5024088,41.8855318,road_vertex,way/159110182
N12d5024127_41d8864195,12.5024127,41.8864195,road_vertex,way/1077377669
N12d5024145_41d8966701,12.5024145,41.8966701,road_vertex,way/463432054
N12d5024146_41d8902396,12.5024146,41.8902396,road_vertex,way/1364295636
N12d5024203_41d8909139,12.5024203,41.8909139,road_vertex,way/1364304916
N12d5024216_41d8901700,12.5024216,41.8901700,road_vertex,way/23578475
N12d5024222_41d8863987,12.5024222,41.8863987,road_vertex,way/1077377669
N12d5024228_41d8901083,12.5024228,41.8901083,road_vertex,way/1364304940
N12d5024236_41d8966459,12.5024236,41.8966459,road_vertex,way/463432054
N12d5024259_41d8897649,12.5024259,41.8897649,road_vertex,way/1382092568
N12d5024277_41d8892729,12.5024277,41.8892729,road_vertex,way/1382092566
N12d5024305_41d8872616,12.5024305,41.8872616,road_vertex,way/366647670
N12d5024342_41d8936570,12.5024342,41.8936570,road_vertex,way/1361759631
N12d5024384_41d8891646,12.5024384,41.8891646,road_vertex,way/232687721
N12d5024455_41d8936682,12.5024455,41.8936682,road_vertex,way/1361759631
N12d5024461_41d8955204,12.5024461,41.8955204,road_vertex,way/472228279
N12d5024475_41d8935565,12.5024475,41.8935565,road_vertex,way/472337853
N12d5024494_41d8890341,12.5024494,41.8890341,road_vertex,way/1236882100
N12d5024542_41d8865678,12.5024542,41.8865678,road_vertex,way/1077377671
N12d5024556_41d8955301,12.5024556,41.8955301,road_vertex,way/472228279
N12d5024603_41d8855124,12.5024603,41.8855124,road_vertex,way/106177708
N12d5024619_41d8897926,12.5024619,41.8897926,road_vertex,way/236896475
N12d5024638_41d8936726,12.5024638,41.8936726,road_vertex,way/472337858
N12d5024736_41d8872660,12.5024736,41.8872660,road_vertex,way/366647670
N12d5024761_41d8912755,12.5024761,41.8912755,road_vertex,way/472337897
N12d5024777_41d8912222,12.5024777,41.8912222,road_vertex,way/23570177
N12d5024809_41d8935897,12.5024809,41.8935897,road_vertex,way/95930236
N12d5024824_41d8865430,12.5024824,41.8865430,road_vertex,way/1077377672
N12d5024948_41d8912703,12.5024948,41.8912703,road_vertex,way/472337897
N12d5024982_41d8866508,12.5024982,41.8866508,road_vertex,way/106365788
N12d5024982_41d8935276,12.5024982,41.8935276,road_vertex,way/1361755537
N12d5024984_41d8864267,12.5024984,41.8864267,road_vertex,way/159110165
N12d5025043_41d8897716,12.5025043,41.8897716,road_vertex,way/1382092568
N12d5025055_41d8935244,12.5025055,41.8935244,road_vertex,way/1361755537
N12d5025065_41d8872688,12.5025065,41.8872688,road_vertex,way/366647670
N12d5025076_41d8912735,12.5025076,41.8912735,road_vertex,way/1364295627
N12d5025091_41d8865905,12.5025091,41.8865905,road_vertex,way/106365788
N12d5025124_41d8912657,12.5025124,41.8912657,road_vertex,way/1364295627
N12d5025144_41d8891728,12.5025144,41.8891728,road_vertex,way/232687721
N12d5025153_41d8855468,12.5025153,41.8855468,road_vertex,way/106365802
N12d5025174_41d8954951,12.5025174,41.8954951,road_vertex,way/100017593
N12d5025209_41d8865644,12.5025209,41.8865644,road_vertex,way/1077377672
N12d5025210_41d8935248,12.5025210,41.8935248,road_vertex,way/1361755538
N12d5025251_41d8935287,12.5025251,41.8935287,road_vertex,way/1361755538
N12d5025289_41d8912374,12.5025289,41.8912374,road_vertex,way/472337899
N12d5025335_41d8911822,12.5025335,41.8911822,road_vertex,way/472347425
N12d5025386_41d8911939,12.5025386,41.8911939,road_vertex,way/472347425
N12d5025391_41d8865441,12.5025391,41.8865441,road_vertex,way/106365788
N12d5025459_41d8912082,12.5025459,41.8912082,road_vertex,way/1364295626
N12d5025472_41d8935524,12.5025472,41.8935524,road_vertex,way/472337855
N12d5025489_41d8872717,12.5025489,41.8872717,road_vertex,way/366647670
N12d5025494_41d8892926,12.5025494,41.8892926,road_vertex,way/1382092566
N12d5025518_41d8911980,12.5025518,41.8911980,road_vertex,way/1364295626
N12d5025524_41d8856150,12.5025524,41.8856150,road_vertex,way/159110180
N12d5025559_41d8855151,12.5025559,41.8855151,road_vertex,way/106365802
N12d5025567_41d8948735,12.5025567,41.8948735,road_vertex,way/463432067
N12d5025578_41d8949087,12.5025578,41.8949087,road_vertex,way/463432067
N12d5025594_41d8948451,12.5025594,41.8948451,road_vertex,way/463432067
N12d5025609_41d8949432,12.5025609,41.8949432,road_vertex,way/463432067
N12d5025641_41d8948160,12.5025641,41.8948160,road_vertex,way/463432067
N12d5025656_41d8866161,12.5025656,41.8866161,road_vertex,way/159110196
N12d5025676_41d8949769,12.5025676,41.8949769,road_vertex,way/463432067
N12d5025702_41d8947974,12.5025702,41.8947974,road_vertex,way/463432067
N12d5025704_41d8855050,12.5025704,41.8855050,road_vertex,way/191153019
N12d5025722_41d8855824,12.5025722,41.8855824,road_vertex,way/106177708
N12d5025726_41d8865930,12.5025726,41.8865930,road_vertex,way/1077377672
N12d5025735_41d8956514,12.5025735,41.8956514,road_vertex,way/463432062
N12d5025741_41d8866364,12.5025741,41.8866364,road_vertex,way/159110196
N12d5025762_41d8950056,12.5025762,41.8950056,road_vertex,way/463432067
N12d5025779_41d8935855,12.5025779,41.8935855,road_vertex,way/1361755539
N12d5025782_41d8947788,12.5025782,41.8947788,road_vertex,way/463432067
N12d5025797_41d8901766,12.5025797,41.8901766,road_vertex,way/23578475
N12d5025812_41d8950223,12.5025812,41.8950223,road_vertex,way/463432067
N12d5025814_41d8935887,12.5025814,41.8935887,road_vertex,way/1361755539
N12d5025835_41d8936019,12.5025835,41.8936019,road_vertex,way/1236283330
N12d5025843_41d8890658,12.5025843,41.8890658,road_vertex,way/1236882100
N12d5025857_41d8872993,12.5025857,41.8872993,road_vertex,way/1382094274
N12d5025861_41d8954573,12.5025861,41.8954573,road_vertex,way/100017593
N12d5025880_41d8864238,12.5025880,41.8864238,road_vertex,way/159110165
N12d5025889_41d8956670,12.5025889,41.8956670,road_vertex,way/1236283365
N12d5025911_41d8947549,12.5025911,41.8947549,road_vertex,way/463432067
N12d5025944_41d8865710,12.5025944,41.8865710,road_vertex,way/159110196
N12d5025981_41d8866545,12.5025981,41.8866545,road_vertex,way/159110196
N12d5025984_41d8947431,12.5025984,41.8947431,road_vertex,way/463432067
N12d5025994_41d8950652,12.5025994,41.8950652,road_vertex,way/463432067
N12d5025999_41d8872752,12.5025999,41.8872752,road_vertex,way/366647670
N12d5026002_41d8856136,12.5026002,41.8856136,road_vertex,way/106177708
N12d5026072_41d8891847,12.5026072,41.8891847,road_vertex,way/232687721
N12d5026142_41d8856508,12.5026142,41.8856508,road_vertex,way/159110180
N12d5026158_41d8872599,12.5026158,41.8872599,road_vertex,way/1382094273
N12d5026249_41d8855422,12.5026249,41.8855422,road_vertex,way/477686161
N12d5026303_41d8947022,12.5026303,41.8947022,road_vertex,way/463432067
N12d5026337_41d8954311,12.5026337,41.8954311,road_vertex,way/100017593
N12d5026357_41d8893084,12.5026357,41.8893084,road_vertex,way/1382092566
N12d5026394_41d8956174,12.5026394,41.8956174,road_vertex,way/100017592
N12d5026464_41d8854447,12.5026464,41.8854447,road_vertex,way/106365773
N12d5026492_41d8872495,12.5026492,41.8872495,road_vertex,way/1382094273
N12d5026624_41d8872783,12.5026624,41.8872783,road_vertex,way/366647670
N12d5026741_41d8946465,12.5026741,41.8946465,road_vertex,way/463432067
N12d5026751_41d8853895,12.5026751,41.8853895,road_vertex,way/107257937
N12d5026851_41d8872085,12.5026851,41.8872085,road_vertex,way/1382094273
N12d5026862_41d8901841,12.5026862,41.8901841,road_vertex,way/23578475
N12d5026911_41d8954041,12.5026911,41.8954041,road_vertex,way/463432061
N12d5026932_41d8863431,12.5026932,41.8863431,road_vertex,way/159110165
N12d5026948_41d8854032,12.5026948,41.8854032,road_vertex,way/107257937
N12d5026989_41d8892011,12.5026989,41.8892011,road_vertex,way/232687721
N12d5026991_41d8953795,12.5026991,41.8953795,road_vertex,way/472228280
N12d5026999_41d8863148,12.5026999,41.8863148,road_vertex,way/159110165
N12d5027002_41d8854802,12.5027002,41.8854802,road_vertex,way/477686161
N12d5027037_41d8872064,12.5027037,41.8872064,road_vertex,way/1382094273
N12d5027039_41d8862890,12.5027039,41.8862890,road_vertex,way/159110165
N12d5027080_41d8955804,12.5027080,41.8955804,road_vertex,way/100017589
N12d5027101_41d8871953,12.5027101,41.8871953,road_vertex,way/159110197
N12d5027126_41d8953934,12.5027126,41.8953934,road_vertex,way/1361474931
N12d5027133_41d8893267,12.5027133,41.8893267,road_vertex,way/1382092566
N12d5027194_41d8953447,12.5027194,41.8953447,road_vertex,way/472228278
N12d5027233_41d8948973,12.5027233,41.8948973,road_vertex,way/227781309
N12d5027255_41d8954073,12.5027255,41.8954073,road_vertex,way/1361474931
N12d5027257_41d8871689,12.5027257,41.8871689,road_vertex,way/159110197
N12d5027267_41d8953642,12.5027267,41.8953642,road_vertex,way/472228278
N12d5027344_41d8948443,12.5027344,41.8948443,road_vertex,way/227781309
N12d5027350_41d8949561,12.5027350,41.8949561,road_vertex,way/732366695
N12d5027411_41d8874903,12.5027411,41.8874903,road_vertex,way/366647669
N12d5027465_41d8871407,12.5027465,41.8871407,road_vertex,way/159110201
N12d5027483_41d8854405,12.5027483,41.8854405,road_vertex,way/477686161
N12d5027536_41d8874462,12.5027536,41.8874462,road_vertex,way/1382094276
N12d5027542_41d8867668,12.5027542,41.8867668,road_vertex,way/159110205
N12d5027562_41d8950672,12.5027562,41.8950672,road_vertex,way/732366695
N12d5027570_41d8955540,12.5027570,41.8955540,road_vertex,way/100017596
N12d5027576_41d8875358,12.5027576,41.8875358,road_vertex,way/1382094275
N12d5027618_41d8950057,12.5027618,41.8950057,road_vertex,way/732366695
N12d5027648_41d8872779,12.5027648,41.8872779,road_vertex,way/22885481
N12d5027649_41d8867591,12.5027649,41.8867591,road_vertex,way/159110205
N12d5027654_41d8854264,12.5027654,41.8854264,road_vertex,way/477686161
N12d5027702_41d8863132,12.5027702,41.8863132,road_vertex,way/106365790
N12d5027729_41d8954561,12.5027729,41.8954561,road_vertex,way/463432059
N12d5027745_41d8892171,12.5027745,41.8892171,road_vertex,way/232687721
N12d5027779_41d8854179,12.5027779,41.8854179,road_vertex,way/477686162
N12d5027797_41d8870991,12.5027797,41.8870991,road_vertex,way/159110201
N12d5027849_41d8902920,12.5027849,41.8902920,road_vertex,way/1364295637
N12d5027862_41d8947791,12.5027862,41.8947791,road_vertex,way/227781309
N12d5027884_41d8953605,12.5027884,41.8953605,road_vertex,way/463432064
N12d5027890_41d8854793,12.5027890,41.8854793,road_vertex,way/107257937
N12d5027938_41d8854243,12.5027938,41.8854243,road_vertex,way/477686162
N12d5027982_41d8857700,12.5027982,41.8857700,road_vertex,way/106177708
N12d5027997_41d8893484,12.5027997,41.8893484,road_vertex,way/1382092566
N12d5028009_41d8875252,12.5028009,41.8875252,road_vertex,way/139441266
N12d5028035_41d8902602,12.5028035,41.8902602,road_vertex,way/1364295638
N12d5028092_41d8903000,12.5028092,41.8903000,road_vertex,way/1364295637
N12d5028093_41d8902431,12.5028093,41.8902431,road_vertex,way/1364295642
N12d5028108_41d8954950,12.5028108,41.8954950,road_vertex,way/1361474932
N12d5028136_41d8882725,12.5028136,41.8882725,road_vertex,way/139441265
N12d5028142_41d8955214,12.5028142,41.8955214,road_vertex,way/463432060
N12d5028163_41d8872237,12.5028163,41.8872237,road_vertex,way/1382094273
N12d5028172_41d8863319,12.5028172,41.8863319,road_vertex,way/159110203
N12d5028239_41d8857859,12.5028239,41.8857859,road_vertex,way/106177708
N12d5028244_41d8951395,12.5028244,41.8951395,road_vertex,way/732366695
N12d5028260_41d8950395,12.5028260,41.8950395,road_vertex,way/714433218
N12d5028271_41d8924660,12.5028271,41.8924660,road_vertex,way/1361755549
N12d5028278_41d8955131,12.5028278,41.8955131,road_vertex,way/1361474932
N12d5028307_41d8854046,12.5028307,41.8854046,road_vertex,way/477686160
N12d5028322_41d8901961,12.5028322,41.8901961,road_vertex,way/1364295642
N12d5028322_41d8924724,12.5028322,41.8924724,road_vertex,way/1361755549
N12d5028331_41d8863980,12.5028331,41.8863980,road_vertex,way/159110202
N12d5028333_41d8972237,12.5028333,41.8972237,road_vertex,way/463283881
N12d5028364_41d8949346,12.5028364,41.8949346,road_vertex,way/1008405004
N12d5028398_41d8855359,12.5028398,41.8855359,road_vertex,way/107257937
N12d5028419_41d8891560,12.5028419,41.8891560,road_vertex,way/1236882100
N12d5028423_41d8955283,12.5028423,41.8955283,road_vertex,way/1236283365
N12d5028441_41d8866052,12.5028441,41.8866052,road_vertex,way/159110205
N12d5028457_41d8868382,12.5028457,41.8868382,road_vertex,way/159110200
N12d5028460_41d8864080,12.5028460,41.8864080,road_vertex,way/159110202
N12d5028484_41d8858611,12.5028484,41.8858611,road_vertex,way/1417055460
N12d5028495_41d8858044,12.5028495,41.8858044,road_vertex,way/106177708
N12d5028562_41d8901470,12.5028562,41.8901470,road_vertex,way/1364295642
N12d5028568_41d8868469,12.5028568,41.8868469,road_vertex,way/159110196
N12d5028571_41d8868276,12.5028571,41.8868276,road_vertex,way/159110200
N12d5028584_41d8875989,12.5028584,41.8875989,road_vertex,way/139441266
N12d5028589_41d8953236,12.5028589,41.8953236,road_vertex,way/463432064
N12d5028590_41d8853881,12.5028590,41.8853881,road_vertex,way/477686160
N12d5028590_41d8870167,12.5028590,41.8870167,road_vertex,way/159110201
N12d5028606_41d8925012,12.5028606,41.8925012,road_vertex,way/472337872
N12d5028622_41d8863763,12.5028622,41.8863763,road_vertex,way/159110196
N12d5028660_41d8901308,12.5028660,41.8901308,road_vertex,way/1382092567
N12d5028686_41d8903190,12.5028686,41.8903190,road_vertex,way/472347426
N12d5028705_41d8866759,12.5028705,41.8866759,road_vertex,way/159110205
N12d5028753_41d8853599,12.5028753,41.8853599,road_vertex,way/477686160
N12d5028782_41d8955086,12.5028782,41.8955086,road_vertex,way/1236283365
N12d5028786_41d8951584,12.5028786,41.8951584,road_vertex,way/732366695
N12d5028793_41d8949177,12.5028793,41.8949177,road_vertex,way/1008405004
N12d5028814_41d8902015,12.5028814,41.8902015,road_vertex,way/23578475
N12d5028819_41d8862814,12.5028819,41.8862814,road_vertex,way/159110203
N12d5028827_41d8925246,12.5028827,41.8925246,road_vertex,way/1361755548
N12d5028850_41d8869897,12.5028850,41.8869897,road_vertex,way/159110201
N12d5028913_41d8925336,12.5028913,41.8925336,road_vertex,way/1361755548
N12d5028938_41d8951051,12.5028938,41.8951051,road_vertex,way/714433218
N12d5028963_41d8971616,12.5028963,41.8971616,road_vertex,way/463432054
N12d5028970_41d8900821,12.5028970,41.8900821,road_vertex,way/1539196766
N12d5028986_41d8892471,12.5028986,41.8892471,road_vertex,way/232687721
N12d5028986_41d8955127,12.5028986,41.8955127,road_vertex,way/463432055
N12d5029077_41d8876393,12.5029077,41.8876393,road_vertex,way/139441272
N12d5029090_41d8924205,12.5029090,41.8924205,road_vertex,way/472337865
N12d5029096_41d8924721,12.5029096,41.8924721,road_vertex,way/26803492
N12d5029111_41d8924046,12.5029111,41.8924046,road_vertex,way/1361755547
N12d5029143_41d8971726,12.5029143,41.8971726,road_vertex,way/463432054
N12d5029149_41d8953792,12.5029149,41.8953792,road_vertex,way/1052072744
N12d5029155_41d8893811,12.5029155,41.8893811,road_vertex,way/1382092566
N12d5029162_41d8923991,12.5029162,41.8923991,road_vertex,way/1361755547
N12d5029236_41d8855501,12.5029236,41.8855501,road_vertex,way/1459556598
N12d5029242_41d8855105,12.5029242,41.8855105,road_vertex,way/1459556598
N12d5029266_41d8971745,12.5029266,41.8971745,road_vertex,way/463432054
N12d5029277_41d8855868,12.5029277,41.8855868,road_vertex,way/1459556598
N12d5029310_41d8902070,12.5029310,41.8902070,road_vertex,way/23578475
N12d5029316_41d8949127,12.5029316,41.8949127,road_vertex,way/1008405004
N12d5029320_41d8891813,12.5029320,41.8891813,road_vertex,way/1236882100
N12d5029353_41d8874647,12.5029353,41.8874647,road_vertex,way/1382094275
N12d5029383_41d8891696,12.5029383,41.8891696,road_vertex,way/352169892
N12d5029383_41d8971729,12.5029383,41.8971729,road_vertex,way/463432054
N12d5029409_41d8856432,12.5029409,41.8856432,road_vertex,way/1459556598
N12d5029416_41d8869386,12.5029416,41.8869386,road_vertex,way/159110193
N12d5029446_41d8891571,12.5029446,41.8891571,road_vertex,way/352169892
N12d5029475_41d8869047,12.5029475,41.8869047,road_vertex,way/159110183
N12d5029477_41d8971694,12.5029477,41.8971694,road_vertex,way/463432054
N12d5029553_41d8924414,12.5029553,41.8924414,road_vertex,way/26803492
N12d5029573_41d8903486,12.5029573,41.8903486,road_vertex,way/1364295639
N12d5029586_41d8877278,12.5029586,41.8877278,road_vertex,way/139441250
N12d5029609_41d8860533,12.5029609,41.8860533,road_vertex,way/1417055460
N12d5029623_41d8954274,12.5029623,41.8954274,road_vertex,way/23275867
N12d5029633_41d8955707,12.5029633,41.8955707,road_vertex,way/1361474929
N12d5029642_41d8860007,12.5029642,41.8860007,road_vertex,way/106177708
N12d5029652_41d8923450,12.5029652,41.8923450,road_vertex,way/472337866
N12d5029654_41d8874536,12.5029654,41.8874536,road_vertex,way/1382094275
N12d5029678_41d8952666,12.5029678,41.8952666,road_vertex,way/1361474933
N12d5029688_41d8869183,12.5029688,41.8869183,road_vertex,way/159110209
N12d5029691_41d8892666,12.5029691,41.8892666,road_vertex,way/232687721
N12d5029697_41d8865045,12.5029697,41.8865045,road_vertex,way/159110205
N12d5029698_41d8841390,12.5029698,41.8841390,road_vertex,way/22890844
N12d5029749_41d8952626,12.5029749,41.8952626,road_vertex,way/1361474933
N12d5029760_41d8924881,12.5029760,41.8924881,road_vertex,way/472337854
N12d5029813_41d8855487,12.5029813,41.8855487,road_vertex,way/477686159
N12d5029818_41d8952663,12.5029818,41.8952663,road_vertex,way/732366694
N12d5029842_41d8860305,12.5029842,41.8860305,road_vertex,way/106177708
N12d5029858_41d8901130,12.5029858,41.8901130,road_vertex,way/1539196766
N12d5029860_41d8924176,12.5029860,41.8924176,road_vertex,way/26803492
N12d5029879_41d8841891,12.5029879,41.8841891,road_vertex,way/477686160
N12d5029902_41d8902138,12.5029902,41.8902138,road_vertex,way/23354275
N12d5029912_41d8876916,12.5029912,41.8876916,road_vertex,way/139441272
N12d5029929_41d8903592,12.5029929,41.8903592,road_vertex,way/1364295639
N12d5029933_41d8922863,12.5029933,41.8922863,road_vertex,way/472337897
N12d5029933_41d8949122,12.5029933,41.8949122,road_vertex,way/1008405004
N12d5029953_41d8924911,12.5029953,41.8924911,road_vertex,way/1361755550
N12d5029976_41d8955548,12.5029976,41.8955548,road_vertex,way/1361474929
N12d5029977_41d8943209,12.5029977,41.8943209,road_vertex,way/472337857
N12d5030003_41d8860419,12.5030003,41.8860419,road_vertex,way/106177708
N12d5030062_41d8924818,12.5030062,41.8924818,road_vertex,way/1361755550
N12d5030063_41d8923023,12.5030063,41.8923023,road_vertex,way/1361755546
N12d5030098_41d8873122,12.5030098,41.8873122,road_vertex,way/1382094274
N12d5030118_41d8922939,12.5030118,41.8922939,road_vertex,way/1361755546
N12d5030121_41d8923939,12.5030121,41.8923939,road_vertex,way/26803492
N12d5030123_41d8860942,12.5030123,41.8860942,road_vertex,way/1417055461
N12d5030133_41d8943369,12.5030133,41.8943369,road_vertex,way/463432069
N12d5030182_41d8860454,12.5030182,41.8860454,road_vertex,way/106177708
N12d5030184_41d8838721,12.5030184,41.8838721,road_vertex,way/1492214875
N12d5030269_41d8872084,12.5030269,41.8872084,road_vertex,way/1382095756
N12d5030270_41d8872741,12.5030270,41.8872741,road_vertex,way/1052648701
N12d5030283_41d8922828,12.5030283,41.8922828,road_vertex,way/472337897
N12d5030291_41d8953140,12.5030291,41.8953140,road_vertex,way/1052072744
N12d5030311_41d8838032,12.5030311,41.8838032,road_vertex,way/1492214875
N12d5030330_41d8865538,12.5030330,41.8865538,road_vertex,way/159110202
N12d5030355_41d8942533,12.5030355,41.8942533,road_vertex,way/1236283332
N12d5030361_41d8923682,12.5030361,41.8923682,road_vertex,way/26803492
N12d5030376_41d8861072,12.5030376,41.8861072,road_vertex,way/1417055461
N12d5030377_41d8837349,12.5030377,41.8837349,road_vertex,way/1492214875
N12d5030404_41d8873098,12.5030404,41.8873098,road_vertex,way/1382094274
N12d5030422_41d8860469,12.5030422,41.8860469,road_vertex,way/106177708
N12d5030423_41d8842026,12.5030423,41.8842026,road_vertex,way/1459556598
N12d5030423_41d8856170,12.5030423,41.8856170,road_vertex,way/477686157
N12d5030432_41d8898527,12.5030432,41.8898527,road_vertex,way/1382092567
N12d5030435_41d8902730,12.5030435,41.8902730,road_vertex,way/472347425
N12d5030437_41d8881297,12.5030437,41.8881297,road_vertex,way/139441265
N12d5030459_41d8855913,12.5030459,41.8855913,road_vertex,way/477686159
N12d5030469_41d8836346,12.5030469,41.8836346,road_vertex,way/1492214875
N12d5030478_41d8902241,12.5030478,41.8902241,road_vertex,way/23354275
N12d5030489_41d8835238,12.5030489,41.8835238,road_vertex,way/1492214875
N12d5030503_41d8835137,12.5030503,41.8835137,road_vertex,way/1351882326
N12d5030530_41d8898334,12.5030530,41.8898334,road_vertex,way/1382092568
N12d5030531_41d8942907,12.5030531,41.8942907,road_vertex,way/1236283332
N12d5030541_41d8834532,12.5030541,41.8834532,road_vertex,way/1351882326
N12d5030549_41d8873483,12.5030549,41.8873483,road_vertex,way/1382094276
N12d5030556_41d8923436,12.5030556,41.8923436,road_vertex,way/26803492
N12d5030567_41d8955242,12.5030567,41.8955242,road_vertex,way/463432063
N12d5030578_41d8942759,12.5030578,41.8942759,road_vertex,way/1236283332
N12d5030585_41d8856068,12.5030585,41.8856068,road_vertex,way/477686158
N12d5030588_41d8833965,12.5030588,41.8833965,road_vertex,way/1492214872
N12d5030597_41d8833820,12.5030597,41.8833820,road_vertex,way/1492214873
N12d5030600_41d8902629,12.5030600,41.8902629,road_vertex,way/472347425
N12d5030607_41d8924380,12.5030607,41.8924380,road_vertex,way/472337867
N12d5030669_41d8857286,12.5030669,41.8857286,road_vertex,way/204430244
N12d5030684_41d8953544,12.5030684,41.8953544,road_vertex,way/732366694
N12d5030689_41d8832730,12.5030689,41.8832730,road_vertex,way/1352104233
N12d5030693_41d8873863,12.5030693,41.8873863,road_vertex,way/1052648701
N12d5030732_41d8923154,12.5030732,41.8923154,road_vertex,way/26803492
N12d5030759_41d8869861,12.5030759,41.8869861,road_vertex,way/159110209
N12d5030763_41d8861272,12.5030763,41.8861272,road_vertex,way/1417055461
N12d5030772_41d8841453,12.5030772,41.8841453,road_vertex,way/1459556598
N12d5030807_41d8860403,12.5030807,41.8860403,road_vertex,way/159110203
N12d5030838_41d8852556,12.5030838,41.8852556,road_vertex,way/477686157
N12d5030878_41d8949211,12.5030878,41.8949211,road_vertex,way/1008405004
N12d5030887_41d8833772,12.5030887,41.8833772,road_vertex,way/1492214873
N12d5030916_41d8944169,12.5030916,41.8944169,road_vertex,way/463432069
N12d5030921_41d8874215,12.5030921,41.8874215,road_vertex,way/1382095758
N12d5030970_41d8924089,12.5030970,41.8924089,road_vertex,way/1361755551
N12d5030987_41d8901720,12.5030987,41.8901720,road_vertex,way/472347422
N12d5030992_41d8923831,12.5030992,41.8923831,road_vertex,way/472337884
N12d5031016_41d8856565,12.5031016,41.8856565,road_vertex,way/477686157
N12d5031033_41d8901881,12.5031033,41.8901881,road_vertex,way/472347422
N12d5031075_41d8923990,12.5031075,41.8923990,road_vertex,way/1361755551
N12d5031083_41d8901556,12.5031083,41.8901556,road_vertex,way/1539196766
N12d5031100_41d8866174,12.5031100,41.8866174,road_vertex,way/159110200
N12d5031101_41d8952702,12.5031101,41.8952702,road_vertex,way/1052072744
N12d5031190_41d8873667,12.5031190,41.8873667,road_vertex,way/366647669
N12d5031210_41d8892109,12.5031210,41.8892109,road_vertex,way/352169892
N12d5031248_41d8954124,12.5031248,41.8954124,road_vertex,way/732366694
N12d5031260_41d8856747,12.5031260,41.8856747,road_vertex,way/477686157
N12d5031276_41d8902831,12.5031276,41.8902831,road_vertex,way/1364295644
N12d5031294_41d8902782,12.5031294,41.8902782,road_vertex,way/1364295644
N12d5031304_41d8866343,12.5031304,41.8866343,road_vertex,way/159110162
N12d5031306_41d8942365,12.5031306,41.8942365,road_vertex,way/472337860
N12d5031308_41d8944569,12.5031308,41.8944569,road_vertex,way/1471736492
N12d5031313_41d8860062,12.5031313,41.8860062,road_vertex,way/159110203
N12d5031313_41d8898618,12.5031313,41.8898618,road_vertex,way/236896475
N12d5031315_41d8954535,12.5031315,41.8954535,road_vertex,way/732366693
N12d5031391_41d8856628,12.5031391,41.8856628,road_vertex,way/477686158
N12d5031393_41d8861744,12.5031393,41.8861744,road_vertex,way/159110196
N12d5031402_41d8954811,12.5031402,41.8954811,road_vertex,way/1361474930
N12d5031408_41d8892158,12.5031408,41.8892158,road_vertex,way/352169892
N12d5031464_41d8954768,12.5031464,41.8954768,road_vertex,way/1361474930
N12d5031471_41d8902461,12.5031471,41.8902461,road_vertex,way/472347424
N12d5031533_41d8873518,12.5031533,41.8873518,road_vertex,way/366647669
N12d5031549_41d8952457,12.5031549,41.8952457,road_vertex,way/23337727
N12d5031565_41d8944831,12.5031565,41.8944831,road_vertex,way/1471736492
N12d5031566_41d8949431,12.5031566,41.8949431,road_vertex,way/1008405004
N12d5031570_41d8960870,12.5031570,41.8960870,road_vertex,way/108571049
N12d5031598_41d8834561,12.5031598,41.8834561,road_vertex,way/1297640439
N12d5031616_41d8961973,12.5031616,41.8961973,road_vertex,way/463432054
N12d5031623_41d8856397,12.5031623,41.8856397,road_vertex,way/204430244
N12d5031638_41d8952409,12.5031638,41.8952409,road_vertex,way/1008405004
N12d5031639_41d8902179,12.5031639,41.8902179,road_vertex,way/1364295643
N12d5031662_41d8870402,12.5031662,41.8870402,road_vertex,way/159110209
N12d5031665_41d8902092,12.5031665,41.8902092,road_vertex,way/1364295643
N12d5031672_41d8833808,12.5031672,41.8833808,road_vertex,way/1444025637
N12d5031706_41d8828420,12.5031706,41.8828420,road_vertex,way/1352104233
N12d5031761_41d8941885,12.5031761,41.8941885,road_vertex,way/1236283330
N12d5031766_41d8875201,12.5031766,41.8875201,road_vertex,way/139441271
N12d5031784_41d8859744,12.5031784,41.8859744,road_vertex,way/159110188
N12d5031806_41d8842903,12.5031806,41.8842903,road_vertex,way/477686157
N12d5031812_41d8864457,12.5031812,41.8864457,road_vertex,way/159110162
N12d5031814_41d8874874,12.5031814,41.8874874,road_vertex,way/139441271
N12d5031815_41d8867485,12.5031815,41.8867485,road_vertex,way/159110204
N12d5031815_41d8873966,12.5031815,41.8873966,road_vertex,way/139441248
N12d5031830_41d8832466,12.5031830,41.8832466,road_vertex,way/1324396727
N12d5031862_41d8856187,12.5031862,41.8856187,road_vertex,way/204430244
N12d5031881_41d8827587,12.5031881,41.8827587,road_vertex,way/1352104233
N12d5031899_41d8890902,12.5031899,41.8890902,road_vertex,way/139476070
N12d5031904_41d8873348,12.5031904,41.8873348,road_vertex,way/366647669
N12d5031914_41d8942037,12.5031914,41.8942037,road_vertex,way/1236283329
N12d5031968_41d8855088,12.5031968,41.8855088,road_vertex,way/204430244
N12d5031980_41d8866086,12.5031980,41.8866086,road_vertex,way/159110162
N12d5032041_41d8864173,12.5032041,41.8864173,road_vertex,way/159110162
N12d5032062_41d8890955,12.5032062,41.8890955,road_vertex,way/352169892
N12d5032088_41d8902654,12.5032088,41.8902654,road_vertex,way/23354275
N12d5032108_41d8954271,12.5032108,41.8954271,road_vertex,way/227781336
N12d5032124_41d8942019,12.5032124,41.8942019,road_vertex,way/1236283329
N12d5032135_41d8945413,12.5032135,41.8945413,road_vertex,way/1471736492
N12d5032139_41d8920688,12.5032139,41.8920688,road_vertex,way/732376322
N12d5032142_41d8863973,12.5032142,41.8863973,road_vertex,way/159110210
N12d5032146_41d8859523,12.5032146,41.8859523,road_vertex,way/191153019
N12d5032161_41d8863767,12.5032161,41.8863767,road_vertex,way/159110210
N12d5032199_41d8867490,12.5032199,41.8867490,road_vertex,way/159110204
N12d5032206_41d8949636,12.5032206,41.8949636,road_vertex,way/1008405004
N12d5032237_41d8955552,12.5032237,41.8955552,road_vertex,way/732366693
N12d5032262_41d8863510,12.5032262,41.8863510,road_vertex,way/159110210
N12d5032281_41d8873166,12.5032281,41.8873166,road_vertex,way/366647669
N12d5032286_41d8861146,12.5032286,41.8861146,road_vertex,way/159110196
N12d5032289_41d8864195,12.5032289,41.8864195,road_vertex,way/159110170
N12d5032303_41d8921433,12.5032303,41.8921433,road_vertex,way/472337884
N12d5032307_41d8864435,12.5032307,41.8864435,road_vertex,way/159110170
N12d5032324_41d8943395,12.5032324,41.8943395,road_vertex,way/23570137
N12d5032327_41d8828489,12.5032327,41.8828489,road_vertex,way/1297640439
N12d5032337_41d8894796,12.5032337,41.8894796,road_vertex,way/1382092567
N12d5032390_41d8863961,12.5032390,41.8863961,road_vertex,way/159110170
N12d5032396_41d8894680,12.5032396,41.8894680,road_vertex,way/1380087874
N12d5032437_41d8827608,12.5032437,41.8827608,road_vertex,way/1297640439
N12d5032440_41d8959874,12.5032440,41.8959874,road_vertex,way/24876984
N12d5032445_41d8875277,12.5032445,41.8875277,road_vertex,way/139441271
N12d5032447_41d8946331,12.5032447,41.8946331,road_vertex,way/1008405003
N12d5032468_41d8875131,12.5032468,41.8875131,road_vertex,way/139441271
N12d5032469_41d8955674,12.5032469,41.8955674,road_vertex,way/732366693
N12d5032476_41d8921403,12.5032476,41.8921403,road_vertex,way/472337884
N12d5032492_41d8959244,12.5032492,41.8959244,road_vertex,way/1361474938
N12d5032502_41d8833845,12.5032502,41.8833845,road_vertex,way/1492214874
N12d5032525_41d8864726,12.5032525,41.8864726,road_vertex,way/159110170
N12d5032568_41d8894379,12.5032568,41.8894379,road_vertex,way/472347423
N12d5032592_41d8861077,12.5032592,41.8861077,road_vertex,way/159110196
N12d5032599_41d8959348,12.5032599,41.8959348,road_vertex,way/1361474938
N12d5032639_41d8863753,12.5032639,41.8863753,road_vertex,way/159110170
N12d5032647_41d8959720,12.5032647,41.8959720,road_vertex,way/24876984
N12d5032656_41d8893597,12.5032656,41.8893597,road_vertex,way/232687721
N12d5032709_41d8872947,12.5032709,41.8872947,road_vertex,way/366647669
N12d5032715_41d8864838,12.5032715,41.8864838,road_vertex,way/159110170
N12d5032724_41d8862868,12.5032724,41.8862868,road_vertex,way/159110210
N12d5032727_41d8833858,12.5032727,41.8833858,road_vertex,way/1492214874
N12d5032756_41d8833569,12.5032756,41.8833569,road_vertex,way/1352133428
N12d5032766_41d8895057,12.5032766,41.8895057,road_vertex,way/1380087874
N12d5032773_41d8861107,12.5032773,41.8861107,road_vertex,way/159110198
N12d5032781_41d8959060,12.5032781,41.8959060,road_vertex,way/463432055
N12d5032795_41d8958937,12.5032795,41.8958937,road_vertex,way/463432055
N12d5032830_41d8863678,12.5032830,41.8863678,road_vertex,way/159110170
N12d5032836_41d8886033,12.5032836,41.8886033,road_vertex,way/139441275
N12d5032837_41d8959570,12.5032837,41.8959570,road_vertex,way/168429436
N12d5032843_41d8860931,12.5032843,41.8860931,road_vertex,way/159110198
N12d5032868_41d8893835,12.5032868,41.8893835,road_vertex,way/472347423
N12d5032883_41d8949925,12.5032883,41.8949925,road_vertex,way/1008405004
N12d5032903_41d8960683,12.5032903,41.8960683,road_vertex,way/23275868
N12d5032906_41d8832501,12.5032906,41.8832501,road_vertex,way/1352133428
N12d5032938_41d8959468,12.5032938,41.8959468,road_vertex,way/24876984
N12d5032941_41d8957764,12.5032941,41.8957764,road_vertex,way/463432065
N12d5032949_41d8864908,12.5032949,41.8864908,road_vertex,way/159110170
N12d5032954_41d8893682,12.5032954,41.8893682,road_vertex,way/472347423
N12d5032976_41d8832503,12.5032976,41.8832503,road_vertex,way/1324396727
N12d5033004_41d8878590,12.5033004,41.8878590,road_vertex,way/139441272
N12d5033010_41d8893583,12.5033010,41.8893583,road_vertex,way/472347423
N12d5033022_41d8859021,12.5033022,41.8859021,road_vertex,way/106177706
N12d5033025_41d8955683,12.5033025,41.8955683,road_vertex,way/732366693
N12d5033034_41d8959353,12.5033034,41.8959353,road_vertex,way/24876984
N12d5033048_41d8872756,12.5033048,41.8872756,road_vertex,way/366647669
N12d5033060_41d8862274,12.5033060,41.8862274,road_vertex,way/159110210
N12d5033071_41d8866082,12.5033071,41.8866082,road_vertex,way/159110162
N12d5033078_41d8957933,12.5033078,41.8957933,road_vertex,way/23275867
N12d5033097_41d8959812,12.5033097,41.8959812,road_vertex,way/168429436
N12d5033130_41d8955147,12.5033130,41.8955147,road_vertex,way/227781336
N12d5033143_41d8959856,12.5033143,41.8959856,road_vertex,way/168429436
N12d5033144_41d8863632,12.5033144,41.8863632,road_vertex,way/159110170
N12d5033168_41d8959177,12.5033168,41.8959177,road_vertex,way/23275867
N12d5033190_41d8860560,12.5033190,41.8860560,road_vertex,way/159110198
N12d5033195_41d8893253,12.5033195,41.8893253,road_vertex,way/472347423
N12d5033209_41d8891329,12.5033209,41.8891329,road_vertex,way/139476071
N12d5033209_41d8958107,12.5033209,41.8958107,road_vertex,way/23275867
N12d5033241_41d8957832,12.5033241,41.8957832,road_vertex,way/463432065
N12d5033255_41d8959031,12.5033255,41.8959031,road_vertex,way/23275867
N12d5033256_41d8861283,12.5033256,41.8861283,road_vertex,way/159110196
N12d5033262_41d8895213,12.5033262,41.8895213,road_vertex,way/1296594919
N12d5033283_41d8875227,12.5033283,41.8875227,road_vertex,way/139441271
N12d5033286_41d8893088,12.5033286,41.8893088,road_vertex,way/472347423
N12d5033291_41d8958271,12.5033291,41.8958271,road_vertex,way/23275867
N12d5033312_41d8958894,12.5033312,41.8958894,road_vertex,way/23275867
N12d5033324_41d8861711,12.5033324,41.8861711,road_vertex,way/159110210
N12d5033325_41d8960025,12.5033325,41.8960025,road_vertex,way/168429436
N12d5033326_41d8872697,12.5033326,41.8872697,road_vertex,way/106366989
N12d5033329_41d8868483,12.5033329,41.8868483,road_vertex,way/159110208
N12d5033334_41d8958411,12.5033334,41.8958411,road_vertex,way/23275867
N12d5033351_41d8958720,12.5033351,41.8958720,road_vertex,way/23275867
N12d5033352_41d8958579,12.5033352,41.8958579,road_vertex,way/23275867
N12d5033353_41d8864904,12.5033353,41.8864904,road_vertex,way/159110170
N12d5033359_41d8950140,12.5033359,41.8950140,road_vertex,way/1008405004
N12d5033367_41d8892947,12.5033367,41.8892947,road_vertex,way/1236882100
N12d5033368_41d8863653,12.5033368,41.8863653,road_vertex,way/159110170
N12d5033380_41d8959696,12.5033380,41.8959696,road_vertex,way/108571049
N12d5033453_41d8828613,12.5033453,41.8828613,road_vertex,way/1352133428
N12d5033562_41d8861526,12.5033562,41.8861526,road_vertex,way/159110210
N12d5033563_41d8827827,12.5033563,41.8827827,road_vertex,way/1352133428
N12d5033574_41d8957885,12.5033574,41.8957885,road_vertex,way/463432065
N12d5033598_41d8960280,12.5033598,41.8960280,road_vertex,way/168429436
N12d5033609_41d8863732,12.5033609,41.8863732,road_vertex,way/159110170
N12d5033736_41d8879105,12.5033736,41.8879105,road_vertex,way/139441272
N12d5033739_41d8960412,12.5033739,41.8960412,road_vertex,way/168429436
N12d5033771_41d8872615,12.5033771,41.8872615,road_vertex,way/106366989
N12d5033774_41d8864715,12.5033774,41.8864715,road_vertex,way/159110170
N12d5033782_41d8863851,12.5033782,41.8863851,road_vertex,way/159110170
N12d5033811_41d8891528,12.5033811,41.8891528,road_vertex,way/139476071
N12d5033818_41d8950470,12.5033818,41.8950470,road_vertex,way/1008405004
N12d5033825_41d8960138,12.5033825,41.8960138,road_vertex,way/23275868
N12d5033858_41d8956361,12.5033858,41.8956361,road_vertex,way/732366693
N12d5033901_41d8864560,12.5033901,41.8864560,road_vertex,way/159110170
N12d5033910_41d8960559,12.5033910,41.8960559,road_vertex,way/463432054
N12d5033931_41d8864008,12.5033931,41.8864008,road_vertex,way/159110170
N12d5033933_41d8894027,12.5033933,41.8894027,road_vertex,way/232687721
N12d5033945_41d8945432,12.5033945,41.8945432,road_vertex,way/1008405003
N12d5033948_41d8861821,12.5033948,41.8861821,road_vertex,way/159110196
N12d5033950_41d8865992,12.5033950,41.8865992,road_vertex,way/159110162
N12d5033953_41d8957921,12.5033953,41.8957921,road_vertex,way/463432065
N12d5033987_41d8864383,12.5033987,41.8864383,road_vertex,way/159110170
N12d5033992_41d8864173,12.5033992,41.8864173,road_vertex,way/159110170
N12d5034010_41d8884298,12.5034010,41.8884298,road_vertex,way/139441275
N12d5034014_41d8827781,12.5034014,41.8827781,road_vertex,way/1352133428
N12d5034122_41d8960435,12.5034122,41.8960435,road_vertex,way/463432054
N12d5034164_41d8895490,12.5034164,41.8895490,road_vertex,way/1296594919
N12d5034198_41d8872543,12.5034198,41.8872543,road_vertex,way/106366989
N12d5034256_41d8872039,12.5034256,41.8872039,road_vertex,way/1382095756
N12d5034322_41d8915655,12.5034322,41.8915655,road_vertex,way/472337897
N12d5034322_41d8950968,12.5034322,41.8950968,road_vertex,way/1008405004
N12d5034346_41d8915760,12.5034346,41.8915760,road_vertex,way/472337897
N12d5034365_41d8957941,12.5034365,41.8957941,road_vertex,way/463432065
N12d5034435_41d8895829,12.5034435,41.8895829,road_vertex,way/472347422
N12d5034446_41d8887236,12.5034446,41.8887236,road_vertex,way/139441275
N12d5034531_41d8915225,12.5034531,41.8915225,road_vertex,way/23570177
N12d5034557_41d8895610,12.5034557,41.8895610,road_vertex,way/472347422
N12d5034571_41d8872961,12.5034571,41.8872961,road_vertex,way/1382095758
N12d5034579_41d8865617,12.5034579,41.8865617,road_vertex,way/159110196
N12d5034672_41d8879242,12.5034672,41.8879242,road_vertex,way/139441272
N12d5034687_41d8872471,12.5034687,41.8872471,road_vertex,way/106366989
N12d5034700_41d8957918,12.5034700,41.8957918,road_vertex,way/463432065
N12d5034702_41d8887139,12.5034702,41.8887139,road_vertex,way/139441275
N12d5034730_41d8862611,12.5034730,41.8862611,road_vertex,way/159110196
N12d5034766_41d8914792,12.5034766,41.8914792,road_vertex,way/472347425
N12d5034785_41d8940553,12.5034785,41.8940553,road_vertex,way/472337856
N12d5034801_41d8929904,12.5034801,41.8929904,road_vertex,way/472337854
N12d5034832_41d8929753,12.5034832,41.8929753,road_vertex,way/472337854
N12d5034880_41d8914743,12.5034880,41.8914743,road_vertex,way/472347425
N12d5034888_41d8865367,12.5034888,41.8865367,road_vertex,way/159110196
N12d5034923_41d8862853,12.5034923,41.8862853,road_vertex,way/159110196
N12d5034957_41d8957878,12.5034957,41.8957878,road_vertex,way/463432065
N12d5034960_41d8861538,12.5034960,41.8861538,road_vertex,way/191153019
N12d5035001_41d8870440,12.5035001,41.8870440,road_vertex,way/159110209
N12d5035014_41d8863200,12.5035014,41.8863200,road_vertex,way/159110196
N12d5035018_41d8869967,12.5035018,41.8869967,road_vertex,way/159110208
N12d5035019_41d8863635,12.5035019,41.8863635,road_vertex,way/159110196
N12d5035046_41d8930143,12.5035046,41.8930143,road_vertex,way/95930236
N12d5035089_41d8915414,12.5035089,41.8915414,road_vertex,way/472337888
N12d5035103_41d8867532,12.5035103,41.8867532,road_vertex,way/159110208
N12d5035158_41d8872408,12.5035158,41.8872408,road_vertex,way/106366989
N12d5035163_41d8870440,12.5035163,41.8870440,road_vertex,way/159110209
N12d5035234_41d8957813,12.5035234,41.8957813,road_vertex,way/463432065
N12d5035419_41d8886292,12.5035419,41.8886292,road_vertex,way/139441275
N12d5035428_41d8930567,12.5035428,41.8930567,road_vertex,way/472337859
N12d5035444_41d8859443,12.5035444,41.8859443,road_vertex,way/477686158
N12d5035585_41d8929348,12.5035585,41.8929348,road_vertex,way/26803302
N12d5035616_41d8886043,12.5035616,41.8886043,road_vertex,way/139441275
N12d5035628_41d8872600,12.5035628,41.8872600,road_vertex,way/1382095758
N12d5035692_41d8957627,12.5035692,41.8957627,road_vertex,way/463432065
N12d5035695_41d8885857,12.5035695,41.8885857,road_vertex,way/139441275
N12d5035719_41d8930577,12.5035719,41.8930577,road_vertex,way/472337859
N12d5035748_41d8872343,12.5035748,41.8872343,road_vertex,way/106366989
N12d5035900_41d8929663,12.5035900,41.8929663,road_vertex,way/95930236
N12d5036109_41d8957435,12.5036109,41.8957435,road_vertex,way/463432065
N12d5036124_41d8929058,12.5036124,41.8929058,road_vertex,way/472337884
N12d5036216_41d8943180,12.5036216,41.8943180,road_vertex,way/227781309
N12d5036303_41d8929032,12.5036303,41.8929032,road_vertex,way/472337884
N12d5036328_41d8957326,12.5036328,41.8957326,road_vertex,way/463432065
N12d5036548_41d8929309,12.5036548,41.8929309,road_vertex,way/95930236
N12d5036644_41d8862747,12.5036644,41.8862747,road_vertex,way/191153019
N12d5036651_41d8860759,12.5036651,41.8860759,road_vertex,way/477686157
N12d5036774_41d8872454,12.5036774,41.8872454,road_vertex,way/1382095758
N12d5036847_41d8942819,12.5036847,41.8942819,road_vertex,way/227781309
N12d5036988_41d8871885,12.5036988,41.8871885,road_vertex,way/1382095756
N12d5037027_41d8862876,12.5037027,41.8862876,road_vertex,way/191153019
N12d5037392_41d8871749,12.5037392,41.8871749,road_vertex,way/1382095756
N12d5037811_41d8863390,12.5037811,41.8863390,road_vertex,way/191153019
N12d5037869_41d8904470,12.5037869,41.8904470,road_vertex,way/23354275
N12d5037914_41d8863458,12.5037914,41.8863458,road_vertex,way/191153019
N12d5038118_41d8904047,12.5038118,41.8904047,road_vertex,way/472347422
N12d5038195_41d8861415,12.5038195,41.8861415,road_vertex,way/477686157
N12d5038453_41d8870300,12.5038453,41.8870300,road_vertex,way/191153019
N12d5038551_41d8941830,12.5038551,41.8941830,road_vertex,way/227781309
N12d5038694_41d8865015,12.5038694,41.8865015,road_vertex,way/191153019
N12d5038868_41d8865762,12.5038868,41.8865762,road_vertex,way/191153019
N12d5039049_41d8941541,12.5039049,41.8941541,road_vertex,way/227781309
N12d5039081_41d8872503,12.5039081,41.8872503,road_vertex,way/1382095758
N12d5039384_41d8870377,12.5039384,41.8870377,road_vertex,way/191153019
N12d5039384_41d8965737,12.5039384,41.8965737,road_vertex,way/463432054
N12d5039473_41d8941304,12.5039473,41.8941304,road_vertex,way/227781309
N12d5039507_41d8861464,12.5039507,41.8861464,road_vertex,way/477686157
N12d5039833_41d8905547,12.5039833,41.8905547,road_vertex,way/472347425
N12d5039888_41d8905712,12.5039888,41.8905712,road_vertex,way/472347425
N12d5040044_41d8905171,12.5040044,41.8905171,road_vertex,way/23354275
N12d5040283_41d8904678,12.5040283,41.8904678,road_vertex,way/472347422
N12d5040667_41d8905362,12.5040667,41.8905362,road_vertex,way/23354275
N12d5041522_41d8936459,12.5041522,41.8936459,road_vertex,way/472337859
N12d5041618_41d8936724,12.5041618,41.8936724,road_vertex,way/472337856
N12d5041626_41d8827072,12.5041626,41.8827072,road_vertex,way/1352133428
N12d5043046_41d8924770,12.5043046,41.8924770,road_vertex,way/472337884
N12d5043148_41d8925216,12.5043148,41.8925216,road_vertex,way/472337884
N12d5043168_41d8925001,12.5043168,41.8925001,road_vertex,way/472337884
N12d5043885_41d8872533,12.5043885,41.8872533,road_vertex,way/1382095758
N12d5043886_41d8925286,12.5043886,41.8925286,road_vertex,way/95930236
N12d5044416_41d8872603,12.5044416,41.8872603,road_vertex,way/1382095758
N12d5044557_41d8924643,12.5044557,41.8924643,road_vertex,way/732376322
N12d5045406_41d8937924,12.5045406,41.8937924,road_vertex,way/227781309
N12d5048004_41d8960600,12.5048004,41.8960600,road_vertex,way/463432054
N12d5048212_41d8960448,12.5048212,41.8960448,road_vertex,way/463432054
N12d5049651_41d8826320,12.5049651,41.8826320,road_vertex,way/1352133428
N12d5050139_41d8935047,12.5050139,41.8935047,road_vertex,way/227781309
N12d5050437_41d8934964,12.5050437,41.8934964,road_vertex,way/227781309
N12d5050761_41d8934948,12.5050761,41.8934948,road_vertex,way/227781309
N12d5051183_41d8934964,12.5051183,41.8934964,road_vertex,way/227781309
N12d5051460_41d8935027,12.5051460,41.8935027,road_vertex,way/227781309
N12d5051644_41d8935089,12.5051644,41.8935089,road_vertex,way/227781309
N12d5051808_41d8827958,12.5051808,41.8827958,road_vertex,way/1352133428
N12d5051921_41d8935213,12.5051921,41.8935213,road_vertex,way/227781309
N12d5052118_41d8935318,12.5052118,41.8935318,road_vertex,way/227781309
N12d5052514_41d8935602,12.5052514,41.8935602,road_vertex,way/227781309
N12d5052853_41d8909208,12.5052853,41.8909208,road_vertex,way/23354275
N12d5053507_41d8909407,12.5053507,41.8909407,road_vertex,way/23354275
N12d5053909_41d8826446,12.5053909,41.8826446,road_vertex,way/1352133428
N12d5054180_41d8909615,12.5054180,41.8909615,road_vertex,way/23354275
N12d5054213_41d8826394,12.5054213,41.8826394,road_vertex,way/1352133428
N12d5054775_41d8826769,12.5054775,41.8826769,road_vertex,way/1352133428
N12d5056921_41d8828201,12.5056921,41.8828201,road_vertex,way/1352133428
N12d5059551_41d8830655,12.5059551,41.8830655,road_vertex,way/1352133428
N12d5061549_41d8911900,12.5061549,41.8911900,road_vertex,way/23354275
N12d5062606_41d8912227,12.5062606,41.8912227,road_vertex,way/23354275
N12d5062774_41d8912327,12.5062774,41.8912327,road_vertex,way/23354275
