request_id,description,requester,priority,status,building_id,requested_time,department
1,Repair leaking tap,Ama Mensah,4,OPEN,1,2026-07-01T08:30:00,Estates
2,Replace faulty projector,Kwame Owusu,3,ASSIGNED,2,2026-07-01T09:15:00,ICT
3,Clear blocked drainage,Akosua Boateng,5,OPEN,3,2026-07-02T10:00:00,Estates
4,Service air conditioner,Yaw Asante,2,IN_PROGRESS,4,2026-07-02T13:45:00,Engineering
5,Repair damaged door,Efua Sarpong,3,CLOSED,5,2026-07-03T11:20:00,Security
6,Repair leaking tap,Aba Gyasi,2,ASSIGNED,4,2026-07-03T12:18:00,ICT
7,Service air conditioner,Adjoa Kufuor,2,ASSIGNED,5,2026-07-03T12:39:00,Security
8,Repair squeaky door hinge,Efua Sarpong,5,ASSIGNED,3,2026-07-03T13:49:00,Estates
9,Repair cracked wall,Abena Darko,4,IN_PROGRESS,1,2026-07-03T16:26:00,ICT
10,Repair broken paving,Yaw Asante,3,ASSIGNED,5,2026-07-03T19:07:00,Security
11,Clear blocked drainage,Afia Agyeman,2,CLOSED,3,2026-07-03T19:48:00,Security
12,Fix flickering light,Kofi Adjei,1,CLOSED,4,2026-07-03T21:10:00,Engineering
13,Fix broken chair,Yaw Asante,3,CLOSED,4,2026-07-03T23:17:00,ICT
14,Replace worn carpet,Afia Agyeman,2,ASSIGNED,3,2026-07-04T00:27:00,Security
15,Repair broken paving,Adjoa Kufuor,2,IN_PROGRESS,3,2026-07-04T02:49:00,Estates
16,Replace worn carpet,Esi Danquah,4,OPEN,2,2026-07-04T05:46:00,Engineering
17,Fix broken window,Adwoa Frimpong,3,OPEN,4,2026-07-04T07:58:00,ICT
18,Fix damaged ceiling tile,Akua Nyarko,3,IN_PROGRESS,3,2026-07-04T10:49:00,Estates
19,Fix flickering light,Kojo Boakye,3,ASSIGNED,4,2026-07-04T11:41:00,ICT
20,Repair squeaky door hinge,Fiifi Ansah,1,CLOSED,3,2026-07-04T13:09:00,Security
21,Unclog toilet,Adjoa Kufuor,1,IN_PROGRESS,5,2026-07-04T14:16:00,Security
22,Replace worn carpet,Afia Agyeman,1,IN_PROGRESS,2,2026-07-04T16:26:00,Engineering
23,Fix flickering light,Akosua Boateng,4,IN_PROGRESS,1,2026-07-04T16:38:00,ICT
24,Service elevator,Efua Sarpong,3,CLOSED,4,2026-07-04T18:50:00,Engineering
25,Repair damaged door,Yaa Asantewaa,3,IN_PROGRESS,4,2026-07-04T19:35:00,ICT
26,Fix loose handrail,Aba Gyasi,2,OPEN,1,2026-07-04T21:30:00,Estates
27,Replace faulty projector,Yaw Asante,3,OPEN,1,2026-07-05T00:21:00,ICT
28,Clear clogged sink,Kwaku Appiah,2,CLOSED,2,2026-07-05T01:00:00,ICT
29,Unclog toilet,Esi Danquah,3,ASSIGNED,4,2026-07-05T01:26:00,ICT
30,Clear blocked drainage,Fiifi Ansah,3,OPEN,1,2026-07-05T04:18:00,Estates
31,Address pest issue,Aba Gyasi,5,CLOSED,5,2026-07-05T05:23:00,Security
32,Fix broken window,Kofi Adjei,5,ASSIGNED,3,2026-07-05T06:51:00,Security
33,Service elevator,Afia Agyeman,4,IN_PROGRESS,2,2026-07-05T09:38:00,Engineering
34,Service backup generator,Aba Gyasi,1,IN_PROGRESS,1,2026-07-05T10:51:00,ICT
35,Repair broken cabinet,Kwesi Amponsah,4,IN_PROGRESS,2,2026-07-05T11:42:00,Engineering
36,Repair leaking tap,Kwame Owusu,2,OPEN,2,2026-07-05T13:15:00,Engineering
37,Replace faulty projector,Kwame Owusu,4,ASSIGNED,5,2026-07-05T15:52:00,Security
38,Service backup generator,Kwesi Amponsah,3,OPEN,4,2026-07-05T16:19:00,ICT
39,Repair broken intercom,Akua Nyarko,3,OPEN,5,2026-07-05T17:32:00,Estates
40,Repair cracked wall,Kwabena Osei,1,ASSIGNED,1,2026-07-05T18:27:00,ICT
41,Repair broken cabinet,Afia Agyeman,4,CLOSED,4,2026-07-05T18:52:00,Engineering
42,Replace burnt out bulb,Kwesi Amponsah,2,IN_PROGRESS,3,2026-07-05T21:41:00,Estates
43,Address pest issue,Abena Darko,5,CLOSED,4,2026-07-05T23:01:00,Engineering
44,Fix water leak in ceiling,Adjoa Kufuor,2,ASSIGNED,3,2026-07-06T01:22:00,Estates
45,Service air conditioner,Kwabena Osei,2,OPEN,2,2026-07-06T03:42:00,ICT
46,Address pest issue,Kwabena Osei,2,OPEN,4,2026-07-06T05:02:00,Engineering
47,Service air conditioner,Kofi Adjei,2,OPEN,2,2026-07-06T06:31:00,Engineering
48,Repair cracked wall,Kobina Quaye,5,ASSIGNED,4,2026-07-06T06:46:00,ICT
49,Repair squeaky door hinge,Kwabena Osei,3,OPEN,4,2026-07-06T07:10:00,Engineering
50,Repair damaged door,Kwabena Osei,2,ASSIGNED,1,2026-07-06T07:32:00,ICT
51,Fix electrical fault,Yaa Asantewaa,3,ASSIGNED,1,2026-07-06T08:04:00,ICT
52,Unclog toilet,Kwame Owusu,3,OPEN,4,2026-07-06T10:44:00,Engineering
53,Fix broken chair,Akosua Boateng,1,IN_PROGRESS,3,2026-07-06T12:34:00,Security
54,Service backup generator,Akosua Boateng,2,ASSIGNED,2,2026-07-06T14:19:00,Engineering
55,Clear clogged sink,Fiifi Ansah,1,IN_PROGRESS,5,2026-07-06T16:33:00,Security
56,Fix electrical fault,Kwabena Osei,3,IN_PROGRESS,2,2026-07-06T16:48:00,Engineering
57,Fix jammed window,Esi Danquah,1,ASSIGNED,3,2026-07-06T19:35:00,Estates
58,Fix water leak in ceiling,Yaw Asante,4,ASSIGNED,4,2026-07-06T21:16:00,ICT
59,Repair cracked wall,Efua Sarpong,3,ASSIGNED,2,2026-07-06T23:37:00,ICT
60,Repair broken cabinet,Afia Agyeman,2,CLOSED,1,2026-07-07T00:17:00,ICT
61,Repair squeaky door hinge,Akua Nyarko,2,OPEN,1,2026-07-07T02:17:00,ICT
62,Clear blocked drainage,Akua Nyarko,1,OPEN,1,2026-07-07T04:18:00,ICT
63,Clean overflowing gutter,Kojo Boakye,5,CLOSED,1,2026-07-07T07:03:00,ICT
64,Fix damaged ceiling tile,Akosua Boateng,3,OPEN,4,2026-07-07T09:10:00,ICT
65,Repair broken paving,Fiifi Ansah,1,IN_PROGRESS,2,2026-07-07T09:26:00,Engineering
66,Replace faulty projector,Akosua Boateng,3,IN_PROGRESS,5,2026-07-07T10:03:00,Security
67,Repair broken cabinet,Abena Darko,5,OPEN,4,2026-07-07T10:25:00,Engineering
68,Fix flickering light,Abena Darko,1,OPEN,5,2026-07-07T12:52:00,Security
69,Repair squeaky door hinge,Adjoa Kufuor,5,OPEN,4,2026-07-07T14:40:00,Engineering
70,Repair broken cabinet,Yaa Asantewaa,1,ASSIGNED,5,2026-07-07T17:07:00,Estates
71,Replace faulty projector,Yaa Asantewaa,1,IN_PROGRESS,3,2026-07-07T19:49:00,Security
72,Clear clogged sink,Adjoa Kufuor,5,IN_PROGRESS,4,2026-07-07T21:41:00,ICT
73,Repair broken fan,Kwame Owusu,1,ASSIGNED,4,2026-07-07T22:36:00,ICT
74,Repair broken intercom,Ama Mensah,5,OPEN,2,2026-07-07T23:26:00,Engineering
75,Repair cracked wall,Abena Darko,4,OPEN,3,2026-07-08T00:15:00,Security
76,Repair broken lock,Fiifi Ansah,2,IN_PROGRESS,4,2026-07-08T00:29:00,ICT
77,Clear clogged sink,Kojo Boakye,5,ASSIGNED,1,2026-07-08T00:51:00,Estates
78,Repair cracked wall,Adwoa Frimpong,3,CLOSED,5,2026-07-08T01:27:00,Estates
79,Repair broken lock,Akosua Boateng,3,ASSIGNED,5,2026-07-08T03:22:00,Security
80,Repair damaged floor tile,Fiifi Ansah,5,IN_PROGRESS,3,2026-07-08T05:23:00,Estates
81,Service backup generator,Adjoa Kufuor,3,IN_PROGRESS,4,2026-07-08T05:50:00,ICT
82,Fix broken chair,Yaa Asantewaa,4,OPEN,1,2026-07-08T07:48:00,Estates
83,Replace burnt out bulb,Kwesi Amponsah,2,CLOSED,5,2026-07-08T09:40:00,Estates
84,Repair cracked wall,Kwaku Appiah,2,IN_PROGRESS,1,2026-07-08T12:30:00,Estates
85,Repair damaged door,Yaa Asantewaa,5,CLOSED,2,2026-07-08T12:48:00,ICT
86,Clear clogged sink,Abena Darko,2,IN_PROGRESS,3,2026-07-08T14:22:00,Security
87,Repair leaking tap,Abena Darko,1,ASSIGNED,4,2026-07-08T15:33:00,ICT
88,Replace worn carpet,Kofi Adjei,4,OPEN,5,2026-07-08T16:10:00,Estates
89,Repair leaking tap,Yaw Asante,2,OPEN,3,2026-07-08T16:59:00,Security
90,Repair broken intercom,Kwesi Amponsah,3,ASSIGNED,1,2026-07-08T18:44:00,Estates
91,Replace worn carpet,Kwame Owusu,5,CLOSED,1,2026-07-08T20:09:00,ICT
92,Service backup generator,Esi Danquah,4,IN_PROGRESS,1,2026-07-08T22:44:00,Estates
93,Fix broken chair,Kojo Boakye,1,ASSIGNED,2,2026-07-08T23:28:00,Engineering
94,Repair squeaky door hinge,Fiifi Ansah,2,IN_PROGRESS,1,2026-07-09T00:50:00,Estates
95,Replace worn carpet,Akosua Boateng,3,OPEN,1,2026-07-09T01:07:00,Estates
96,Repair broken paving,Kwabena Osei,1,ASSIGNED,2,2026-07-09T03:55:00,Engineering
97,Replace worn carpet,Kobina Quaye,4,ASSIGNED,3,2026-07-09T05:57:00,Estates
98,Repair damaged door,Fiifi Ansah,5,ASSIGNED,3,2026-07-09T07:46:00,Security
99,Repair broken fan,Aba Gyasi,4,OPEN,2,2026-07-09T08:21:00,Engineering
100,Clear clogged sink,Akua Nyarko,4,OPEN,3,2026-07-09T10:26:00,Estates
101,Replace faulty projector,Efua Sarpong,2,CLOSED,2,2026-07-09T11:39:00,ICT
102,Repair damaged floor tile,Kwaku Appiah,4,CLOSED,3,2026-07-09T13:24:00,Estates
103,Clear blocked drainage,Yaa Asantewaa,5,IN_PROGRESS,1,2026-07-09T15:06:00,Estates
104,Repair broken paving,Fiifi Ansah,2,IN_PROGRESS,1,2026-07-09T15:42:00,ICT
105,Clear blocked drainage,Afia Agyeman,4,ASSIGNED,5,2026-07-09T17:18:00,Security
106,Replace burnt out bulb,Kobina Quaye,2,ASSIGNED,5,2026-07-09T18:14:00,Security
107,Fix water leak in ceiling,Aba Gyasi,1,IN_PROGRESS,5,2026-07-09T19:34:00,Estates
108,Clear blocked drainage,Akua Nyarko,2,ASSIGNED,4,2026-07-09T21:30:00,Engineering
109,Fix loose handrail,Kwesi Amponsah,3,ASSIGNED,5,2026-07-10T00:01:00,Estates
110,Fix loose handrail,Adwoa Frimpong,5,OPEN,1,2026-07-10T00:51:00,Estates
111,Repair broken cabinet,Akosua Boateng,2,CLOSED,5,2026-07-10T01:49:00,Estates
112,Fix broken chair,Yaa Asantewaa,1,OPEN,2,2026-07-10T02:18:00,Engineering
113,Replace faulty projector,Efua Sarpong,4,IN_PROGRESS,1,2026-07-10T04:44:00,Estates
114,Fix loose handrail,Yaw Asante,5,IN_PROGRESS,5,2026-07-10T06:01:00,Security
115,Repair damaged floor tile,Akosua Boateng,1,OPEN,5,2026-07-10T06:12:00,Estates
116,Repair broken intercom,Kobina Quaye,5,OPEN,1,2026-07-10T06:48:00,Estates
117,Service fire extinguisher,Aba Gyasi,2,CLOSED,3,2026-07-10T09:46:00,Security
118,Clean overflowing gutter,Abena Darko,3,OPEN,4,2026-07-10T12:19:00,ICT
119,Clear blocked drainage,Adwoa Frimpong,1,OPEN,1,2026-07-10T13:36:00,Estates
120,Service backup generator,Adjoa Kufuor,1,ASSIGNED,1,2026-07-10T14:14:00,Estates
121,Fix broken window,Akua Nyarko,1,ASSIGNED,3,2026-07-10T15:23:00,Estates
122,Fix broken chair,Kwaku Appiah,1,ASSIGNED,5,2026-07-10T16:52:00,Security
123,Repair broken cabinet,Adwoa Frimpong,1,CLOSED,4,2026-07-10T19:28:00,Engineering
124,Fix broken chair,Fiifi Ansah,4,ASSIGNED,4,2026-07-10T20:03:00,ICT
125,Service air conditioner,Adwoa Frimpong,3,IN_PROGRESS,1,2026-07-10T21:03:00,Estates
126,Fix water leak in ceiling,Efua Sarpong,2,ASSIGNED,4,2026-07-10T22:33:00,ICT
127,Repair broken lock,Adwoa Frimpong,1,OPEN,4,2026-07-10T22:56:00,ICT
128,Fix flickering light,Kobina Quaye,5,CLOSED,4,2026-07-11T00:12:00,ICT
129,Fix flickering light,Kwabena Osei,2,IN_PROGRESS,5,2026-07-11T00:22:00,Estates
130,Fix broken chair,Akosua Boateng,2,CLOSED,2,2026-07-11T03:09:00,Engineering
131,Repair leaking tap,Kojo Boakye,1,OPEN,4,2026-07-11T03:37:00,ICT
132,Repair squeaky door hinge,Akosua Boateng,5,OPEN,4,2026-07-11T05:16:00,ICT
133,Clear blocked drainage,Kwame Owusu,1,OPEN,4,2026-07-11T06:27:00,ICT
134,Address pest issue,Kwesi Amponsah,4,IN_PROGRESS,5,2026-07-11T09:21:00,Estates
135,Repair damaged floor tile,Kwame Owusu,4,CLOSED,2,2026-07-11T10:28:00,Engineering
136,Repair broken lock,Kwesi Amponsah,5,ASSIGNED,1,2026-07-11T11:49:00,Estates
137,Repair damaged floor tile,Kobina Quaye,5,IN_PROGRESS,5,2026-07-11T14:22:00,Estates
138,Clear blocked drainage,Kwaku Appiah,1,CLOSED,5,2026-07-11T16:44:00,Estates
139,Repair leaking tap,Kwame Owusu,4,IN_PROGRESS,2,2026-07-11T17:21:00,Engineering
140,Fix water leak in ceiling,Kwabena Osei,4,ASSIGNED,1,2026-07-11T19:24:00,Estates
141,Repair broken intercom,Kwame Owusu,4,ASSIGNED,3,2026-07-11T20:25:00,Estates
142,Service air conditioner,Kobina Quaye,4,CLOSED,1,2026-07-11T22:28:00,Estates
143,Repair leaking tap,Kofi Adjei,1,OPEN,1,2026-07-12T01:15:00,ICT
144,Address pest issue,Kobina Quaye,4,ASSIGNED,3,2026-07-12T02:56:00,Estates
145,Service fire extinguisher,Fiifi Ansah,3,IN_PROGRESS,2,2026-07-12T04:05:00,ICT
146,Fix broken window,Kwabena Osei,5,CLOSED,4,2026-07-12T05:50:00,ICT
147,Repair broken cabinet,Kwabena Osei,3,OPEN,4,2026-07-12T06:54:00,Engineering
148,Fix flickering light,Kobina Quaye,5,OPEN,1,2026-07-12T08:23:00,Estates
149,Repair broken cabinet,Kojo Boakye,1,CLOSED,4,2026-07-12T09:27:00,ICT
150,Repair broken intercom,Kwaku Appiah,2,OPEN,5,2026-07-12T12:22:00,Estates
151,Service backup generator,Kwesi Amponsah,4,IN_PROGRESS,4,2026-07-12T14:57:00,Engineering
152,Fix water leak in ceiling,Efua Sarpong,2,IN_PROGRESS,2,2026-07-12T17:16:00,Engineering
153,Repair damaged floor tile,Akua Nyarko,2,CLOSED,5,2026-07-12T19:40:00,Estates
154,Fix loose handrail,Kojo Boakye,5,ASSIGNED,2,2026-07-12T22:38:00,Engineering
155,Repair broken paving,Kwabena Osei,3,IN_PROGRESS,1,2026-07-12T23:08:00,ICT
156,Repair damaged floor tile,Kwaku Appiah,1,ASSIGNED,1,2026-07-13T01:53:00,ICT
157,Repair cracked wall,Yaw Asante,4,CLOSED,3,2026-07-13T04:26:00,Security
158,Repair damaged door,Yaw Asante,1,ASSIGNED,3,2026-07-13T07:11:00,Security
159,Fix jammed window,Kobina Quaye,5,IN_PROGRESS,3,2026-07-13T09:01:00,Estates
160,Fix broken chair,Kojo Boakye,2,CLOSED,3,2026-07-13T10:51:00,Security
161,Service air conditioner,Kwesi Amponsah,3,ASSIGNED,5,2026-07-13T11:04:00,Estates
162,Fix jammed window,Kwabena Osei,3,IN_PROGRESS,1,2026-07-13T13:47:00,Estates
163,Repair damaged floor tile,Kojo Boakye,5,CLOSED,4,2026-07-13T16:15:00,Engineering
164,Fix flickering light,Kwame Owusu,3,OPEN,3,2026-07-13T16:57:00,Security
165,Repair leaking tap,Kwame Owusu,1,IN_PROGRESS,2,2026-07-13T17:20:00,Engineering
166,Repair broken intercom,Akua Nyarko,4,OPEN,1,2026-07-13T17:51:00,Estates
167,Clean overflowing gutter,Adwoa Frimpong,3,CLOSED,1,2026-07-13T18:50:00,ICT
168,Clear blocked drainage,Kwabena Osei,1,OPEN,5,2026-07-13T19:35:00,Security
169,Clear clogged sink,Abena Darko,5,CLOSED,5,2026-07-13T22:32:00,Security
170,Service backup generator,Kojo Boakye,4,OPEN,4,2026-07-14T01:05:00,Engineering
171,Unclog toilet,Adwoa Frimpong,5,OPEN,2,2026-07-14T01:30:00,ICT
172,Service elevator,Yaa Asantewaa,3,IN_PROGRESS,4,2026-07-14T04:20:00,Engineering
173,Clear blocked drainage,Fiifi Ansah,5,OPEN,1,2026-07-14T05:02:00,Estates
174,Replace burnt out bulb,Akosua Boateng,5,IN_PROGRESS,2,2026-07-14T06:57:00,ICT
175,Fix water leak in ceiling,Kojo Boakye,1,IN_PROGRESS,4,2026-07-14T07:38:00,ICT
176,Replace burnt out bulb,Afia Agyeman,3,IN_PROGRESS,2,2026-07-14T08:27:00,ICT
177,Repair broken fan,Abena Darko,3,CLOSED,4,2026-07-14T10:25:00,Engineering
178,Service backup generator,Kwaku Appiah,4,OPEN,5,2026-07-14T12:20:00,Security
179,Fix loose handrail,Kobina Quaye,1,IN_PROGRESS,2,2026-07-14T13:27:00,ICT
180,Repair damaged door,Adjoa Kufuor,2,CLOSED,2,2026-07-14T15:04:00,ICT
181,Fix broken window,Kojo Boakye,5,OPEN,4,2026-07-14T15:40:00,ICT
182,Service backup generator,Aba Gyasi,5,ASSIGNED,5,2026-07-14T18:24:00,Estates
183,Fix broken window,Aba Gyasi,4,IN_PROGRESS,2,2026-07-14T19:54:00,ICT
184,Unclog toilet,Kwabena Osei,4,IN_PROGRESS,3,2026-07-14T22:17:00,Security
185,Service air conditioner,Yaw Asante,1,ASSIGNED,5,2026-07-15T00:36:00,Estates
186,Service elevator,Adwoa Frimpong,1,IN_PROGRESS,2,2026-07-15T00:57:00,ICT
187,Clean overflowing gutter,Esi Danquah,4,OPEN,5,2026-07-15T02:29:00,Security
188,Fix flickering light,Kwame Owusu,4,IN_PROGRESS,3,2026-07-15T04:08:00,Security
189,Fix water leak in ceiling,Aba Gyasi,1,OPEN,2,2026-07-15T06:33:00,Engineering
190,Repair leaking tap,Adwoa Frimpong,4,CLOSED,3,2026-07-15T07:21:00,Estates
191,Service elevator,Kofi Adjei,4,ASSIGNED,4,2026-07-15T08:00:00,Engineering
192,Replace burnt out bulb,Akua Nyarko,5,OPEN,1,2026-07-15T08:47:00,Estates
193,Fix flickering light,Akua Nyarko,3,IN_PROGRESS,5,2026-07-15T09:41:00,Security
194,Clear clogged sink,Kwabena Osei,4,CLOSED,5,2026-07-15T11:50:00,Estates
195,Repair broken intercom,Yaa Asantewaa,4,CLOSED,5,2026-07-15T14:34:00,Security
196,Replace worn carpet,Efua Sarpong,3,IN_PROGRESS,3,2026-07-15T15:01:00,Security
197,Clear blocked drainage,Esi Danquah,2,CLOSED,3,2026-07-15T15:29:00,Estates
198,Fix jammed window,Fiifi Ansah,4,OPEN,4,2026-07-15T16:34:00,Engineering
199,Repair broken lock,Afia Agyeman,1,OPEN,3,2026-07-15T19:31:00,Security
200,Replace burnt out bulb,Abena Darko,1,IN_PROGRESS,3,2026-07-15T20:22:00,Security
201,Repair damaged floor tile,Kwabena Osei,1,IN_PROGRESS,5,2026-07-15T22:04:00,Security
202,Fix broken window,Adwoa Frimpong,5,OPEN,5,2026-07-16T00:41:00,Security
203,Fix loose handrail,Yaw Asante,1,CLOSED,4,2026-07-16T01:34:00,Engineering
204,Fix broken window,Kwaku Appiah,2,IN_PROGRESS,5,2026-07-16T02:05:00,Security
205,Fix electrical fault,Efua Sarpong,2,OPEN,3,2026-07-16T04:34:00,Security
206,Fix flickering light,Kwaku Appiah,1,IN_PROGRESS,2,2026-07-16T05:00:00,ICT
207,Repair broken intercom,Akosua Boateng,4,IN_PROGRESS,2,2026-07-16T06:14:00,Engineering
208,Fix jammed window,Afia Agyeman,2,IN_PROGRESS,2,2026-07-16T09:00:00,Engineering
209,Fix flickering light,Akua Nyarko,3,ASSIGNED,3,2026-07-16T09:50:00,Estates
210,Fix damaged ceiling tile,Akosua Boateng,1,ASSIGNED,1,2026-07-16T11:33:00,Estates
211,Clear clogged sink,Adwoa Frimpong,2,OPEN,5,2026-07-16T14:00:00,Estates
212,Repair leaking tap,Abena Darko,4,OPEN,2,2026-07-16T14:22:00,ICT
213,Repair squeaky door hinge,Akua Nyarko,1,OPEN,4,2026-07-16T15:05:00,Engineering
214,Fix jammed window,Abena Darko,3,IN_PROGRESS,5,2026-07-16T15:15:00,Security
215,Address pest issue,Abena Darko,5,OPEN,3,2026-07-16T17:21:00,Estates
216,Repair leaking tap,Aba Gyasi,1,CLOSED,4,2026-07-16T19:54:00,Engineering
217,Service elevator,Afia Agyeman,5,ASSIGNED,4,2026-07-16T20:35:00,Engineering
218,Repair leaking tap,Kwabena Osei,2,CLOSED,5,2026-07-16T22:03:00,Estates
219,Repair broken paving,Adwoa Frimpong,1,CLOSED,3,2026-07-16T23:24:00,Security
220,Repair damaged floor tile,Adwoa Frimpong,5,ASSIGNED,4,2026-07-17T01:25:00,Engineering
221,Fix loose handrail,Akua Nyarko,5,OPEN,1,2026-07-17T02:49:00,ICT
222,Service elevator,Kwesi Amponsah,2,IN_PROGRESS,3,2026-07-17T05:04:00,Estates
223,Repair leaking tap,Kobina Quaye,2,OPEN,4,2026-07-17T07:26:00,Engineering
224,Address pest issue,Ama Mensah,5,CLOSED,1,2026-07-17T07:37:00,ICT
225,Repair broken cabinet,Abena Darko,1,ASSIGNED,4,2026-07-17T08:12:00,ICT
226,Fix broken window,Kwabena Osei,2,OPEN,2,2026-07-17T09:57:00,Engineering
227,Repair broken fan,Adjoa Kufuor,2,CLOSED,5,2026-07-17T11:30:00,Security
228,Fix electrical fault,Adwoa Frimpong,1,CLOSED,4,2026-07-17T12:40:00,ICT
229,Fix broken window,Akua Nyarko,2,IN_PROGRESS,3,2026-07-17T14:33:00,Security
230,Service air conditioner,Akua Nyarko,2,CLOSED,1,2026-07-17T15:05:00,Estates
231,Repair broken lock,Kwaku Appiah,5,IN_PROGRESS,3,2026-07-17T16:01:00,Security
232,Repair squeaky door hinge,Akosua Boateng,4,OPEN,2,2026-07-17T16:21:00,Engineering
233,Repair leaking tap,Adwoa Frimpong,3,CLOSED,5,2026-07-17T17:31:00,Security
234,Fix water leak in ceiling,Yaw Asante,5,ASSIGNED,5,2026-07-17T20:12:00,Security
235,Fix flickering light,Kwabena Osei,3,CLOSED,3,2026-07-17T21:07:00,Estates
236,Repair broken cabinet,Yaa Asantewaa,5,CLOSED,3,2026-07-18T00:06:00,Security
237,Replace worn carpet,Afia Agyeman,4,ASSIGNED,1,2026-07-18T01:46:00,ICT
238,Service fire extinguisher,Abena Darko,4,CLOSED,4,2026-07-18T02:23:00,Engineering
239,Fix jammed window,Kwesi Amponsah,3,ASSIGNED,5,2026-07-18T02:37:00,Security
240,Address pest issue,Yaw Asante,1,CLOSED,2,2026-07-18T03:51:00,Engineering
241,Replace worn carpet,Kwaku Appiah,1,IN_PROGRESS,1,2026-07-18T06:16:00,ICT
242,Repair broken paving,Kofi Adjei,2,OPEN,1,2026-07-18T09:14:00,ICT
243,Fix jammed window,Fiifi Ansah,5,IN_PROGRESS,2,2026-07-18T11:01:00,ICT
244,Replace burnt out bulb,Adwoa Frimpong,4,ASSIGNED,1,2026-07-18T13:22:00,Estates
245,Repair cracked wall,Kobina Quaye,5,IN_PROGRESS,1,2026-07-18T15:41:00,Estates
246,Unclog toilet,Kojo Boakye,1,IN_PROGRESS,2,2026-07-18T17:57:00,ICT
247,Fix damaged ceiling tile,Aba Gyasi,2,ASSIGNED,2,2026-07-18T20:34:00,Engineering
248,Repair broken paving,Kwabena Osei,2,ASSIGNED,3,2026-07-18T20:56:00,Security
249,Repair broken fan,Yaa Asantewaa,5,CLOSED,4,2026-07-18T21:43:00,ICT
250,Repair cracked wall,Yaw Asante,5,IN_PROGRESS,5,2026-07-19T00:04:00,Estates
251,Repair broken lock,Kojo Boakye,2,OPEN,3,2026-07-19T02:41:00,Estates
252,Repair leaking tap,Esi Danquah,2,ASSIGNED,5,2026-07-19T05:36:00,Security
253,Address pest issue,Kwaku Appiah,3,CLOSED,3,2026-07-19T06:56:00,Security
254,Service backup generator,Kwame Owusu,4,ASSIGNED,3,2026-07-19T07:34:00,Security
255,Repair damaged floor tile,Akua Nyarko,3,IN_PROGRESS,2,2026-07-19T08:18:00,Engineering
256,Replace worn carpet,Yaw Asante,4,OPEN,3,2026-07-19T09:58:00,Security
257,Replace worn carpet,Fiifi Ansah,2,CLOSED,3,2026-07-19T11:35:00,Estates
258,Repair cracked wall,Kobina Quaye,1,ASSIGNED,5,2026-07-19T14:25:00,Estates
259,Repair broken fan,Akua Nyarko,4,ASSIGNED,5,2026-07-19T16:08:00,Estates
260,Service elevator,Adjoa Kufuor,1,ASSIGNED,2,2026-07-19T17:42:00,Engineering
261,Fix broken chair,Kwame Owusu,4,CLOSED,5,2026-07-19T18:47:00,Estates
262,Repair cracked wall,Yaw Asante,4,ASSIGNED,2,2026-07-19T20:50:00,ICT
263,Service backup generator,Abena Darko,3,IN_PROGRESS,4,2026-07-19T23:43:00,Engineering
264,Clean overflowing gutter,Abena Darko,4,IN_PROGRESS,1,2026-07-20T02:03:00,ICT
265,Fix jammed window,Fiifi Ansah,3,OPEN,2,2026-07-20T03:03:00,ICT
266,Replace worn carpet,Kobina Quaye,5,ASSIGNED,2,2026-07-20T04:57:00,ICT
267,Repair broken cabinet,Kofi Adjei,2,OPEN,5,2026-07-20T05:18:00,Estates
268,Replace burnt out bulb,Kofi Adjei,4,OPEN,2,2026-07-20T06:48:00,Engineering
269,Fix flickering light,Kwaku Appiah,2,OPEN,3,2026-07-20T08:10:00,Estates
270,Repair damaged door,Kwabena Osei,3,ASSIGNED,1,2026-07-20T08:55:00,Estates
271,Fix loose handrail,Aba Gyasi,3,CLOSED,1,2026-07-20T10:53:00,ICT
272,Address pest issue,Yaa Asantewaa,3,IN_PROGRESS,5,2026-07-20T12:34:00,Security
273,Replace faulty projector,Afia Agyeman,1,ASSIGNED,1,2026-07-20T12:53:00,Estates
274,Fix broken chair,Adwoa Frimpong,3,IN_PROGRESS,1,2026-07-20T14:50:00,Estates
275,Clear clogged sink,Kofi Adjei,1,IN_PROGRESS,4,2026-07-20T15:28:00,ICT
276,Repair damaged door,Esi Danquah,1,CLOSED,2,2026-07-20T18:20:00,ICT
277,Repair broken cabinet,Kojo Boakye,1,CLOSED,3,2026-07-20T20:22:00,Estates
278,Repair cracked wall,Kwabena Osei,1,ASSIGNED,2,2026-07-20T22:50:00,ICT
279,Clean overflowing gutter,Yaa Asantewaa,2,IN_PROGRESS,3,2026-07-21T00:47:00,Security
280,Address pest issue,Akua Nyarko,5,ASSIGNED,3,2026-07-21T02:31:00,Security
281,Fix jammed window,Akua Nyarko,4,OPEN,2,2026-07-21T03:35:00,Engineering
282,Fix flickering light,Kwesi Amponsah,2,OPEN,4,2026-07-21T06:02:00,ICT
283,Service backup generator,Abena Darko,5,IN_PROGRESS,2,2026-07-21T07:56:00,Engineering
284,Replace faulty projector,Ama Mensah,5,OPEN,1,2026-07-21T09:51:00,ICT
285,Repair damaged floor tile,Efua Sarpong,4,CLOSED,2,2026-07-21T12:25:00,Engineering
286,Service fire extinguisher,Kofi Adjei,2,OPEN,5,2026-07-21T13:22:00,Security
287,Service fire extinguisher,Ama Mensah,4,OPEN,4,2026-07-21T14:58:00,ICT
288,Repair cracked wall,Kwaku Appiah,1,CLOSED,5,2026-07-21T16:58:00,Security
289,Fix broken window,Kwame Owusu,1,OPEN,1,2026-07-21T17:35:00,ICT
290,Fix flickering light,Kwame Owusu,4,ASSIGNED,2,2026-07-21T19:04:00,Engineering
291,Repair damaged floor tile,Kofi Adjei,1,IN_PROGRESS,4,2026-07-21T19:43:00,Engineering
292,Replace worn carpet,Akosua Boateng,5,OPEN,2,2026-07-21T20:52:00,ICT
293,Repair leaking tap,Akua Nyarko,2,OPEN,4,2026-07-21T21:30:00,Engineering
294,Repair broken paving,Afia Agyeman,1,CLOSED,1,2026-07-21T22:24:00,Estates
295,Repair broken fan,Kwabena Osei,4,ASSIGNED,5,2026-07-21T23:11:00,Security
296,Clear clogged sink,Kwame Owusu,3,OPEN,3,2026-07-22T01:17:00,Estates
297,Repair broken cabinet,Adjoa Kufuor,5,CLOSED,5,2026-07-22T03:32:00,Estates
298,Repair damaged floor tile,Abena Darko,2,OPEN,2,2026-07-22T03:57:00,ICT
299,Fix broken window,Afia Agyeman,5,IN_PROGRESS,5,2026-07-22T04:27:00,Security
300,Fix jammed window,Afia Agyeman,3,ASSIGNED,3,2026-07-22T06:23:00,Security
301,Fix water leak in ceiling,Afia Agyeman,1,CLOSED,3,2026-07-22T07:42:00,Estates
302,Service elevator,Adwoa Frimpong,4,OPEN,4,2026-07-22T10:37:00,Engineering
303,Fix electrical fault,Kwaku Appiah,2,ASSIGNED,3,2026-07-22T11:32:00,Security
304,Fix water leak in ceiling,Adjoa Kufuor,5,OPEN,4,2026-07-22T13:42:00,ICT
305,Unclog toilet,Afia Agyeman,3,ASSIGNED,4,2026-07-22T16:27:00,Engineering
306,Clear blocked drainage,Efua Sarpong,5,ASSIGNED,4,2026-07-22T18:28:00,Engineering
307,Clean overflowing gutter,Kwesi Amponsah,2,ASSIGNED,5,2026-07-22T19:17:00,Estates
308,Fix loose handrail,Efua Sarpong,4,IN_PROGRESS,1,2026-07-22T21:38:00,Estates
309,Service air conditioner,Kwaku Appiah,1,OPEN,1,2026-07-22T22:53:00,ICT
310,Repair cracked wall,Fiifi Ansah,4,OPEN,2,2026-07-22T23:22:00,Engineering
311,Repair broken fan,Ama Mensah,2,OPEN,4,2026-07-23T01:50:00,ICT
312,Fix water leak in ceiling,Kobina Quaye,3,IN_PROGRESS,4,2026-07-23T03:18:00,ICT
313,Repair broken fan,Abena Darko,1,CLOSED,2,2026-07-23T05:57:00,Engineering
314,Service fire extinguisher,Yaa Asantewaa,2,CLOSED,3,2026-07-23T08:29:00,Estates
315,Fix loose handrail,Ama Mensah,1,IN_PROGRESS,3,2026-07-23T10:21:00,Estates
316,Repair leaking tap,Fiifi Ansah,4,OPEN,1,2026-07-23T12:53:00,ICT
317,Fix jammed window,Fiifi Ansah,4,ASSIGNED,1,2026-07-23T13:03:00,ICT
318,Replace faulty projector,Esi Danquah,4,IN_PROGRESS,1,2026-07-23T13:56:00,ICT
319,Replace faulty projector,Kwesi Amponsah,2,OPEN,1,2026-07-23T15:19:00,ICT
320,Fix flickering light,Kojo Boakye,4,IN_PROGRESS,5,2026-07-23T17:22:00,Estates
321,Service fire extinguisher,Kwame Owusu,3,CLOSED,3,2026-07-23T17:53:00,Security
322,Repair broken paving,Ama Mensah,1,IN_PROGRESS,1,2026-07-23T20:29:00,Estates
323,Clean overflowing gutter,Yaa Asantewaa,1,IN_PROGRESS,1,2026-07-23T22:46:00,Estates
324,Repair damaged door,Yaa Asantewaa,3,IN_PROGRESS,1,2026-07-23T23:08:00,ICT
325,Fix broken window,Kwame Owusu,1,OPEN,2,2026-07-24T01:56:00,ICT
326,Fix damaged ceiling tile,Aba Gyasi,5,ASSIGNED,2,2026-07-24T03:39:00,Engineering
327,Repair squeaky door hinge,Aba Gyasi,4,ASSIGNED,4,2026-07-24T06:32:00,ICT
328,Repair broken intercom,Kofi Adjei,3,OPEN,4,2026-07-24T07:47:00,ICT
329,Fix broken window,Kwame Owusu,3,OPEN,5,2026-07-24T10:43:00,Estates
330,Clear clogged sink,Abena Darko,4,OPEN,3,2026-07-24T12:22:00,Estates
331,Repair squeaky door hinge,Kwaku Appiah,5,IN_PROGRESS,3,2026-07-24T13:20:00,Estates
332,Repair broken cabinet,Kobina Quaye,5,ASSIGNED,4,2026-07-24T15:11:00,ICT
333,Clear clogged sink,Ama Mensah,5,ASSIGNED,5,2026-07-24T16:57:00,Security
334,Fix broken chair,Aba Gyasi,1,IN_PROGRESS,4,2026-07-24T19:04:00,Engineering
335,Repair broken cabinet,Kojo Boakye,5,ASSIGNED,5,2026-07-24T21:51:00,Estates
336,Fix flickering light,Kwame Owusu,5,OPEN,3,2026-07-25T00:31:00,Security
337,Fix broken chair,Kwame Owusu,3,ASSIGNED,3,2026-07-25T01:24:00,Security
338,Replace worn carpet,Aba Gyasi,5,IN_PROGRESS,3,2026-07-25T01:40:00,Security
339,Fix electrical fault,Kwabena Osei,3,OPEN,2,2026-07-25T02:56:00,ICT
340,Fix damaged ceiling tile,Yaw Asante,1,IN_PROGRESS,4,2026-07-25T03:30:00,Engineering
341,Clean overflowing gutter,Adwoa Frimpong,4,IN_PROGRESS,1,2026-07-25T03:58:00,ICT
342,Repair squeaky door hinge,Kofi Adjei,1,OPEN,5,2026-07-25T06:40:00,Estates
343,Repair broken fan,Abena Darko,1,CLOSED,5,2026-07-25T07:20:00,Estates
344,Unclog toilet,Adjoa Kufuor,1,CLOSED,4,2026-07-25T10:16:00,Engineering
345,Service fire extinguisher,Afia Agyeman,3,OPEN,1,2026-07-25T11:03:00,Estates
346,Repair broken paving,Efua Sarpong,1,ASSIGNED,5,2026-07-25T14:02:00,Estates
347,Repair broken intercom,Kofi Adjei,5,ASSIGNED,3,2026-07-25T16:31:00,Security
348,Repair damaged door,Akosua Boateng,3,ASSIGNED,4,2026-07-25T19:17:00,Engineering
349,Fix broken chair,Kojo Boakye,1,OPEN,3,2026-07-25T21:21:00,Security
350,Service air conditioner,Esi Danquah,5,CLOSED,5,2026-07-25T23:27:00,Security
351,Unclog toilet,Afia Agyeman,1,ASSIGNED,4,2026-07-25T23:57:00,Engineering
352,Replace faulty projector,Adwoa Frimpong,3,CLOSED,4,2026-07-26T02:24:00,ICT
353,Repair broken lock,Afia Agyeman,5,CLOSED,5,2026-07-26T04:22:00,Security
354,Clean overflowing gutter,Fiifi Ansah,4,CLOSED,5,2026-07-26T07:02:00,Estates
355,Address pest issue,Fiifi Ansah,3,CLOSED,3,2026-07-26T08:23:00,Security
356,Unclog toilet,Ama Mensah,1,CLOSED,3,2026-07-26T09:33:00,Estates
357,Fix damaged ceiling tile,Ama Mensah,3,CLOSED,2,2026-07-26T11:29:00,ICT
358,Address pest issue,Akosua Boateng,5,OPEN,4,2026-07-26T13:35:00,Engineering
359,Fix flickering light,Ama Mensah,1,OPEN,4,2026-07-26T15:57:00,Engineering
360,Fix water leak in ceiling,Aba Gyasi,2,ASSIGNED,3,2026-07-26T17:22:00,Security
361,Repair broken paving,Akosua Boateng,3,ASSIGNED,3,2026-07-26T18:02:00,Security
362,Fix jammed window,Kwabena Osei,1,CLOSED,4,2026-07-26T18:45:00,Engineering
363,Service elevator,Akua Nyarko,5,OPEN,4,2026-07-26T21:43:00,Engineering
364,Service air conditioner,Kojo Boakye,1,OPEN,1,2026-07-26T22:52:00,ICT
365,Repair broken paving,Kwesi Amponsah,2,OPEN,2,2026-07-27T01:44:00,Engineering
366,Fix loose handrail,Esi Danquah,1,ASSIGNED,2,2026-07-27T02:39:00,Engineering
367,Repair broken lock,Yaa Asantewaa,4,OPEN,2,2026-07-27T04:05:00,Engineering
368,Repair cracked wall,Akosua Boateng,2,ASSIGNED,1,2026-07-27T04:48:00,Estates
369,Service backup generator,Kofi Adjei,5,CLOSED,1,2026-07-27T07:17:00,ICT
370,Service elevator,Akosua Boateng,3,IN_PROGRESS,5,2026-07-27T09:08:00,Security
371,Service backup generator,Fiifi Ansah,3,ASSIGNED,3,2026-07-27T11:57:00,Security
372,Service elevator,Akua Nyarko,3,OPEN,4,2026-07-27T13:37:00,Engineering
373,Service backup generator,Adjoa Kufuor,5,OPEN,1,2026-07-27T16:27:00,Estates
374,Repair broken paving,Fiifi Ansah,5,ASSIGNED,2,2026-07-27T17:20:00,ICT
375,Repair broken intercom,Aba Gyasi,3,ASSIGNED,5,2026-07-27T18:50:00,Security
376,Clean overflowing gutter,Fiifi Ansah,2,CLOSED,5,2026-07-27T19:44:00,Estates
377,Fix damaged ceiling tile,Kwame Owusu,3,OPEN,5,2026-07-27T21:48:00,Estates
378,Repair broken intercom,Kofi Adjei,5,ASSIGNED,2,2026-07-27T22:54:00,ICT
379,Replace burnt out bulb,Kofi Adjei,1,OPEN,4,2026-07-27T23:46:00,Engineering
380,Service elevator,Kwesi Amponsah,2,IN_PROGRESS,4,2026-07-28T02:09:00,ICT
381,Service elevator,Adjoa Kufuor,3,OPEN,4,2026-07-28T02:53:00,ICT
382,Repair leaking tap,Kwabena Osei,2,OPEN,2,2026-07-28T04:39:00,Engineering
383,Repair squeaky door hinge,Adwoa Frimpong,4,CLOSED,4,2026-07-28T07:12:00,ICT
384,Service fire extinguisher,Adjoa Kufuor,2,CLOSED,1,2026-07-28T08:08:00,ICT
385,Fix jammed window,Yaa Asantewaa,4,OPEN,3,2026-07-28T11:00:00,Security
386,Repair cracked wall,Efua Sarpong,4,ASSIGNED,4,2026-07-28T11:59:00,Engineering
387,Address pest issue,Abena Darko,3,ASSIGNED,1,2026-07-28T13:14:00,Estates
388,Replace faulty projector,Efua Sarpong,4,OPEN,5,2026-07-28T14:19:00,Estates
389,Fix electrical fault,Kwaku Appiah,1,ASSIGNED,2,2026-07-28T16:49:00,ICT
390,Clear clogged sink,Efua Sarpong,3,ASSIGNED,2,2026-07-28T17:09:00,Engineering
391,Fix flickering light,Kwabena Osei,5,IN_PROGRESS,3,2026-07-28T19:32:00,Security
392,Service air conditioner,Yaw Asante,4,ASSIGNED,4,2026-07-28T20:57:00,Engineering
393,Fix loose handrail,Kobina Quaye,4,IN_PROGRESS,5,2026-07-28T22:39:00,Security
394,Repair broken lock,Kwabena Osei,5,ASSIGNED,3,2026-07-29T01:34:00,Security
395,Repair leaking tap,Kwesi Amponsah,3,ASSIGNED,3,2026-07-29T04:19:00,Security
396,Repair broken cabinet,Kwabena Osei,2,OPEN,3,2026-07-29T06:36:00,Security
397,Fix broken chair,Adjoa Kufuor,5,ASSIGNED,2,2026-07-29T07:27:00,ICT
398,Repair leaking tap,Ama Mensah,4,CLOSED,5,2026-07-29T09:29:00,Estates
399,Replace worn carpet,Kobina Quaye,3,CLOSED,2,2026-07-29T10:59:00,Engineering
400,Fix water leak in ceiling,Afia Agyeman,1,IN_PROGRESS,4,2026-07-29T11:17:00,ICT
401,Replace faulty projector,Akosua Boateng,2,CLOSED,5,2026-07-29T12:19:00,Estates
402,Replace worn carpet,Fiifi Ansah,1,IN_PROGRESS,1,2026-07-29T13:31:00,Estates
403,Service backup generator,Kojo Boakye,2,ASSIGNED,2,2026-07-29T14:04:00,Engineering
404,Clean overflowing gutter,Aba Gyasi,1,ASSIGNED,2,2026-07-29T16:02:00,Engineering
405,Clean overflowing gutter,Ama Mensah,1,ASSIGNED,5,2026-07-29T16:21:00,Security
406,Unclog toilet,Abena Darko,3,ASSIGNED,2,2026-07-29T18:28:00,ICT
407,Repair cracked wall,Kwaku Appiah,4,OPEN,1,2026-07-29T21:20:00,Estates
408,Repair broken paving,Kojo Boakye,3,IN_PROGRESS,4,2026-07-29T22:51:00,Engineering
409,Fix jammed window,Kobina Quaye,3,ASSIGNED,5,2026-07-30T00:59:00,Estates
410,Address pest issue,Aba Gyasi,5,ASSIGNED,4,2026-07-30T03:34:00,ICT
411,Address pest issue,Kwabena Osei,4,OPEN,3,2026-07-30T05:11:00,Estates
412,Fix broken chair,Fiifi Ansah,3,CLOSED,1,2026-07-30T05:50:00,ICT
413,Repair squeaky door hinge,Aba Gyasi,3,CLOSED,3,2026-07-30T08:23:00,Estates
414,Fix damaged ceiling tile,Yaa Asantewaa,2,CLOSED,3,2026-07-30T11:22:00,Estates
415,Repair cracked wall,Fiifi Ansah,2,IN_PROGRESS,1,2026-07-30T13:47:00,ICT
416,Address pest issue,Yaw Asante,1,IN_PROGRESS,1,2026-07-30T16:43:00,ICT
417,Repair broken intercom,Yaa Asantewaa,4,OPEN,2,2026-07-30T18:09:00,ICT
418,Replace faulty projector,Abena Darko,1,IN_PROGRESS,3,2026-07-30T18:57:00,Security
419,Repair damaged floor tile,Aba Gyasi,3,ASSIGNED,2,2026-07-30T21:48:00,Engineering
420,Replace faulty projector,Abena Darko,3,IN_PROGRESS,1,2026-07-30T23:14:00,Estates
421,Fix loose handrail,Kofi Adjei,3,CLOSED,2,2026-07-30T23:47:00,ICT
422,Replace worn carpet,Abena Darko,4,OPEN,3,2026-07-31T00:41:00,Estates
423,Fix broken window,Akosua Boateng,5,CLOSED,1,2026-07-31T01:14:00,ICT
424,Fix water leak in ceiling,Kobina Quaye,3,IN_PROGRESS,3,2026-07-31T02:54:00,Estates
425,Repair broken paving,Esi Danquah,5,CLOSED,1,2026-07-31T04:16:00,Estates
426,Repair squeaky door hinge,Efua Sarpong,3,ASSIGNED,1,2026-07-31T07:13:00,Estates
427,Fix damaged ceiling tile,Aba Gyasi,1,CLOSED,1,2026-07-31T09:44:00,Estates
428,Repair broken cabinet,Kwabena Osei,3,CLOSED,1,2026-07-31T11:11:00,Estates
429,Replace burnt out bulb,Abena Darko,5,IN_PROGRESS,3,2026-07-31T11:38:00,Security
430,Fix damaged ceiling tile,Kwaku Appiah,4,ASSIGNED,5,2026-07-31T12:33:00,Estates
431,Repair squeaky door hinge,Kwesi Amponsah,2,OPEN,1,2026-07-31T14:49:00,Estates
432,Clear clogged sink,Kofi Adjei,5,OPEN,1,2026-07-31T15:05:00,Estates
433,Replace faulty projector,Akosua Boateng,3,IN_PROGRESS,2,2026-07-31T16:12:00,ICT
434,Fix flickering light,Fiifi Ansah,5,OPEN,3,2026-07-31T17:03:00,Estates
435,Repair damaged floor tile,Afia Agyeman,3,CLOSED,5,2026-07-31T19:41:00,Security
436,Repair broken intercom,Kobina Quaye,1,IN_PROGRESS,2,2026-07-31T20:20:00,ICT
437,Repair damaged door,Akosua Boateng,2,OPEN,5,2026-07-31T22:41:00,Security
438,Repair broken lock,Efua Sarpong,2,IN_PROGRESS,4,2026-07-31T23:15:00,Engineering
439,Fix broken chair,Akosua Boateng,4,OPEN,4,2026-07-31T23:38:00,ICT
440,Service air conditioner,Fiifi Ansah,4,OPEN,2,2026-08-01T02:26:00,ICT
441,Repair squeaky door hinge,Abena Darko,2,OPEN,3,2026-08-01T03:04:00,Estates
442,Replace worn carpet,Yaa Asantewaa,4,OPEN,2,2026-08-01T04:21:00,Engineering
443,Fix damaged ceiling tile,Fiifi Ansah,4,IN_PROGRESS,4,2026-08-01T05:36:00,Engineering
444,Repair broken lock,Yaa Asantewaa,2,ASSIGNED,3,2026-08-01T07:52:00,Estates
445,Clear blocked drainage,Kojo Boakye,2,OPEN,4,2026-08-01T08:59:00,Engineering
446,Fix water leak in ceiling,Fiifi Ansah,1,OPEN,1,2026-08-01T11:58:00,Estates
447,Service backup generator,Ama Mensah,2,IN_PROGRESS,1,2026-08-01T14:00:00,ICT
448,Replace faulty projector,Afia Agyeman,4,CLOSED,5,2026-08-01T15:02:00,Estates
449,Fix flickering light,Aba Gyasi,3,ASSIGNED,1,2026-08-01T16:40:00,Estates
450,Service fire extinguisher,Aba Gyasi,2,CLOSED,5,2026-08-01T18:31:00,Estates
451,Fix jammed window,Kwaku Appiah,1,OPEN,2,2026-08-01T19:36:00,ICT
452,Repair broken intercom,Ama Mensah,1,IN_PROGRESS,1,2026-08-01T21:59:00,ICT
453,Replace faulty projector,Adjoa Kufuor,4,OPEN,1,2026-08-02T00:56:00,ICT
454,Replace burnt out bulb,Ama Mensah,4,ASSIGNED,2,2026-08-02T02:22:00,ICT
455,Fix broken chair,Adjoa Kufuor,5,IN_PROGRESS,5,2026-08-02T03:47:00,Estates
456,Repair broken lock,Akua Nyarko,5,IN_PROGRESS,5,2026-08-02T04:59:00,Security
457,Repair damaged door,Fiifi Ansah,3,CLOSED,5,2026-08-02T05:56:00,Estates
458,Address pest issue,Adwoa Frimpong,3,ASSIGNED,2,2026-08-02T08:26:00,Engineering
459,Clear clogged sink,Yaw Asante,5,CLOSED,1,2026-08-02T11:14:00,Estates
460,Repair broken fan,Kofi Adjei,2,ASSIGNED,1,2026-08-02T12:43:00,Estates
461,Fix jammed window,Esi Danquah,2,ASSIGNED,5,2026-08-02T15:13:00,Security
462,Repair squeaky door hinge,Adjoa Kufuor,1,OPEN,5,2026-08-02T16:00:00,Security
463,Repair broken lock,Yaa Asantewaa,5,ASSIGNED,2,2026-08-02T17:15:00,Engineering
464,Service elevator,Esi Danquah,3,OPEN,4,2026-08-02T19:37:00,ICT
465,Repair damaged door,Kwame Owusu,4,OPEN,2,2026-08-02T20:09:00,Engineering
466,Fix damaged ceiling tile,Kofi Adjei,5,ASSIGNED,4,2026-08-02T21:47:00,ICT
467,Unclog toilet,Yaa Asantewaa,5,ASSIGNED,4,2026-08-02T22:28:00,Engineering
468,Repair broken cabinet,Adwoa Frimpong,3,IN_PROGRESS,5,2026-08-02T23:06:00,Security
469,Clean overflowing gutter,Yaw Asante,3,IN_PROGRESS,3,2026-08-03T00:01:00,Security
470,Service elevator,Adjoa Kufuor,4,OPEN,4,2026-08-03T00:29:00,Engineering
471,Service backup generator,Abena Darko,4,OPEN,3,2026-08-03T00:46:00,Security
472,Repair broken cabinet,Ama Mensah,3,ASSIGNED,5,2026-08-03T02:38:00,Security
473,Repair broken paving,Adwoa Frimpong,2,IN_PROGRESS,3,2026-08-03T04:17:00,Security
474,Repair broken fan,Adwoa Frimpong,2,ASSIGNED,5,2026-08-03T06:04:00,Security
475,Replace burnt out bulb,Kwesi Amponsah,3,IN_PROGRESS,1,2026-08-03T06:20:00,ICT
476,Service backup generator,Kobina Quaye,3,IN_PROGRESS,3,2026-08-03T07:56:00,Security
477,Repair squeaky door hinge,Ama Mensah,1,OPEN,4,2026-08-03T08:08:00,Engineering
478,Fix water leak in ceiling,Efua Sarpong,2,CLOSED,4,2026-08-03T08:56:00,Engineering
479,Service fire extinguisher,Efua Sarpong,1,IN_PROGRESS,4,2026-08-03T10:14:00,ICT
480,Fix loose handrail,Fiifi Ansah,2,ASSIGNED,4,2026-08-03T12:03:00,Engineering
481,Repair broken lock,Ama Mensah,5,OPEN,1,2026-08-03T14:54:00,ICT
482,Service fire extinguisher,Yaa Asantewaa,1,ASSIGNED,1,2026-08-03T16:48:00,Estates
483,Fix loose handrail,Adwoa Frimpong,1,OPEN,1,2026-08-03T18:43:00,Estates
484,Unclog toilet,Abena Darko,4,CLOSED,5,2026-08-03T21:16:00,Estates
485,Fix broken window,Esi Danquah,5,ASSIGNED,1,2026-08-03T23:13:00,Estates
486,Fix broken chair,Kofi Adjei,5,CLOSED,5,2026-08-03T23:54:00,Estates
487,Repair broken cabinet,Kojo Boakye,4,IN_PROGRESS,3,2026-08-04T02:40:00,Security
488,Repair broken cabinet,Esi Danquah,3,CLOSED,3,2026-08-04T03:11:00,Estates
489,Fix broken window,Fiifi Ansah,1,CLOSED,2,2026-08-04T04:48:00,Engineering
490,Repair cracked wall,Kwaku Appiah,2,OPEN,1,2026-08-04T05:15:00,ICT
491,Replace worn carpet,Kofi Adjei,2,ASSIGNED,4,2026-08-04T06:46:00,ICT
492,Clean overflowing gutter,Kwabena Osei,2,ASSIGNED,1,2026-08-04T07:50:00,ICT
493,Service fire extinguisher,Kwame Owusu,1,OPEN,5,2026-08-04T08:23:00,Estates
494,Service air conditioner,Efua Sarpong,5,OPEN,1,2026-08-04T10:55:00,ICT
495,Clear blocked drainage,Kwabena Osei,1,CLOSED,3,2026-08-04T12:48:00,Security
496,Fix broken chair,Akosua Boateng,3,OPEN,5,2026-08-04T15:21:00,Estates
497,Clear clogged sink,Efua Sarpong,5,OPEN,2,2026-08-04T17:00:00,Engineering
498,Service fire extinguisher,Adjoa Kufuor,4,IN_PROGRESS,2,2026-08-04T17:53:00,Engineering
499,Clean overflowing gutter,Yaw Asante,2,OPEN,4,2026-08-04T20:29:00,ICT
500,Repair damaged floor tile,Adwoa Frimpong,4,CLOSED,2,2026-08-04T22:02:00,Engineering
501,Address pest issue,Fiifi Ansah,5,OPEN,4,2026-08-04T22:33:00,Engineering
502,Service fire extinguisher,Fiifi Ansah,5,OPEN,1,2026-08-04T22:52:00,ICT
503,Service air conditioner,Yaw Asante,4,OPEN,1,2026-08-05T01:29:00,ICT
504,Unclog toilet,Kojo Boakye,1,CLOSED,3,2026-08-05T02:44:00,Security
505,Clear clogged sink,Kobina Quaye,4,ASSIGNED,5,2026-08-05T03:09:00,Security
506,Service backup generator,Esi Danquah,2,CLOSED,3,2026-08-05T04:36:00,Estates
507,Repair squeaky door hinge,Esi Danquah,4,CLOSED,5,2026-08-05T05:33:00,Estates
508,Repair leaking tap,Kwame Owusu,4,IN_PROGRESS,5,2026-08-05T07:40:00,Estates
509,Repair squeaky door hinge,Kofi Adjei,3,CLOSED,1,2026-08-05T09:17:00,Estates
510,Repair broken cabinet,Adjoa Kufuor,1,IN_PROGRESS,2,2026-08-05T12:13:00,ICT
511,Fix water leak in ceiling,Kobina Quaye,5,OPEN,2,2026-08-05T14:06:00,ICT
512,Repair broken cabinet,Ama Mensah,2,ASSIGNED,4,2026-08-05T16:01:00,ICT
513,Replace burnt out bulb,Kobina Quaye,3,ASSIGNED,3,2026-08-05T18:31:00,Estates
514,Clear clogged sink,Fiifi Ansah,2,CLOSED,4,2026-08-05T20:24:00,ICT
515,Service fire extinguisher,Esi Danquah,1,CLOSED,1,2026-08-05T21:22:00,Estates
516,Replace faulty projector,Kwabena Osei,4,ASSIGNED,5,2026-08-05T23:26:00,Security
517,Clear clogged sink,Kobina Quaye,2,OPEN,1,2026-08-06T01:27:00,ICT
518,Fix damaged ceiling tile,Fiifi Ansah,2,OPEN,4,2026-08-06T04:03:00,Engineering
519,Fix water leak in ceiling,Kwesi Amponsah,5,ASSIGNED,3,2026-08-06T06:04:00,Estates
520,Service elevator,Yaa Asantewaa,1,CLOSED,4,2026-08-06T08:51:00,Engineering
521,Repair damaged floor tile,Akua Nyarko,4,OPEN,3,2026-08-06T10:28:00,Security
522,Service fire extinguisher,Adwoa Frimpong,1,IN_PROGRESS,4,2026-08-06T12:10:00,ICT
523,Service air conditioner,Kwaku Appiah,5,OPEN,5,2026-08-06T14:28:00,Security
524,Service backup generator,Kwame Owusu,2,ASSIGNED,4,2026-08-06T14:38:00,ICT
525,Fix broken window,Afia Agyeman,2,ASSIGNED,2,2026-08-06T15:03:00,ICT
526,Repair damaged door,Kojo Boakye,3,ASSIGNED,2,2026-08-06T16:08:00,ICT
527,Repair squeaky door hinge,Ama Mensah,5,CLOSED,3,2026-08-06T17:15:00,Security
528,Clear clogged sink,Kwame Owusu,4,OPEN,1,2026-08-06T18:31:00,ICT
529,Address pest issue,Efua Sarpong,2,OPEN,1,2026-08-06T20:52:00,ICT
530,Service air conditioner,Efua Sarpong,3,IN_PROGRESS,4,2026-08-06T22:36:00,ICT
531,Replace worn carpet,Kobina Quaye,1,OPEN,2,2026-08-07T01:28:00,Engineering
532,Repair broken cabinet,Afia Agyeman,5,CLOSED,3,2026-08-07T03:20:00,Estates
533,Service elevator,Kwabena Osei,2,CLOSED,2,2026-08-07T05:36:00,ICT
534,Fix electrical fault,Kojo Boakye,2,IN_PROGRESS,2,2026-08-07T08:02:00,ICT
535,Repair damaged door,Kwabena Osei,4,IN_PROGRESS,5,2026-08-07T10:11:00,Security
536,Replace burnt out bulb,Yaw Asante,1,OPEN,2,2026-08-07T12:49:00,Engineering
537,Repair leaking tap,Adjoa Kufuor,5,ASSIGNED,2,2026-08-07T13:12:00,Engineering
538,Replace burnt out bulb,Kwaku Appiah,1,OPEN,2,2026-08-07T13:30:00,Engineering
539,Service fire extinguisher,Yaw Asante,5,CLOSED,2,2026-08-07T14:30:00,ICT
540,Unclog toilet,Yaa Asantewaa,4,IN_PROGRESS,5,2026-08-07T16:56:00,Security
541,Repair cracked wall,Esi Danquah,5,IN_PROGRESS,1,2026-08-07T18:38:00,Estates
542,Repair squeaky door hinge,Kwaku Appiah,1,IN_PROGRESS,1,2026-08-07T20:46:00,ICT
543,Service elevator,Kobina Quaye,4,ASSIGNED,3,2026-08-07T22:58:00,Estates
544,Service backup generator,Yaa Asantewaa,3,ASSIGNED,4,2026-08-08T00:42:00,ICT
545,Fix water leak in ceiling,Adjoa Kufuor,2,ASSIGNED,2,2026-08-08T02:26:00,ICT
546,Repair leaking tap,Akua Nyarko,2,IN_PROGRESS,2,2026-08-08T03:50:00,Engineering
547,Fix flickering light,Afia Agyeman,5,ASSIGNED,4,2026-08-08T06:45:00,Engineering
548,Repair broken cabinet,Efua Sarpong,5,CLOSED,5,2026-08-08T08:02:00,Security
549,Fix flickering light,Kwaku Appiah,5,CLOSED,2,2026-08-08T09:08:00,ICT
550,Clear blocked drainage,Yaa Asantewaa,1,OPEN,4,2026-08-08T10:12:00,Engineering
551,Repair broken intercom,Afia Agyeman,3,IN_PROGRESS,1,2026-08-08T12:50:00,ICT
552,Address pest issue,Ama Mensah,4,ASSIGNED,1,2026-08-08T13:32:00,Estates
553,Service fire extinguisher,Kwame Owusu,4,IN_PROGRESS,5,2026-08-08T16:25:00,Estates
554,Service elevator,Esi Danquah,1,CLOSED,2,2026-08-08T18:41:00,Engineering
555,Repair damaged door,Adjoa Kufuor,5,ASSIGNED,5,2026-08-08T19:54:00,Estates
556,Repair squeaky door hinge,Fiifi Ansah,3,OPEN,5,2026-08-08T20:04:00,Security
557,Fix broken window,Efua Sarpong,1,ASSIGNED,2,2026-08-08T21:51:00,Engineering
558,Repair broken paving,Kwaku Appiah,3,OPEN,5,2026-08-08T23:02:00,Estates
559,Fix flickering light,Adwoa Frimpong,5,ASSIGNED,4,2026-08-09T01:44:00,Engineering
560,Replace burnt out bulb,Adjoa Kufuor,5,ASSIGNED,5,2026-08-09T01:55:00,Estates
561,Service elevator,Yaa Asantewaa,2,OPEN,3,2026-08-09T03:37:00,Security
562,Replace faulty projector,Kwame Owusu,2,IN_PROGRESS,1,2026-08-09T04:42:00,ICT
563,Repair damaged door,Kwaku Appiah,2,ASSIGNED,1,2026-08-09T07:41:00,Estates
564,Fix electrical fault,Kojo Boakye,4,OPEN,4,2026-08-09T08:33:00,Engineering
565,Fix broken chair,Fiifi Ansah,4,OPEN,2,2026-08-09T09:35:00,ICT
566,Service fire extinguisher,Kojo Boakye,1,IN_PROGRESS,2,2026-08-09T11:34:00,ICT
567,Fix flickering light,Ama Mensah,3,ASSIGNED,5,2026-08-09T11:52:00,Security
568,Repair broken cabinet,Kwaku Appiah,2,CLOSED,4,2026-08-09T12:07:00,ICT
569,Fix broken chair,Kwaku Appiah,5,CLOSED,2,2026-08-09T13:36:00,Engineering
570,Fix electrical fault,Aba Gyasi,3,IN_PROGRESS,2,2026-08-09T15:57:00,Engineering
571,Service elevator,Kwame Owusu,5,IN_PROGRESS,3,2026-08-09T18:10:00,Estates
572,Service air conditioner,Afia Agyeman,3,CLOSED,5,2026-08-09T20:26:00,Security
573,Fix broken chair,Yaa Asantewaa,4,CLOSED,3,2026-08-09T20:39:00,Estates
574,Replace worn carpet,Kwesi Amponsah,3,CLOSED,3,2026-08-09T22:40:00,Security
575,Repair broken lock,Adjoa Kufuor,1,IN_PROGRESS,2,2026-08-10T01:08:00,ICT
576,Replace worn carpet,Ama Mensah,3,ASSIGNED,3,2026-08-10T03:26:00,Estates
577,Replace burnt out bulb,Kwaku Appiah,5,IN_PROGRESS,3,2026-08-10T05:57:00,Estates
578,Clear blocked drainage,Kobina Quaye,5,CLOSED,3,2026-08-10T08:00:00,Security
579,Unclog toilet,Kwabena Osei,3,ASSIGNED,5,2026-08-10T10:03:00,Security
580,Address pest issue,Aba Gyasi,2,ASSIGNED,5,2026-08-10T12:23:00,Estates
581,Replace faulty projector,Efua Sarpong,2,OPEN,4,2026-08-10T13:55:00,Engineering
582,Repair damaged floor tile,Aba Gyasi,2,OPEN,5,2026-08-10T15:16:00,Estates
583,Fix electrical fault,Adwoa Frimpong,5,ASSIGNED,2,2026-08-10T16:25:00,Engineering
584,Fix broken window,Yaw Asante,3,ASSIGNED,3,2026-08-10T17:03:00,Estates
585,Repair leaking tap,Fiifi Ansah,5,OPEN,2,2026-08-10T17:29:00,Engineering
586,Fix flickering light,Kwesi Amponsah,4,ASSIGNED,3,2026-08-10T19:26:00,Security
587,Fix water leak in ceiling,Kojo Boakye,3,ASSIGNED,3,2026-08-10T20:30:00,Estates
588,Service air conditioner,Akosua Boateng,4,OPEN,4,2026-08-10T23:09:00,ICT
589,Replace faulty projector,Kwabena Osei,5,CLOSED,2,2026-08-11T00:45:00,ICT
590,Clean overflowing gutter,Afia Agyeman,5,IN_PROGRESS,4,2026-08-11T02:24:00,ICT
591,Fix loose handrail,Kwesi Amponsah,1,ASSIGNED,1,2026-08-11T02:44:00,Estates
592,Replace burnt out bulb,Yaa Asantewaa,2,CLOSED,5,2026-08-11T03:49:00,Security
593,Service air conditioner,Kwabena Osei,5,ASSIGNED,4,2026-08-11T03:59:00,ICT
594,Replace worn carpet,Akua Nyarko,4,OPEN,1,2026-08-11T04:51:00,Estates
595,Fix damaged ceiling tile,Ama Mensah,1,OPEN,5,2026-08-11T05:28:00,Security
596,Service air conditioner,Adjoa Kufuor,1,CLOSED,3,2026-08-11T07:37:00,Security
597,Repair broken cabinet,Akosua Boateng,5,OPEN,5,2026-08-11T09:25:00,Security
598,Repair broken paving,Kojo Boakye,3,OPEN,5,2026-08-11T10:23:00,Security
599,Replace worn carpet,Yaw Asante,5,OPEN,3,2026-08-11T11:03:00,Security
600,Repair broken lock,Akosua Boateng,5,ASSIGNED,5,2026-08-11T13:29:00,Estates
601,Repair leaking tap,Adjoa Kufuor,1,IN_PROGRESS,4,2026-08-11T15:42:00,Engineering
602,Service backup generator,Abena Darko,2,IN_PROGRESS,5,2026-08-11T18:24:00,Security
603,Fix water leak in ceiling,Yaw Asante,5,ASSIGNED,5,2026-08-11T18:38:00,Estates
604,Repair broken intercom,Efua Sarpong,1,IN_PROGRESS,2,2026-08-11T19:41:00,ICT
605,Repair damaged door,Kwame Owusu,5,CLOSED,3,2026-08-11T20:32:00,Security
606,Replace faulty projector,Abena Darko,4,CLOSED,3,2026-08-11T23:32:00,Estates
607,Fix electrical fault,Fiifi Ansah,5,ASSIGNED,1,2026-08-12T01:48:00,ICT
608,Clean overflowing gutter,Ama Mensah,4,ASSIGNED,2,2026-08-12T03:03:00,Engineering
609,Fix loose handrail,Efua Sarpong,1,IN_PROGRESS,1,2026-08-12T04:59:00,Estates
610,Repair broken intercom,Yaa Asantewaa,1,ASSIGNED,1,2026-08-12T07:40:00,ICT
611,Service air conditioner,Yaw Asante,5,ASSIGNED,4,2026-08-12T08:33:00,Engineering
612,Service fire extinguisher,Efua Sarpong,2,CLOSED,1,2026-08-12T09:14:00,Estates
613,Replace faulty projector,Kofi Adjei,3,ASSIGNED,5,2026-08-12T10:14:00,Security
614,Repair broken cabinet,Efua Sarpong,1,ASSIGNED,5,2026-08-12T12:52:00,Estates
615,Fix loose handrail,Kwesi Amponsah,3,IN_PROGRESS,2,2026-08-12T13:31:00,ICT
616,Fix damaged ceiling tile,Kobina Quaye,4,IN_PROGRESS,5,2026-08-12T13:46:00,Security
617,Replace faulty projector,Kwesi Amponsah,3,OPEN,5,2026-08-12T16:16:00,Estates
618,Repair damaged door,Kwame Owusu,2,IN_PROGRESS,2,2026-08-12T16:42:00,ICT
619,Fix loose handrail,Adwoa Frimpong,1,CLOSED,1,2026-08-12T18:35:00,Estates
620,Unclog toilet,Afia Agyeman,1,CLOSED,5,2026-08-12T19:49:00,Security
621,Unclog toilet,Kwame Owusu,5,CLOSED,1,2026-08-12T20:25:00,ICT
622,Address pest issue,Adwoa Frimpong,3,IN_PROGRESS,3,2026-08-12T22:59:00,Security
623,Repair leaking tap,Kobina Quaye,3,CLOSED,3,2026-08-13T00:52:00,Estates
624,Repair broken intercom,Efua Sarpong,4,OPEN,5,2026-08-13T02:47:00,Security
625,Clean overflowing gutter,Kwabena Osei,5,IN_PROGRESS,4,2026-08-13T05:29:00,ICT
626,Unclog toilet,Efua Sarpong,5,CLOSED,3,2026-08-13T07:43:00,Estates
627,Service fire extinguisher,Aba Gyasi,1,OPEN,1,2026-08-13T08:29:00,ICT
628,Repair broken lock,Afia Agyeman,2,ASSIGNED,3,2026-08-13T11:25:00,Security
629,Repair damaged floor tile,Kojo Boakye,5,OPEN,2,2026-08-13T13:31:00,Engineering
630,Replace faulty projector,Yaw Asante,4,CLOSED,5,2026-08-13T14:30:00,Estates
631,Repair broken fan,Kojo Boakye,1,ASSIGNED,3,2026-08-13T15:15:00,Security
632,Address pest issue,Kobina Quaye,1,OPEN,3,2026-08-13T17:37:00,Security
633,Fix loose handrail,Kwaku Appiah,4,OPEN,4,2026-08-13T20:22:00,Engineering
634,Clear clogged sink,Adjoa Kufuor,4,ASSIGNED,4,2026-08-13T21:07:00,ICT
635,Repair broken fan,Efua Sarpong,3,CLOSED,2,2026-08-13T23:49:00,Engineering
636,Repair cracked wall,Kwame Owusu,1,ASSIGNED,4,2026-08-14T02:02:00,ICT
637,Repair broken cabinet,Esi Danquah,3,OPEN,4,2026-08-14T04:19:00,Engineering
638,Repair damaged door,Abena Darko,1,IN_PROGRESS,1,2026-08-14T06:36:00,ICT
639,Unclog toilet,Kofi Adjei,2,ASSIGNED,2,2026-08-14T07:23:00,Engineering
640,Repair leaking tap,Fiifi Ansah,3,IN_PROGRESS,3,2026-08-14T07:41:00,Security
641,Repair damaged floor tile,Akosua Boateng,4,OPEN,5,2026-08-14T10:24:00,Estates
642,Clear clogged sink,Efua Sarpong,1,IN_PROGRESS,3,2026-08-14T12:00:00,Estates
643,Clear clogged sink,Akosua Boateng,2,IN_PROGRESS,2,2026-08-14T13:00:00,Engineering
644,Repair broken paving,Afia Agyeman,1,ASSIGNED,5,2026-08-14T14:45:00,Estates
645,Service fire extinguisher,Efua Sarpong,2,OPEN,5,2026-08-14T16:08:00,Security
646,Clear blocked drainage,Efua Sarpong,5,OPEN,1,2026-08-14T18:52:00,Estates
647,Fix loose handrail,Adwoa Frimpong,1,OPEN,3,2026-08-14T19:29:00,Estates
648,Repair squeaky door hinge,Adwoa Frimpong,2,IN_PROGRESS,1,2026-08-14T21:50:00,ICT
649,Clear clogged sink,Adjoa Kufuor,2,IN_PROGRESS,4,2026-08-15T00:31:00,ICT
650,Service air conditioner,Yaw Asante,4,CLOSED,3,2026-08-15T01:19:00,Estates
651,Replace burnt out bulb,Esi Danquah,5,CLOSED,2,2026-08-15T01:52:00,ICT
652,Service air conditioner,Ama Mensah,1,CLOSED,5,2026-08-15T04:10:00,Security
653,Service backup generator,Kwesi Amponsah,2,CLOSED,5,2026-08-15T04:58:00,Estates
654,Clear clogged sink,Aba Gyasi,4,CLOSED,3,2026-08-15T07:20:00,Security
655,Fix water leak in ceiling,Kwaku Appiah,3,IN_PROGRESS,3,2026-08-15T09:39:00,Security
656,Replace burnt out bulb,Kwesi Amponsah,5,ASSIGNED,3,2026-08-15T11:35:00,Estates
657,Repair broken cabinet,Esi Danquah,2,ASSIGNED,5,2026-08-15T12:35:00,Security
658,Repair cracked wall,Akua Nyarko,2,ASSIGNED,3,2026-08-15T13:17:00,Estates
659,Service fire extinguisher,Adjoa Kufuor,2,IN_PROGRESS,1,2026-08-15T15:41:00,ICT
660,Unclog toilet,Akua Nyarko,3,OPEN,3,2026-08-15T16:54:00,Estates
661,Fix water leak in ceiling,Kofi Adjei,1,CLOSED,5,2026-08-15T19:14:00,Security
662,Service elevator,Kojo Boakye,4,IN_PROGRESS,4,2026-08-15T21:25:00,ICT
663,Clean overflowing gutter,Esi Danquah,3,ASSIGNED,5,2026-08-15T23:53:00,Security
664,Repair broken cabinet,Efua Sarpong,1,IN_PROGRESS,5,2026-08-16T00:23:00,Estates
665,Service fire extinguisher,Abena Darko,4,IN_PROGRESS,3,2026-08-16T00:51:00,Estates
666,Fix electrical fault,Efua Sarpong,4,OPEN,5,2026-08-16T01:27:00,Security
667,Fix jammed window,Akosua Boateng,3,IN_PROGRESS,1,2026-08-16T02:52:00,ICT
668,Repair cracked wall,Yaw Asante,1,CLOSED,3,2026-08-16T03:02:00,Estates
669,Fix electrical fault,Efua Sarpong,5,IN_PROGRESS,1,2026-08-16T04:25:00,ICT
670,Fix electrical fault,Kwaku Appiah,3,OPEN,5,2026-08-16T05:53:00,Estates
671,Fix flickering light,Aba Gyasi,4,OPEN,2,2026-08-16T06:20:00,ICT
672,Repair squeaky door hinge,Kwabena Osei,3,IN_PROGRESS,1,2026-08-16T07:28:00,ICT
673,Service elevator,Aba Gyasi,4,OPEN,4,2026-08-16T10:17:00,Engineering
674,Fix loose handrail,Kwesi Amponsah,2,OPEN,1,2026-08-16T11:19:00,Estates
675,Repair broken cabinet,Adjoa Kufuor,3,CLOSED,5,2026-08-16T13:02:00,Estates
676,Repair broken fan,Fiifi Ansah,1,CLOSED,4,2026-08-16T15:27:00,Engineering
677,Fix jammed window,Efua Sarpong,1,ASSIGNED,4,2026-08-16T15:50:00,ICT
678,Fix flickering light,Adwoa Frimpong,2,ASSIGNED,5,2026-08-16T18:07:00,Security
679,Fix damaged ceiling tile,Kwesi Amponsah,5,CLOSED,2,2026-08-16T20:22:00,ICT
680,Fix broken window,Kofi Adjei,2,OPEN,2,2026-08-16T21:02:00,ICT
681,Clean overflowing gutter,Kwame Owusu,4,OPEN,5,2026-08-16T22:19:00,Estates
682,Fix broken chair,Fiifi Ansah,2,IN_PROGRESS,4,2026-08-16T22:59:00,Engineering
683,Repair broken lock,Esi Danquah,4,OPEN,5,2026-08-17T00:28:00,Estates
684,Repair damaged floor tile,Kojo Boakye,4,CLOSED,4,2026-08-17T01:34:00,Engineering
685,Repair leaking tap,Kwaku Appiah,4,CLOSED,3,2026-08-17T01:47:00,Security
686,Service backup generator,Efua Sarpong,1,CLOSED,2,2026-08-17T04:17:00,ICT
687,Replace worn carpet,Abena Darko,5,ASSIGNED,2,2026-08-17T04:57:00,ICT
688,Clean overflowing gutter,Adwoa Frimpong,4,OPEN,5,2026-08-17T07:10:00,Security
689,Replace burnt out bulb,Abena Darko,1,CLOSED,3,2026-08-17T09:53:00,Estates
690,Fix broken window,Kwame Owusu,4,ASSIGNED,3,2026-08-17T12:28:00,Security
691,Clean overflowing gutter,Yaa Asantewaa,2,OPEN,4,2026-08-17T13:47:00,Engineering
692,Repair broken paving,Adwoa Frimpong,2,CLOSED,2,2026-08-17T16:44:00,Engineering
693,Fix damaged ceiling tile,Adjoa Kufuor,1,OPEN,5,2026-08-17T19:22:00,Estates
694,Fix electrical fault,Yaw Asante,2,CLOSED,5,2026-08-17T21:22:00,Estates
695,Service backup generator,Kojo Boakye,2,ASSIGNED,2,2026-08-17T21:39:00,ICT
696,Fix broken chair,Adjoa Kufuor,2,IN_PROGRESS,1,2026-08-17T21:53:00,ICT
697,Fix jammed window,Afia Agyeman,3,IN_PROGRESS,3,2026-08-17T22:24:00,Estates
698,Repair broken paving,Adwoa Frimpong,2,OPEN,3,2026-08-18T01:00:00,Security
699,Clear clogged sink,Abena Darko,1,OPEN,2,2026-08-18T03:36:00,Engineering
700,Address pest issue,Kobina Quaye,4,OPEN,4,2026-08-18T05:26:00,Engineering
701,Repair broken fan,Esi Danquah,4,ASSIGNED,4,2026-08-18T07:25:00,ICT
702,Fix loose handrail,Adjoa Kufuor,4,OPEN,5,2026-08-18T09:07:00,Security
703,Unclog toilet,Aba Gyasi,1,IN_PROGRESS,3,2026-08-18T11:21:00,Estates
704,Repair cracked wall,Adjoa Kufuor,3,OPEN,2,2026-08-18T13:51:00,ICT
705,Replace burnt out bulb,Aba Gyasi,5,OPEN,4,2026-08-18T14:50:00,Engineering
706,Fix electrical fault,Ama Mensah,1,OPEN,4,2026-08-18T15:29:00,ICT
707,Service air conditioner,Akua Nyarko,3,ASSIGNED,1,2026-08-18T18:15:00,Estates
708,Fix broken window,Abena Darko,4,CLOSED,1,2026-08-18T19:37:00,ICT
709,Unclog toilet,Kobina Quaye,5,OPEN,4,2026-08-18T20:06:00,Engineering
710,Fix loose handrail,Kojo Boakye,3,CLOSED,1,2026-08-18T20:40:00,ICT
711,Repair broken intercom,Aba Gyasi,5,CLOSED,5,2026-08-18T22:09:00,Security
712,Repair broken fan,Ama Mensah,4,ASSIGNED,3,2026-08-18T23:16:00,Security
713,Service fire extinguisher,Kwabena Osei,4,ASSIGNED,5,2026-08-19T01:24:00,Estates
714,Replace faulty projector,Kofi Adjei,2,ASSIGNED,1,2026-08-19T02:04:00,ICT
715,Service fire extinguisher,Kofi Adjei,1,ASSIGNED,4,2026-08-19T03:11:00,ICT
716,Fix damaged ceiling tile,Adwoa Frimpong,3,IN_PROGRESS,4,2026-08-19T04:01:00,ICT
717,Service backup generator,Yaa Asantewaa,3,CLOSED,4,2026-08-19T07:01:00,Engineering
718,Clear clogged sink,Esi Danquah,4,OPEN,4,2026-08-19T07:51:00,Engineering
719,Service fire extinguisher,Aba Gyasi,1,CLOSED,1,2026-08-19T09:19:00,ICT
720,Repair cracked wall,Kofi Adjei,4,OPEN,4,2026-08-19T10:21:00,ICT
721,Address pest issue,Afia Agyeman,5,IN_PROGRESS,5,2026-08-19T12:41:00,Estates
722,Replace faulty projector,Fiifi Ansah,3,IN_PROGRESS,5,2026-08-19T13:07:00,Estates
723,Repair broken fan,Kojo Boakye,4,CLOSED,4,2026-08-19T14:45:00,Engineering
724,Fix jammed window,Abena Darko,4,OPEN,5,2026-08-19T15:49:00,Estates
725,Repair damaged floor tile,Abena Darko,2,ASSIGNED,4,2026-08-19T16:42:00,Engineering
726,Fix flickering light,Kojo Boakye,3,IN_PROGRESS,4,2026-08-19T18:21:00,ICT
727,Repair broken cabinet,Kojo Boakye,4,IN_PROGRESS,5,2026-08-19T21:18:00,Estates
728,Repair broken cabinet,Akosua Boateng,3,ASSIGNED,5,2026-08-19T23:21:00,Estates
729,Repair broken paving,Adwoa Frimpong,3,IN_PROGRESS,2,2026-08-20T01:24:00,Engineering
730,Clear clogged sink,Yaa Asantewaa,2,ASSIGNED,2,2026-08-20T01:40:00,Engineering
731,Repair broken cabinet,Adwoa Frimpong,5,IN_PROGRESS,2,2026-08-20T04:13:00,ICT
732,Fix flickering light,Adwoa Frimpong,3,CLOSED,3,2026-08-20T07:07:00,Estates
733,Unclog toilet,Adjoa Kufuor,1,IN_PROGRESS,2,2026-08-20T08:46:00,Engineering
734,Repair squeaky door hinge,Adjoa Kufuor,2,OPEN,4,2026-08-20T10:31:00,Engineering
735,Replace worn carpet,Abena Darko,2,IN_PROGRESS,5,2026-08-20T12:24:00,Estates
736,Fix flickering light,Kojo Boakye,3,CLOSED,1,2026-08-20T14:18:00,Estates
737,Fix loose handrail,Ama Mensah,4,OPEN,5,2026-08-20T15:38:00,Security
738,Clear blocked drainage,Yaa Asantewaa,1,IN_PROGRESS,2,2026-08-20T16:58:00,ICT
739,Fix loose handrail,Adwoa Frimpong,1,ASSIGNED,4,2026-08-20T17:53:00,Engineering
740,Fix electrical fault,Fiifi Ansah,2,CLOSED,1,2026-08-20T19:47:00,Estates
741,Replace burnt out bulb,Kwesi Amponsah,4,ASSIGNED,4,2026-08-20T20:49:00,ICT
742,Service backup generator,Afia Agyeman,1,OPEN,4,2026-08-20T22:39:00,ICT
743,Repair broken intercom,Kobina Quaye,5,ASSIGNED,2,2026-08-20T23:39:00,Engineering
744,Repair damaged door,Kwame Owusu,5,OPEN,1,2026-08-21T02:21:00,ICT
745,Repair leaking tap,Kofi Adjei,4,ASSIGNED,1,2026-08-21T02:53:00,Estates
746,Address pest issue,Yaw Asante,4,OPEN,4,2026-08-21T05:35:00,Engineering
747,Fix damaged ceiling tile,Kwaku Appiah,4,IN_PROGRESS,5,2026-08-21T08:16:00,Estates
748,Replace burnt out bulb,Kwabena Osei,1,ASSIGNED,4,2026-08-21T10:38:00,Engineering
749,Fix damaged ceiling tile,Akua Nyarko,4,CLOSED,3,2026-08-21T11:43:00,Security
750,Repair broken fan,Kobina Quaye,2,CLOSED,3,2026-08-21T13:54:00,Security
751,Service fire extinguisher,Kofi Adjei,4,OPEN,1,2026-08-21T16:48:00,ICT
752,Service backup generator,Fiifi Ansah,4,ASSIGNED,4,2026-08-21T18:41:00,Engineering
753,Clear blocked drainage,Adjoa Kufuor,1,CLOSED,4,2026-08-21T20:54:00,Engineering
754,Fix damaged ceiling tile,Kojo Boakye,1,CLOSED,5,2026-08-21T22:05:00,Security
755,Replace burnt out bulb,Esi Danquah,4,OPEN,5,2026-08-21T22:47:00,Security
756,Fix jammed window,Abena Darko,2,ASSIGNED,5,2026-08-21T23:23:00,Estates
757,Address pest issue,Fiifi Ansah,1,ASSIGNED,5,2026-08-21T23:35:00,Estates
758,Fix loose handrail,Kojo Boakye,3,OPEN,1,2026-08-22T02:25:00,Estates
759,Replace faulty projector,Esi Danquah,1,CLOSED,1,2026-08-22T03:43:00,ICT
760,Service fire extinguisher,Kwesi Amponsah,4,ASSIGNED,5,2026-08-22T06:10:00,Security
761,Repair squeaky door hinge,Adwoa Frimpong,5,CLOSED,3,2026-08-22T06:22:00,Estates
762,Service elevator,Akua Nyarko,3,IN_PROGRESS,3,2026-08-22T07:26:00,Security
763,Fix flickering light,Efua Sarpong,4,OPEN,1,2026-08-22T08:43:00,ICT
764,Service air conditioner,Kwaku Appiah,5,CLOSED,1,2026-08-22T09:41:00,Estates
765,Fix loose handrail,Kojo Boakye,3,OPEN,5,2026-08-22T12:40:00,Security
766,Repair broken cabinet,Fiifi Ansah,3,IN_PROGRESS,1,2026-08-22T14:56:00,ICT
767,Unclog toilet,Kwame Owusu,5,IN_PROGRESS,5,2026-08-22T16:12:00,Estates
768,Replace burnt out bulb,Ama Mensah,2,CLOSED,5,2026-08-22T18:52:00,Estates
769,Fix damaged ceiling tile,Yaa Asantewaa,4,OPEN,1,2026-08-22T21:42:00,ICT
770,Fix flickering light,Aba Gyasi,1,OPEN,3,2026-08-22T23:40:00,Estates
771,Repair broken intercom,Kwame Owusu,2,IN_PROGRESS,3,2026-08-23T00:42:00,Estates
772,Replace burnt out bulb,Kwabena Osei,1,CLOSED,5,2026-08-23T02:29:00,Estates
773,Service backup generator,Kojo Boakye,3,OPEN,2,2026-08-23T04:10:00,ICT
774,Repair broken lock,Aba Gyasi,5,OPEN,1,2026-08-23T04:27:00,Estates
775,Fix loose handrail,Kofi Adjei,4,OPEN,3,2026-08-23T04:52:00,Security
776,Repair damaged door,Aba Gyasi,3,OPEN,2,2026-08-23T05:32:00,ICT
777,Repair leaking tap,Kwesi Amponsah,2,OPEN,5,2026-08-23T05:43:00,Estates
778,Clear clogged sink,Kojo Boakye,5,OPEN,5,2026-08-23T06:02:00,Security
779,Service backup generator,Yaw Asante,1,IN_PROGRESS,1,2026-08-23T08:27:00,ICT
780,Repair broken fan,Kwesi Amponsah,4,OPEN,1,2026-08-23T09:53:00,ICT
781,Clear clogged sink,Esi Danquah,5,ASSIGNED,5,2026-08-23T11:56:00,Estates
782,Repair broken intercom,Akua Nyarko,3,OPEN,2,2026-08-23T13:15:00,ICT
783,Clean overflowing gutter,Kofi Adjei,4,OPEN,1,2026-08-23T13:46:00,ICT
784,Repair broken paving,Adwoa Frimpong,2,IN_PROGRESS,2,2026-08-23T15:47:00,ICT
785,Service backup generator,Yaa Asantewaa,3,IN_PROGRESS,1,2026-08-23T16:44:00,ICT
786,Fix damaged ceiling tile,Akua Nyarko,5,OPEN,4,2026-08-23T18:20:00,Engineering
787,Service elevator,Aba Gyasi,3,CLOSED,1,2026-08-23T20:57:00,Estates
788,Service air conditioner,Akua Nyarko,1,CLOSED,3,2026-08-23T22:46:00,Security
789,Repair broken cabinet,Yaw Asante,3,IN_PROGRESS,3,2026-08-24T01:25:00,Security
790,Unclog toilet,Kwesi Amponsah,4,IN_PROGRESS,5,2026-08-24T04:22:00,Security
791,Repair leaking tap,Kwaku Appiah,4,IN_PROGRESS,1,2026-08-24T05:57:00,Estates
792,Fix flickering light,Abena Darko,3,CLOSED,3,2026-08-24T07:37:00,Security
793,Repair broken fan,Efua Sarpong,2,ASSIGNED,5,2026-08-24T08:02:00,Security
794,Clear clogged sink,Kwaku Appiah,4,CLOSED,3,2026-08-24T10:06:00,Security
795,Service backup generator,Kofi Adjei,3,OPEN,3,2026-08-24T12:43:00,Security
796,Repair broken fan,Kwaku Appiah,2,CLOSED,1,2026-08-24T13:48:00,Estates
797,Fix flickering light,Esi Danquah,5,OPEN,5,2026-08-24T16:01:00,Security
798,Service backup generator,Akua Nyarko,3,IN_PROGRESS,4,2026-08-24T17:23:00,Engineering
799,Fix jammed window,Afia Agyeman,4,CLOSED,3,2026-08-24T19:58:00,Security
800,Repair damaged door,Abena Darko,5,ASSIGNED,1,2026-08-24T21:57:00,ICT
801,Repair damaged door,Akua Nyarko,3,IN_PROGRESS,4,2026-08-24T22:37:00,ICT
802,Clear clogged sink,Kwaku Appiah,4,ASSIGNED,3,2026-08-24T23:30:00,Estates
803,Fix broken chair,Yaw Asante,2,CLOSED,5,2026-08-25T01:16:00,Security
804,Service fire extinguisher,Esi Danquah,4,ASSIGNED,2,2026-08-25T02:03:00,Engineering
805,Service air conditioner,Abena Darko,3,OPEN,1,2026-08-25T03:47:00,ICT
806,Fix broken chair,Yaa Asantewaa,3,IN_PROGRESS,1,2026-08-25T05:23:00,Estates
807,Fix flickering light,Akua Nyarko,3,CLOSED,3,2026-08-25T07:04:00,Security
808,Clean overflowing gutter,Abena Darko,2,ASSIGNED,2,2026-08-25T09:02:00,ICT
809,Repair broken fan,Kwame Owusu,5,CLOSED,4,2026-08-25T10:58:00,ICT
810,Fix broken chair,Kobina Quaye,1,OPEN,5,2026-08-25T11:09:00,Estates
811,Replace burnt out bulb,Akosua Boateng,4,OPEN,4,2026-08-25T12:34:00,Engineering
812,Address pest issue,Kofi Adjei,1,IN_PROGRESS,3,2026-08-25T15:07:00,Security
813,Repair squeaky door hinge,Kwabena Osei,4,IN_PROGRESS,5,2026-08-25T17:46:00,Estates
814,Service fire extinguisher,Afia Agyeman,1,ASSIGNED,1,2026-08-25T18:13:00,Estates
815,Service fire extinguisher,Ama Mensah,1,OPEN,5,2026-08-25T21:08:00,Estates
816,Clear blocked drainage,Akosua Boateng,1,ASSIGNED,3,2026-08-25T23:50:00,Estates
817,Fix broken window,Kojo Boakye,3,OPEN,2,2026-08-26T00:11:00,ICT
818,Fix jammed window,Abena Darko,5,ASSIGNED,5,2026-08-26T01:21:00,Security
819,Repair broken paving,Ama Mensah,2,ASSIGNED,4,2026-08-26T02:18:00,Engineering
820,Clear blocked drainage,Adjoa Kufuor,5,IN_PROGRESS,4,2026-08-26T05:15:00,Engineering
821,Repair broken lock,Fiifi Ansah,1,IN_PROGRESS,5,2026-08-26T06:37:00,Estates
822,Repair damaged floor tile,Kwabena Osei,3,CLOSED,4,2026-08-26T08:37:00,ICT
823,Repair squeaky door hinge,Kwesi Amponsah,5,IN_PROGRESS,2,2026-08-26T11:06:00,ICT
824,Repair broken cabinet,Kojo Boakye,4,OPEN,2,2026-08-26T12:03:00,Engineering
825,Fix broken chair,Adwoa Frimpong,1,OPEN,3,2026-08-26T13:58:00,Estates
826,Clear clogged sink,Esi Danquah,5,CLOSED,5,2026-08-26T14:50:00,Security
827,Fix flickering light,Akua Nyarko,5,OPEN,4,2026-08-26T16:53:00,Engineering
828,Repair broken intercom,Kwesi Amponsah,3,IN_PROGRESS,5,2026-08-26T18:56:00,Estates
829,Repair broken fan,Kwaku Appiah,1,ASSIGNED,2,2026-08-26T20:45:00,Engineering
830,Replace burnt out bulb,Kobina Quaye,5,IN_PROGRESS,3,2026-08-26T23:31:00,Security
831,Address pest issue,Afia Agyeman,4,ASSIGNED,2,2026-08-27T01:04:00,ICT
832,Unclog toilet,Ama Mensah,2,IN_PROGRESS,2,2026-08-27T03:51:00,ICT
833,Replace worn carpet,Kojo Boakye,3,IN_PROGRESS,5,2026-08-27T06:23:00,Security
834,Service elevator,Fiifi Ansah,1,CLOSED,5,2026-08-27T08:12:00,Estates
835,Replace worn carpet,Efua Sarpong,2,IN_PROGRESS,1,2026-08-27T08:57:00,Estates
836,Clean overflowing gutter,Esi Danquah,2,OPEN,2,2026-08-27T10:45:00,Engineering
837,Replace burnt out bulb,Kwabena Osei,4,IN_PROGRESS,1,2026-08-27T12:54:00,Estates
838,Service fire extinguisher,Akosua Boateng,2,ASSIGNED,3,2026-08-27T14:43:00,Estates
839,Address pest issue,Esi Danquah,5,OPEN,4,2026-08-27T17:06:00,ICT
840,Replace worn carpet,Kojo Boakye,3,IN_PROGRESS,3,2026-08-27T18:39:00,Security
841,Repair broken intercom,Yaa Asantewaa,4,ASSIGNED,4,2026-08-27T21:35:00,ICT
842,Fix damaged ceiling tile,Yaa Asantewaa,3,OPEN,5,2026-08-27T21:58:00,Security
843,Repair broken cabinet,Esi Danquah,4,OPEN,2,2026-08-28T00:51:00,Engineering
844,Service elevator,Kwabena Osei,2,ASSIGNED,3,2026-08-28T01:55:00,Security
845,Unclog toilet,Afia Agyeman,3,OPEN,3,2026-08-28T02:32:00,Security
846,Replace faulty projector,Kwame Owusu,3,OPEN,3,2026-08-28T03:27:00,Security
847,Unclog toilet,Kwaku Appiah,1,CLOSED,5,2026-08-28T05:30:00,Estates
848,Address pest issue,Akosua Boateng,5,OPEN,2,2026-08-28T06:43:00,ICT
849,Repair leaking tap,Akua Nyarko,4,ASSIGNED,5,2026-08-28T09:41:00,Estates
850,Address pest issue,Adjoa Kufuor,3,OPEN,1,2026-08-28T10:48:00,Estates
851,Repair broken paving,Kofi Adjei,2,IN_PROGRESS,1,2026-08-28T11:46:00,ICT
852,Service elevator,Abena Darko,2,CLOSED,5,2026-08-28T13:44:00,Estates
853,Repair damaged door,Abena Darko,2,ASSIGNED,5,2026-08-28T15:05:00,Security
854,Repair broken paving,Fiifi Ansah,5,CLOSED,1,2026-08-28T15:25:00,ICT
855,Fix electrical fault,Efua Sarpong,2,IN_PROGRESS,4,2026-08-28T15:44:00,Engineering
856,Repair broken lock,Kwesi Amponsah,5,CLOSED,5,2026-08-28T17:23:00,Estates
857,Fix flickering light,Ama Mensah,3,CLOSED,4,2026-08-28T20:11:00,ICT
858,Fix electrical fault,Aba Gyasi,5,ASSIGNED,4,2026-08-28T21:07:00,Engineering
859,Address pest issue,Fiifi Ansah,2,OPEN,1,2026-08-28T22:12:00,ICT
860,Repair broken cabinet,Yaa Asantewaa,1,OPEN,1,2026-08-29T00:24:00,ICT
861,Fix flickering light,Efua Sarpong,2,OPEN,4,2026-08-29T00:36:00,Engineering
862,Address pest issue,Abena Darko,4,OPEN,5,2026-08-29T01:59:00,Estates
863,Replace faulty projector,Kwesi Amponsah,2,OPEN,4,2026-08-29T02:48:00,Engineering
864,Repair squeaky door hinge,Akosua Boateng,2,ASSIGNED,2,2026-08-29T04:10:00,Engineering
865,Service backup generator,Kwame Owusu,2,OPEN,4,2026-08-29T06:01:00,ICT
866,Fix electrical fault,Akua Nyarko,5,OPEN,4,2026-08-29T07:56:00,Engineering
867,Address pest issue,Akua Nyarko,3,OPEN,2,2026-08-29T10:02:00,Engineering
868,Service fire extinguisher,Kwabena Osei,4,IN_PROGRESS,4,2026-08-29T10:25:00,Engineering
869,Repair broken lock,Akua Nyarko,1,OPEN,4,2026-08-29T11:11:00,Engineering
870,Fix water leak in ceiling,Kwame Owusu,4,IN_PROGRESS,3,2026-08-29T13:41:00,Security
871,Clear clogged sink,Akosua Boateng,2,OPEN,3,2026-08-29T14:10:00,Security
872,Repair broken lock,Aba Gyasi,2,CLOSED,5,2026-08-29T15:58:00,Security
873,Replace worn carpet,Kwabena Osei,2,OPEN,2,2026-08-29T16:56:00,Engineering
874,Fix broken chair,Kobina Quaye,3,CLOSED,3,2026-08-29T19:21:00,Security
875,Repair broken intercom,Kwame Owusu,4,IN_PROGRESS,4,2026-08-29T21:32:00,ICT
876,Fix jammed window,Fiifi Ansah,2,OPEN,2,2026-08-29T22:09:00,ICT
877,Service fire extinguisher,Adwoa Frimpong,4,IN_PROGRESS,3,2026-08-30T00:00:00,Estates
878,Replace worn carpet,Ama Mensah,2,IN_PROGRESS,3,2026-08-30T00:38:00,Security
879,Fix damaged ceiling tile,Akosua Boateng,3,IN_PROGRESS,3,2026-08-30T03:35:00,Estates
880,Service air conditioner,Kwame Owusu,5,OPEN,5,2026-08-30T05:05:00,Security
881,Repair broken cabinet,Kwabena Osei,2,CLOSED,3,2026-08-30T06:48:00,Security
882,Address pest issue,Esi Danquah,3,IN_PROGRESS,2,2026-08-30T06:59:00,ICT
883,Repair leaking tap,Kobina Quaye,5,CLOSED,2,2026-08-30T07:22:00,Engineering
884,Repair squeaky door hinge,Kwaku Appiah,4,OPEN,1,2026-08-30T08:39:00,ICT
885,Repair leaking tap,Adwoa Frimpong,4,OPEN,2,2026-08-30T10:47:00,ICT
886,Fix broken window,Adjoa Kufuor,2,CLOSED,2,2026-08-30T13:36:00,Engineering
887,Repair broken lock,Adjoa Kufuor,3,ASSIGNED,5,2026-08-30T14:09:00,Estates
888,Fix flickering light,Kwaku Appiah,3,OPEN,1,2026-08-30T15:55:00,ICT
889,Repair broken cabinet,Kwabena Osei,5,OPEN,5,2026-08-30T18:11:00,Security
890,Repair broken cabinet,Yaa Asantewaa,5,OPEN,1,2026-08-30T19:49:00,Estates
891,Fix jammed window,Akosua Boateng,4,IN_PROGRESS,4,2026-08-30T21:02:00,Engineering
892,Fix water leak in ceiling,Ama Mensah,5,IN_PROGRESS,4,2026-08-30T23:56:00,ICT
893,Repair damaged floor tile,Yaa Asantewaa,3,CLOSED,3,2026-08-31T00:17:00,Security
894,Replace worn carpet,Abena Darko,3,ASSIGNED,3,2026-08-31T01:52:00,Estates
895,Repair leaking tap,Kobina Quaye,3,ASSIGNED,4,2026-08-31T03:36:00,ICT
896,Fix damaged ceiling tile,Akua Nyarko,4,OPEN,1,2026-08-31T06:03:00,ICT
897,Replace worn carpet,Kofi Adjei,4,OPEN,2,2026-08-31T06:41:00,Engineering
898,Service air conditioner,Adjoa Kufuor,4,ASSIGNED,2,2026-08-31T07:07:00,Engineering
899,Fix flickering light,Kwabena Osei,4,CLOSED,1,2026-08-31T07:23:00,Estates
900,Unclog toilet,Kobina Quaye,1,CLOSED,5,2026-08-31T10:03:00,Security
901,Replace faulty projector,Abena Darko,2,ASSIGNED,1,2026-08-31T10:25:00,ICT
902,Repair leaking tap,Yaa Asantewaa,5,ASSIGNED,4,2026-08-31T12:50:00,Engineering
903,Clear blocked drainage,Adwoa Frimpong,5,ASSIGNED,4,2026-08-31T13:12:00,ICT
904,Service air conditioner,Kobina Quaye,3,ASSIGNED,4,2026-08-31T13:47:00,Engineering
905,Service elevator,Ama Mensah,4,ASSIGNED,5,2026-08-31T15:15:00,Estates
906,Fix jammed window,Kobina Quaye,1,CLOSED,3,2026-08-31T17:04:00,Security
907,Fix electrical fault,Yaw Asante,2,ASSIGNED,2,2026-08-31T17:23:00,ICT
908,Repair broken cabinet,Fiifi Ansah,5,OPEN,2,2026-08-31T18:45:00,Engineering
909,Fix electrical fault,Yaw Asante,4,ASSIGNED,1,2026-08-31T21:01:00,Estates
910,Fix water leak in ceiling,Abena Darko,3,ASSIGNED,3,2026-08-31T23:54:00,Security
911,Fix water leak in ceiling,Esi Danquah,3,ASSIGNED,5,2026-09-01T00:32:00,Security
912,Fix flickering light,Kwabena Osei,3,CLOSED,3,2026-09-01T02:37:00,Security
913,Clean overflowing gutter,Kwesi Amponsah,2,ASSIGNED,5,2026-09-01T05:34:00,Estates
914,Replace worn carpet,Kobina Quaye,4,IN_PROGRESS,3,2026-09-01T08:18:00,Security
915,Clear clogged sink,Kwame Owusu,1,IN_PROGRESS,2,2026-09-01T09:05:00,Engineering
916,Service elevator,Kobina Quaye,1,OPEN,1,2026-09-01T10:20:00,ICT
917,Clear blocked drainage,Kobina Quaye,4,CLOSED,4,2026-09-01T12:57:00,Engineering
918,Fix electrical fault,Kwabena Osei,1,OPEN,5,2026-09-01T14:00:00,Security
919,Fix water leak in ceiling,Adjoa Kufuor,2,OPEN,1,2026-09-01T16:32:00,Estates
920,Fix loose handrail,Esi Danquah,3,OPEN,4,2026-09-01T18:53:00,Engineering
921,Service elevator,Kofi Adjei,1,OPEN,3,2026-09-01T19:48:00,Security
922,Fix water leak in ceiling,Fiifi Ansah,1,OPEN,3,2026-09-01T21:02:00,Security
923,Replace worn carpet,Kobina Quaye,2,OPEN,5,2026-09-01T22:55:00,Security
924,Repair squeaky door hinge,Kobina Quaye,2,CLOSED,3,2026-09-02T01:00:00,Estates
925,Repair broken lock,Kwaku Appiah,5,ASSIGNED,2,2026-09-02T01:31:00,ICT
926,Repair cracked wall,Adwoa Frimpong,4,ASSIGNED,1,2026-09-02T04:06:00,Estates
927,Fix water leak in ceiling,Esi Danquah,4,IN_PROGRESS,1,2026-09-02T05:39:00,ICT
928,Fix broken chair,Abena Darko,1,CLOSED,5,2026-09-02T07:46:00,Security
929,Repair cracked wall,Akua Nyarko,2,ASSIGNED,3,2026-09-02T09:13:00,Estates
930,Fix jammed window,Akua Nyarko,4,ASSIGNED,5,2026-09-02T09:40:00,Security
931,Fix broken window,Kwame Owusu,5,OPEN,5,2026-09-02T11:47:00,Security
932,Replace worn carpet,Yaa Asantewaa,4,IN_PROGRESS,1,2026-09-02T13:34:00,Estates
933,Unclog toilet,Abena Darko,2,IN_PROGRESS,4,2026-09-02T16:20:00,Engineering
934,Repair leaking tap,Fiifi Ansah,5,ASSIGNED,4,2026-09-02T18:27:00,ICT
935,Clear clogged sink,Adwoa Frimpong,2,IN_PROGRESS,1,2026-09-02T21:03:00,ICT
936,Fix loose handrail,Yaw Asante,1,IN_PROGRESS,5,2026-09-02T22:21:00,Estates
937,Repair damaged door,Esi Danquah,5,ASSIGNED,1,2026-09-02T23:47:00,Estates
938,Unclog toilet,Kobina Quaye,2,OPEN,5,2026-09-03T01:26:00,Security
939,Fix loose handrail,Akosua Boateng,5,ASSIGNED,1,2026-09-03T03:50:00,Estates
940,Fix damaged ceiling tile,Aba Gyasi,1,OPEN,5,2026-09-03T06:36:00,Estates
941,Repair broken lock,Akua Nyarko,2,ASSIGNED,2,2026-09-03T08:20:00,ICT
942,Clear blocked drainage,Akua Nyarko,4,OPEN,5,2026-09-03T08:55:00,Security
943,Fix electrical fault,Kojo Boakye,1,IN_PROGRESS,2,2026-09-03T11:02:00,Engineering
944,Repair damaged floor tile,Kofi Adjei,3,CLOSED,4,2026-09-03T11:53:00,ICT
945,Service elevator,Kofi Adjei,1,CLOSED,3,2026-09-03T13:15:00,Security
946,Fix jammed window,Adwoa Frimpong,4,IN_PROGRESS,1,2026-09-03T14:52:00,Estates
947,Repair squeaky door hinge,Kobina Quaye,3,OPEN,2,2026-09-03T17:51:00,ICT
948,Service fire extinguisher,Kwesi Amponsah,2,OPEN,1,2026-09-03T19:04:00,ICT
949,Repair broken paving,Akua Nyarko,3,ASSIGNED,4,2026-09-03T21:53:00,Engineering
950,Replace faulty projector,Kwabena Osei,5,ASSIGNED,1,2026-09-03T23:49:00,Estates
951,Replace worn carpet,Yaa Asantewaa,1,ASSIGNED,1,2026-09-04T01:52:00,Estates
952,Unclog toilet,Akosua Boateng,2,OPEN,3,2026-09-04T02:21:00,Estates
953,Repair cracked wall,Yaw Asante,4,ASSIGNED,2,2026-09-04T03:45:00,ICT
954,Replace faulty projector,Aba Gyasi,3,ASSIGNED,1,2026-09-04T06:06:00,ICT
955,Service air conditioner,Abena Darko,2,IN_PROGRESS,1,2026-09-04T07:25:00,ICT
956,Repair broken cabinet,Ama Mensah,2,ASSIGNED,4,2026-09-04T09:07:00,ICT
957,Fix damaged ceiling tile,Afia Agyeman,3,IN_PROGRESS,5,2026-09-04T10:41:00,Security
958,Fix electrical fault,Esi Danquah,5,OPEN,4,2026-09-04T13:41:00,Engineering
959,Repair broken cabinet,Kwesi Amponsah,5,OPEN,1,2026-09-04T14:36:00,ICT
960,Service fire extinguisher,Yaw Asante,3,OPEN,1,2026-09-04T17:30:00,Estates
961,Service air conditioner,Kwesi Amponsah,1,OPEN,5,2026-09-04T19:48:00,Estates
962,Fix electrical fault,Kojo Boakye,5,IN_PROGRESS,1,2026-09-04T22:09:00,Estates
963,Service backup generator,Kofi Adjei,4,ASSIGNED,5,2026-09-04T23:31:00,Security
964,Repair broken intercom,Ama Mensah,1,ASSIGNED,1,2026-09-05T00:22:00,Estates
965,Fix flickering light,Fiifi Ansah,3,IN_PROGRESS,1,2026-09-05T00:45:00,Estates
966,Fix electrical fault,Aba Gyasi,3,ASSIGNED,4,2026-09-05T02:38:00,ICT
967,Fix broken window,Aba Gyasi,1,OPEN,5,2026-09-05T04:46:00,Security
968,Fix flickering light,Yaw Asante,4,ASSIGNED,4,2026-09-05T06:19:00,ICT
969,Replace burnt out bulb,Efua Sarpong,1,IN_PROGRESS,3,2026-09-05T07:49:00,Estates
970,Replace burnt out bulb,Kwame Owusu,5,ASSIGNED,1,2026-09-05T08:24:00,Estates
971,Fix electrical fault,Kojo Boakye,5,IN_PROGRESS,2,2026-09-05T09:00:00,ICT
972,Clean overflowing gutter,Adwoa Frimpong,1,IN_PROGRESS,2,2026-09-05T09:56:00,Engineering
973,Fix broken window,Kojo Boakye,4,CLOSED,2,2026-09-05T11:47:00,Engineering
974,Repair damaged door,Akua Nyarko,2,CLOSED,2,2026-09-05T11:59:00,ICT
975,Clean overflowing gutter,Afia Agyeman,4,IN_PROGRESS,3,2026-09-05T13:10:00,Estates
976,Repair leaking tap,Kwesi Amponsah,2,IN_PROGRESS,4,2026-09-05T14:58:00,ICT
977,Fix jammed window,Afia Agyeman,4,CLOSED,2,2026-09-05T17:51:00,Engineering
978,Fix jammed window,Esi Danquah,4,CLOSED,3,2026-09-05T20:19:00,Estates
979,Repair cracked wall,Akua Nyarko,2,IN_PROGRESS,1,2026-09-05T22:23:00,Estates
980,Repair broken intercom,Abena Darko,1,CLOSED,1,2026-09-05T23:34:00,Estates
981,Fix jammed window,Aba Gyasi,4,CLOSED,3,2026-09-05T23:48:00,Estates
982,Fix loose handrail,Efua Sarpong,3,OPEN,2,2026-09-06T01:56:00,Engineering
983,Fix damaged ceiling tile,Akosua Boateng,4,IN_PROGRESS,4,2026-09-06T03:20:00,ICT
984,Fix broken window,Esi Danquah,4,IN_PROGRESS,5,2026-09-06T06:01:00,Security
985,Repair squeaky door hinge,Adjoa Kufuor,1,CLOSED,2,2026-09-06T06:58:00,Engineering
986,Repair cracked wall,Abena Darko,2,IN_PROGRESS,2,2026-09-06T08:45:00,ICT
987,Repair leaking tap,Esi Danquah,1,OPEN,4,2026-09-06T11:07:00,ICT
988,Clear clogged sink,Kwabena Osei,1,ASSIGNED,2,2026-09-06T13:13:00,Engineering
989,Repair squeaky door hinge,Akosua Boateng,1,IN_PROGRESS,5,2026-09-06T15:51:00,Estates
990,Repair cracked wall,Abena Darko,3,OPEN,5,2026-09-06T16:21:00,Security
991,Repair leaking tap,Esi Danquah,1,ASSIGNED,4,2026-09-06T17:59:00,Engineering
992,Clean overflowing gutter,Kwesi Amponsah,5,OPEN,3,2026-09-06T20:31:00,Estates
993,Fix loose handrail,Yaa Asantewaa,4,ASSIGNED,5,2026-09-06T21:31:00,Estates
994,Clear clogged sink,Akosua Boateng,2,ASSIGNED,4,2026-09-06T22:13:00,ICT
995,Fix electrical fault,Akosua Boateng,5,IN_PROGRESS,1,2026-09-07T00:51:00,ICT
996,Unclog toilet,Kofi Adjei,2,CLOSED,3,2026-09-07T02:32:00,Security
997,Service air conditioner,Abena Darko,2,IN_PROGRESS,5,2026-09-07T04:08:00,Estates
998,Fix broken chair,Yaw Asante,5,ASSIGNED,3,2026-09-07T05:47:00,Estates
999,Repair leaking tap,Aba Gyasi,4,ASSIGNED,3,2026-09-07T06:22:00,Estates
1000,Service backup generator,Afia Agyeman,2,ASSIGNED,3,2026-09-07T07:30:00,Estates
1001,Repair broken cabinet,Ama Mensah,3,OPEN,3,2026-09-07T09:05:00,Estates
1002,Repair damaged door,Kwabena Osei,3,OPEN,2,2026-09-07T09:51:00,Engineering
1003,Fix jammed window,Abena Darko,2,OPEN,4,2026-09-07T10:11:00,ICT
1004,Repair broken fan,Akosua Boateng,4,OPEN,5,2026-09-07T10:56:00,Security
1005,Service backup generator,Kwesi Amponsah,4,IN_PROGRESS,5,2026-09-07T12:36:00,Security
1006,Clear blocked drainage,Kofi Adjei,4,IN_PROGRESS,3,2026-09-07T13:16:00,Estates
1007,Clear clogged sink,Esi Danquah,2,OPEN,5,2026-09-07T14:28:00,Estates
1008,Service air conditioner,Ama Mensah,5,ASSIGNED,3,2026-09-07T15:39:00,Estates
1009,Repair broken intercom,Afia Agyeman,3,IN_PROGRESS,2,2026-09-07T16:02:00,ICT
1010,Repair leaking tap,Kwabena Osei,5,OPEN,5,2026-09-07T16:18:00,Estates
1011,Fix broken chair,Adjoa Kufuor,3,IN_PROGRESS,1,2026-09-07T18:14:00,Estates
1012,Clear blocked drainage,Fiifi Ansah,2,ASSIGNED,1,2026-09-07T18:57:00,Estates
1013,Clear blocked drainage,Kwaku Appiah,1,OPEN,3,2026-09-07T21:26:00,Estates
1014,Service elevator,Adjoa Kufuor,4,ASSIGNED,3,2026-09-07T21:52:00,Security
1015,Fix broken chair,Kobina Quaye,5,IN_PROGRESS,2,2026-09-07T22:18:00,ICT
1016,Repair damaged door,Ama Mensah,3,OPEN,1,2026-09-08T01:18:00,Estates
1017,Replace burnt out bulb,Abena Darko,3,ASSIGNED,3,2026-09-08T02:33:00,Security
1018,Fix electrical fault,Akosua Boateng,1,CLOSED,1,2026-09-08T04:28:00,Estates
1019,Clear blocked drainage,Ama Mensah,3,OPEN,3,2026-09-08T04:38:00,Security
1020,Fix electrical fault,Akua Nyarko,4,IN_PROGRESS,1,2026-09-08T06:14:00,Estates
1021,Clear clogged sink,Efua Sarpong,2,IN_PROGRESS,2,2026-09-08T08:24:00,ICT
1022,Clear clogged sink,Kwaku Appiah,2,IN_PROGRESS,5,2026-09-08T10:22:00,Estates
1023,Fix jammed window,Fiifi Ansah,5,CLOSED,4,2026-09-08T10:51:00,ICT
1024,Fix damaged ceiling tile,Kwaku Appiah,4,ASSIGNED,5,2026-09-08T13:22:00,Estates
1025,Replace burnt out bulb,Fiifi Ansah,4,ASSIGNED,4,2026-09-08T13:48:00,ICT
1026,Fix flickering light,Adjoa Kufuor,1,ASSIGNED,1,2026-09-08T14:52:00,Estates
1027,Repair broken lock,Kofi Adjei,1,OPEN,5,2026-09-08T17:39:00,Security
1028,Unclog toilet,Yaa Asantewaa,1,IN_PROGRESS,4,2026-09-08T17:58:00,Engineering
1029,Service elevator,Fiifi Ansah,1,IN_PROGRESS,3,2026-09-08T20:16:00,Security
1030,Service air conditioner,Adjoa Kufuor,5,CLOSED,4,2026-09-08T21:37:00,Engineering
1031,Service fire extinguisher,Kojo Boakye,3,IN_PROGRESS,1,2026-09-09T00:15:00,ICT
1032,Repair cracked wall,Yaw Asante,3,CLOSED,1,2026-09-09T03:05:00,Estates
1033,Replace burnt out bulb,Kobina Quaye,1,IN_PROGRESS,3,2026-09-09T05:53:00,Security
1034,Service fire extinguisher,Kojo Boakye,2,OPEN,5,2026-09-09T07:04:00,Estates
1035,Replace burnt out bulb,Kwabena Osei,5,OPEN,3,2026-09-09T09:47:00,Security
1036,Repair leaking tap,Afia Agyeman,2,ASSIGNED,1,2026-09-09T11:01:00,ICT
1037,Repair damaged door,Kwame Owusu,4,CLOSED,4,2026-09-09T11:13:00,ICT
1038,Repair broken lock,Adjoa Kufuor,3,OPEN,1,2026-09-09T12:13:00,ICT
1039,Fix electrical fault,Akua Nyarko,2,IN_PROGRESS,3,2026-09-09T15:09:00,Security
1040,Repair broken lock,Fiifi Ansah,5,IN_PROGRESS,3,2026-09-09T15:28:00,Security
1041,Service backup generator,Fiifi Ansah,5,CLOSED,4,2026-09-09T17:46:00,ICT
1042,Fix jammed window,Efua Sarpong,1,IN_PROGRESS,5,2026-09-09T20:40:00,Security
1043,Clear clogged sink,Efua Sarpong,1,CLOSED,1,2026-09-09T22:46:00,Estates
1044,Clear clogged sink,Akosua Boateng,1,IN_PROGRESS,1,2026-09-10T01:02:00,ICT
1045,Fix jammed window,Kwaku Appiah,3,IN_PROGRESS,3,2026-09-10T01:39:00,Security
1046,Service air conditioner,Ama Mensah,3,IN_PROGRESS,5,2026-09-10T03:00:00,Security
1047,Repair broken fan,Afia Agyeman,3,CLOSED,4,2026-09-10T03:30:00,ICT
1048,Clear clogged sink,Kwesi Amponsah,3,CLOSED,2,2026-09-10T04:12:00,Engineering
1049,Replace worn carpet,Adjoa Kufuor,4,ASSIGNED,4,2026-09-10T05:28:00,Engineering
1050,Repair broken fan,Kwaku Appiah,4,IN_PROGRESS,1,2026-09-10T06:08:00,Estates
1051,Address pest issue,Kwaku Appiah,1,IN_PROGRESS,2,2026-09-10T06:58:00,ICT
1052,Repair broken lock,Kwabena Osei,2,ASSIGNED,3,2026-09-10T07:15:00,Estates
1053,Replace worn carpet,Aba Gyasi,4,IN_PROGRESS,4,2026-09-10T09:40:00,ICT
1054,Repair cracked wall,Kwame Owusu,3,IN_PROGRESS,3,2026-09-10T10:44:00,Estates
1055,Repair broken lock,Aba Gyasi,5,CLOSED,2,2026-09-10T12:52:00,ICT
1056,Repair damaged floor tile,Kobina Quaye,2,OPEN,5,2026-09-10T14:08:00,Security
1057,Service air conditioner,Yaw Asante,2,OPEN,1,2026-09-10T16:33:00,ICT
1058,Repair squeaky door hinge,Efua Sarpong,2,OPEN,5,2026-09-10T17:56:00,Estates
1059,Repair broken intercom,Yaa Asantewaa,1,ASSIGNED,3,2026-09-10T19:43:00,Security
1060,Fix electrical fault,Aba Gyasi,1,CLOSED,1,2026-09-10T21:51:00,Estates
1061,Repair squeaky door hinge,Adwoa Frimpong,2,CLOSED,4,2026-09-10T22:06:00,Engineering
1062,Repair broken cabinet,Efua Sarpong,3,CLOSED,4,2026-09-10T23:06:00,ICT
1063,Repair broken intercom,Akua Nyarko,2,ASSIGNED,4,2026-09-10T23:23:00,ICT
1064,Service fire extinguisher,Efua Sarpong,2,OPEN,3,2026-09-11T02:19:00,Estates
1065,Repair cracked wall,Akosua Boateng,1,IN_PROGRESS,3,2026-09-11T02:56:00,Security
1066,Repair damaged floor tile,Ama Mensah,4,OPEN,1,2026-09-11T03:13:00,Estates
1067,Fix loose handrail,Kwame Owusu,3,CLOSED,4,2026-09-11T03:36:00,Engineering
1068,Unclog toilet,Kofi Adjei,4,IN_PROGRESS,2,2026-09-11T05:05:00,ICT
1069,Repair broken intercom,Abena Darko,5,OPEN,4,2026-09-11T06:48:00,Engineering
1070,Service air conditioner,Yaw Asante,4,OPEN,2,2026-09-11T08:46:00,Engineering
1071,Repair broken cabinet,Efua Sarpong,4,IN_PROGRESS,3,2026-09-11T10:05:00,Security
1072,Address pest issue,Abena Darko,4,IN_PROGRESS,1,2026-09-11T11:39:00,ICT
1073,Repair broken fan,Efua Sarpong,5,ASSIGNED,3,2026-09-11T13:31:00,Estates
1074,Service backup generator,Aba Gyasi,5,CLOSED,5,2026-09-11T14:50:00,Security
1075,Fix loose handrail,Abena Darko,2,OPEN,3,2026-09-11T15:46:00,Estates
1076,Repair squeaky door hinge,Yaa Asantewaa,5,OPEN,5,2026-09-11T18:27:00,Estates
1077,Fix broken window,Fiifi Ansah,5,OPEN,2,2026-09-11T21:22:00,Engineering
1078,Replace faulty projector,Esi Danquah,5,OPEN,1,2026-09-11T22:52:00,ICT
1079,Unclog toilet,Kwesi Amponsah,2,ASSIGNED,4,2026-09-12T00:34:00,Engineering
1080,Fix water leak in ceiling,Esi Danquah,3,OPEN,3,2026-09-12T02:50:00,Security
1081,Fix loose handrail,Kobina Quaye,2,OPEN,3,2026-09-12T04:07:00,Security
1082,Replace faulty projector,Afia Agyeman,1,ASSIGNED,4,2026-09-12T04:30:00,ICT
1083,Fix broken chair,Adjoa Kufuor,4,OPEN,5,2026-09-12T06:19:00,Security
1084,Fix loose handrail,Abena Darko,4,ASSIGNED,4,2026-09-12T08:02:00,ICT
1085,Service backup generator,Kwesi Amponsah,4,OPEN,2,2026-09-12T10:58:00,Engineering
1086,Repair leaking tap,Adwoa Frimpong,1,ASSIGNED,1,2026-09-12T11:39:00,Estates
1087,Repair broken cabinet,Abena Darko,5,ASSIGNED,3,2026-09-12T13:19:00,Security
1088,Replace worn carpet,Aba Gyasi,2,OPEN,1,2026-09-12T13:44:00,ICT
1089,Repair broken lock,Kobina Quaye,2,ASSIGNED,3,2026-09-12T14:01:00,Security
1090,Fix jammed window,Esi Danquah,3,OPEN,2,2026-09-12T14:37:00,Engineering
1091,Repair damaged door,Yaa Asantewaa,1,IN_PROGRESS,4,2026-09-12T15:42:00,Engineering
1092,Service fire extinguisher,Aba Gyasi,5,CLOSED,2,2026-09-12T16:55:00,Engineering
1093,Repair broken lock,Adjoa Kufuor,5,ASSIGNED,3,2026-09-12T17:44:00,Security
1094,Fix loose handrail,Esi Danquah,5,CLOSED,2,2026-09-12T18:17:00,Engineering
1095,Address pest issue,Kwesi Amponsah,5,IN_PROGRESS,5,2026-09-12T19:34:00,Estates
1096,Repair broken cabinet,Fiifi Ansah,1,OPEN,3,2026-09-12T21:40:00,Security
1097,Fix jammed window,Kwesi Amponsah,2,ASSIGNED,2,2026-09-12T23:56:00,ICT
1098,Service backup generator,Efua Sarpong,3,CLOSED,1,2026-09-13T00:39:00,Estates
1099,Replace burnt out bulb,Kojo Boakye,2,ASSIGNED,2,2026-09-13T03:22:00,ICT
1100,Repair broken paving,Adwoa Frimpong,1,IN_PROGRESS,1,2026-09-13T05:16:00,ICT
1101,Repair broken cabinet,Kojo Boakye,3,IN_PROGRESS,3,2026-09-13T06:37:00,Estates
1102,Clean overflowing gutter,Kojo Boakye,2,ASSIGNED,1,2026-09-13T07:28:00,Estates
1103,Repair leaking tap,Efua Sarpong,2,ASSIGNED,1,2026-09-13T09:07:00,Estates
1104,Fix water leak in ceiling,Kwesi Amponsah,3,IN_PROGRESS,5,2026-09-13T09:26:00,Security
1105,Clear clogged sink,Afia Agyeman,4,ASSIGNED,2,2026-09-13T11:29:00,ICT
1106,Fix flickering light,Abena Darko,3,IN_PROGRESS,3,2026-09-13T12:31:00,Estates
1107,Fix damaged ceiling tile,Kwaku Appiah,2,IN_PROGRESS,2,2026-09-13T15:24:00,ICT
1108,Replace burnt out bulb,Aba Gyasi,4,IN_PROGRESS,2,2026-09-13T17:47:00,Engineering
1109,Repair broken intercom,Yaa Asantewaa,1,OPEN,5,2026-09-13T18:17:00,Security
1110,Fix water leak in ceiling,Kwaku Appiah,2,OPEN,2,2026-09-13T18:27:00,Engineering
1111,Repair damaged floor tile,Kobina Quaye,4,CLOSED,2,2026-09-13T20:50:00,Engineering
1112,Clear blocked drainage,Yaa Asantewaa,3,ASSIGNED,3,2026-09-13T23:07:00,Estates
1113,Fix broken window,Ama Mensah,5,IN_PROGRESS,1,2026-09-14T00:48:00,Estates
1114,Repair broken lock,Kwabena Osei,1,IN_PROGRESS,2,2026-09-14T03:20:00,ICT
1115,Fix water leak in ceiling,Aba Gyasi,2,CLOSED,5,2026-09-14T03:43:00,Estates
1116,Service air conditioner,Efua Sarpong,5,ASSIGNED,4,2026-09-14T04:51:00,ICT
1117,Repair broken cabinet,Kwesi Amponsah,5,ASSIGNED,2,2026-09-14T05:22:00,Engineering
1118,Fix flickering light,Ama Mensah,5,OPEN,2,2026-09-14T07:07:00,Engineering
1119,Fix flickering light,Kwame Owusu,4,OPEN,5,2026-09-14T07:17:00,Security
1120,Service backup generator,Kofi Adjei,1,ASSIGNED,1,2026-09-14T07:48:00,ICT
1121,Repair squeaky door hinge,Aba Gyasi,3,IN_PROGRESS,3,2026-09-14T08:44:00,Security
1122,Replace burnt out bulb,Akosua Boateng,3,CLOSED,1,2026-09-14T09:54:00,Estates
1123,Service air conditioner,Kwaku Appiah,3,ASSIGNED,5,2026-09-14T11:33:00,Estates
1124,Fix broken window,Abena Darko,1,CLOSED,5,2026-09-14T12:33:00,Security
1125,Service backup generator,Ama Mensah,5,OPEN,5,2026-09-14T14:34:00,Security
1126,Repair leaking tap,Kofi Adjei,3,OPEN,1,2026-09-14T16:10:00,ICT
1127,Repair broken lock,Fiifi Ansah,5,ASSIGNED,2,2026-09-14T16:32:00,ICT
1128,Address pest issue,Adjoa Kufuor,3,CLOSED,3,2026-09-14T18:05:00,Security
1129,Clear clogged sink,Yaw Asante,3,ASSIGNED,1,2026-09-14T20:42:00,ICT
1130,Fix damaged ceiling tile,Kwabena Osei,4,ASSIGNED,3,2026-09-14T21:37:00,Security
1131,Repair broken lock,Kofi Adjei,5,ASSIGNED,3,2026-09-14T22:19:00,Security
1132,Repair broken paving,Yaw Asante,3,IN_PROGRESS,3,2026-09-15T00:47:00,Estates
1133,Fix loose handrail,Kwabena Osei,5,OPEN,2,2026-09-15T02:15:00,ICT
1134,Repair broken paving,Kojo Boakye,2,OPEN,3,2026-09-15T03:31:00,Estates
1135,Replace burnt out bulb,Kwesi Amponsah,5,CLOSED,4,2026-09-15T06:30:00,ICT
1136,Service elevator,Kojo Boakye,4,OPEN,5,2026-09-15T07:07:00,Estates
1137,Fix damaged ceiling tile,Adjoa Kufuor,4,IN_PROGRESS,1,2026-09-15T09:39:00,ICT
1138,Unclog toilet,Aba Gyasi,1,CLOSED,3,2026-09-15T11:43:00,Security
1139,Repair cracked wall,Afia Agyeman,4,IN_PROGRESS,1,2026-09-15T13:34:00,Estates
1140,Repair broken fan,Kwaku Appiah,5,OPEN,4,2026-09-15T14:07:00,ICT
1141,Fix flickering light,Akua Nyarko,2,ASSIGNED,5,2026-09-15T16:34:00,Estates
1142,Unclog toilet,Kobina Quaye,2,CLOSED,1,2026-09-15T17:24:00,Estates
1143,Fix electrical fault,Aba Gyasi,5,CLOSED,1,2026-09-15T18:42:00,ICT
1144,Clean overflowing gutter,Ama Mensah,3,ASSIGNED,3,2026-09-15T20:44:00,Estates
1145,Repair cracked wall,Kobina Quaye,2,ASSIGNED,3,2026-09-15T22:57:00,Estates
1146,Repair damaged floor tile,Kobina Quaye,2,CLOSED,1,2026-09-16T00:42:00,ICT
1147,Repair broken intercom,Kwabena Osei,2,ASSIGNED,5,2026-09-16T01:04:00,Security
1148,Service air conditioner,Efua Sarpong,3,ASSIGNED,2,2026-09-16T03:21:00,Engineering
1149,Repair damaged door,Kwabena Osei,1,OPEN,4,2026-09-16T03:49:00,Engineering
1150,Repair broken fan,Kobina Quaye,3,IN_PROGRESS,3,2026-09-16T06:47:00,Security
1151,Repair damaged door,Kwesi Amponsah,2,ASSIGNED,1,2026-09-16T07:56:00,ICT
1152,Repair leaking tap,Kobina Quaye,5,IN_PROGRESS,4,2026-09-16T08:11:00,ICT
1153,Fix loose handrail,Adjoa Kufuor,2,ASSIGNED,1,2026-09-16T10:26:00,ICT
1154,Repair leaking tap,Abena Darko,3,OPEN,5,2026-09-16T11:28:00,Security
1155,Repair cracked wall,Abena Darko,2,IN_PROGRESS,2,2026-09-16T13:04:00,Engineering
1156,Unclog toilet,Aba Gyasi,5,CLOSED,3,2026-09-16T15:31:00,Security
1157,Repair broken cabinet,Esi Danquah,1,ASSIGNED,4,2026-09-16T15:48:00,ICT
1158,Repair damaged floor tile,Yaw Asante,3,IN_PROGRESS,1,2026-09-16T17:07:00,ICT
1159,Replace faulty projector,Adwoa Frimpong,5,OPEN,2,2026-09-16T17:25:00,Engineering
1160,Replace burnt out bulb,Kojo Boakye,5,ASSIGNED,4,2026-09-16T18:47:00,ICT
1161,Repair broken paving,Kwaku Appiah,4,OPEN,4,2026-09-16T21:05:00,Engineering
1162,Fix jammed window,Esi Danquah,3,CLOSED,1,2026-09-16T23:17:00,ICT
1163,Repair broken intercom,Fiifi Ansah,4,ASSIGNED,3,2026-09-17T01:02:00,Security
1164,Clear clogged sink,Adjoa Kufuor,4,ASSIGNED,5,2026-09-17T02:26:00,Security
1165,Repair broken fan,Yaa Asantewaa,2,IN_PROGRESS,3,2026-09-17T04:41:00,Estates
1166,Repair broken fan,Fiifi Ansah,4,OPEN,3,2026-09-17T07:25:00,Estates
1167,Fix broken window,Akosua Boateng,2,OPEN,2,2026-09-17T10:01:00,Engineering
1168,Address pest issue,Kobina Quaye,1,OPEN,2,2026-09-17T10:42:00,ICT
1169,Service fire extinguisher,Ama Mensah,3,IN_PROGRESS,1,2026-09-17T11:27:00,Estates
1170,Service elevator,Kwaku Appiah,4,OPEN,5,2026-09-17T13:06:00,Estates
1171,Repair cracked wall,Kojo Boakye,4,OPEN,3,2026-09-17T15:14:00,Estates
1172,Replace worn carpet,Kwabena Osei,5,OPEN,3,2026-09-17T17:44:00,Security
1173,Fix electrical fault,Kwaku Appiah,4,ASSIGNED,1,2026-09-17T19:13:00,ICT
1174,Repair broken intercom,Esi Danquah,4,ASSIGNED,4,2026-09-17T20:58:00,ICT
1175,Replace faulty projector,Adjoa Kufuor,3,OPEN,3,2026-09-17T22:48:00,Security
1176,Repair damaged door,Kobina Quaye,4,ASSIGNED,5,2026-09-18T01:42:00,Estates
1177,Fix water leak in ceiling,Yaa Asantewaa,1,OPEN,3,2026-09-18T02:10:00,Estates
1178,Repair damaged door,Kobina Quaye,5,ASSIGNED,5,2026-09-18T04:35:00,Estates
1179,Fix broken chair,Adwoa Frimpong,2,OPEN,2,2026-09-18T06:17:00,Engineering
1180,Fix electrical fault,Kwame Owusu,4,CLOSED,4,2026-09-18T08:48:00,Engineering
1181,Repair cracked wall,Fiifi Ansah,4,IN_PROGRESS,2,2026-09-18T09:57:00,Engineering
1182,Repair damaged floor tile,Esi Danquah,2,ASSIGNED,3,2026-09-18T10:22:00,Estates
1183,Replace faulty projector,Kwabena Osei,2,CLOSED,4,2026-09-18T13:01:00,Engineering
1184,Replace faulty projector,Abena Darko,1,ASSIGNED,1,2026-09-18T14:14:00,ICT
1185,Repair broken intercom,Ama Mensah,1,OPEN,2,2026-09-18T15:25:00,ICT
1186,Repair damaged floor tile,Yaa Asantewaa,3,ASSIGNED,1,2026-09-18T15:40:00,ICT
1187,Fix water leak in ceiling,Akua Nyarko,3,OPEN,3,2026-09-18T18:03:00,Security
1188,Replace worn carpet,Kojo Boakye,1,ASSIGNED,3,2026-09-18T18:52:00,Security
1189,Fix flickering light,Kwaku Appiah,3,ASSIGNED,3,2026-09-18T20:47:00,Estates
1190,Clear blocked drainage,Kwaku Appiah,5,CLOSED,5,2026-09-18T22:18:00,Security
1191,Service fire extinguisher,Kwabena Osei,3,ASSIGNED,2,2026-09-18T22:50:00,Engineering
1192,Service elevator,Kwabena Osei,2,CLOSED,4,2026-09-19T01:38:00,ICT
1193,Service elevator,Adwoa Frimpong,1,ASSIGNED,5,2026-09-19T04:05:00,Estates
1194,Service fire extinguisher,Kojo Boakye,1,IN_PROGRESS,5,2026-09-19T05:38:00,Security
1195,Repair damaged door,Adwoa Frimpong,4,CLOSED,5,2026-09-19T07:38:00,Security
1196,Fix jammed window,Kofi Adjei,5,OPEN,3,2026-09-19T09:35:00,Security
1197,Service elevator,Fiifi Ansah,3,CLOSED,5,2026-09-19T10:20:00,Estates
1198,Service elevator,Esi Danquah,5,IN_PROGRESS,4,2026-09-19T11:18:00,ICT
1199,Repair broken intercom,Ama Mensah,2,IN_PROGRESS,5,2026-09-19T11:51:00,Security
1200,Clear clogged sink,Kwame Owusu,5,ASSIGNED,4,2026-09-19T14:36:00,Engineering
1201,Clean overflowing gutter,Kwaku Appiah,2,OPEN,2,2026-09-19T15:34:00,ICT
1202,Repair cracked wall,Akosua Boateng,5,OPEN,2,2026-09-19T17:17:00,ICT
1203,Fix broken window,Kwesi Amponsah,3,ASSIGNED,3,2026-09-19T19:04:00,Security
1204,Service air conditioner,Kojo Boakye,3,ASSIGNED,2,2026-09-19T19:23:00,ICT
1205,Replace burnt out bulb,Yaa Asantewaa,1,ASSIGNED,2,2026-09-19T22:07:00,ICT
1206,Repair damaged floor tile,Efua Sarpong,3,OPEN,3,2026-09-19T22:50:00,Estates
1207,Repair leaking tap,Kwabena Osei,1,IN_PROGRESS,5,2026-09-20T00:10:00,Security
1208,Clear clogged sink,Fiifi Ansah,3,OPEN,3,2026-09-20T02:52:00,Security
1209,Repair damaged door,Kwesi Amponsah,5,OPEN,3,2026-09-20T03:17:00,Estates
1210,Unclog toilet,Yaa Asantewaa,1,IN_PROGRESS,3,2026-09-20T05:31:00,Estates
1211,Fix broken window,Fiifi Ansah,1,CLOSED,5,2026-09-20T06:44:00,Security
1212,Repair damaged door,Adwoa Frimpong,3,OPEN,5,2026-09-20T07:00:00,Estates
1213,Repair broken paving,Aba Gyasi,1,ASSIGNED,2,2026-09-20T07:16:00,ICT
1214,Service fire extinguisher,Akua Nyarko,2,CLOSED,1,2026-09-20T08:26:00,Estates
1215,Repair cracked wall,Kwabena Osei,4,ASSIGNED,2,2026-09-20T10:37:00,Engineering
1216,Repair damaged floor tile,Akosua Boateng,4,OPEN,3,2026-09-20T12:39:00,Security
1217,Address pest issue,Akua Nyarko,3,IN_PROGRESS,3,2026-09-20T13:46:00,Security
1218,Service air conditioner,Kofi Adjei,4,ASSIGNED,1,2026-09-20T15:55:00,ICT
1219,Replace worn carpet,Abena Darko,5,IN_PROGRESS,1,2026-09-20T17:08:00,ICT
1220,Repair broken lock,Kwame Owusu,2,CLOSED,2,2026-09-20T18:03:00,Engineering
1221,Service air conditioner,Abena Darko,3,CLOSED,3,2026-09-20T20:57:00,Estates
1222,Replace faulty projector,Afia Agyeman,2,ASSIGNED,2,2026-09-20T23:32:00,ICT
1223,Fix broken window,Kwesi Amponsah,4,ASSIGNED,5,2026-09-21T01:51:00,Estates
1224,Fix flickering light,Aba Gyasi,1,OPEN,2,2026-09-21T02:34:00,ICT
1225,Repair broken lock,Yaa Asantewaa,5,OPEN,1,2026-09-21T03:21:00,Estates
1226,Service fire extinguisher,Akosua Boateng,3,CLOSED,3,2026-09-21T05:29:00,Security
1227,Service fire extinguisher,Kofi Adjei,2,OPEN,1,2026-09-21T07:26:00,Estates
1228,Clear blocked drainage,Kwame Owusu,1,IN_PROGRESS,4,2026-09-21T10:09:00,ICT
1229,Unclog toilet,Abena Darko,4,OPEN,3,2026-09-21T11:59:00,Estates
1230,Repair broken cabinet,Kobina Quaye,4,IN_PROGRESS,3,2026-09-21T12:50:00,Estates
1231,Fix jammed window,Ama Mensah,1,ASSIGNED,3,2026-09-21T13:40:00,Estates
1232,Repair damaged floor tile,Fiifi Ansah,2,ASSIGNED,2,2026-09-21T15:43:00,ICT
1233,Repair broken fan,Kwaku Appiah,5,ASSIGNED,4,2026-09-21T18:33:00,Engineering
1234,Fix flickering light,Abena Darko,2,ASSIGNED,4,2026-09-21T18:57:00,Engineering
1235,Repair leaking tap,Kwame Owusu,5,OPEN,3,2026-09-21T19:17:00,Estates
1236,Repair cracked wall,Efua Sarpong,3,ASSIGNED,1,2026-09-21T20:21:00,ICT
1237,Fix damaged ceiling tile,Akua Nyarko,3,ASSIGNED,4,2026-09-21T22:25:00,ICT
1238,Fix water leak in ceiling,Kofi Adjei,5,IN_PROGRESS,5,2026-09-21T23:05:00,Estates
1239,Fix broken chair,Adwoa Frimpong,4,IN_PROGRESS,4,2026-09-22T00:16:00,Engineering
1240,Repair broken intercom,Kojo Boakye,3,IN_PROGRESS,2,2026-09-22T01:39:00,ICT
1241,Address pest issue,Kwesi Amponsah,4,IN_PROGRESS,4,2026-09-22T02:05:00,ICT
1242,Address pest issue,Esi Danquah,2,ASSIGNED,3,2026-09-22T04:14:00,Estates
1243,Fix loose handrail,Esi Danquah,4,IN_PROGRESS,1,2026-09-22T04:51:00,ICT
1244,Fix electrical fault,Kobina Quaye,4,ASSIGNED,4,2026-09-22T07:25:00,ICT
1245,Fix loose handrail,Kwabena Osei,2,ASSIGNED,4,2026-09-22T07:45:00,Engineering
1246,Replace worn carpet,Kojo Boakye,3,ASSIGNED,3,2026-09-22T08:41:00,Estates
1247,Replace worn carpet,Kofi Adjei,2,CLOSED,2,2026-09-22T08:53:00,ICT
1248,Repair broken cabinet,Adwoa Frimpong,3,ASSIGNED,2,2026-09-22T09:26:00,Engineering
1249,Repair broken lock,Efua Sarpong,2,ASSIGNED,5,2026-09-22T10:26:00,Estates
1250,Clear blocked drainage,Kwesi Amponsah,2,CLOSED,4,2026-09-22T11:45:00,Engineering
1251,Fix broken window,Aba Gyasi,4,OPEN,3,2026-09-22T12:09:00,Estates
1252,Repair damaged door,Kofi Adjei,5,IN_PROGRESS,1,2026-09-22T14:23:00,Estates
1253,Clear clogged sink,Abena Darko,3,IN_PROGRESS,1,2026-09-22T17:11:00,Estates
1254,Fix flickering light,Efua Sarpong,2,IN_PROGRESS,2,2026-09-22T18:09:00,Engineering
1255,Fix jammed window,Kwesi Amponsah,5,ASSIGNED,3,2026-09-22T18:41:00,Estates
1256,Repair broken lock,Afia Agyeman,5,CLOSED,2,2026-09-22T18:57:00,Engineering
1257,Repair broken lock,Adjoa Kufuor,2,IN_PROGRESS,2,2026-09-22T21:26:00,ICT
1258,Repair broken lock,Aba Gyasi,1,OPEN,3,2026-09-22T23:19:00,Security
1259,Fix broken chair,Kojo Boakye,4,CLOSED,4,2026-09-23T00:48:00,Engineering
1260,Repair squeaky door hinge,Afia Agyeman,1,IN_PROGRESS,4,2026-09-23T03:21:00,ICT
1261,Repair broken fan,Afia Agyeman,5,OPEN,5,2026-09-23T04:24:00,Estates
1262,Address pest issue,Akua Nyarko,5,OPEN,3,2026-09-23T06:49:00,Estates
1263,Fix water leak in ceiling,Kofi Adjei,4,ASSIGNED,4,2026-09-23T09:25:00,Engineering
1264,Address pest issue,Kwaku Appiah,2,ASSIGNED,2,2026-09-23T10:11:00,ICT
1265,Repair broken intercom,Aba Gyasi,2,ASSIGNED,3,2026-09-23T12:39:00,Security
1266,Fix broken window,Abena Darko,2,OPEN,1,2026-09-23T14:48:00,ICT
1267,Repair damaged floor tile,Yaw Asante,1,ASSIGNED,3,2026-09-23T16:44:00,Security
1268,Clean overflowing gutter,Kwame Owusu,4,CLOSED,3,2026-09-23T17:16:00,Security
1269,Repair broken intercom,Adjoa Kufuor,4,IN_PROGRESS,4,2026-09-23T19:34:00,Engineering
1270,Fix broken window,Adwoa Frimpong,3,IN_PROGRESS,5,2026-09-23T22:21:00,Estates
1271,Service fire extinguisher,Aba Gyasi,3,OPEN,3,2026-09-23T23:33:00,Estates
1272,Fix loose handrail,Akosua Boateng,2,IN_PROGRESS,4,2026-09-24T01:29:00,ICT
1273,Clean overflowing gutter,Kwabena Osei,2,CLOSED,3,2026-09-24T04:02:00,Estates
1274,Repair leaking tap,Yaw Asante,4,IN_PROGRESS,5,2026-09-24T06:31:00,Security
1275,Service elevator,Kobina Quaye,1,CLOSED,2,2026-09-24T08:41:00,Engineering
1276,Fix flickering light,Kwabena Osei,5,IN_PROGRESS,2,2026-09-24T10:57:00,Engineering
1277,Fix broken window,Ama Mensah,1,ASSIGNED,1,2026-09-24T11:47:00,Estates
1278,Repair leaking tap,Ama Mensah,2,OPEN,1,2026-09-24T12:43:00,ICT
1279,Replace burnt out bulb,Akosua Boateng,2,OPEN,1,2026-09-24T13:31:00,ICT
1280,Fix broken chair,Ama Mensah,5,IN_PROGRESS,4,2026-09-24T13:58:00,Engineering
1281,Replace faulty projector,Kofi Adjei,2,OPEN,1,2026-09-24T16:12:00,Estates
1282,Fix broken window,Kwame Owusu,1,OPEN,5,2026-09-24T18:25:00,Estates
1283,Service air conditioner,Kwaku Appiah,4,IN_PROGRESS,3,2026-09-24T19:37:00,Estates
1284,Fix jammed window,Ama Mensah,1,IN_PROGRESS,4,2026-09-24T19:48:00,Engineering
1285,Service backup generator,Akua Nyarko,2,CLOSED,1,2026-09-24T21:34:00,ICT
1286,Repair broken fan,Kwabena Osei,3,CLOSED,2,2026-09-24T23:03:00,Engineering
1287,Fix electrical fault,Akosua Boateng,3,OPEN,5,2026-09-24T23:42:00,Estates
1288,Fix flickering light,Yaw Asante,1,ASSIGNED,4,2026-09-25T01:43:00,ICT
1289,Repair damaged door,Esi Danquah,2,ASSIGNED,1,2026-09-25T01:55:00,ICT
1290,Replace faulty projector,Kwame Owusu,5,OPEN,2,2026-09-25T03:10:00,ICT
1291,Repair broken paving,Abena Darko,3,IN_PROGRESS,5,2026-09-25T05:39:00,Security
1292,Repair broken intercom,Abena Darko,2,OPEN,5,2026-09-25T06:34:00,Security
1293,Service backup generator,Aba Gyasi,2,OPEN,1,2026-09-25T08:19:00,Estates
1294,Service fire extinguisher,Yaa Asantewaa,2,IN_PROGRESS,1,2026-09-25T09:04:00,Estates
1295,Repair damaged door,Kwame Owusu,2,OPEN,4,2026-09-25T10:46:00,Engineering
1296,Repair broken lock,Kobina Quaye,3,IN_PROGRESS,1,2026-09-25T12:47:00,Estates
1297,Fix damaged ceiling tile,Kojo Boakye,4,IN_PROGRESS,2,2026-09-25T13:39:00,ICT
1298,Repair broken lock,Fiifi Ansah,1,OPEN,1,2026-09-25T15:31:00,Estates
1299,Service elevator,Efua Sarpong,5,OPEN,4,2026-09-25T17:58:00,ICT
1300,Replace burnt out bulb,Fiifi Ansah,4,CLOSED,3,2026-09-25T19:33:00,Estates
1301,Repair squeaky door hinge,Ama Mensah,2,OPEN,2,2026-09-25T21:36:00,Engineering
1302,Fix water leak in ceiling,Akua Nyarko,2,IN_PROGRESS,5,2026-09-25T22:07:00,Estates
1303,Fix electrical fault,Abena Darko,1,IN_PROGRESS,1,2026-09-25T22:20:00,ICT
1304,Service fire extinguisher,Akua Nyarko,1,ASSIGNED,3,2026-09-25T22:45:00,Estates
1305,Unclog toilet,Fiifi Ansah,3,OPEN,3,2026-09-26T01:10:00,Estates
1306,Repair broken lock,Kwame Owusu,2,IN_PROGRESS,3,2026-09-26T03:25:00,Security
1307,Repair broken lock,Aba Gyasi,4,OPEN,5,2026-09-26T05:26:00,Estates
1308,Repair cracked wall,Kwaku Appiah,4,OPEN,1,2026-09-26T05:42:00,Estates
1309,Repair broken paving,Fiifi Ansah,2,ASSIGNED,3,2026-09-26T07:18:00,Estates
1310,Fix damaged ceiling tile,Kofi Adjei,4,OPEN,1,2026-09-26T09:35:00,Estates
1311,Repair broken paving,Efua Sarpong,5,OPEN,5,2026-09-26T10:47:00,Estates
1312,Repair broken paving,Kwabena Osei,2,OPEN,1,2026-09-26T13:17:00,Estates
1313,Clear blocked drainage,Abena Darko,3,OPEN,1,2026-09-26T14:07:00,Estates
1314,Repair leaking tap,Akosua Boateng,5,IN_PROGRESS,2,2026-09-26T16:33:00,Engineering
1315,Fix broken chair,Kwame Owusu,4,ASSIGNED,3,2026-09-26T17:28:00,Estates
1316,Fix jammed window,Adwoa Frimpong,4,CLOSED,1,2026-09-26T20:21:00,ICT
1317,Service fire extinguisher,Kojo Boakye,3,ASSIGNED,1,2026-09-26T20:43:00,ICT
1318,Clean overflowing gutter,Kojo Boakye,2,IN_PROGRESS,4,2026-09-26T23:03:00,ICT
1319,Repair broken intercom,Kwame Owusu,4,IN_PROGRESS,1,2026-09-27T00:18:00,Estates
1320,Repair cracked wall,Kwesi Amponsah,5,IN_PROGRESS,5,2026-09-27T01:46:00,Security
1321,Replace faulty projector,Yaw Asante,1,CLOSED,2,2026-09-27T04:23:00,ICT
1322,Fix water leak in ceiling,Kojo Boakye,4,ASSIGNED,3,2026-09-27T06:17:00,Security
1323,Unclog toilet,Kobina Quaye,4,IN_PROGRESS,1,2026-09-27T07:00:00,ICT
1324,Replace worn carpet,Efua Sarpong,1,ASSIGNED,1,2026-09-27T07:19:00,ICT
1325,Repair broken paving,Esi Danquah,4,IN_PROGRESS,3,2026-09-27T07:48:00,Security
1326,Service fire extinguisher,Abena Darko,5,OPEN,1,2026-09-27T08:37:00,Estates
1327,Repair broken lock,Fiifi Ansah,2,ASSIGNED,3,2026-09-27T10:05:00,Estates
1328,Repair broken cabinet,Efua Sarpong,1,IN_PROGRESS,2,2026-09-27T11:03:00,Engineering
1329,Unclog toilet,Fiifi Ansah,5,IN_PROGRESS,3,2026-09-27T13:29:00,Estates
1330,Fix water leak in ceiling,Kofi Adjei,4,CLOSED,2,2026-09-27T15:47:00,Engineering
1331,Repair cracked wall,Akua Nyarko,4,CLOSED,5,2026-09-27T16:52:00,Security
1332,Repair leaking tap,Aba Gyasi,2,IN_PROGRESS,1,2026-09-27T18:07:00,Estates
1333,Fix jammed window,Aba Gyasi,5,ASSIGNED,4,2026-09-27T19:07:00,ICT
1334,Fix broken chair,Adwoa Frimpong,2,IN_PROGRESS,4,2026-09-27T21:33:00,ICT
1335,Repair broken cabinet,Kojo Boakye,3,OPEN,2,2026-09-27T23:04:00,ICT
1336,Repair broken cabinet,Adjoa Kufuor,4,IN_PROGRESS,2,2026-09-28T01:35:00,ICT
1337,Fix water leak in ceiling,Kwabena Osei,3,CLOSED,4,2026-09-28T02:24:00,Engineering
1338,Fix damaged ceiling tile,Ama Mensah,4,IN_PROGRESS,2,2026-09-28T03:53:00,ICT
1339,Service elevator,Abena Darko,2,OPEN,1,2026-09-28T05:48:00,Estates
1340,Fix jammed window,Efua Sarpong,1,ASSIGNED,1,2026-09-28T07:05:00,Estates
1341,Fix broken window,Afia Agyeman,2,ASSIGNED,2,2026-09-28T08:42:00,Engineering
1342,Fix damaged ceiling tile,Abena Darko,2,ASSIGNED,5,2026-09-28T09:38:00,Estates
1343,Unclog toilet,Yaa Asantewaa,3,IN_PROGRESS,1,2026-09-28T10:58:00,ICT
1344,Unclog toilet,Kwesi Amponsah,2,OPEN,1,2026-09-28T12:00:00,ICT
1345,Unclog toilet,Kobina Quaye,3,OPEN,1,2026-09-28T13:36:00,ICT
1346,Repair cracked wall,Kwesi Amponsah,2,IN_PROGRESS,5,2026-09-28T15:48:00,Estates
1347,Service backup generator,Kwesi Amponsah,4,OPEN,1,2026-09-28T16:43:00,ICT
1348,Fix broken window,Aba Gyasi,1,OPEN,1,2026-09-28T17:12:00,ICT
1349,Repair cracked wall,Aba Gyasi,2,CLOSED,4,2026-09-28T19:27:00,ICT
1350,Replace worn carpet,Aba Gyasi,5,CLOSED,4,2026-09-28T20:22:00,ICT
1351,Repair broken cabinet,Abena Darko,3,OPEN,2,2026-09-28T22:24:00,Engineering
1352,Clear clogged sink,Kobina Quaye,1,ASSIGNED,5,2026-09-29T00:09:00,Estates
1353,Address pest issue,Yaw Asante,3,ASSIGNED,1,2026-09-29T02:17:00,Estates
1354,Fix water leak in ceiling,Kobina Quaye,2,CLOSED,1,2026-09-29T03:38:00,Estates
1355,Repair broken lock,Adjoa Kufuor,2,OPEN,2,2026-09-29T05:14:00,ICT
1356,Repair broken cabinet,Fiifi Ansah,1,OPEN,2,2026-09-29T05:30:00,ICT
1357,Repair broken cabinet,Esi Danquah,5,IN_PROGRESS,4,2026-09-29T06:41:00,ICT
1358,Replace burnt out bulb,Kwame Owusu,1,CLOSED,4,2026-09-29T08:09:00,Engineering
1359,Service elevator,Kobina Quaye,4,OPEN,4,2026-09-29T10:07:00,Engineering
1360,Repair cracked wall,Afia Agyeman,2,IN_PROGRESS,1,2026-09-29T12:49:00,ICT
1361,Fix loose handrail,Akosua Boateng,5,CLOSED,3,2026-09-29T13:36:00,Estates
1362,Address pest issue,Ama Mensah,4,OPEN,5,2026-09-29T15:24:00,Security
1363,Fix electrical fault,Kobina Quaye,1,OPEN,3,2026-09-29T15:55:00,Security
1364,Repair damaged door,Abena Darko,1,ASSIGNED,2,2026-09-29T16:05:00,Engineering
1365,Fix broken window,Esi Danquah,2,IN_PROGRESS,1,2026-09-29T16:28:00,ICT
1366,Repair squeaky door hinge,Efua Sarpong,1,CLOSED,5,2026-09-29T18:48:00,Estates
1367,Unclog toilet,Aba Gyasi,5,OPEN,1,2026-09-29T19:18:00,ICT
1368,Fix flickering light,Kojo Boakye,4,IN_PROGRESS,3,2026-09-29T21:26:00,Estates
1369,Replace faulty projector,Kwame Owusu,1,OPEN,4,2026-09-29T22:17:00,ICT
1370,Unclog toilet,Kojo Boakye,1,IN_PROGRESS,3,2026-09-29T23:01:00,Security
1371,Repair squeaky door hinge,Adjoa Kufuor,4,OPEN,2,2026-09-29T23:54:00,Engineering
1372,Repair broken fan,Akua Nyarko,5,IN_PROGRESS,3,2026-09-30T00:47:00,Security
1373,Address pest issue,Esi Danquah,4,OPEN,5,2026-09-30T02:53:00,Estates
1374,Repair squeaky door hinge,Ama Mensah,3,ASSIGNED,4,2026-09-30T05:34:00,Engineering
1375,Repair broken intercom,Aba Gyasi,5,CLOSED,4,2026-09-30T08:32:00,ICT
1376,Service elevator,Ama Mensah,4,ASSIGNED,2,2026-09-30T10:35:00,Engineering
1377,Replace worn carpet,Abena Darko,5,OPEN,1,2026-09-30T12:19:00,Estates
1378,Repair leaking tap,Adwoa Frimpong,2,IN_PROGRESS,5,2026-09-30T13:50:00,Security
1379,Repair broken cabinet,Ama Mensah,2,ASSIGNED,2,2026-09-30T15:51:00,Engineering
1380,Repair cracked wall,Kojo Boakye,4,IN_PROGRESS,5,2026-09-30T18:39:00,Estates
1381,Fix electrical fault,Kwesi Amponsah,4,CLOSED,5,2026-09-30T19:43:00,Estates
1382,Address pest issue,Akosua Boateng,2,OPEN,4,2026-09-30T21:57:00,Engineering
1383,Repair damaged floor tile,Kofi Adjei,2,ASSIGNED,1,2026-09-30T22:40:00,ICT
1384,Repair leaking tap,Efua Sarpong,3,ASSIGNED,3,2026-10-01T01:04:00,Estates
1385,Fix electrical fault,Aba Gyasi,2,ASSIGNED,3,2026-10-01T03:22:00,Estates
1386,Fix broken window,Adwoa Frimpong,2,ASSIGNED,3,2026-10-01T04:58:00,Estates
1387,Repair broken intercom,Kwaku Appiah,4,CLOSED,4,2026-10-01T05:17:00,ICT
1388,Fix damaged ceiling tile,Kwabena Osei,4,CLOSED,3,2026-10-01T07:24:00,Security
1389,Address pest issue,Akosua Boateng,2,OPEN,3,2026-10-01T08:13:00,Security
1390,Repair broken lock,Kobina Quaye,1,OPEN,3,2026-10-01T10:10:00,Security
1391,Service backup generator,Kofi Adjei,4,IN_PROGRESS,4,2026-10-01T11:03:00,ICT
1392,Service fire extinguisher,Afia Agyeman,3,CLOSED,2,2026-10-01T13:37:00,Engineering
1393,Unclog toilet,Kobina Quaye,5,IN_PROGRESS,2,2026-10-01T15:54:00,Engineering
1394,Service fire extinguisher,Fiifi Ansah,3,OPEN,2,2026-10-01T17:01:00,ICT
1395,Clean overflowing gutter,Adwoa Frimpong,1,ASSIGNED,4,2026-10-01T17:26:00,Engineering
1396,Repair damaged door,Afia Agyeman,5,IN_PROGRESS,1,2026-10-01T18:48:00,Estates
1397,Repair broken intercom,Adjoa Kufuor,3,OPEN,4,2026-10-01T19:54:00,ICT
1398,Fix jammed window,Kwabena Osei,3,OPEN,2,2026-10-01T21:40:00,Engineering
1399,Fix broken chair,Efua Sarpong,4,IN_PROGRESS,3,2026-10-01T22:08:00,Security
1400,Repair broken fan,Yaa Asantewaa,2,OPEN,1,2026-10-01T22:33:00,ICT
1401,Fix damaged ceiling tile,Afia Agyeman,1,OPEN,2,2026-10-01T23:50:00,ICT
1402,Fix water leak in ceiling,Abena Darko,4,OPEN,5,2026-10-02T02:14:00,Estates
1403,Fix flickering light,Abena Darko,2,IN_PROGRESS,2,2026-10-02T03:53:00,Engineering
1404,Fix jammed window,Aba Gyasi,1,ASSIGNED,1,2026-10-02T04:29:00,ICT
1405,Replace burnt out bulb,Kwabena Osei,1,ASSIGNED,4,2026-10-02T05:41:00,Engineering
1406,Clear blocked drainage,Fiifi Ansah,3,OPEN,3,2026-10-02T07:03:00,Security
1407,Fix broken window,Ama Mensah,5,CLOSED,4,2026-10-02T10:03:00,Engineering
1408,Repair broken paving,Adjoa Kufuor,5,OPEN,1,2026-10-02T12:13:00,Estates
1409,Replace worn carpet,Kwabena Osei,4,ASSIGNED,2,2026-10-02T12:31:00,ICT
1410,Fix loose handrail,Kwaku Appiah,4,OPEN,4,2026-10-02T14:38:00,ICT
1411,Repair damaged floor tile,Kwesi Amponsah,3,ASSIGNED,4,2026-10-02T16:44:00,ICT
1412,Unclog toilet,Fiifi Ansah,1,IN_PROGRESS,3,2026-10-02T17:47:00,Estates
1413,Clear clogged sink,Yaw Asante,1,CLOSED,3,2026-10-02T19:28:00,Estates
1414,Replace burnt out bulb,Kobina Quaye,3,ASSIGNED,2,2026-10-02T22:17:00,Engineering
1415,Fix flickering light,Efua Sarpong,2,IN_PROGRESS,2,2026-10-03T00:44:00,ICT
1416,Fix electrical fault,Akosua Boateng,3,CLOSED,2,2026-10-03T01:46:00,ICT
1417,Repair broken cabinet,Ama Mensah,4,OPEN,5,2026-10-03T03:22:00,Estates
1418,Service elevator,Efua Sarpong,4,OPEN,4,2026-10-03T03:36:00,ICT
1419,Address pest issue,Yaw Asante,3,ASSIGNED,4,2026-10-03T04:13:00,ICT
1420,Fix broken window,Yaw Asante,4,CLOSED,5,2026-10-03T06:14:00,Estates
1421,Service fire extinguisher,Efua Sarpong,4,IN_PROGRESS,5,2026-10-03T07:29:00,Security
1422,Replace faulty projector,Kofi Adjei,5,OPEN,5,2026-10-03T08:42:00,Estates
1423,Repair broken paving,Kofi Adjei,3,OPEN,4,2026-10-03T10:54:00,ICT
1424,Repair broken cabinet,Yaa Asantewaa,5,IN_PROGRESS,1,2026-10-03T12:02:00,Estates
1425,Fix broken window,Yaa Asantewaa,5,OPEN,4,2026-10-03T12:40:00,ICT
1426,Service fire extinguisher,Kobina Quaye,3,CLOSED,3,2026-10-03T15:21:00,Estates
1427,Service fire extinguisher,Akua Nyarko,5,IN_PROGRESS,3,2026-10-03T17:09:00,Estates
1428,Repair broken intercom,Kojo Boakye,3,CLOSED,5,2026-10-03T18:39:00,Estates
1429,Repair damaged door,Kwabena Osei,5,OPEN,4,2026-10-03T20:11:00,ICT
1430,Fix broken window,Kwesi Amponsah,2,CLOSED,3,2026-10-03T21:55:00,Estates
1431,Clean overflowing gutter,Yaa Asantewaa,3,OPEN,5,2026-10-04T00:11:00,Estates
1432,Replace worn carpet,Esi Danquah,4,IN_PROGRESS,1,2026-10-04T02:29:00,Estates
1433,Fix damaged ceiling tile,Kwesi Amponsah,4,ASSIGNED,3,2026-10-04T03:10:00,Estates
1434,Fix water leak in ceiling,Efua Sarpong,3,CLOSED,1,2026-10-04T05:08:00,Estates
1435,Fix loose handrail,Kwesi Amponsah,1,ASSIGNED,2,2026-10-04T05:32:00,ICT
1436,Unclog toilet,Afia Agyeman,1,IN_PROGRESS,1,2026-10-04T06:43:00,ICT
1437,Repair squeaky door hinge,Kwesi Amponsah,1,IN_PROGRESS,1,2026-10-04T07:18:00,ICT
1438,Repair damaged floor tile,Adwoa Frimpong,3,ASSIGNED,5,2026-10-04T07:50:00,Security
1439,Fix broken chair,Kofi Adjei,5,IN_PROGRESS,2,2026-10-04T09:28:00,Engineering
1440,Clear clogged sink,Kojo Boakye,4,IN_PROGRESS,2,2026-10-04T12:01:00,ICT
1441,Fix electrical fault,Kwame Owusu,4,CLOSED,5,2026-10-04T12:34:00,Estates
1442,Fix electrical fault,Kwaku Appiah,1,IN_PROGRESS,4,2026-10-04T14:12:00,Engineering
1443,Clear blocked drainage,Afia Agyeman,4,IN_PROGRESS,3,2026-10-04T16:08:00,Security
1444,Replace worn carpet,Kwabena Osei,4,CLOSED,5,2026-10-04T16:29:00,Estates
1445,Service elevator,Ama Mensah,3,IN_PROGRESS,2,2026-10-04T17:43:00,Engineering
1446,Fix jammed window,Afia Agyeman,1,CLOSED,3,2026-10-04T18:23:00,Security
1447,Replace worn carpet,Akua Nyarko,4,CLOSED,1,2026-10-04T19:26:00,Estates
1448,Repair broken paving,Yaa Asantewaa,1,ASSIGNED,2,2026-10-04T20:42:00,ICT
1449,Repair damaged floor tile,Akosua Boateng,5,OPEN,3,2026-10-04T23:27:00,Security
1450,Repair broken lock,Kwesi Amponsah,5,CLOSED,2,2026-10-05T02:02:00,Engineering
1451,Fix broken chair,Fiifi Ansah,4,IN_PROGRESS,4,2026-10-05T04:33:00,ICT
1452,Clear blocked drainage,Kobina Quaye,4,CLOSED,5,2026-10-05T05:33:00,Estates
1453,Fix water leak in ceiling,Kwame Owusu,3,IN_PROGRESS,1,2026-10-05T06:24:00,ICT
1454,Clear clogged sink,Yaa Asantewaa,5,IN_PROGRESS,4,2026-10-05T07:20:00,Engineering
1455,Repair squeaky door hinge,Ama Mensah,1,OPEN,4,2026-10-05T08:04:00,ICT
1456,Repair broken paving,Ama Mensah,1,ASSIGNED,3,2026-10-05T10:44:00,Security
1457,Clear blocked drainage,Kobina Quaye,5,CLOSED,2,2026-10-05T13:29:00,ICT
1458,Repair leaking tap,Fiifi Ansah,3,IN_PROGRESS,2,2026-10-05T16:25:00,Engineering
1459,Service elevator,Efua Sarpong,2,OPEN,2,2026-10-05T16:36:00,Engineering
1460,Service elevator,Esi Danquah,2,IN_PROGRESS,4,2026-10-05T18:15:00,Engineering
1461,Fix electrical fault,Kojo Boakye,5,IN_PROGRESS,3,2026-10-05T20:21:00,Security
1462,Repair leaking tap,Kwesi Amponsah,1,CLOSED,2,2026-10-05T20:47:00,Engineering
1463,Fix water leak in ceiling,Abena Darko,1,OPEN,1,2026-10-05T21:37:00,Estates
1464,Fix broken window,Kwaku Appiah,3,CLOSED,2,2026-10-06T00:01:00,Engineering
1465,Repair damaged door,Kwabena Osei,3,CLOSED,4,2026-10-06T01:34:00,Engineering
1466,Repair broken fan,Efua Sarpong,1,CLOSED,1,2026-10-06T04:06:00,Estates
1467,Service backup generator,Kobina Quaye,3,ASSIGNED,5,2026-10-06T06:05:00,Security
1468,Clear blocked drainage,Adjoa Kufuor,3,OPEN,4,2026-10-06T09:04:00,Engineering
1469,Repair cracked wall,Kofi Adjei,5,IN_PROGRESS,1,2026-10-06T09:38:00,Estates
1470,Repair leaking tap,Abena Darko,4,ASSIGNED,4,2026-10-06T12:22:00,ICT
1471,Repair cracked wall,Aba Gyasi,3,ASSIGNED,4,2026-10-06T14:12:00,Engineering
1472,Repair squeaky door hinge,Kofi Adjei,4,CLOSED,5,2026-10-06T17:08:00,Security
1473,Repair leaking tap,Abena Darko,2,CLOSED,3,2026-10-06T18:44:00,Security
1474,Service fire extinguisher,Aba Gyasi,3,CLOSED,4,2026-10-06T19:38:00,Engineering
1475,Fix electrical fault,Abena Darko,3,IN_PROGRESS,1,2026-10-06T21:53:00,Estates
1476,Replace burnt out bulb,Efua Sarpong,3,IN_PROGRESS,2,2026-10-07T00:51:00,ICT
1477,Service elevator,Kwaku Appiah,1,IN_PROGRESS,2,2026-10-07T02:25:00,Engineering
1478,Replace faulty projector,Yaa Asantewaa,4,ASSIGNED,3,2026-10-07T03:38:00,Estates
1479,Fix loose handrail,Akosua Boateng,2,IN_PROGRESS,5,2026-10-07T05:44:00,Security
1480,Fix broken chair,Aba Gyasi,3,IN_PROGRESS,4,2026-10-07T06:32:00,ICT
1481,Fix electrical fault,Kofi Adjei,5,CLOSED,5,2026-10-07T08:50:00,Security
1482,Repair broken paving,Akosua Boateng,3,OPEN,2,2026-10-07T09:01:00,ICT
1483,Fix water leak in ceiling,Afia Agyeman,3,IN_PROGRESS,5,2026-10-07T11:04:00,Estates
1484,Service elevator,Yaa Asantewaa,4,ASSIGNED,2,2026-10-07T11:35:00,Engineering
1485,Fix damaged ceiling tile,Kofi Adjei,2,IN_PROGRESS,3,2026-10-07T13:55:00,Estates
1486,Repair cracked wall,Akua Nyarko,3,IN_PROGRESS,4,2026-10-07T16:30:00,Engineering
1487,Replace worn carpet,Kwesi Amponsah,5,CLOSED,5,2026-10-07T17:13:00,Security
1488,Service fire extinguisher,Adwoa Frimpong,3,ASSIGNED,5,2026-10-07T18:11:00,Estates
1489,Repair broken cabinet,Kwabena Osei,5,ASSIGNED,4,2026-10-07T18:40:00,ICT
1490,Address pest issue,Ama Mensah,1,IN_PROGRESS,4,2026-10-07T21:30:00,ICT
1491,Fix flickering light,Yaa Asantewaa,4,IN_PROGRESS,5,2026-10-07T23:14:00,Security
1492,Replace burnt out bulb,Kobina Quaye,3,CLOSED,5,2026-10-08T00:00:00,Security
1493,Fix loose handrail,Ama Mensah,1,IN_PROGRESS,5,2026-10-08T01:48:00,Security
1494,Repair cracked wall,Kwaku Appiah,1,ASSIGNED,3,2026-10-08T02:37:00,Estates
1495,Service elevator,Kwame Owusu,5,ASSIGNED,1,2026-10-08T03:45:00,ICT
1496,Repair leaking tap,Efua Sarpong,1,CLOSED,1,2026-10-08T04:29:00,ICT
1497,Clean overflowing gutter,Yaw Asante,1,OPEN,2,2026-10-08T06:59:00,ICT
1498,Service backup generator,Esi Danquah,4,CLOSED,5,2026-10-08T08:50:00,Estates
1499,Replace burnt out bulb,Kwaku Appiah,2,OPEN,4,2026-10-08T09:04:00,Engineering
1500,Fix electrical fault,Afia Agyeman,4,OPEN,3,2026-10-08T10:50:00,Estates
1501,Repair damaged floor tile,Akua Nyarko,4,CLOSED,1,2026-10-08T12:28:00,Estates
1502,Fix water leak in ceiling,Kwame Owusu,3,OPEN,2,2026-10-08T14:43:00,Engineering
1503,Repair squeaky door hinge,Akosua Boateng,4,OPEN,4,2026-10-08T17:26:00,Engineering
1504,Repair broken cabinet,Akua Nyarko,3,CLOSED,5,2026-10-08T20:07:00,Security
1505,Fix jammed window,Kwame Owusu,3,ASSIGNED,5,2026-10-08T21:18:00,Estates
1506,Service air conditioner,Kwame Owusu,2,ASSIGNED,5,2026-10-08T23:44:00,Estates
1507,Fix loose handrail,Kofi Adjei,4,CLOSED,1,2026-10-09T02:24:00,Estates
1508,Unclog toilet,Esi Danquah,5,CLOSED,4,2026-10-09T03:54:00,Engineering
1509,Replace faulty projector,Kwesi Amponsah,1,CLOSED,1,2026-10-09T06:16:00,ICT
1510,Repair broken intercom,Akua Nyarko,5,IN_PROGRESS,3,2026-10-09T06:57:00,Security
1511,Clear blocked drainage,Kobina Quaye,1,CLOSED,1,2026-10-09T07:13:00,Estates
1512,Repair broken fan,Fiifi Ansah,3,OPEN,1,2026-10-09T08:16:00,ICT
1513,Fix broken chair,Esi Danquah,3,OPEN,4,2026-10-09T11:07:00,Engineering
1514,Repair cracked wall,Kwame Owusu,5,IN_PROGRESS,4,2026-10-09T13:43:00,Engineering
1515,Replace worn carpet,Fiifi Ansah,3,CLOSED,1,2026-10-09T14:20:00,Estates
1516,Repair broken fan,Kwabena Osei,2,OPEN,4,2026-10-09T14:47:00,ICT
1517,Repair damaged door,Adjoa Kufuor,3,IN_PROGRESS,1,2026-10-09T16:12:00,ICT
1518,Clear blocked drainage,Yaw Asante,1,CLOSED,2,2026-10-09T19:03:00,Engineering
1519,Clear clogged sink,Yaa Asantewaa,5,ASSIGNED,5,2026-10-09T20:03:00,Security
1520,Service fire extinguisher,Kobina Quaye,3,OPEN,1,2026-10-09T20:55:00,ICT
1521,Repair broken lock,Aba Gyasi,5,IN_PROGRESS,2,2026-10-09T23:29:00,Engineering
1522,Clear clogged sink,Efua Sarpong,2,IN_PROGRESS,5,2026-10-10T00:37:00,Security
1523,Repair damaged floor tile,Afia Agyeman,1,CLOSED,4,2026-10-10T02:46:00,ICT
1524,Replace worn carpet,Akua Nyarko,1,CLOSED,4,2026-10-10T05:10:00,Engineering
1525,Replace burnt out bulb,Kobina Quaye,5,CLOSED,3,2026-10-10T08:05:00,Estates
1526,Repair broken lock,Kwesi Amponsah,3,IN_PROGRESS,4,2026-10-10T10:31:00,Engineering
1527,Service air conditioner,Fiifi Ansah,2,ASSIGNED,2,2026-10-10T12:56:00,ICT
1528,Fix flickering light,Kwaku Appiah,1,OPEN,2,2026-10-10T15:48:00,ICT
1529,Fix broken window,Ama Mensah,4,OPEN,4,2026-10-10T18:08:00,Engineering
1530,Address pest issue,Yaw Asante,2,OPEN,3,2026-10-10T20:39:00,Estates
1531,Repair broken fan,Afia Agyeman,1,ASSIGNED,1,2026-10-10T22:49:00,Estates
1532,Fix water leak in ceiling,Akosua Boateng,5,OPEN,4,2026-10-11T00:54:00,ICT
1533,Service backup generator,Kwabena Osei,1,CLOSED,5,2026-10-11T01:12:00,Security
1534,Fix loose handrail,Kwaku Appiah,3,OPEN,5,2026-10-11T02:43:00,Estates
1535,Service fire extinguisher,Ama Mensah,2,ASSIGNED,5,2026-10-11T03:53:00,Security
1536,Repair broken fan,Esi Danquah,1,IN_PROGRESS,4,2026-10-11T06:08:00,ICT
1537,Fix water leak in ceiling,Kofi Adjei,4,ASSIGNED,2,2026-10-11T08:50:00,Engineering
1538,Repair broken paving,Kojo Boakye,3,IN_PROGRESS,4,2026-10-11T09:48:00,Engineering
1539,Fix jammed window,Yaa Asantewaa,1,IN_PROGRESS,4,2026-10-11T11:04:00,ICT
1540,Repair broken lock,Yaa Asantewaa,2,ASSIGNED,3,2026-10-11T12:12:00,Security
1541,Clean overflowing gutter,Efua Sarpong,3,OPEN,3,2026-10-11T14:34:00,Security
1542,Repair broken intercom,Fiifi Ansah,3,CLOSED,4,2026-10-11T15:12:00,Engineering
1543,Repair broken cabinet,Afia Agyeman,4,CLOSED,1,2026-10-11T16:42:00,Estates
1544,Address pest issue,Kwaku Appiah,4,OPEN,2,2026-10-11T17:11:00,Engineering
1545,Repair cracked wall,Yaa Asantewaa,1,IN_PROGRESS,4,2026-10-11T17:30:00,ICT
1546,Clean overflowing gutter,Abena Darko,5,IN_PROGRESS,5,2026-10-11T20:15:00,Security
1547,Service elevator,Akua Nyarko,1,OPEN,1,2026-10-11T21:31:00,Estates
1548,Service elevator,Kwame Owusu,2,CLOSED,4,2026-10-11T23:51:00,ICT
1549,Replace burnt out bulb,Kwabena Osei,2,IN_PROGRESS,3,2026-10-12T01:37:00,Security
1550,Fix broken chair,Aba Gyasi,3,OPEN,5,2026-10-12T02:49:00,Security
1551,Address pest issue,Akosua Boateng,3,CLOSED,3,2026-10-12T03:12:00,Security
1552,Repair cracked wall,Efua Sarpong,4,OPEN,3,2026-10-12T05:37:00,Security
1553,Replace burnt out bulb,Kofi Adjei,3,CLOSED,5,2026-10-12T08:30:00,Security
1554,Repair damaged floor tile,Yaw Asante,5,IN_PROGRESS,2,2026-10-12T09:02:00,Engineering
1555,Repair broken paving,Kojo Boakye,5,CLOSED,4,2026-10-12T11:22:00,Engineering
1556,Repair broken cabinet,Kofi Adjei,2,IN_PROGRESS,3,2026-10-12T13:18:00,Security
1557,Fix electrical fault,Adwoa Frimpong,4,IN_PROGRESS,1,2026-10-12T15:50:00,Estates
1558,Repair broken fan,Yaw Asante,5,CLOSED,4,2026-10-12T17:45:00,Engineering
1559,Repair damaged door,Kofi Adjei,5,CLOSED,2,2026-10-12T20:31:00,ICT
1560,Repair damaged door,Fiifi Ansah,1,CLOSED,1,2026-10-12T21:38:00,Estates
1561,Repair squeaky door hinge,Kobina Quaye,3,CLOSED,4,2026-10-12T23:17:00,Engineering
1562,Address pest issue,Yaa Asantewaa,3,OPEN,1,2026-10-13T00:37:00,ICT
1563,Clean overflowing gutter,Fiifi Ansah,2,OPEN,5,2026-10-13T02:08:00,Security
1564,Fix electrical fault,Kojo Boakye,2,OPEN,1,2026-10-13T03:17:00,Estates
1565,Fix water leak in ceiling,Abena Darko,3,IN_PROGRESS,2,2026-10-13T05:17:00,ICT
1566,Repair broken lock,Kobina Quaye,5,CLOSED,5,2026-10-13T06:45:00,Security
1567,Service elevator,Fiifi Ansah,5,IN_PROGRESS,3,2026-10-13T07:20:00,Security
1568,Repair damaged door,Yaa Asantewaa,1,ASSIGNED,2,2026-10-13T08:19:00,ICT
1569,Address pest issue,Kojo Boakye,3,CLOSED,2,2026-10-13T10:46:00,Engineering
1570,Repair damaged floor tile,Kwame Owusu,5,CLOSED,2,2026-10-13T12:48:00,Engineering
1571,Repair leaking tap,Kobina Quaye,2,CLOSED,5,2026-10-13T13:51:00,Security
1572,Repair broken fan,Aba Gyasi,3,ASSIGNED,5,2026-10-13T14:46:00,Estates
1573,Clear blocked drainage,Kojo Boakye,2,OPEN,2,2026-10-13T15:49:00,Engineering
1574,Replace faulty projector,Yaw Asante,4,OPEN,5,2026-10-13T17:38:00,Estates
1575,Clear clogged sink,Ama Mensah,2,CLOSED,4,2026-10-13T19:59:00,Engineering
1576,Replace faulty projector,Fiifi Ansah,3,IN_PROGRESS,4,2026-10-13T22:44:00,ICT
1577,Clear blocked drainage,Akosua Boateng,4,CLOSED,4,2026-10-14T01:20:00,ICT
1578,Fix jammed window,Kwabena Osei,1,OPEN,2,2026-10-14T04:16:00,Engineering
1579,Repair damaged floor tile,Afia Agyeman,2,IN_PROGRESS,1,2026-10-14T04:51:00,Estates
1580,Repair broken fan,Adwoa Frimpong,3,CLOSED,4,2026-10-14T05:37:00,Engineering
1581,Clear clogged sink,Ama Mensah,5,IN_PROGRESS,3,2026-10-14T07:01:00,Estates
1582,Fix broken window,Kobina Quaye,3,OPEN,4,2026-10-14T07:49:00,ICT
1583,Fix broken chair,Fiifi Ansah,4,OPEN,1,2026-10-14T10:09:00,Estates
1584,Repair broken cabinet,Kwame Owusu,2,CLOSED,4,2026-10-14T10:30:00,ICT
1585,Replace worn carpet,Ama Mensah,1,ASSIGNED,1,2026-10-14T12:27:00,ICT
1586,Repair broken fan,Aba Gyasi,1,CLOSED,5,2026-10-14T13:28:00,Estates
1587,Unclog toilet,Akosua Boateng,1,ASSIGNED,4,2026-10-14T14:57:00,Engineering
1588,Fix water leak in ceiling,Kwabena Osei,2,CLOSED,4,2026-10-14T16:28:00,ICT
1589,Service backup generator,Kofi Adjei,3,OPEN,4,2026-10-14T16:52:00,ICT
1590,Unclog toilet,Adwoa Frimpong,1,ASSIGNED,2,2026-10-14T18:30:00,ICT
1591,Clear clogged sink,Kofi Adjei,5,ASSIGNED,1,2026-10-14T20:38:00,Estates
1592,Service fire extinguisher,Ama Mensah,3,IN_PROGRESS,1,2026-10-14T21:50:00,Estates
1593,Repair broken lock,Yaw Asante,3,ASSIGNED,1,2026-10-14T23:51:00,ICT
1594,Replace burnt out bulb,Yaw Asante,4,IN_PROGRESS,2,2026-10-15T02:49:00,ICT
1595,Clear clogged sink,Akua Nyarko,3,OPEN,3,2026-10-15T05:26:00,Security
1596,Repair broken paving,Adjoa Kufuor,2,OPEN,1,2026-10-15T08:00:00,Estates
1597,Repair leaking tap,Kofi Adjei,5,CLOSED,5,2026-10-15T08:50:00,Security
1598,Fix loose handrail,Kofi Adjei,1,ASSIGNED,5,2026-10-15T10:31:00,Security
1599,Service backup generator,Kwaku Appiah,4,ASSIGNED,3,2026-10-15T11:09:00,Estates
1600,Fix flickering light,Afia Agyeman,2,ASSIGNED,1,2026-10-15T13:05:00,Estates
1601,Fix water leak in ceiling,Kwabena Osei,2,OPEN,1,2026-10-15T13:29:00,ICT
1602,Fix damaged ceiling tile,Aba Gyasi,3,OPEN,5,2026-10-15T14:38:00,Security
1603,Replace faulty projector,Kofi Adjei,4,OPEN,2,2026-10-15T16:21:00,ICT
1604,Clean overflowing gutter,Kwabena Osei,5,CLOSED,4,2026-10-15T17:32:00,Engineering
1605,Fix water leak in ceiling,Kojo Boakye,3,OPEN,3,2026-10-15T18:41:00,Estates
1606,Repair broken intercom,Adjoa Kufuor,3,IN_PROGRESS,5,2026-10-15T19:30:00,Estates
1607,Repair leaking tap,Fiifi Ansah,4,IN_PROGRESS,1,2026-10-15T20:37:00,Estates
1608,Service elevator,Kwabena Osei,2,IN_PROGRESS,1,2026-10-15T23:09:00,ICT
1609,Address pest issue,Kwame Owusu,3,CLOSED,1,2026-10-15T23:24:00,ICT
1610,Service air conditioner,Akua Nyarko,5,OPEN,5,2026-10-16T02:23:00,Estates
1611,Repair damaged door,Abena Darko,4,ASSIGNED,3,2026-10-16T04:55:00,Estates
1612,Replace faulty projector,Esi Danquah,3,OPEN,1,2026-10-16T07:42:00,Estates
1613,Service air conditioner,Akosua Boateng,4,OPEN,4,2026-10-16T10:17:00,Engineering
1614,Replace burnt out bulb,Adwoa Frimpong,3,ASSIGNED,3,2026-10-16T10:34:00,Estates
1615,Repair damaged floor tile,Akua Nyarko,4,IN_PROGRESS,5,2026-10-16T12:59:00,Estates
1616,Fix flickering light,Kojo Boakye,4,ASSIGNED,4,2026-10-16T14:20:00,ICT
1617,Repair squeaky door hinge,Kojo Boakye,4,IN_PROGRESS,1,2026-10-16T15:04:00,ICT
1618,Service air conditioner,Efua Sarpong,1,IN_PROGRESS,3,2026-10-16T16:21:00,Security
1619,Service elevator,Fiifi Ansah,5,OPEN,5,2026-10-16T17:20:00,Security
1620,Fix loose handrail,Adjoa Kufuor,5,IN_PROGRESS,2,2026-10-16T18:03:00,Engineering
1621,Replace worn carpet,Kwabena Osei,3,OPEN,1,2026-10-16T19:08:00,ICT
1622,Fix flickering light,Akua Nyarko,4,CLOSED,1,2026-10-16T20:59:00,Estates
1623,Service elevator,Adjoa Kufuor,3,CLOSED,3,2026-10-16T22:59:00,Estates
1624,Repair broken cabinet,Yaw Asante,4,OPEN,1,2026-10-17T01:59:00,Estates
1625,Address pest issue,Efua Sarpong,3,CLOSED,4,2026-10-17T04:06:00,Engineering
1626,Address pest issue,Kwabena Osei,4,ASSIGNED,5,2026-10-17T05:19:00,Security
1627,Repair broken intercom,Fiifi Ansah,2,IN_PROGRESS,3,2026-10-17T08:05:00,Estates
1628,Fix flickering light,Yaa Asantewaa,2,IN_PROGRESS,2,2026-10-17T09:08:00,ICT
1629,Repair broken fan,Adjoa Kufuor,3,OPEN,2,2026-10-17T09:28:00,Engineering
1630,Fix broken chair,Ama Mensah,1,OPEN,5,2026-10-17T10:38:00,Estates
1631,Repair broken lock,Akua Nyarko,3,IN_PROGRESS,5,2026-10-17T12:05:00,Estates
1632,Replace faulty projector,Adwoa Frimpong,5,CLOSED,2,2026-10-17T14:13:00,Engineering
1633,Clean overflowing gutter,Akosua Boateng,5,ASSIGNED,1,2026-10-17T16:20:00,ICT
1634,Fix water leak in ceiling,Kwaku Appiah,2,IN_PROGRESS,4,2026-10-17T18:57:00,ICT
1635,Replace burnt out bulb,Adwoa Frimpong,1,ASSIGNED,1,2026-10-17T21:56:00,Estates
1636,Fix damaged ceiling tile,Kobina Quaye,1,CLOSED,2,2026-10-18T00:24:00,Engineering
1637,Fix loose handrail,Yaw Asante,4,CLOSED,5,2026-10-18T01:49:00,Security
1638,Repair cracked wall,Adwoa Frimpong,2,OPEN,3,2026-10-18T04:38:00,Security
1639,Service fire extinguisher,Fiifi Ansah,4,IN_PROGRESS,2,2026-10-18T06:56:00,ICT
1640,Replace worn carpet,Yaw Asante,4,ASSIGNED,1,2026-10-18T09:33:00,ICT
1641,Service elevator,Kwabena Osei,3,IN_PROGRESS,4,2026-10-18T10:42:00,Engineering
1642,Clean overflowing gutter,Akua Nyarko,4,CLOSED,1,2026-10-18T11:59:00,Estates
1643,Repair damaged door,Kojo Boakye,3,CLOSED,4,2026-10-18T12:37:00,ICT
1644,Repair damaged door,Kobina Quaye,1,OPEN,2,2026-10-18T15:08:00,ICT
1645,Fix broken window,Adwoa Frimpong,5,CLOSED,4,2026-10-18T18:04:00,ICT
1646,Fix damaged ceiling tile,Kojo Boakye,1,IN_PROGRESS,5,2026-10-18T20:53:00,Security
1647,Service fire extinguisher,Adjoa Kufuor,3,CLOSED,3,2026-10-18T22:32:00,Estates
1648,Replace faulty projector,Adwoa Frimpong,2,ASSIGNED,2,2026-10-18T23:40:00,Engineering
1649,Repair broken fan,Akua Nyarko,3,IN_PROGRESS,4,2026-10-19T00:21:00,Engineering
1650,Repair broken intercom,Yaw Asante,4,IN_PROGRESS,4,2026-10-19T02:37:00,Engineering
1651,Fix jammed window,Yaw Asante,3,IN_PROGRESS,3,2026-10-19T05:07:00,Security
1652,Repair broken cabinet,Adwoa Frimpong,1,IN_PROGRESS,1,2026-10-19T05:32:00,Estates
1653,Repair damaged door,Kwabena Osei,1,OPEN,3,2026-10-19T05:53:00,Security
1654,Repair broken lock,Aba Gyasi,4,OPEN,4,2026-10-19T06:13:00,ICT
1655,Repair broken cabinet,Adjoa Kufuor,5,IN_PROGRESS,4,2026-10-19T07:08:00,Engineering
1656,Repair broken lock,Abena Darko,3,OPEN,3,2026-10-19T07:57:00,Security
1657,Repair broken intercom,Aba Gyasi,2,CLOSED,5,2026-10-19T10:34:00,Estates
1658,Repair broken paving,Aba Gyasi,4,IN_PROGRESS,3,2026-10-19T13:28:00,Estates
1659,Repair broken intercom,Akua Nyarko,3,ASSIGNED,4,2026-10-19T16:19:00,ICT
1660,Fix jammed window,Kwabena Osei,4,CLOSED,3,2026-10-19T18:52:00,Security
1661,Replace worn carpet,Efua Sarpong,3,IN_PROGRESS,1,2026-10-19T19:50:00,ICT
1662,Fix jammed window,Esi Danquah,4,OPEN,5,2026-10-19T21:50:00,Security
1663,Repair leaking tap,Yaw Asante,4,OPEN,3,2026-10-19T23:42:00,Estates
1664,Replace faulty projector,Kofi Adjei,3,ASSIGNED,2,2026-10-20T00:57:00,ICT
1665,Service air conditioner,Abena Darko,1,ASSIGNED,1,2026-10-20T02:22:00,Estates
1666,Fix electrical fault,Efua Sarpong,4,IN_PROGRESS,4,2026-10-20T04:31:00,ICT
1667,Repair damaged door,Kwaku Appiah,5,CLOSED,1,2026-10-20T05:09:00,ICT
1668,Service elevator,Abena Darko,3,OPEN,4,2026-10-20T07:11:00,Engineering
1669,Fix broken window,Kobina Quaye,5,CLOSED,3,2026-10-20T09:18:00,Estates
1670,Clean overflowing gutter,Yaw Asante,4,CLOSED,3,2026-10-20T11:39:00,Estates
1671,Repair damaged door,Kofi Adjei,4,OPEN,4,2026-10-20T13:30:00,ICT
1672,Clear blocked drainage,Kojo Boakye,2,IN_PROGRESS,3,2026-10-20T14:43:00,Security
1673,Unclog toilet,Esi Danquah,2,ASSIGNED,3,2026-10-20T16:40:00,Security
1674,Fix loose handrail,Kwaku Appiah,5,OPEN,1,2026-10-20T18:28:00,ICT
1675,Fix flickering light,Ama Mensah,4,IN_PROGRESS,1,2026-10-20T20:29:00,Estates
1676,Replace faulty projector,Kofi Adjei,4,CLOSED,1,2026-10-20T22:08:00,ICT
1677,Fix jammed window,Aba Gyasi,4,OPEN,2,2026-10-20T22:25:00,Engineering
1678,Repair broken intercom,Afia Agyeman,4,ASSIGNED,2,2026-10-20T22:49:00,ICT
1679,Repair cracked wall,Ama Mensah,3,OPEN,4,2026-10-21T00:12:00,ICT
1680,Repair cracked wall,Yaw Asante,4,CLOSED,2,2026-10-21T01:02:00,Engineering
1681,Repair squeaky door hinge,Kofi Adjei,5,IN_PROGRESS,3,2026-10-21T02:37:00,Estates
1682,Service fire extinguisher,Ama Mensah,3,IN_PROGRESS,1,2026-10-21T05:07:00,ICT
1683,Replace faulty projector,Akua Nyarko,4,OPEN,1,2026-10-21T07:29:00,Estates
1684,Clear clogged sink,Kwaku Appiah,5,IN_PROGRESS,1,2026-10-21T09:15:00,Estates
1685,Fix electrical fault,Akua Nyarko,3,OPEN,5,2026-10-21T10:40:00,Estates
1686,Repair leaking tap,Kwaku Appiah,1,CLOSED,1,2026-10-21T11:20:00,ICT
1687,Repair leaking tap,Yaa Asantewaa,2,IN_PROGRESS,3,2026-10-21T13:37:00,Security
1688,Repair damaged floor tile,Adjoa Kufuor,4,CLOSED,3,2026-10-21T16:10:00,Estates
1689,Repair damaged door,Abena Darko,3,CLOSED,3,2026-10-21T16:43:00,Security
1690,Fix broken window,Akua Nyarko,5,ASSIGNED,5,2026-10-21T19:40:00,Estates
1691,Address pest issue,Afia Agyeman,1,OPEN,2,2026-10-21T20:53:00,Engineering
1692,Fix electrical fault,Akosua Boateng,3,OPEN,2,2026-10-21T23:53:00,Engineering
1693,Clear blocked drainage,Kobina Quaye,2,ASSIGNED,5,2026-10-22T01:35:00,Estates
1694,Address pest issue,Abena Darko,1,CLOSED,5,2026-10-22T04:15:00,Estates
1695,Unclog toilet,Adwoa Frimpong,3,ASSIGNED,2,2026-10-22T05:15:00,Engineering
1696,Fix water leak in ceiling,Afia Agyeman,2,OPEN,1,2026-10-22T08:04:00,Estates
1697,Repair damaged floor tile,Adwoa Frimpong,4,OPEN,3,2026-10-22T08:36:00,Security
1698,Repair squeaky door hinge,Efua Sarpong,2,OPEN,2,2026-10-22T10:11:00,Engineering
1699,Repair broken cabinet,Fiifi Ansah,1,CLOSED,3,2026-10-22T10:31:00,Security
1700,Repair broken fan,Yaw Asante,2,IN_PROGRESS,1,2026-10-22T11:50:00,Estates
1701,Clean overflowing gutter,Adjoa Kufuor,3,OPEN,4,2026-10-22T14:37:00,Engineering
1702,Repair broken lock,Kwesi Amponsah,5,IN_PROGRESS,5,2026-10-22T15:50:00,Estates
1703,Repair broken fan,Yaw Asante,4,IN_PROGRESS,1,2026-10-22T17:42:00,Estates
1704,Repair broken cabinet,Ama Mensah,5,CLOSED,5,2026-10-22T17:54:00,Security
1705,Service backup generator,Fiifi Ansah,1,ASSIGNED,3,2026-10-22T19:28:00,Estates
1706,Replace burnt out bulb,Kwesi Amponsah,1,ASSIGNED,3,2026-10-22T20:27:00,Estates
1707,Address pest issue,Kojo Boakye,2,ASSIGNED,1,2026-10-22T20:49:00,Estates
1708,Replace worn carpet,Kwame Owusu,2,CLOSED,5,2026-10-22T23:30:00,Estates
1709,Service elevator,Afia Agyeman,5,ASSIGNED,2,2026-10-23T00:04:00,ICT
1710,Clear blocked drainage,Kofi Adjei,3,CLOSED,1,2026-10-23T02:56:00,Estates
1711,Repair damaged door,Fiifi Ansah,1,OPEN,4,2026-10-23T04:12:00,ICT
1712,Clear clogged sink,Kofi Adjei,1,ASSIGNED,3,2026-10-23T06:03:00,Estates
1713,Fix damaged ceiling tile,Akua Nyarko,5,OPEN,3,2026-10-23T08:42:00,Security
1714,Service backup generator,Kobina Quaye,2,OPEN,2,2026-10-23T08:53:00,Engineering
1715,Repair broken cabinet,Afia Agyeman,3,ASSIGNED,2,2026-10-23T10:09:00,ICT
1716,Clear clogged sink,Afia Agyeman,4,ASSIGNED,3,2026-10-23T10:49:00,Security
1717,Repair leaking tap,Kwesi Amponsah,5,IN_PROGRESS,5,2026-10-23T11:53:00,Security
1718,Repair broken paving,Fiifi Ansah,5,IN_PROGRESS,1,2026-10-23T13:03:00,ICT
1719,Service air conditioner,Kojo Boakye,3,ASSIGNED,4,2026-10-23T15:59:00,ICT
1720,Fix damaged ceiling tile,Kobina Quaye,3,OPEN,5,2026-10-23T16:45:00,Estates
1721,Repair leaking tap,Esi Danquah,2,CLOSED,2,2026-10-23T17:52:00,ICT
1722,Unclog toilet,Yaw Asante,2,ASSIGNED,5,2026-10-23T19:40:00,Estates
1723,Fix water leak in ceiling,Adwoa Frimpong,3,ASSIGNED,2,2026-10-23T21:22:00,Engineering
1724,Service backup generator,Fiifi Ansah,2,IN_PROGRESS,1,2026-10-23T22:54:00,Estates
1725,Repair squeaky door hinge,Yaa Asantewaa,3,IN_PROGRESS,3,2026-10-24T01:16:00,Estates
1726,Fix water leak in ceiling,Fiifi Ansah,5,ASSIGNED,3,2026-10-24T04:09:00,Estates
1727,Fix broken window,Ama Mensah,4,IN_PROGRESS,5,2026-10-24T06:49:00,Security
1728,Replace burnt out bulb,Kofi Adjei,3,IN_PROGRESS,3,2026-10-24T09:35:00,Security
1729,Repair broken lock,Afia Agyeman,2,OPEN,5,2026-10-24T10:21:00,Estates
1730,Fix loose handrail,Kofi Adjei,4,ASSIGNED,4,2026-10-24T10:52:00,Engineering
1731,Replace burnt out bulb,Aba Gyasi,5,IN_PROGRESS,3,2026-10-24T13:18:00,Estates
1732,Fix water leak in ceiling,Adjoa Kufuor,1,OPEN,3,2026-10-24T16:10:00,Security
1733,Service backup generator,Kwaku Appiah,4,OPEN,2,2026-10-24T16:42:00,ICT
1734,Replace worn carpet,Kwesi Amponsah,3,CLOSED,1,2026-10-24T17:25:00,ICT
1735,Service fire extinguisher,Kobina Quaye,3,OPEN,1,2026-10-24T19:13:00,Estates
1736,Replace burnt out bulb,Adwoa Frimpong,1,CLOSED,2,2026-10-24T22:13:00,Engineering
1737,Clear blocked drainage,Ama Mensah,2,OPEN,3,2026-10-25T01:02:00,Estates
1738,Service elevator,Afia Agyeman,4,CLOSED,2,2026-10-25T03:27:00,ICT
1739,Repair cracked wall,Esi Danquah,3,ASSIGNED,1,2026-10-25T05:25:00,ICT
1740,Clear blocked drainage,Kwame Owusu,3,OPEN,2,2026-10-25T05:59:00,ICT
1741,Repair broken cabinet,Kwaku Appiah,5,OPEN,2,2026-10-25T07:12:00,Engineering
1742,Clean overflowing gutter,Kwaku Appiah,4,IN_PROGRESS,1,2026-10-25T10:06:00,Estates
1743,Repair squeaky door hinge,Abena Darko,3,OPEN,5,2026-10-25T13:00:00,Estates
1744,Repair squeaky door hinge,Aba Gyasi,2,OPEN,3,2026-10-25T15:41:00,Estates
1745,Fix water leak in ceiling,Kwaku Appiah,2,ASSIGNED,2,2026-10-25T17:57:00,Engineering
1746,Service fire extinguisher,Akua Nyarko,1,OPEN,3,2026-10-25T20:01:00,Security
1747,Clear blocked drainage,Yaw Asante,3,ASSIGNED,1,2026-10-25T20:58:00,ICT
1748,Fix jammed window,Kojo Boakye,2,ASSIGNED,4,2026-10-25T22:06:00,Engineering
1749,Fix water leak in ceiling,Adjoa Kufuor,5,CLOSED,5,2026-10-26T00:32:00,Estates
1750,Fix broken chair,Kwaku Appiah,3,CLOSED,2,2026-10-26T03:32:00,ICT
1751,Service fire extinguisher,Fiifi Ansah,5,ASSIGNED,5,2026-10-26T05:16:00,Security
1752,Replace worn carpet,Kwabena Osei,5,OPEN,4,2026-10-26T07:04:00,Engineering
1753,Repair cracked wall,Kwame Owusu,2,CLOSED,3,2026-10-26T07:47:00,Estates
1754,Clear blocked drainage,Afia Agyeman,4,IN_PROGRESS,3,2026-10-26T09:41:00,Security
1755,Repair cracked wall,Kwaku Appiah,5,IN_PROGRESS,3,2026-10-26T11:44:00,Security
1756,Fix jammed window,Afia Agyeman,1,CLOSED,1,2026-10-26T12:49:00,ICT
1757,Fix jammed window,Kwesi Amponsah,3,CLOSED,5,2026-10-26T15:37:00,Estates
1758,Service air conditioner,Adjoa Kufuor,3,IN_PROGRESS,5,2026-10-26T16:03:00,Security
1759,Address pest issue,Kwame Owusu,1,IN_PROGRESS,2,2026-10-26T18:54:00,ICT
1760,Fix water leak in ceiling,Kobina Quaye,4,OPEN,4,2026-10-26T21:10:00,Engineering
1761,Fix broken chair,Kobina Quaye,5,CLOSED,2,2026-10-26T22:50:00,Engineering
1762,Clean overflowing gutter,Efua Sarpong,2,OPEN,4,2026-10-27T01:02:00,Engineering
1763,Fix loose handrail,Ama Mensah,1,IN_PROGRESS,5,2026-10-27T01:17:00,Security
1764,Service elevator,Aba Gyasi,1,ASSIGNED,2,2026-10-27T04:17:00,Engineering
1765,Fix water leak in ceiling,Akua Nyarko,5,ASSIGNED,3,2026-10-27T05:49:00,Estates
1766,Fix jammed window,Kojo Boakye,4,OPEN,3,2026-10-27T08:23:00,Estates
1767,Fix jammed window,Adwoa Frimpong,3,ASSIGNED,1,2026-10-27T08:33:00,Estates
1768,Fix broken window,Kofi Adjei,4,CLOSED,4,2026-10-27T09:52:00,Engineering
1769,Fix electrical fault,Efua Sarpong,5,OPEN,3,2026-10-27T11:50:00,Security
1770,Fix electrical fault,Yaw Asante,4,OPEN,5,2026-10-27T12:11:00,Security
1771,Clear blocked drainage,Kofi Adjei,2,CLOSED,4,2026-10-27T13:45:00,Engineering
1772,Address pest issue,Kwabena Osei,4,ASSIGNED,3,2026-10-27T14:55:00,Estates
1773,Repair broken lock,Abena Darko,3,CLOSED,4,2026-10-27T17:12:00,ICT
1774,Clean overflowing gutter,Esi Danquah,3,OPEN,2,2026-10-27T18:47:00,Engineering
1775,Fix jammed window,Kobina Quaye,4,IN_PROGRESS,1,2026-10-27T20:13:00,Estates
1776,Repair broken paving,Esi Danquah,1,IN_PROGRESS,3,2026-10-27T22:23:00,Estates
1777,Clear blocked drainage,Kobina Quaye,5,OPEN,2,2026-10-28T00:18:00,ICT
1778,Fix damaged ceiling tile,Afia Agyeman,5,IN_PROGRESS,3,2026-10-28T02:08:00,Security
1779,Fix loose handrail,Akosua Boateng,4,OPEN,3,2026-10-28T02:56:00,Security
1780,Fix electrical fault,Kojo Boakye,4,ASSIGNED,2,2026-10-28T04:04:00,Engineering
1781,Repair damaged door,Yaa Asantewaa,2,ASSIGNED,2,2026-10-28T05:09:00,ICT
1782,Fix damaged ceiling tile,Yaa Asantewaa,3,ASSIGNED,5,2026-10-28T05:55:00,Estates
1783,Address pest issue,Ama Mensah,4,CLOSED,4,2026-10-28T06:57:00,ICT
1784,Fix water leak in ceiling,Kofi Adjei,5,IN_PROGRESS,1,2026-10-28T09:56:00,Estates
1785,Repair broken intercom,Kojo Boakye,3,CLOSED,5,2026-10-28T12:04:00,Estates
1786,Service fire extinguisher,Kojo Boakye,1,OPEN,4,2026-10-28T13:00:00,Engineering
1787,Repair damaged floor tile,Kwabena Osei,1,IN_PROGRESS,5,2026-10-28T15:58:00,Security
1788,Address pest issue,Kojo Boakye,3,OPEN,4,2026-10-28T18:00:00,Engineering
1789,Address pest issue,Akosua Boateng,5,CLOSED,5,2026-10-28T20:39:00,Security
1790,Repair leaking tap,Kwame Owusu,4,OPEN,4,2026-10-28T21:44:00,ICT
1791,Fix electrical fault,Akosua Boateng,4,OPEN,2,2026-10-28T22:07:00,ICT
1792,Replace faulty projector,Kwesi Amponsah,5,OPEN,4,2026-10-29T01:02:00,ICT
1793,Service backup generator,Esi Danquah,2,IN_PROGRESS,2,2026-10-29T02:02:00,Engineering
1794,Repair broken paving,Kofi Adjei,5,ASSIGNED,3,2026-10-29T04:15:00,Estates
1795,Repair broken lock,Esi Danquah,1,ASSIGNED,5,2026-10-29T06:17:00,Estates
1796,Clear blocked drainage,Kofi Adjei,5,CLOSED,3,2026-10-29T08:28:00,Estates
1797,Fix broken chair,Adjoa Kufuor,2,CLOSED,4,2026-10-29T10:01:00,Engineering
1798,Service fire extinguisher,Efua Sarpong,5,OPEN,4,2026-10-29T10:23:00,Engineering
1799,Repair damaged floor tile,Fiifi Ansah,5,OPEN,1,2026-10-29T11:05:00,Estates
1800,Fix broken window,Akosua Boateng,2,ASSIGNED,3,2026-10-29T11:20:00,Security
1801,Fix electrical fault,Esi Danquah,4,OPEN,5,2026-10-29T11:49:00,Estates
1802,Unclog toilet,Kofi Adjei,3,OPEN,2,2026-10-29T14:13:00,ICT
1803,Clear clogged sink,Akosua Boateng,4,ASSIGNED,5,2026-10-29T16:08:00,Estates
1804,Fix flickering light,Kofi Adjei,2,OPEN,3,2026-10-29T18:40:00,Security
1805,Fix jammed window,Adjoa Kufuor,3,IN_PROGRESS,3,2026-10-29T19:23:00,Security
1806,Repair leaking tap,Efua Sarpong,2,ASSIGNED,1,2026-10-29T20:22:00,ICT
1807,Fix electrical fault,Efua Sarpong,5,CLOSED,2,2026-10-29T21:32:00,ICT
1808,Fix electrical fault,Abena Darko,3,CLOSED,5,2026-10-29T22:08:00,Estates
1809,Fix water leak in ceiling,Kofi Adjei,4,ASSIGNED,5,2026-10-29T23:34:00,Estates
1810,Service elevator,Adwoa Frimpong,3,ASSIGNED,3,2026-10-30T00:52:00,Security
1811,Repair squeaky door hinge,Yaw Asante,1,CLOSED,4,2026-10-30T03:15:00,Engineering
1812,Repair broken fan,Adjoa Kufuor,1,CLOSED,1,2026-10-30T03:37:00,ICT
1813,Repair broken cabinet,Kwesi Amponsah,3,IN_PROGRESS,4,2026-10-30T05:30:00,ICT
1814,Repair leaking tap,Akua Nyarko,5,OPEN,3,2026-10-30T08:26:00,Estates
1815,Fix flickering light,Esi Danquah,3,OPEN,1,2026-10-30T10:40:00,ICT
1816,Replace burnt out bulb,Kwaku Appiah,5,CLOSED,4,2026-10-30T13:20:00,Engineering
1817,Replace burnt out bulb,Kojo Boakye,3,ASSIGNED,5,2026-10-30T15:06:00,Estates
1818,Repair squeaky door hinge,Kwesi Amponsah,4,ASSIGNED,3,2026-10-30T16:12:00,Estates
1819,Replace burnt out bulb,Esi Danquah,5,CLOSED,5,2026-10-30T17:20:00,Estates
1820,Repair broken paving,Kofi Adjei,5,OPEN,2,2026-10-30T19:20:00,ICT
1821,Fix broken window,Abena Darko,4,OPEN,1,2026-10-30T19:30:00,ICT
1822,Fix broken chair,Akua Nyarko,1,ASSIGNED,5,2026-10-30T20:42:00,Estates
1823,Fix broken chair,Ama Mensah,3,CLOSED,2,2026-10-30T23:25:00,ICT
1824,Repair damaged door,Afia Agyeman,1,IN_PROGRESS,1,2026-10-31T01:36:00,ICT
1825,Fix flickering light,Akosua Boateng,3,ASSIGNED,5,2026-10-31T02:27:00,Estates
1826,Repair squeaky door hinge,Afia Agyeman,4,OPEN,5,2026-10-31T04:32:00,Estates
1827,Service air conditioner,Aba Gyasi,5,OPEN,5,2026-10-31T07:10:00,Estates
1828,Repair damaged floor tile,Afia Agyeman,3,OPEN,3,2026-10-31T08:19:00,Security
1829,Repair broken lock,Kwesi Amponsah,5,IN_PROGRESS,4,2026-10-31T10:43:00,ICT
1830,Service air conditioner,Kwabena Osei,1,IN_PROGRESS,3,2026-10-31T12:48:00,Security
1831,Unclog toilet,Aba Gyasi,4,OPEN,5,2026-10-31T14:05:00,Estates
1832,Address pest issue,Kofi Adjei,3,ASSIGNED,4,2026-10-31T16:39:00,Engineering
1833,Unclog toilet,Kwabena Osei,4,IN_PROGRESS,4,2026-10-31T18:52:00,ICT
1834,Repair broken fan,Adwoa Frimpong,5,ASSIGNED,1,2026-10-31T19:58:00,Estates
1835,Fix loose handrail,Aba Gyasi,1,CLOSED,3,2026-10-31T20:26:00,Security
1836,Fix electrical fault,Esi Danquah,5,CLOSED,5,2026-10-31T22:01:00,Estates
1837,Repair broken cabinet,Kofi Adjei,5,OPEN,5,2026-10-31T22:43:00,Security
1838,Replace worn carpet,Ama Mensah,3,OPEN,1,2026-11-01T00:15:00,Estates
1839,Repair damaged floor tile,Akua Nyarko,5,ASSIGNED,1,2026-11-01T01:23:00,ICT
1840,Clear blocked drainage,Kobina Quaye,2,OPEN,1,2026-11-01T03:58:00,ICT
1841,Repair damaged door,Esi Danquah,1,CLOSED,2,2026-11-01T05:52:00,Engineering
1842,Fix damaged ceiling tile,Kwame Owusu,4,ASSIGNED,2,2026-11-01T07:05:00,ICT
1843,Fix damaged ceiling tile,Yaa Asantewaa,5,CLOSED,2,2026-11-01T08:04:00,Engineering
1844,Repair damaged floor tile,Kofi Adjei,5,OPEN,3,2026-11-01T10:40:00,Estates
1845,Repair broken fan,Esi Danquah,5,ASSIGNED,1,2026-11-01T10:50:00,ICT
1846,Repair cracked wall,Adjoa Kufuor,2,IN_PROGRESS,3,2026-11-01T13:09:00,Security
1847,Service backup generator,Afia Agyeman,2,OPEN,4,2026-11-01T15:18:00,Engineering
1848,Replace worn carpet,Fiifi Ansah,2,CLOSED,4,2026-11-01T16:24:00,ICT
1849,Replace worn carpet,Esi Danquah,5,CLOSED,4,2026-11-01T16:40:00,ICT
1850,Repair leaking tap,Kwame Owusu,3,OPEN,5,2026-11-01T18:15:00,Estates
1851,Fix jammed window,Efua Sarpong,5,ASSIGNED,3,2026-11-01T20:18:00,Estates
1852,Repair leaking tap,Kwaku Appiah,5,OPEN,5,2026-11-01T20:48:00,Security
1853,Fix electrical fault,Efua Sarpong,4,ASSIGNED,2,2026-11-01T22:41:00,ICT
1854,Repair squeaky door hinge,Ama Mensah,3,IN_PROGRESS,3,2026-11-02T00:29:00,Security
1855,Fix water leak in ceiling,Yaw Asante,1,ASSIGNED,1,2026-11-02T02:27:00,ICT
1856,Clean overflowing gutter,Kwaku Appiah,2,OPEN,3,2026-11-02T05:06:00,Estates
1857,Fix loose handrail,Adjoa Kufuor,4,IN_PROGRESS,3,2026-11-02T07:47:00,Estates
1858,Fix water leak in ceiling,Akua Nyarko,3,IN_PROGRESS,5,2026-11-02T07:58:00,Estates
1859,Replace burnt out bulb,Kojo Boakye,3,IN_PROGRESS,5,2026-11-02T09:41:00,Security
1860,Repair broken fan,Abena Darko,5,CLOSED,4,2026-11-02T11:42:00,Engineering
1861,Fix electrical fault,Akosua Boateng,2,CLOSED,1,2026-11-02T11:58:00,ICT
1862,Fix broken window,Akosua Boateng,2,ASSIGNED,4,2026-11-02T14:02:00,ICT
1863,Repair squeaky door hinge,Adjoa Kufuor,4,IN_PROGRESS,3,2026-11-02T16:32:00,Security
1864,Repair broken paving,Akua Nyarko,2,ASSIGNED,2,2026-11-02T18:55:00,Engineering
1865,Fix broken chair,Kobina Quaye,2,ASSIGNED,5,2026-11-02T19:33:00,Security
1866,Fix water leak in ceiling,Kwabena Osei,1,CLOSED,2,2026-11-02T20:09:00,Engineering
1867,Replace faulty projector,Fiifi Ansah,3,ASSIGNED,4,2026-11-02T22:43:00,Engineering
1868,Unclog toilet,Fiifi Ansah,2,CLOSED,1,2026-11-03T01:16:00,ICT
1869,Repair broken lock,Kofi Adjei,2,ASSIGNED,4,2026-11-03T03:14:00,Engineering
1870,Service elevator,Kwame Owusu,4,ASSIGNED,4,2026-11-03T06:14:00,ICT
1871,Fix electrical fault,Kwaku Appiah,2,IN_PROGRESS,3,2026-11-03T08:48:00,Security
1872,Fix loose handrail,Ama Mensah,3,CLOSED,3,2026-11-03T09:23:00,Security
1873,Repair damaged door,Yaa Asantewaa,1,OPEN,4,2026-11-03T12:21:00,ICT
1874,Repair cracked wall,Aba Gyasi,5,ASSIGNED,2,2026-11-03T14:47:00,Engineering
1875,Repair broken fan,Kwaku Appiah,2,OPEN,1,2026-11-03T16:20:00,ICT
1876,Fix loose handrail,Esi Danquah,2,OPEN,4,2026-11-03T18:02:00,ICT
1877,Service air conditioner,Ama Mensah,3,OPEN,1,2026-11-03T19:25:00,Estates
1878,Replace worn carpet,Kwabena Osei,1,ASSIGNED,1,2026-11-03T20:52:00,ICT
1879,Clear clogged sink,Yaw Asante,1,ASSIGNED,1,2026-11-03T22:51:00,Estates
1880,Clear blocked drainage,Kwabena Osei,3,OPEN,3,2026-11-04T00:52:00,Security
1881,Repair cracked wall,Yaa Asantewaa,1,OPEN,3,2026-11-04T03:51:00,Security
1882,Fix broken chair,Kwame Owusu,5,IN_PROGRESS,3,2026-11-04T06:22:00,Security
1883,Repair damaged floor tile,Kobina Quaye,5,IN_PROGRESS,2,2026-11-04T06:37:00,Engineering
1884,Fix loose handrail,Kwesi Amponsah,5,OPEN,4,2026-11-04T09:22:00,ICT
1885,Repair broken intercom,Fiifi Ansah,1,CLOSED,4,2026-11-04T12:18:00,ICT
1886,Clean overflowing gutter,Abena Darko,4,OPEN,2,2026-11-04T13:22:00,Engineering
1887,Fix electrical fault,Akua Nyarko,5,CLOSED,2,2026-11-04T14:49:00,ICT
1888,Repair broken fan,Kwabena Osei,2,ASSIGNED,1,2026-11-04T15:08:00,ICT
1889,Unclog toilet,Aba Gyasi,4,ASSIGNED,3,2026-11-04T16:24:00,Estates
1890,Repair broken cabinet,Kwame Owusu,3,ASSIGNED,2,2026-11-04T16:44:00,ICT
1891,Fix jammed window,Adjoa Kufuor,5,IN_PROGRESS,5,2026-11-04T18:03:00,Security
1892,Fix broken window,Akua Nyarko,1,ASSIGNED,4,2026-11-04T20:54:00,ICT
1893,Repair broken cabinet,Kwaku Appiah,1,IN_PROGRESS,5,2026-11-04T21:32:00,Estates
1894,Clear blocked drainage,Esi Danquah,1,CLOSED,5,2026-11-04T22:35:00,Estates
1895,Service elevator,Adjoa Kufuor,5,OPEN,5,2026-11-05T00:26:00,Security
1896,Clean overflowing gutter,Kwesi Amponsah,4,IN_PROGRESS,1,2026-11-05T03:16:00,Estates
1897,Replace faulty projector,Yaw Asante,4,OPEN,2,2026-11-05T04:59:00,ICT
1898,Repair damaged door,Yaa Asantewaa,4,OPEN,3,2026-11-05T06:47:00,Security
1899,Service elevator,Yaw Asante,2,ASSIGNED,2,2026-11-05T07:53:00,Engineering
1900,Fix broken window,Kofi Adjei,5,ASSIGNED,5,2026-11-05T09:44:00,Estates
1901,Unclog toilet,Yaa Asantewaa,1,IN_PROGRESS,4,2026-11-05T11:59:00,ICT
1902,Repair broken lock,Kwabena Osei,2,OPEN,5,2026-11-05T12:39:00,Estates
1903,Repair broken paving,Afia Agyeman,1,CLOSED,3,2026-11-05T13:13:00,Security
1904,Unclog toilet,Adwoa Frimpong,4,OPEN,2,2026-11-05T13:44:00,Engineering
1905,Service backup generator,Adwoa Frimpong,3,IN_PROGRESS,4,2026-11-05T14:03:00,ICT
1906,Unclog toilet,Kwesi Amponsah,3,IN_PROGRESS,3,2026-11-05T16:03:00,Estates
1907,Fix damaged ceiling tile,Afia Agyeman,5,OPEN,5,2026-11-05T18:46:00,Security
1908,Service fire extinguisher,Kobina Quaye,1,CLOSED,3,2026-11-05T19:18:00,Security
1909,Fix flickering light,Fiifi Ansah,4,CLOSED,4,2026-11-05T20:33:00,Engineering
1910,Replace burnt out bulb,Adjoa Kufuor,2,ASSIGNED,2,2026-11-05T23:17:00,ICT
1911,Repair broken cabinet,Kofi Adjei,3,CLOSED,5,2026-11-06T00:50:00,Estates
1912,Fix jammed window,Esi Danquah,3,IN_PROGRESS,4,2026-11-06T01:00:00,ICT
1913,Unclog toilet,Adwoa Frimpong,1,IN_PROGRESS,1,2026-11-06T03:01:00,ICT
1914,Fix electrical fault,Abena Darko,3,OPEN,4,2026-11-06T03:59:00,Engineering
1915,Clear blocked drainage,Adjoa Kufuor,2,OPEN,3,2026-11-06T05:47:00,Security
1916,Replace burnt out bulb,Adjoa Kufuor,3,CLOSED,4,2026-11-06T06:19:00,Engineering
1917,Repair broken intercom,Ama Mensah,5,IN_PROGRESS,3,2026-11-06T06:47:00,Security
1918,Fix electrical fault,Efua Sarpong,4,ASSIGNED,3,2026-11-06T09:37:00,Estates
1919,Repair broken fan,Kwame Owusu,5,CLOSED,3,2026-11-06T12:05:00,Security
1920,Repair broken lock,Kofi Adjei,4,OPEN,5,2026-11-06T12:18:00,Security
1921,Fix broken chair,Kwame Owusu,2,IN_PROGRESS,4,2026-11-06T13:20:00,Engineering
1922,Repair broken paving,Yaw Asante,2,OPEN,2,2026-11-06T15:45:00,Engineering
1923,Repair squeaky door hinge,Kwabena Osei,2,CLOSED,4,2026-11-06T17:50:00,Engineering
1924,Repair broken paving,Afia Agyeman,4,OPEN,2,2026-11-06T19:54:00,Engineering
1925,Fix loose handrail,Fiifi Ansah,1,IN_PROGRESS,5,2026-11-06T22:13:00,Estates
1926,Repair broken lock,Kwaku Appiah,3,IN_PROGRESS,3,2026-11-07T00:40:00,Security
1927,Fix flickering light,Aba Gyasi,2,IN_PROGRESS,2,2026-11-07T01:58:00,Engineering
1928,Fix electrical fault,Esi Danquah,2,CLOSED,2,2026-11-07T04:13:00,Engineering
1929,Unclog toilet,Aba Gyasi,1,CLOSED,4,2026-11-07T06:32:00,ICT
1930,Repair cracked wall,Afia Agyeman,4,IN_PROGRESS,3,2026-11-07T08:25:00,Estates
1931,Replace burnt out bulb,Akosua Boateng,4,OPEN,2,2026-11-07T08:43:00,ICT
1932,Repair broken lock,Aba Gyasi,1,ASSIGNED,2,2026-11-07T10:56:00,ICT
1933,Clean overflowing gutter,Adjoa Kufuor,2,OPEN,3,2026-11-07T11:59:00,Estates
1934,Fix damaged ceiling tile,Yaw Asante,5,OPEN,1,2026-11-07T14:59:00,ICT
1935,Clean overflowing gutter,Ama Mensah,2,OPEN,4,2026-11-07T16:20:00,ICT
1936,Service backup generator,Aba Gyasi,2,ASSIGNED,2,2026-11-07T17:00:00,ICT
1937,Clear blocked drainage,Yaw Asante,3,OPEN,5,2026-11-07T17:59:00,Estates
1938,Repair broken paving,Yaw Asante,3,ASSIGNED,2,2026-11-07T20:28:00,Engineering
1939,Replace worn carpet,Akosua Boateng,1,IN_PROGRESS,3,2026-11-07T21:59:00,Estates
1940,Service elevator,Kofi Adjei,2,IN_PROGRESS,4,2026-11-08T00:17:00,Engineering
1941,Repair damaged floor tile,Kwame Owusu,2,ASSIGNED,3,2026-11-08T01:41:00,Estates
1942,Service backup generator,Esi Danquah,5,IN_PROGRESS,2,2026-11-08T03:10:00,ICT
1943,Service air conditioner,Adjoa Kufuor,2,CLOSED,2,2026-11-08T04:46:00,ICT
1944,Address pest issue,Kwame Owusu,4,OPEN,4,2026-11-08T05:58:00,Engineering
1945,Clear blocked drainage,Akua Nyarko,4,CLOSED,1,2026-11-08T06:16:00,ICT
1946,Repair leaking tap,Kojo Boakye,2,IN_PROGRESS,5,2026-11-08T09:12:00,Estates
1947,Replace worn carpet,Aba Gyasi,4,IN_PROGRESS,5,2026-11-08T09:31:00,Security
1948,Repair damaged floor tile,Afia Agyeman,3,OPEN,2,2026-11-08T11:56:00,Engineering
1949,Clean overflowing gutter,Akosua Boateng,4,IN_PROGRESS,5,2026-11-08T13:53:00,Security
1950,Replace faulty projector,Kwaku Appiah,2,ASSIGNED,2,2026-11-08T15:17:00,ICT
1951,Service fire extinguisher,Kwaku Appiah,1,CLOSED,2,2026-11-08T17:41:00,ICT
1952,Fix flickering light,Ama Mensah,5,CLOSED,2,2026-11-08T18:40:00,ICT
1953,Address pest issue,Kojo Boakye,2,ASSIGNED,2,2026-11-08T19:03:00,ICT
1954,Repair cracked wall,Kofi Adjei,3,ASSIGNED,1,2026-11-08T19:14:00,ICT
1955,Repair broken lock,Aba Gyasi,5,IN_PROGRESS,5,2026-11-08T22:11:00,Estates
1956,Repair squeaky door hinge,Kofi Adjei,4,OPEN,5,2026-11-08T22:37:00,Security
1957,Repair damaged door,Aba Gyasi,2,OPEN,1,2026-11-08T23:31:00,ICT
1958,Clear clogged sink,Akua Nyarko,3,OPEN,5,2026-11-09T00:25:00,Estates
1959,Service fire extinguisher,Kwesi Amponsah,4,IN_PROGRESS,3,2026-11-09T02:55:00,Estates
1960,Repair cracked wall,Akosua Boateng,5,ASSIGNED,3,2026-11-09T04:05:00,Security
1961,Unclog toilet,Kwaku Appiah,5,OPEN,3,2026-11-09T06:48:00,Security
1962,Clear clogged sink,Afia Agyeman,2,ASSIGNED,4,2026-11-09T08:07:00,Engineering
1963,Repair broken intercom,Yaa Asantewaa,3,CLOSED,5,2026-11-09T10:19:00,Security
1964,Repair broken intercom,Akua Nyarko,5,OPEN,3,2026-11-09T11:40:00,Estates
1965,Repair leaking tap,Esi Danquah,4,CLOSED,4,2026-11-09T11:59:00,ICT
1966,Service air conditioner,Kwaku Appiah,2,OPEN,5,2026-11-09T12:57:00,Security
1967,Replace worn carpet,Fiifi Ansah,1,OPEN,1,2026-11-09T14:39:00,Estates
1968,Fix loose handrail,Yaa Asantewaa,4,IN_PROGRESS,2,2026-11-09T15:17:00,ICT
1969,Replace faulty projector,Akosua Boateng,3,ASSIGNED,3,2026-11-09T15:56:00,Estates
1970,Address pest issue,Kofi Adjei,1,CLOSED,1,2026-11-09T16:59:00,Estates
1971,Fix loose handrail,Kojo Boakye,1,IN_PROGRESS,4,2026-11-09T17:53:00,Engineering
1972,Repair broken cabinet,Adwoa Frimpong,2,IN_PROGRESS,2,2026-11-09T19:42:00,ICT
1973,Service air conditioner,Kojo Boakye,1,OPEN,4,2026-11-09T20:51:00,Engineering
1974,Service air conditioner,Ama Mensah,1,ASSIGNED,5,2026-11-09T21:49:00,Security
1975,Fix loose handrail,Kobina Quaye,3,ASSIGNED,4,2026-11-10T00:33:00,Engineering
1976,Clear clogged sink,Yaw Asante,5,IN_PROGRESS,3,2026-11-10T02:08:00,Estates
1977,Clean overflowing gutter,Akosua Boateng,5,CLOSED,5,2026-11-10T02:25:00,Estates
1978,Service elevator,Kwaku Appiah,2,IN_PROGRESS,1,2026-11-10T04:00:00,Estates
1979,Fix electrical fault,Aba Gyasi,3,OPEN,2,2026-11-10T05:07:00,Engineering
1980,Fix broken window,Adwoa Frimpong,1,OPEN,4,2026-11-10T06:49:00,Engineering
1981,Fix loose handrail,Fiifi Ansah,4,ASSIGNED,1,2026-11-10T07:46:00,Estates
1982,Service elevator,Akua Nyarko,4,OPEN,1,2026-11-10T09:37:00,Estates
1983,Fix electrical fault,Kwaku Appiah,4,ASSIGNED,3,2026-11-10T10:36:00,Estates
1984,Replace faulty projector,Yaa Asantewaa,4,OPEN,1,2026-11-10T13:14:00,ICT
1985,Repair damaged door,Esi Danquah,5,CLOSED,3,2026-11-10T14:02:00,Estates
1986,Repair damaged floor tile,Yaw Asante,3,ASSIGNED,4,2026-11-10T14:53:00,ICT
1987,Repair broken intercom,Adjoa Kufuor,2,OPEN,5,2026-11-10T16:45:00,Security
1988,Clear blocked drainage,Akosua Boateng,3,OPEN,1,2026-11-10T17:24:00,ICT
1989,Fix broken chair,Fiifi Ansah,3,CLOSED,3,2026-11-10T18:14:00,Estates
1990,Replace burnt out bulb,Akosua Boateng,2,ASSIGNED,3,2026-11-10T20:16:00,Security
1991,Replace worn carpet,Ama Mensah,4,ASSIGNED,4,2026-11-10T20:49:00,ICT
1992,Repair cracked wall,Kwame Owusu,5,ASSIGNED,3,2026-11-10T22:20:00,Security
1993,Repair leaking tap,Yaw Asante,1,CLOSED,1,2026-11-10T23:35:00,Estates
1994,Repair leaking tap,Kojo Boakye,1,OPEN,4,2026-11-11T01:43:00,Engineering
1995,Service fire extinguisher,Efua Sarpong,4,OPEN,1,2026-11-11T02:19:00,Estates
1996,Repair broken fan,Akosua Boateng,4,OPEN,2,2026-11-11T05:19:00,ICT
1997,Replace worn carpet,Kojo Boakye,3,CLOSED,2,2026-11-11T07:29:00,Engineering
1998,Repair leaking tap,Akosua Boateng,5,OPEN,4,2026-11-11T07:42:00,ICT
1999,Clear clogged sink,Kojo Boakye,1,IN_PROGRESS,3,2026-11-11T08:25:00,Security
2000,Clear blocked drainage,Yaw Asante,4,CLOSED,4,2026-11-11T09:49:00,Engineering
2001,Fix broken chair,Akosua Boateng,1,OPEN,2,2026-11-11T10:43:00,Engineering
2002,Service fire extinguisher,Kojo Boakye,4,OPEN,4,2026-11-11T12:07:00,ICT
2003,Repair squeaky door hinge,Kwame Owusu,4,CLOSED,5,2026-11-11T12:49:00,Security
2004,Fix loose handrail,Akosua Boateng,4,CLOSED,3,2026-11-11T13:17:00,Estates
2005,Repair squeaky door hinge,Fiifi Ansah,5,CLOSED,3,2026-11-11T13:41:00,Security
2006,Repair damaged door,Kwabena Osei,3,CLOSED,1,2026-11-11T16:28:00,ICT
2007,Repair damaged door,Akosua Boateng,4,OPEN,4,2026-11-11T17:59:00,ICT
2008,Clear clogged sink,Kwabena Osei,1,CLOSED,3,2026-11-11T18:57:00,Security
2009,Service elevator,Kwame Owusu,3,IN_PROGRESS,3,2026-11-11T19:09:00,Security
2010,Fix jammed window,Abena Darko,4,CLOSED,3,2026-11-11T19:43:00,Estates
2011,Service fire extinguisher,Kwesi Amponsah,4,IN_PROGRESS,1,2026-11-11T22:37:00,Estates
2012,Fix water leak in ceiling,Adjoa Kufuor,5,CLOSED,2,2026-11-11T22:50:00,ICT
2013,Service elevator,Kobina Quaye,3,ASSIGNED,1,2026-11-12T01:17:00,ICT
2014,Clean overflowing gutter,Fiifi Ansah,2,CLOSED,4,2026-11-12T01:55:00,Engineering
2015,Repair cracked wall,Adwoa Frimpong,3,ASSIGNED,3,2026-11-12T03:27:00,Estates
2016,Unclog toilet,Kwabena Osei,3,CLOSED,4,2026-11-12T04:37:00,Engineering
2017,Service elevator,Aba Gyasi,4,OPEN,5,2026-11-12T05:50:00,Estates
2018,Repair broken intercom,Yaa Asantewaa,2,OPEN,4,2026-11-12T06:39:00,ICT
2019,Unclog toilet,Ama Mensah,5,OPEN,4,2026-11-12T07:01:00,ICT
2020,Repair broken fan,Akua Nyarko,5,ASSIGNED,1,2026-11-12T07:40:00,Estates
2021,Repair cracked wall,Ama Mensah,5,ASSIGNED,5,2026-11-12T08:58:00,Estates
2022,Repair broken cabinet,Yaa Asantewaa,1,IN_PROGRESS,5,2026-11-12T10:31:00,Security
2023,Clear blocked drainage,Fiifi Ansah,3,ASSIGNED,4,2026-11-12T12:49:00,Engineering
2024,Repair broken fan,Kwame Owusu,4,CLOSED,2,2026-11-12T14:40:00,Engineering
2025,Clear blocked drainage,Afia Agyeman,1,OPEN,5,2026-11-12T16:03:00,Security
2026,Fix loose handrail,Kojo Boakye,2,IN_PROGRESS,3,2026-11-12T16:22:00,Security
2027,Clean overflowing gutter,Kwame Owusu,4,ASSIGNED,5,2026-11-12T18:42:00,Security
2028,Repair damaged door,Yaw Asante,4,CLOSED,2,2026-11-12T19:23:00,ICT
2029,Repair damaged door,Kofi Adjei,2,OPEN,3,2026-11-12T21:54:00,Estates
2030,Repair damaged floor tile,Esi Danquah,4,OPEN,1,2026-11-12T23:28:00,Estates
2031,Service backup generator,Yaa Asantewaa,4,OPEN,1,2026-11-13T01:50:00,Estates
2032,Unclog toilet,Akosua Boateng,2,OPEN,2,2026-11-13T02:29:00,Engineering
2033,Fix jammed window,Esi Danquah,2,OPEN,2,2026-11-13T05:26:00,Engineering
2034,Fix jammed window,Esi Danquah,3,OPEN,3,2026-11-13T06:35:00,Security
2035,Repair leaking tap,Aba Gyasi,3,OPEN,1,2026-11-13T07:23:00,ICT
2036,Unclog toilet,Yaw Asante,3,IN_PROGRESS,4,2026-11-13T09:36:00,Engineering
2037,Fix jammed window,Aba Gyasi,3,OPEN,4,2026-11-13T12:24:00,Engineering
2038,Repair damaged door,Akua Nyarko,2,CLOSED,1,2026-11-13T14:59:00,ICT
2039,Fix jammed window,Adjoa Kufuor,4,ASSIGNED,1,2026-11-13T16:40:00,ICT
2040,Fix broken chair,Kofi Adjei,4,OPEN,5,2026-11-13T18:31:00,Security
2041,Repair damaged door,Kwabena Osei,5,IN_PROGRESS,5,2026-11-13T20:37:00,Estates
2042,Repair damaged door,Kobina Quaye,2,OPEN,1,2026-11-13T21:05:00,ICT
2043,Service fire extinguisher,Akosua Boateng,2,IN_PROGRESS,3,2026-11-13T21:41:00,Estates
2044,Fix water leak in ceiling,Akua Nyarko,2,ASSIGNED,1,2026-11-13T21:58:00,Estates
2045,Repair damaged floor tile,Kobina Quaye,3,CLOSED,1,2026-11-13T23:14:00,Estates
2046,Replace burnt out bulb,Efua Sarpong,2,OPEN,3,2026-11-14T00:07:00,Estates
2047,Fix water leak in ceiling,Kwabena Osei,5,IN_PROGRESS,2,2026-11-14T02:39:00,ICT
2048,Fix broken chair,Abena Darko,5,CLOSED,4,2026-11-14T05:16:00,Engineering
2049,Repair leaking tap,Fiifi Ansah,3,IN_PROGRESS,1,2026-11-14T07:28:00,Estates
2050,Fix flickering light,Kofi Adjei,1,OPEN,4,2026-11-14T09:40:00,Engineering
2051,Fix broken window,Efua Sarpong,4,IN_PROGRESS,1,2026-11-14T12:11:00,ICT
2052,Fix loose handrail,Aba Gyasi,2,ASSIGNED,5,2026-11-14T14:59:00,Security
2053,Repair squeaky door hinge,Akosua Boateng,4,CLOSED,3,2026-11-14T17:48:00,Estates
2054,Clean overflowing gutter,Adjoa Kufuor,2,ASSIGNED,3,2026-11-14T20:31:00,Security
2055,Unclog toilet,Kwaku Appiah,2,ASSIGNED,2,2026-11-14T23:24:00,Engineering
2056,Repair broken lock,Kwame Owusu,3,IN_PROGRESS,1,2026-11-15T00:27:00,Estates
2057,Repair broken intercom,Yaa Asantewaa,3,ASSIGNED,4,2026-11-15T01:55:00,Engineering
2058,Repair leaking tap,Akua Nyarko,2,CLOSED,4,2026-11-15T02:08:00,ICT
2059,Repair broken paving,Adwoa Frimpong,5,IN_PROGRESS,3,2026-11-15T03:10:00,Estates
2060,Clean overflowing gutter,Kofi Adjei,5,IN_PROGRESS,1,2026-11-15T06:10:00,Estates
2061,Fix loose handrail,Efua Sarpong,5,OPEN,2,2026-11-15T06:34:00,Engineering
2062,Repair broken fan,Esi Danquah,3,OPEN,4,2026-11-15T08:11:00,Engineering
2063,Clear clogged sink,Kwesi Amponsah,1,ASSIGNED,1,2026-11-15T10:10:00,ICT
2064,Repair broken lock,Ama Mensah,4,ASSIGNED,2,2026-11-15T10:28:00,ICT
2065,Fix damaged ceiling tile,Kojo Boakye,2,IN_PROGRESS,4,2026-11-15T13:23:00,Engineering
2066,Replace worn carpet,Akosua Boateng,4,IN_PROGRESS,2,2026-11-15T13:58:00,ICT
2067,Repair broken cabinet,Kwabena Osei,1,IN_PROGRESS,1,2026-11-15T15:34:00,ICT
2068,Repair broken intercom,Abena Darko,3,IN_PROGRESS,4,2026-11-15T16:13:00,Engineering
2069,Fix flickering light,Akosua Boateng,4,OPEN,2,2026-11-15T18:29:00,Engineering
2070,Repair cracked wall,Abena Darko,1,ASSIGNED,2,2026-11-15T21:05:00,Engineering
2071,Fix damaged ceiling tile,Ama Mensah,3,CLOSED,5,2026-11-15T21:28:00,Security
2072,Fix water leak in ceiling,Efua Sarpong,1,ASSIGNED,3,2026-11-15T21:49:00,Estates
2073,Repair damaged door,Kwesi Amponsah,4,IN_PROGRESS,3,2026-11-15T23:15:00,Security
2074,Fix electrical fault,Akua Nyarko,1,IN_PROGRESS,4,2026-11-16T00:02:00,Engineering
2075,Service fire extinguisher,Aba Gyasi,1,ASSIGNED,3,2026-11-16T02:39:00,Estates
2076,Fix flickering light,Yaw Asante,2,OPEN,2,2026-11-16T04:41:00,Engineering
2077,Fix flickering light,Yaa Asantewaa,4,ASSIGNED,4,2026-11-16T04:59:00,Engineering
2078,Address pest issue,Akua Nyarko,1,CLOSED,5,2026-11-16T06:08:00,Security
2079,Fix flickering light,Afia Agyeman,5,CLOSED,5,2026-11-16T08:43:00,Security
2080,Service elevator,Akua Nyarko,4,CLOSED,3,2026-11-16T10:15:00,Security
2081,Unclog toilet,Kwesi Amponsah,2,OPEN,5,2026-11-16T12:19:00,Security
2082,Repair broken paving,Yaa Asantewaa,1,CLOSED,3,2026-11-16T12:43:00,Security
2083,Fix water leak in ceiling,Adwoa Frimpong,1,IN_PROGRESS,3,2026-11-16T14:40:00,Security
2084,Repair broken cabinet,Kojo Boakye,4,IN_PROGRESS,2,2026-11-16T15:19:00,ICT
2085,Repair broken paving,Ama Mensah,1,OPEN,5,2026-11-16T15:38:00,Security
2086,Service backup generator,Kwame Owusu,3,IN_PROGRESS,3,2026-11-16T17:05:00,Estates
2087,Repair cracked wall,Esi Danquah,1,IN_PROGRESS,5,2026-11-16T18:54:00,Security
2088,Fix electrical fault,Kwesi Amponsah,5,OPEN,3,2026-11-16T20:54:00,Security
2089,Fix damaged ceiling tile,Kwesi Amponsah,1,OPEN,1,2026-11-16T21:14:00,Estates
2090,Unclog toilet,Aba Gyasi,4,ASSIGNED,4,2026-11-16T22:55:00,ICT
2091,Fix loose handrail,Kwaku Appiah,3,OPEN,2,2026-11-17T01:22:00,Engineering
2092,Fix damaged ceiling tile,Adjoa Kufuor,5,IN_PROGRESS,4,2026-11-17T02:44:00,Engineering
2093,Repair damaged door,Akua Nyarko,4,ASSIGNED,3,2026-11-17T04:42:00,Security
2094,Replace faulty projector,Esi Danquah,5,ASSIGNED,1,2026-11-17T07:07:00,Estates
2095,Service air conditioner,Kofi Adjei,1,IN_PROGRESS,1,2026-11-17T09:26:00,Estates
2096,Service fire extinguisher,Yaa Asantewaa,1,IN_PROGRESS,4,2026-11-17T10:21:00,ICT
2097,Address pest issue,Aba Gyasi,1,ASSIGNED,1,2026-11-17T12:55:00,ICT
2098,Repair broken lock,Akosua Boateng,4,OPEN,1,2026-11-17T13:10:00,ICT
2099,Fix loose handrail,Esi Danquah,4,CLOSED,4,2026-11-17T15:23:00,ICT
2100,Clear clogged sink,Kofi Adjei,2,OPEN,1,2026-11-17T16:31:00,Estates
2101,Replace faulty projector,Kofi Adjei,3,ASSIGNED,4,2026-11-17T18:41:00,ICT
2102,Repair broken fan,Adwoa Frimpong,3,OPEN,4,2026-11-17T20:36:00,Engineering
2103,Fix electrical fault,Fiifi Ansah,5,CLOSED,5,2026-11-17T21:58:00,Estates
2104,Clear blocked drainage,Adjoa Kufuor,2,OPEN,2,2026-11-17T23:26:00,Engineering
2105,Service backup generator,Kwaku Appiah,2,OPEN,1,2026-11-18T00:37:00,Estates
2106,Repair broken intercom,Kofi Adjei,5,ASSIGNED,3,2026-11-18T03:19:00,Security
2107,Repair broken paving,Kwesi Amponsah,5,CLOSED,3,2026-11-18T04:37:00,Estates
2108,Fix damaged ceiling tile,Ama Mensah,5,IN_PROGRESS,5,2026-11-18T04:52:00,Estates
2109,Unclog toilet,Kojo Boakye,2,CLOSED,4,2026-11-18T07:21:00,ICT
2110,Repair broken cabinet,Kwesi Amponsah,5,IN_PROGRESS,5,2026-11-18T10:15:00,Security
2111,Repair leaking tap,Esi Danquah,2,ASSIGNED,5,2026-11-18T12:48:00,Estates
2112,Service backup generator,Kobina Quaye,4,CLOSED,4,2026-11-18T14:03:00,ICT
2113,Repair squeaky door hinge,Adwoa Frimpong,2,ASSIGNED,4,2026-11-18T15:35:00,Engineering
2114,Repair broken lock,Yaw Asante,4,OPEN,5,2026-11-18T18:02:00,Security
2115,Repair broken lock,Afia Agyeman,4,ASSIGNED,5,2026-11-18T19:30:00,Estates
2116,Clear blocked drainage,Kobina Quaye,1,IN_PROGRESS,4,2026-11-18T22:16:00,Engineering
2117,Repair broken intercom,Adwoa Frimpong,2,ASSIGNED,3,2026-11-19T00:03:00,Estates
2118,Repair broken lock,Afia Agyeman,5,ASSIGNED,5,2026-11-19T00:41:00,Security
2119,Clear clogged sink,Kwaku Appiah,3,IN_PROGRESS,1,2026-11-19T02:38:00,ICT
2120,Service elevator,Abena Darko,5,IN_PROGRESS,1,2026-11-19T05:35:00,ICT
2121,Service fire extinguisher,Kwesi Amponsah,3,IN_PROGRESS,4,2026-11-19T05:56:00,ICT
2122,Unclog toilet,Kwame Owusu,3,CLOSED,4,2026-11-19T06:34:00,ICT
2123,Fix electrical fault,Ama Mensah,1,ASSIGNED,4,2026-11-19T07:18:00,Engineering
2124,Fix broken chair,Kwame Owusu,5,IN_PROGRESS,3,2026-11-19T10:06:00,Security
2125,Fix loose handrail,Akua Nyarko,2,ASSIGNED,5,2026-11-19T12:13:00,Estates
2126,Repair broken paving,Adwoa Frimpong,5,OPEN,2,2026-11-19T13:29:00,Engineering
2127,Fix water leak in ceiling,Kojo Boakye,4,OPEN,3,2026-11-19T16:26:00,Security
2128,Repair leaking tap,Akua Nyarko,1,CLOSED,3,2026-11-19T17:23:00,Security
2129,Service fire extinguisher,Kwaku Appiah,2,ASSIGNED,3,2026-11-19T17:35:00,Estates
2130,Repair cracked wall,Efua Sarpong,4,ASSIGNED,4,2026-11-19T20:00:00,Engineering
2131,Fix jammed window,Adjoa Kufuor,5,CLOSED,3,2026-11-19T20:25:00,Security
2132,Repair leaking tap,Kwabena Osei,4,CLOSED,2,2026-11-19T22:18:00,Engineering
2133,Fix broken window,Kwaku Appiah,4,IN_PROGRESS,5,2026-11-20T01:10:00,Security
2134,Fix broken window,Aba Gyasi,3,OPEN,3,2026-11-20T03:38:00,Security
2135,Fix water leak in ceiling,Aba Gyasi,4,CLOSED,3,2026-11-20T04:02:00,Estates
2136,Fix water leak in ceiling,Esi Danquah,4,IN_PROGRESS,4,2026-11-20T05:09:00,ICT
2137,Fix water leak in ceiling,Yaw Asante,4,CLOSED,3,2026-11-20T06:30:00,Estates
2138,Service air conditioner,Kojo Boakye,2,CLOSED,5,2026-11-20T09:10:00,Security
2139,Service backup generator,Esi Danquah,2,ASSIGNED,4,2026-11-20T09:25:00,ICT
2140,Service air conditioner,Kojo Boakye,5,OPEN,2,2026-11-20T09:44:00,Engineering
2141,Replace faulty projector,Esi Danquah,5,ASSIGNED,4,2026-11-20T12:09:00,ICT
2142,Service fire extinguisher,Kwame Owusu,1,ASSIGNED,2,2026-11-20T14:21:00,ICT
2143,Repair broken intercom,Kobina Quaye,1,OPEN,2,2026-11-20T15:49:00,ICT
2144,Fix broken window,Afia Agyeman,5,CLOSED,4,2026-11-20T16:58:00,ICT
2145,Fix broken chair,Yaw Asante,5,OPEN,2,2026-11-20T19:47:00,Engineering
2146,Fix flickering light,Yaw Asante,1,IN_PROGRESS,4,2026-11-20T22:33:00,ICT
2147,Fix damaged ceiling tile,Adwoa Frimpong,1,OPEN,2,2026-11-21T00:30:00,Engineering
2148,Repair broken lock,Aba Gyasi,1,OPEN,1,2026-11-21T03:01:00,Estates
2149,Clear blocked drainage,Efua Sarpong,1,CLOSED,3,2026-11-21T03:35:00,Security
2150,Fix flickering light,Kojo Boakye,4,IN_PROGRESS,2,2026-11-21T05:19:00,ICT
2151,Replace burnt out bulb,Kobina Quaye,3,CLOSED,5,2026-11-21T06:08:00,Estates
2152,Fix electrical fault,Kwesi Amponsah,2,ASSIGNED,5,2026-11-21T08:21:00,Security
2153,Fix water leak in ceiling,Esi Danquah,2,ASSIGNED,3,2026-11-21T09:33:00,Security
2154,Repair broken cabinet,Kwabena Osei,1,CLOSED,5,2026-11-21T09:56:00,Estates
2155,Fix loose handrail,Efua Sarpong,1,CLOSED,2,2026-11-21T12:07:00,Engineering
2156,Repair damaged floor tile,Kofi Adjei,3,OPEN,5,2026-11-21T12:36:00,Security
2157,Fix broken window,Afia Agyeman,4,IN_PROGRESS,3,2026-11-21T13:36:00,Security
2158,Repair cracked wall,Kwesi Amponsah,5,OPEN,2,2026-11-21T16:33:00,Engineering
2159,Clean overflowing gutter,Kwaku Appiah,4,IN_PROGRESS,4,2026-11-21T18:24:00,Engineering
2160,Clear blocked drainage,Kofi Adjei,5,CLOSED,2,2026-11-21T21:06:00,Engineering
2161,Fix water leak in ceiling,Esi Danquah,3,ASSIGNED,4,2026-11-21T23:25:00,Engineering
2162,Clear blocked drainage,Kwame Owusu,3,OPEN,5,2026-11-22T02:12:00,Estates
2163,Repair damaged floor tile,Aba Gyasi,4,ASSIGNED,4,2026-11-22T04:54:00,Engineering
2164,Fix water leak in ceiling,Kwabena Osei,1,IN_PROGRESS,3,2026-11-22T06:25:00,Estates
2165,Fix broken chair,Ama Mensah,3,OPEN,1,2026-11-22T06:39:00,Estates
2166,Replace worn carpet,Akosua Boateng,2,IN_PROGRESS,1,2026-11-22T07:15:00,ICT
2167,Repair broken lock,Kwame Owusu,2,ASSIGNED,3,2026-11-22T08:28:00,Estates
2168,Fix flickering light,Kojo Boakye,2,CLOSED,4,2026-11-22T09:52:00,Engineering
2169,Replace worn carpet,Abena Darko,3,OPEN,3,2026-11-22T10:22:00,Estates
2170,Fix damaged ceiling tile,Yaw Asante,3,ASSIGNED,1,2026-11-22T10:39:00,Estates
2171,Repair broken intercom,Kwabena Osei,1,CLOSED,3,2026-11-22T12:42:00,Security
2172,Repair broken cabinet,Akosua Boateng,4,OPEN,4,2026-11-22T13:03:00,Engineering
2173,Fix electrical fault,Afia Agyeman,1,CLOSED,2,2026-11-22T15:08:00,ICT
2174,Service air conditioner,Kwaku Appiah,2,ASSIGNED,2,2026-11-22T16:05:00,ICT
2175,Service fire extinguisher,Kwame Owusu,1,CLOSED,2,2026-11-22T18:57:00,Engineering
2176,Fix damaged ceiling tile,Kwesi Amponsah,5,OPEN,1,2026-11-22T21:56:00,Estates
2177,Fix flickering light,Kofi Adjei,2,CLOSED,2,2026-11-23T00:27:00,ICT
2178,Service elevator,Akosua Boateng,2,ASSIGNED,3,2026-11-23T00:37:00,Estates
2179,Service elevator,Kojo Boakye,1,OPEN,3,2026-11-23T03:18:00,Security
2180,Repair squeaky door hinge,Akua Nyarko,5,IN_PROGRESS,3,2026-11-23T04:37:00,Estates
2181,Clear blocked drainage,Adjoa Kufuor,1,CLOSED,3,2026-11-23T05:08:00,Security
2182,Replace faulty projector,Akosua Boateng,3,IN_PROGRESS,1,2026-11-23T06:44:00,ICT
2183,Address pest issue,Aba Gyasi,4,OPEN,1,2026-11-23T09:20:00,Estates
2184,Fix flickering light,Abena Darko,3,IN_PROGRESS,2,2026-11-23T11:13:00,Engineering
2185,Service elevator,Afia Agyeman,1,CLOSED,4,2026-11-23T13:58:00,ICT
2186,Repair damaged door,Akua Nyarko,4,ASSIGNED,3,2026-11-23T15:44:00,Security
2187,Fix broken chair,Kojo Boakye,3,IN_PROGRESS,3,2026-11-23T16:39:00,Estates
2188,Repair broken cabinet,Fiifi Ansah,4,IN_PROGRESS,4,2026-11-23T19:38:00,ICT
2189,Fix damaged ceiling tile,Yaw Asante,5,OPEN,4,2026-11-23T20:54:00,ICT
2190,Fix broken chair,Adjoa Kufuor,5,CLOSED,4,2026-11-23T21:33:00,Engineering
2191,Fix electrical fault,Adjoa Kufuor,1,CLOSED,1,2026-11-23T21:57:00,ICT
2192,Fix electrical fault,Esi Danquah,1,IN_PROGRESS,5,2026-11-23T23:31:00,Estates
2193,Repair damaged floor tile,Akua Nyarko,1,OPEN,4,2026-11-24T02:01:00,ICT
2194,Fix damaged ceiling tile,Adwoa Frimpong,2,IN_PROGRESS,3,2026-11-24T03:27:00,Estates
2195,Fix water leak in ceiling,Ama Mensah,5,ASSIGNED,3,2026-11-24T05:20:00,Estates
2196,Address pest issue,Yaw Asante,2,ASSIGNED,3,2026-11-24T05:46:00,Estates
2197,Service elevator,Fiifi Ansah,3,CLOSED,5,2026-11-24T06:41:00,Estates
2198,Repair damaged door,Adwoa Frimpong,1,ASSIGNED,4,2026-11-24T08:06:00,Engineering
2199,Repair damaged door,Ama Mensah,4,CLOSED,5,2026-11-24T09:31:00,Security
2200,Repair cracked wall,Ama Mensah,1,ASSIGNED,5,2026-11-24T11:33:00,Security
2201,Service elevator,Yaa Asantewaa,5,ASSIGNED,1,2026-11-24T12:39:00,ICT
2202,Service elevator,Yaw Asante,1,ASSIGNED,2,2026-11-24T14:29:00,Engineering
2203,Address pest issue,Kwame Owusu,1,IN_PROGRESS,1,2026-11-24T15:00:00,ICT
2204,Fix jammed window,Kwaku Appiah,3,IN_PROGRESS,4,2026-11-24T15:30:00,Engineering
2205,Fix damaged ceiling tile,Kwaku Appiah,4,IN_PROGRESS,1,2026-11-24T15:41:00,Estates
2206,Fix electrical fault,Kwaku Appiah,4,OPEN,2,2026-11-24T17:25:00,Engineering
2207,Fix loose handrail,Kwame Owusu,4,ASSIGNED,4,2026-11-24T19:38:00,ICT
2208,Repair broken cabinet,Kofi Adjei,2,IN_PROGRESS,2,2026-11-24T22:22:00,ICT
2209,Service backup generator,Yaw Asante,3,OPEN,2,2026-11-25T01:02:00,Engineering
2210,Fix electrical fault,Kofi Adjei,4,CLOSED,5,2026-11-25T01:40:00,Security
2211,Repair squeaky door hinge,Abena Darko,4,CLOSED,3,2026-11-25T04:06:00,Security
2212,Fix damaged ceiling tile,Fiifi Ansah,5,OPEN,4,2026-11-25T04:29:00,ICT
2213,Replace worn carpet,Adwoa Frimpong,3,IN_PROGRESS,1,2026-11-25T07:10:00,ICT
2214,Fix broken window,Kofi Adjei,3,IN_PROGRESS,4,2026-11-25T07:43:00,Engineering
2215,Replace burnt out bulb,Afia Agyeman,1,IN_PROGRESS,2,2026-11-25T10:09:00,ICT
2216,Fix electrical fault,Esi Danquah,1,IN_PROGRESS,5,2026-11-25T10:57:00,Security
2217,Repair broken cabinet,Kojo Boakye,2,ASSIGNED,4,2026-11-25T11:19:00,Engineering
2218,Fix flickering light,Yaa Asantewaa,5,OPEN,2,2026-11-25T12:55:00,Engineering
2219,Fix damaged ceiling tile,Kojo Boakye,1,ASSIGNED,1,2026-11-25T14:57:00,ICT
2220,Repair damaged floor tile,Yaa Asantewaa,5,CLOSED,4,2026-11-25T17:33:00,Engineering
2221,Repair damaged door,Yaa Asantewaa,2,CLOSED,2,2026-11-25T17:56:00,Engineering
2222,Repair broken paving,Efua Sarpong,1,IN_PROGRESS,4,2026-11-25T18:54:00,ICT
2223,Fix electrical fault,Kwame Owusu,5,CLOSED,2,2026-11-25T20:14:00,Engineering
2224,Unclog toilet,Ama Mensah,5,ASSIGNED,1,2026-11-25T23:01:00,ICT
2225,Service backup generator,Adjoa Kufuor,4,CLOSED,4,2026-11-26T01:57:00,Engineering
2226,Fix damaged ceiling tile,Kwesi Amponsah,1,IN_PROGRESS,5,2026-11-26T04:49:00,Security
2227,Repair damaged floor tile,Akua Nyarko,5,OPEN,1,2026-11-26T06:50:00,Estates
2228,Repair squeaky door hinge,Ama Mensah,1,OPEN,3,2026-11-26T09:24:00,Estates
2229,Repair broken intercom,Afia Agyeman,1,IN_PROGRESS,1,2026-11-26T10:54:00,Estates
2230,Repair damaged floor tile,Adwoa Frimpong,5,CLOSED,5,2026-11-26T11:13:00,Estates
2231,Fix flickering light,Ama Mensah,3,OPEN,2,2026-11-26T12:58:00,Engineering
2232,Repair broken intercom,Akua Nyarko,5,CLOSED,5,2026-11-26T15:50:00,Security
2233,Repair leaking tap,Efua Sarpong,4,IN_PROGRESS,1,2026-11-26T18:00:00,ICT
2234,Service backup generator,Kwaku Appiah,4,OPEN,5,2026-11-26T18:50:00,Security
2235,Service fire extinguisher,Kwame Owusu,3,CLOSED,1,2026-11-26T19:01:00,Estates
2236,Clean overflowing gutter,Akua Nyarko,4,ASSIGNED,1,2026-11-26T21:50:00,Estates
2237,Repair broken fan,Ama Mensah,5,OPEN,4,2026-11-27T00:18:00,Engineering
2238,Repair damaged floor tile,Kofi Adjei,5,OPEN,4,2026-11-27T00:34:00,ICT
2239,Fix broken window,Yaa Asantewaa,3,OPEN,3,2026-11-27T02:37:00,Estates
2240,Clean overflowing gutter,Yaa Asantewaa,1,ASSIGNED,1,2026-11-27T03:22:00,ICT
2241,Replace burnt out bulb,Akua Nyarko,2,OPEN,3,2026-11-27T04:01:00,Estates
2242,Clean overflowing gutter,Fiifi Ansah,4,IN_PROGRESS,1,2026-11-27T06:03:00,Estates
2243,Service air conditioner,Abena Darko,5,IN_PROGRESS,3,2026-11-27T07:45:00,Estates
2244,Repair broken fan,Ama Mensah,3,IN_PROGRESS,1,2026-11-27T08:17:00,ICT
2245,Repair leaking tap,Ama Mensah,4,OPEN,3,2026-11-27T08:59:00,Estates
2246,Clear blocked drainage,Akua Nyarko,4,IN_PROGRESS,1,2026-11-27T10:44:00,ICT
2247,Fix water leak in ceiling,Afia Agyeman,5,OPEN,2,2026-11-27T11:33:00,ICT
2248,Repair squeaky door hinge,Fiifi Ansah,4,CLOSED,4,2026-11-27T13:37:00,ICT
2249,Repair broken paving,Efua Sarpong,3,OPEN,2,2026-11-27T16:12:00,ICT
2250,Replace faulty projector,Yaa Asantewaa,4,OPEN,2,2026-11-27T17:58:00,ICT
2251,Repair damaged door,Kwesi Amponsah,1,OPEN,1,2026-11-27T18:28:00,ICT
2252,Clear blocked drainage,Efua Sarpong,3,ASSIGNED,2,2026-11-27T21:15:00,Engineering
2253,Repair damaged floor tile,Kobina Quaye,3,CLOSED,1,2026-11-27T23:15:00,Estates
2254,Service elevator,Yaa Asantewaa,2,OPEN,4,2026-11-28T00:18:00,ICT
2255,Fix loose handrail,Adwoa Frimpong,3,CLOSED,3,2026-11-28T03:00:00,Security
2256,Replace faulty projector,Adjoa Kufuor,5,ASSIGNED,5,2026-11-28T04:44:00,Security
2257,Fix jammed window,Kwabena Osei,1,ASSIGNED,1,2026-11-28T06:31:00,ICT
2258,Clear clogged sink,Kwabena Osei,2,CLOSED,5,2026-11-28T08:26:00,Estates
2259,Repair leaking tap,Adwoa Frimpong,2,CLOSED,1,2026-11-28T09:26:00,Estates
2260,Fix jammed window,Fiifi Ansah,5,IN_PROGRESS,2,2026-11-28T10:32:00,ICT
2261,Replace worn carpet,Kojo Boakye,1,IN_PROGRESS,2,2026-11-28T13:31:00,ICT
2262,Repair broken cabinet,Efua Sarpong,4,OPEN,3,2026-11-28T16:17:00,Estates
2263,Repair squeaky door hinge,Adjoa Kufuor,4,CLOSED,1,2026-11-28T17:46:00,Estates
2264,Replace faulty projector,Esi Danquah,2,ASSIGNED,4,2026-11-28T19:55:00,ICT
2265,Fix water leak in ceiling,Fiifi Ansah,5,ASSIGNED,2,2026-11-28T21:25:00,Engineering
2266,Repair broken fan,Ama Mensah,3,OPEN,4,2026-11-28T23:20:00,Engineering
2267,Replace faulty projector,Adjoa Kufuor,5,CLOSED,4,2026-11-29T01:45:00,Engineering
2268,Fix damaged ceiling tile,Kwame Owusu,5,ASSIGNED,2,2026-11-29T02:43:00,ICT
2269,Repair broken lock,Esi Danquah,1,IN_PROGRESS,1,2026-11-29T04:08:00,Estates
2270,Repair broken fan,Kojo Boakye,2,OPEN,4,2026-11-29T04:43:00,ICT
2271,Repair damaged floor tile,Kwaku Appiah,5,CLOSED,5,2026-11-29T05:41:00,Estates
2272,Clean overflowing gutter,Kobina Quaye,4,OPEN,2,2026-11-29T07:39:00,ICT
2273,Service fire extinguisher,Fiifi Ansah,1,CLOSED,4,2026-11-29T09:58:00,ICT
2274,Replace faulty projector,Kwesi Amponsah,2,ASSIGNED,2,2026-11-29T12:38:00,Engineering
2275,Address pest issue,Fiifi Ansah,1,ASSIGNED,5,2026-11-29T14:24:00,Estates
2276,Repair damaged door,Kofi Adjei,3,OPEN,1,2026-11-29T17:06:00,ICT
2277,Repair broken lock,Ama Mensah,2,OPEN,5,2026-11-29T19:50:00,Estates
2278,Replace burnt out bulb,Adwoa Frimpong,5,IN_PROGRESS,5,2026-11-29T22:15:00,Security
2279,Unclog toilet,Fiifi Ansah,4,IN_PROGRESS,5,2026-11-29T23:31:00,Estates
2280,Repair squeaky door hinge,Abena Darko,3,ASSIGNED,1,2026-11-30T01:57:00,ICT
2281,Repair broken paving,Efua Sarpong,4,OPEN,3,2026-11-30T04:04:00,Security
2282,Service fire extinguisher,Fiifi Ansah,1,ASSIGNED,1,2026-11-30T04:31:00,Estates
2283,Replace faulty projector,Akua Nyarko,5,CLOSED,4,2026-11-30T05:57:00,ICT
2284,Repair cracked wall,Ama Mensah,5,ASSIGNED,4,2026-11-30T07:03:00,ICT
2285,Repair broken lock,Fiifi Ansah,2,CLOSED,5,2026-11-30T08:07:00,Security
2286,Service air conditioner,Efua Sarpong,4,IN_PROGRESS,3,2026-11-30T10:09:00,Estates
2287,Fix broken chair,Akosua Boateng,3,IN_PROGRESS,5,2026-11-30T10:24:00,Estates
2288,Repair cracked wall,Yaw Asante,2,IN_PROGRESS,3,2026-11-30T12:52:00,Security
2289,Fix broken chair,Kofi Adjei,1,CLOSED,4,2026-11-30T13:21:00,Engineering
2290,Unclog toilet,Esi Danquah,5,IN_PROGRESS,3,2026-11-30T14:06:00,Security
2291,Repair broken intercom,Yaw Asante,4,CLOSED,3,2026-11-30T15:06:00,Estates
2292,Repair broken cabinet,Kwame Owusu,3,IN_PROGRESS,2,2026-11-30T16:13:00,Engineering
2293,Service elevator,Efua Sarpong,1,ASSIGNED,5,2026-11-30T18:07:00,Estates
2294,Unclog toilet,Kojo Boakye,3,CLOSED,1,2026-11-30T20:30:00,ICT
2295,Repair broken lock,Kwesi Amponsah,4,CLOSED,1,2026-11-30T22:33:00,ICT
2296,Fix flickering light,Esi Danquah,5,IN_PROGRESS,2,2026-12-01T01:16:00,ICT
2297,Repair damaged door,Akua Nyarko,3,IN_PROGRESS,4,2026-12-01T04:07:00,ICT
2298,Address pest issue,Adjoa Kufuor,4,ASSIGNED,3,2026-12-01T05:24:00,Estates
2299,Fix flickering light,Kwame Owusu,4,OPEN,2,2026-12-01T08:00:00,ICT
2300,Unclog toilet,Kwame Owusu,4,IN_PROGRESS,4,2026-12-01T10:47:00,ICT
2301,Service air conditioner,Kwabena Osei,5,OPEN,1,2026-12-01T12:03:00,ICT
2302,Repair broken fan,Abena Darko,2,IN_PROGRESS,2,2026-12-01T14:30:00,Engineering
2303,Repair damaged door,Yaa Asantewaa,3,ASSIGNED,2,2026-12-01T15:15:00,Engineering
2304,Replace worn carpet,Afia Agyeman,4,CLOSED,5,2026-12-01T16:12:00,Estates
2305,Repair damaged floor tile,Yaa Asantewaa,4,OPEN,1,2026-12-01T17:54:00,Estates
2306,Repair broken paving,Kwesi Amponsah,2,ASSIGNED,5,2026-12-01T20:27:00,Security
2307,Fix broken window,Afia Agyeman,2,ASSIGNED,1,2026-12-01T23:05:00,ICT
2308,Repair damaged floor tile,Kwame Owusu,1,IN_PROGRESS,3,2026-12-02T02:00:00,Estates
2309,Service backup generator,Kwesi Amponsah,4,IN_PROGRESS,2,2026-12-02T03:55:00,Engineering
2310,Fix broken chair,Aba Gyasi,1,IN_PROGRESS,1,2026-12-02T04:24:00,ICT
2311,Fix flickering light,Yaw Asante,4,ASSIGNED,1,2026-12-02T04:46:00,Estates
2312,Address pest issue,Kwesi Amponsah,2,OPEN,5,2026-12-02T06:15:00,Estates
2313,Service backup generator,Adwoa Frimpong,4,OPEN,1,2026-12-02T08:37:00,ICT
2314,Fix jammed window,Kofi Adjei,1,CLOSED,4,2026-12-02T11:33:00,ICT
2315,Address pest issue,Adjoa Kufuor,5,ASSIGNED,3,2026-12-02T12:16:00,Estates
2316,Fix water leak in ceiling,Abena Darko,2,OPEN,4,2026-12-02T12:40:00,Engineering
2317,Replace worn carpet,Yaw Asante,1,IN_PROGRESS,4,2026-12-02T14:32:00,ICT
2318,Service backup generator,Yaw Asante,4,OPEN,1,2026-12-02T14:58:00,ICT
2319,Repair damaged door,Yaa Asantewaa,1,CLOSED,3,2026-12-02T17:51:00,Estates
2320,Repair damaged door,Kwaku Appiah,4,CLOSED,4,2026-12-02T18:46:00,ICT
2321,Repair broken intercom,Kobina Quaye,3,IN_PROGRESS,3,2026-12-02T20:15:00,Estates
2322,Repair broken paving,Afia Agyeman,3,OPEN,4,2026-12-02T21:00:00,ICT
2323,Fix water leak in ceiling,Esi Danquah,3,OPEN,3,2026-12-02T22:22:00,Estates
2324,Repair broken fan,Yaa Asantewaa,5,CLOSED,4,2026-12-02T23:12:00,Engineering
2325,Fix electrical fault,Aba Gyasi,5,ASSIGNED,2,2026-12-03T00:49:00,Engineering
2326,Unclog toilet,Akosua Boateng,3,CLOSED,3,2026-12-03T01:14:00,Estates
2327,Replace faulty projector,Yaw Asante,4,CLOSED,2,2026-12-03T02:22:00,ICT
2328,Repair broken paving,Kwabena Osei,2,IN_PROGRESS,3,2026-12-03T02:37:00,Estates
2329,Fix broken chair,Kwesi Amponsah,2,OPEN,4,2026-12-03T03:58:00,ICT
2330,Service fire extinguisher,Kwaku Appiah,5,ASSIGNED,2,2026-12-03T05:36:00,Engineering
2331,Fix broken chair,Esi Danquah,4,OPEN,4,2026-12-03T05:59:00,ICT
2332,Fix water leak in ceiling,Efua Sarpong,5,OPEN,4,2026-12-03T08:47:00,ICT
2333,Fix loose handrail,Ama Mensah,4,ASSIGNED,3,2026-12-03T11:21:00,Estates
2334,Fix flickering light,Kobina Quaye,4,IN_PROGRESS,1,2026-12-03T11:39:00,Estates
2335,Repair broken fan,Kofi Adjei,5,IN_PROGRESS,3,2026-12-03T14:26:00,Estates
2336,Unclog toilet,Efua Sarpong,1,OPEN,1,2026-12-03T17:18:00,ICT
2337,Repair broken fan,Yaa Asantewaa,5,ASSIGNED,2,2026-12-03T18:59:00,Engineering
2338,Repair broken fan,Kobina Quaye,1,OPEN,1,2026-12-03T20:21:00,Estates
2339,Replace worn carpet,Kobina Quaye,1,ASSIGNED,3,2026-12-03T22:55:00,Security
2340,Unclog toilet,Yaa Asantewaa,4,ASSIGNED,5,2026-12-04T00:03:00,Estates
2341,Fix broken chair,Abena Darko,3,OPEN,1,2026-12-04T01:10:00,Estates
2342,Clear clogged sink,Ama Mensah,4,CLOSED,4,2026-12-04T03:31:00,Engineering
2343,Replace worn carpet,Akua Nyarko,5,IN_PROGRESS,2,2026-12-04T04:42:00,ICT
2344,Clean overflowing gutter,Adwoa Frimpong,3,IN_PROGRESS,2,2026-12-04T06:47:00,Engineering
2345,Repair damaged door,Fiifi Ansah,2,OPEN,4,2026-12-04T07:28:00,Engineering
2346,Repair damaged floor tile,Kwesi Amponsah,2,OPEN,1,2026-12-04T08:24:00,Estates
2347,Unclog toilet,Adwoa Frimpong,4,CLOSED,5,2026-12-04T09:55:00,Security
2348,Repair cracked wall,Kwaku Appiah,1,ASSIGNED,5,2026-12-04T12:03:00,Security
2349,Repair leaking tap,Aba Gyasi,3,CLOSED,3,2026-12-04T14:06:00,Estates
2350,Repair damaged floor tile,Abena Darko,2,ASSIGNED,1,2026-12-04T14:49:00,ICT
2351,Service backup generator,Abena Darko,2,ASSIGNED,2,2026-12-04T17:47:00,Engineering
2352,Clear clogged sink,Esi Danquah,5,ASSIGNED,4,2026-12-04T17:57:00,Engineering
2353,Fix water leak in ceiling,Fiifi Ansah,5,CLOSED,3,2026-12-04T18:17:00,Security
2354,Repair broken paving,Fiifi Ansah,4,ASSIGNED,2,2026-12-04T21:01:00,Engineering
2355,Replace burnt out bulb,Aba Gyasi,5,IN_PROGRESS,3,2026-12-04T23:57:00,Estates
2356,Fix loose handrail,Yaw Asante,5,ASSIGNED,2,2026-12-05T02:31:00,Engineering
2357,Service backup generator,Kobina Quaye,5,IN_PROGRESS,3,2026-12-05T03:08:00,Security
2358,Fix jammed window,Kobina Quaye,2,ASSIGNED,5,2026-12-05T05:13:00,Estates
2359,Repair leaking tap,Yaw Asante,4,CLOSED,4,2026-12-05T07:57:00,Engineering
2360,Fix flickering light,Kobina Quaye,3,OPEN,3,2026-12-05T09:27:00,Estates
2361,Repair broken intercom,Esi Danquah,1,ASSIGNED,3,2026-12-05T11:56:00,Security
2362,Replace burnt out bulb,Akosua Boateng,4,IN_PROGRESS,3,2026-12-05T12:55:00,Estates
2363,Replace burnt out bulb,Kwesi Amponsah,4,ASSIGNED,2,2026-12-05T15:55:00,ICT
2364,Repair broken intercom,Afia Agyeman,1,CLOSED,4,2026-12-05T18:42:00,Engineering
2365,Replace faulty projector,Efua Sarpong,1,CLOSED,4,2026-12-05T21:33:00,ICT
2366,Fix water leak in ceiling,Fiifi Ansah,4,ASSIGNED,1,2026-12-05T22:26:00,Estates
2367,Service fire extinguisher,Kwaku Appiah,1,IN_PROGRESS,5,2026-12-06T00:49:00,Estates
2368,Repair damaged door,Akua Nyarko,2,ASSIGNED,3,2026-12-06T03:41:00,Estates
2369,Service air conditioner,Aba Gyasi,1,ASSIGNED,1,2026-12-06T04:40:00,ICT
2370,Fix flickering light,Abena Darko,2,IN_PROGRESS,2,2026-12-06T06:28:00,Engineering
2371,Fix broken chair,Kojo Boakye,2,OPEN,4,2026-12-06T08:45:00,Engineering
2372,Replace burnt out bulb,Akosua Boateng,1,IN_PROGRESS,5,2026-12-06T10:16:00,Estates
2373,Clear clogged sink,Abena Darko,5,ASSIGNED,3,2026-12-06T11:32:00,Estates
2374,Repair broken lock,Aba Gyasi,2,IN_PROGRESS,1,2026-12-06T13:05:00,ICT
2375,Repair cracked wall,Aba Gyasi,3,CLOSED,3,2026-12-06T14:19:00,Security
2376,Unclog toilet,Akua Nyarko,5,CLOSED,1,2026-12-06T17:17:00,ICT
2377,Unclog toilet,Abena Darko,5,OPEN,4,2026-12-06T20:09:00,Engineering
2378,Repair broken lock,Akosua Boateng,3,ASSIGNED,5,2026-12-06T22:25:00,Security
2379,Address pest issue,Ama Mensah,4,OPEN,2,2026-12-07T00:50:00,Engineering
2380,Clear blocked drainage,Yaw Asante,1,CLOSED,1,2026-12-07T02:29:00,Estates
2381,Repair damaged door,Ama Mensah,4,ASSIGNED,1,2026-12-07T04:34:00,ICT
2382,Repair broken intercom,Yaa Asantewaa,4,ASSIGNED,1,2026-12-07T05:55:00,ICT
2383,Repair broken cabinet,Kwaku Appiah,4,IN_PROGRESS,1,2026-12-07T07:48:00,ICT
2384,Fix jammed window,Adwoa Frimpong,2,OPEN,1,2026-12-07T08:11:00,ICT
2385,Fix broken window,Kojo Boakye,3,ASSIGNED,1,2026-12-07T08:21:00,Estates
2386,Fix electrical fault,Afia Agyeman,4,ASSIGNED,4,2026-12-07T10:29:00,ICT
2387,Replace worn carpet,Esi Danquah,4,CLOSED,4,2026-12-07T11:14:00,Engineering
2388,Repair leaking tap,Afia Agyeman,5,ASSIGNED,1,2026-12-07T12:50:00,Estates
2389,Repair squeaky door hinge,Kwame Owusu,5,IN_PROGRESS,1,2026-12-07T14:01:00,Estates
2390,Fix broken chair,Esi Danquah,1,CLOSED,4,2026-12-07T14:41:00,Engineering
2391,Repair squeaky door hinge,Kwaku Appiah,2,CLOSED,1,2026-12-07T16:16:00,ICT
2392,Clear clogged sink,Kwesi Amponsah,2,ASSIGNED,1,2026-12-07T17:18:00,ICT
2393,Clear blocked drainage,Afia Agyeman,2,IN_PROGRESS,1,2026-12-07T19:43:00,ICT
2394,Fix electrical fault,Kwame Owusu,4,OPEN,1,2026-12-07T20:21:00,ICT
2395,Service air conditioner,Kojo Boakye,5,OPEN,1,2026-12-07T22:12:00,ICT
2396,Address pest issue,Kobina Quaye,1,OPEN,4,2026-12-07T22:36:00,ICT
2397,Repair broken intercom,Kobina Quaye,4,ASSIGNED,1,2026-12-08T01:34:00,ICT
2398,Fix flickering light,Kobina Quaye,3,ASSIGNED,4,2026-12-08T02:10:00,Engineering
2399,Clean overflowing gutter,Kwaku Appiah,3,IN_PROGRESS,1,2026-12-08T02:32:00,ICT
2400,Fix flickering light,Fiifi Ansah,2,OPEN,1,2026-12-08T03:20:00,Estates
2401,Repair broken lock,Kobina Quaye,5,ASSIGNED,4,2026-12-08T05:30:00,ICT
2402,Clear clogged sink,Abena Darko,4,ASSIGNED,5,2026-12-08T06:45:00,Security
2403,Service fire extinguisher,Afia Agyeman,2,ASSIGNED,4,2026-12-08T09:12:00,ICT
2404,Repair leaking tap,Kwame Owusu,5,IN_PROGRESS,3,2026-12-08T10:21:00,Estates
2405,Fix water leak in ceiling,Akua Nyarko,5,CLOSED,1,2026-12-08T11:36:00,ICT
2406,Service backup generator,Abena Darko,4,ASSIGNED,1,2026-12-08T12:35:00,Estates
2407,Repair broken intercom,Akua Nyarko,4,ASSIGNED,2,2026-12-08T13:01:00,ICT
2408,Repair leaking tap,Adjoa Kufuor,2,CLOSED,5,2026-12-08T14:21:00,Security
2409,Fix broken chair,Aba Gyasi,1,IN_PROGRESS,2,2026-12-08T16:14:00,Engineering
2410,Fix loose handrail,Akua Nyarko,1,IN_PROGRESS,4,2026-12-08T18:11:00,Engineering
2411,Service air conditioner,Yaa Asantewaa,5,ASSIGNED,2,2026-12-08T21:10:00,ICT
2412,Clear blocked drainage,Kwabena Osei,1,CLOSED,2,2026-12-08T23:37:00,Engineering
2413,Service air conditioner,Fiifi Ansah,1,IN_PROGRESS,5,2026-12-09T01:20:00,Security
2414,Unclog toilet,Kwaku Appiah,5,OPEN,4,2026-12-09T01:36:00,Engineering
2415,Fix flickering light,Adwoa Frimpong,1,IN_PROGRESS,4,2026-12-09T02:58:00,ICT
2416,Service air conditioner,Aba Gyasi,2,IN_PROGRESS,5,2026-12-09T04:32:00,Security
2417,Replace worn carpet,Akosua Boateng,1,IN_PROGRESS,2,2026-12-09T07:05:00,Engineering
2418,Fix flickering light,Kwame Owusu,1,IN_PROGRESS,2,2026-12-09T09:31:00,Engineering
2419,Service elevator,Fiifi Ansah,1,CLOSED,4,2026-12-09T12:24:00,Engineering
2420,Service elevator,Afia Agyeman,4,OPEN,3,2026-12-09T12:54:00,Security
2421,Repair broken intercom,Aba Gyasi,3,OPEN,4,2026-12-09T13:42:00,ICT
2422,Replace faulty projector,Adjoa Kufuor,1,ASSIGNED,1,2026-12-09T15:52:00,ICT
2423,Repair damaged door,Adwoa Frimpong,1,OPEN,5,2026-12-09T18:23:00,Estates
2424,Fix jammed window,Akua Nyarko,4,OPEN,4,2026-12-09T21:03:00,ICT
2425,Replace faulty projector,Abena Darko,1,ASSIGNED,1,2026-12-09T22:12:00,Estates
2426,Repair broken lock,Yaa Asantewaa,5,IN_PROGRESS,5,2026-12-09T22:45:00,Estates
2427,Service fire extinguisher,Kwesi Amponsah,5,ASSIGNED,4,2026-12-09T23:33:00,Engineering
2428,Repair cracked wall,Yaw Asante,5,OPEN,4,2026-12-10T00:50:00,ICT
2429,Fix electrical fault,Akosua Boateng,5,IN_PROGRESS,3,2026-12-10T01:46:00,Estates
2430,Service backup generator,Kojo Boakye,2,OPEN,1,2026-12-10T02:30:00,Estates
2431,Repair broken lock,Esi Danquah,4,OPEN,5,2026-12-10T03:17:00,Security
2432,Service elevator,Fiifi Ansah,2,OPEN,3,2026-12-10T04:09:00,Security
2433,Replace burnt out bulb,Adwoa Frimpong,3,ASSIGNED,3,2026-12-10T05:26:00,Security
2434,Repair broken fan,Ama Mensah,1,OPEN,2,2026-12-10T06:37:00,ICT
2435,Fix flickering light,Adwoa Frimpong,1,IN_PROGRESS,3,2026-12-10T08:30:00,Security
2436,Fix flickering light,Adjoa Kufuor,3,CLOSED,3,2026-12-10T09:33:00,Estates
2437,Fix water leak in ceiling,Yaa Asantewaa,1,ASSIGNED,2,2026-12-10T10:35:00,ICT
2438,Service air conditioner,Kwaku Appiah,3,CLOSED,2,2026-12-10T11:47:00,Engineering
2439,Repair damaged door,Adwoa Frimpong,2,OPEN,3,2026-12-10T12:53:00,Estates
2440,Replace worn carpet,Yaa Asantewaa,4,IN_PROGRESS,2,2026-12-10T13:55:00,ICT
2441,Fix broken window,Adjoa Kufuor,1,ASSIGNED,4,2026-12-10T15:56:00,ICT
2442,Repair leaking tap,Afia Agyeman,3,CLOSED,2,2026-12-10T16:10:00,Engineering
2443,Replace faulty projector,Kwesi Amponsah,5,OPEN,3,2026-12-10T18:33:00,Security
2444,Service backup generator,Adjoa Kufuor,2,ASSIGNED,3,2026-12-10T20:44:00,Estates
2445,Repair broken fan,Kwaku Appiah,2,IN_PROGRESS,2,2026-12-10T22:22:00,Engineering
2446,Fix damaged ceiling tile,Kofi Adjei,3,CLOSED,4,2026-12-11T00:21:00,Engineering
2447,Repair leaking tap,Fiifi Ansah,1,ASSIGNED,4,2026-12-11T02:08:00,Engineering
2448,Service elevator,Efua Sarpong,2,CLOSED,5,2026-12-11T02:52:00,Security
2449,Fix electrical fault,Ama Mensah,1,OPEN,1,2026-12-11T04:59:00,ICT
2450,Repair broken lock,Ama Mensah,2,CLOSED,2,2026-12-11T07:51:00,ICT
2451,Fix water leak in ceiling,Akua Nyarko,4,CLOSED,1,2026-12-11T09:54:00,ICT
2452,Repair broken cabinet,Esi Danquah,1,OPEN,5,2026-12-11T10:58:00,Estates
2453,Repair broken fan,Ama Mensah,3,OPEN,4,2026-12-11T11:10:00,ICT
2454,Fix jammed window,Efua Sarpong,2,CLOSED,2,2026-12-11T12:05:00,ICT
2455,Repair broken lock,Yaa Asantewaa,2,IN_PROGRESS,5,2026-12-11T13:39:00,Estates
2456,Fix loose handrail,Kwesi Amponsah,3,OPEN,4,2026-12-11T14:58:00,ICT
2457,Fix broken window,Efua Sarpong,1,ASSIGNED,3,2026-12-11T15:47:00,Security
2458,Repair broken intercom,Adwoa Frimpong,3,IN_PROGRESS,2,2026-12-11T17:41:00,Engineering
2459,Replace burnt out bulb,Fiifi Ansah,1,ASSIGNED,2,2026-12-11T18:22:00,Engineering
2460,Repair broken paving,Afia Agyeman,5,IN_PROGRESS,5,2026-12-11T18:43:00,Estates
2461,Clear blocked drainage,Kwame Owusu,4,IN_PROGRESS,2,2026-12-11T20:20:00,Engineering
2462,Repair broken cabinet,Efua Sarpong,5,OPEN,5,2026-12-11T22:42:00,Security
2463,Repair broken fan,Kojo Boakye,1,ASSIGNED,4,2026-12-12T01:21:00,Engineering
2464,Fix electrical fault,Esi Danquah,1,IN_PROGRESS,2,2026-12-12T03:40:00,Engineering
2465,Replace burnt out bulb,Ama Mensah,3,ASSIGNED,2,2026-12-12T06:36:00,Engineering
2466,Address pest issue,Kwame Owusu,5,ASSIGNED,3,2026-12-12T07:31:00,Security
2467,Replace burnt out bulb,Akua Nyarko,2,ASSIGNED,3,2026-12-12T08:16:00,Estates
2468,Fix damaged ceiling tile,Fiifi Ansah,5,CLOSED,5,2026-12-12T10:46:00,Security
2469,Fix damaged ceiling tile,Ama Mensah,4,OPEN,1,2026-12-12T11:19:00,Estates
2470,Fix jammed window,Kojo Boakye,1,OPEN,5,2026-12-12T12:21:00,Security
2471,Repair cracked wall,Akua Nyarko,5,IN_PROGRESS,4,2026-12-12T14:40:00,Engineering
2472,Replace burnt out bulb,Esi Danquah,2,IN_PROGRESS,3,2026-12-12T15:59:00,Security
2473,Service backup generator,Esi Danquah,4,CLOSED,2,2026-12-12T17:59:00,ICT
2474,Fix jammed window,Kobina Quaye,1,IN_PROGRESS,2,2026-12-12T18:27:00,ICT
2475,Repair squeaky door hinge,Fiifi Ansah,3,IN_PROGRESS,5,2026-12-12T19:54:00,Security
2476,Fix water leak in ceiling,Akua Nyarko,4,ASSIGNED,1,2026-12-12T22:29:00,ICT
2477,Clean overflowing gutter,Yaw Asante,5,IN_PROGRESS,3,2026-12-12T23:09:00,Estates
2478,Service backup generator,Esi Danquah,3,ASSIGNED,1,2026-12-13T01:33:00,Estates
2479,Service air conditioner,Yaw Asante,2,CLOSED,5,2026-12-13T02:41:00,Security
2480,Repair damaged floor tile,Ama Mensah,2,OPEN,3,2026-12-13T04:10:00,Security
2481,Clear blocked drainage,Esi Danquah,5,OPEN,2,2026-12-13T04:54:00,ICT
2482,Fix jammed window,Kwabena Osei,2,ASSIGNED,1,2026-12-13T05:49:00,ICT
2483,Clean overflowing gutter,Akua Nyarko,5,CLOSED,3,2026-12-13T06:19:00,Estates
2484,Repair leaking tap,Adwoa Frimpong,1,ASSIGNED,1,2026-12-13T07:24:00,ICT
2485,Fix damaged ceiling tile,Kojo Boakye,1,IN_PROGRESS,2,2026-12-13T08:16:00,Engineering
2486,Replace worn carpet,Yaa Asantewaa,2,OPEN,5,2026-12-13T08:28:00,Security
2487,Repair broken lock,Aba Gyasi,2,IN_PROGRESS,1,2026-12-13T08:55:00,Estates
2488,Service backup generator,Kofi Adjei,2,OPEN,1,2026-12-13T10:46:00,Estates
2489,Service fire extinguisher,Kwaku Appiah,1,OPEN,1,2026-12-13T11:51:00,Estates
2490,Fix broken chair,Ama Mensah,1,CLOSED,5,2026-12-13T14:33:00,Security
2491,Repair damaged floor tile,Akosua Boateng,2,CLOSED,3,2026-12-13T17:20:00,Security
2492,Repair damaged door,Esi Danquah,2,OPEN,1,2026-12-13T19:36:00,ICT
2493,Fix jammed window,Kobina Quaye,5,OPEN,3,2026-12-13T19:58:00,Security
2494,Repair squeaky door hinge,Abena Darko,3,OPEN,2,2026-12-13T21:06:00,Engineering
2495,Repair damaged door,Akua Nyarko,1,OPEN,4,2026-12-13T23:03:00,Engineering
2496,Service air conditioner,Esi Danquah,2,OPEN,5,2026-12-14T00:49:00,Estates
2497,Service air conditioner,Abena Darko,2,IN_PROGRESS,3,2026-12-14T02:25:00,Estates
2498,Replace burnt out bulb,Kwame Owusu,5,CLOSED,1,2026-12-14T04:28:00,ICT
2499,Fix water leak in ceiling,Kwesi Amponsah,1,IN_PROGRESS,2,2026-12-14T04:38:00,Engineering
2500,Repair cracked wall,Afia Agyeman,4,ASSIGNED,2,2026-12-14T07:13:00,Engineering
2501,Fix loose handrail,Kojo Boakye,2,IN_PROGRESS,2,2026-12-14T08:19:00,ICT
2502,Unclog toilet,Abena Darko,2,IN_PROGRESS,5,2026-12-14T10:32:00,Estates
2503,Repair leaking tap,Ama Mensah,1,IN_PROGRESS,5,2026-12-14T12:51:00,Estates
2504,Repair damaged door,Kojo Boakye,4,ASSIGNED,3,2026-12-14T14:41:00,Estates
2505,Repair broken fan,Kwabena Osei,1,OPEN,1,2026-12-14T16:41:00,ICT
2506,Repair squeaky door hinge,Kobina Quaye,3,IN_PROGRESS,3,2026-12-14T16:55:00,Estates
2507,Fix jammed window,Kwesi Amponsah,4,CLOSED,3,2026-12-14T19:15:00,Security
2508,Service air conditioner,Fiifi Ansah,1,IN_PROGRESS,3,2026-12-14T19:40:00,Estates
2509,Replace burnt out bulb,Kofi Adjei,1,OPEN,5,2026-12-14T20:25:00,Security
2510,Repair broken fan,Adjoa Kufuor,5,OPEN,3,2026-12-14T23:08:00,Estates
2511,Clear clogged sink,Yaa Asantewaa,1,ASSIGNED,1,2026-12-15T01:22:00,Estates
2512,Repair broken paving,Kofi Adjei,4,CLOSED,3,2026-12-15T04:00:00,Estates
2513,Fix electrical fault,Ama Mensah,3,ASSIGNED,4,2026-12-15T06:52:00,ICT
2514,Repair damaged door,Fiifi Ansah,3,CLOSED,4,2026-12-15T09:51:00,Engineering
2515,Service elevator,Adjoa Kufuor,5,CLOSED,5,2026-12-15T11:29:00,Estates
2516,Repair damaged door,Ama Mensah,3,CLOSED,4,2026-12-15T11:41:00,Engineering
2517,Fix damaged ceiling tile,Ama Mensah,2,ASSIGNED,5,2026-12-15T12:11:00,Estates
2518,Fix water leak in ceiling,Kojo Boakye,3,OPEN,3,2026-12-15T13:33:00,Estates
2519,Service air conditioner,Kobina Quaye,4,CLOSED,3,2026-12-15T15:43:00,Estates
2520,Service backup generator,Kwesi Amponsah,3,IN_PROGRESS,3,2026-12-15T16:09:00,Estates
2521,Replace faulty projector,Kwame Owusu,2,IN_PROGRESS,3,2026-12-15T18:42:00,Estates
2522,Fix electrical fault,Kwesi Amponsah,4,OPEN,1,2026-12-15T21:21:00,ICT
2523,Repair damaged door,Kwaku Appiah,2,IN_PROGRESS,3,2026-12-15T22:36:00,Security
2524,Clear blocked drainage,Kwame Owusu,5,OPEN,2,2026-12-16T01:27:00,Engineering
2525,Address pest issue,Kwame Owusu,5,OPEN,5,2026-12-16T02:43:00,Security
2526,Replace faulty projector,Efua Sarpong,2,ASSIGNED,4,2026-12-16T04:46:00,ICT
2527,Fix water leak in ceiling,Kwame Owusu,4,OPEN,4,2026-12-16T05:24:00,ICT
2528,Address pest issue,Akua Nyarko,2,IN_PROGRESS,2,2026-12-16T06:17:00,Engineering
2529,Repair broken cabinet,Akosua Boateng,4,ASSIGNED,1,2026-12-16T07:32:00,Estates
2530,Fix electrical fault,Kwesi Amponsah,1,ASSIGNED,2,2026-12-16T10:09:00,ICT
2531,Repair damaged floor tile,Kwabena Osei,4,IN_PROGRESS,3,2026-12-16T10:43:00,Estates
2532,Fix broken window,Adjoa Kufuor,1,ASSIGNED,3,2026-12-16T13:14:00,Security
2533,Clear clogged sink,Aba Gyasi,4,IN_PROGRESS,5,2026-12-16T14:18:00,Security
2534,Fix broken window,Kobina Quaye,4,IN_PROGRESS,1,2026-12-16T16:47:00,Estates
2535,Repair damaged door,Kwame Owusu,4,OPEN,3,2026-12-16T17:24:00,Security
2536,Repair damaged floor tile,Adwoa Frimpong,4,IN_PROGRESS,3,2026-12-16T19:36:00,Security
2537,Address pest issue,Kwame Owusu,5,OPEN,3,2026-12-16T20:29:00,Security
2538,Repair cracked wall,Kwesi Amponsah,2,IN_PROGRESS,3,2026-12-16T20:58:00,Estates
2539,Repair broken lock,Ama Mensah,5,IN_PROGRESS,5,2026-12-16T22:39:00,Security
2540,Repair leaking tap,Efua Sarpong,5,ASSIGNED,2,2026-12-16T23:19:00,Engineering
2541,Repair squeaky door hinge,Fiifi Ansah,2,ASSIGNED,3,2026-12-17T00:33:00,Estates
2542,Repair squeaky door hinge,Kofi Adjei,5,IN_PROGRESS,3,2026-12-17T00:45:00,Estates
2543,Clear clogged sink,Yaw Asante,5,IN_PROGRESS,3,2026-12-17T03:12:00,Estates
2544,Fix broken window,Fiifi Ansah,2,CLOSED,5,2026-12-17T04:51:00,Security
2545,Repair leaking tap,Afia Agyeman,4,OPEN,1,2026-12-17T05:50:00,ICT
2546,Repair squeaky door hinge,Adjoa Kufuor,5,OPEN,1,2026-12-17T06:13:00,Estates
2547,Fix water leak in ceiling,Kwaku Appiah,4,IN_PROGRESS,1,2026-12-17T09:06:00,ICT
2548,Address pest issue,Ama Mensah,4,CLOSED,1,2026-12-17T09:20:00,Estates
2549,Fix flickering light,Yaa Asantewaa,4,OPEN,5,2026-12-17T09:38:00,Estates
2550,Repair leaking tap,Afia Agyeman,5,CLOSED,3,2026-12-17T10:59:00,Security
2551,Repair broken fan,Kwaku Appiah,4,ASSIGNED,1,2026-12-17T12:12:00,ICT
2552,Service air conditioner,Akua Nyarko,3,ASSIGNED,5,2026-12-17T13:24:00,Estates
2553,Repair broken paving,Kwaku Appiah,5,OPEN,4,2026-12-17T16:07:00,ICT
2554,Repair squeaky door hinge,Kofi Adjei,4,OPEN,4,2026-12-17T18:01:00,Engineering
2555,Clear clogged sink,Kwame Owusu,2,IN_PROGRESS,3,2026-12-17T20:16:00,Estates
2556,Service fire extinguisher,Kwame Owusu,3,ASSIGNED,5,2026-12-17T22:52:00,Security
2557,Clear blocked drainage,Kwabena Osei,3,OPEN,3,2026-12-18T00:09:00,Estates
2558,Repair cracked wall,Kwabena Osei,2,CLOSED,4,2026-12-18T02:31:00,ICT
2559,Fix loose handrail,Adjoa Kufuor,1,IN_PROGRESS,5,2026-12-18T04:19:00,Estates
2560,Fix loose handrail,Akosua Boateng,5,OPEN,4,2026-12-18T05:59:00,Engineering
2561,Fix broken window,Kwabena Osei,4,IN_PROGRESS,1,2026-12-18T07:17:00,Estates
2562,Replace burnt out bulb,Kwaku Appiah,2,ASSIGNED,4,2026-12-18T10:16:00,ICT
2563,Repair broken fan,Adwoa Frimpong,2,OPEN,1,2026-12-18T10:45:00,Estates
2564,Fix jammed window,Yaw Asante,4,IN_PROGRESS,2,2026-12-18T12:58:00,Engineering
2565,Clear blocked drainage,Yaw Asante,3,ASSIGNED,2,2026-12-18T13:39:00,Engineering
2566,Replace burnt out bulb,Adwoa Frimpong,4,ASSIGNED,2,2026-12-18T15:42:00,ICT
2567,Service air conditioner,Adwoa Frimpong,3,CLOSED,2,2026-12-18T17:11:00,Engineering
2568,Fix damaged ceiling tile,Abena Darko,1,IN_PROGRESS,4,2026-12-18T19:16:00,ICT
2569,Fix broken window,Kojo Boakye,4,OPEN,4,2026-12-18T21:57:00,ICT
2570,Service backup generator,Fiifi Ansah,5,OPEN,1,2026-12-19T00:26:00,Estates
2571,Service air conditioner,Kwesi Amponsah,5,IN_PROGRESS,5,2026-12-19T00:47:00,Security
2572,Fix electrical fault,Afia Agyeman,1,ASSIGNED,4,2026-12-19T02:40:00,Engineering
2573,Repair broken fan,Aba Gyasi,1,IN_PROGRESS,1,2026-12-19T03:07:00,ICT
2574,Repair damaged floor tile,Kofi Adjei,5,ASSIGNED,2,2026-12-19T04:29:00,Engineering
2575,Repair broken lock,Abena Darko,3,IN_PROGRESS,2,2026-12-19T04:55:00,Engineering
2576,Clear clogged sink,Afia Agyeman,2,OPEN,1,2026-12-19T06:00:00,ICT
2577,Repair broken fan,Akosua Boateng,2,ASSIGNED,5,2026-12-19T06:33:00,Security
2578,Repair broken cabinet,Abena Darko,5,IN_PROGRESS,2,2026-12-19T09:13:00,ICT
2579,Repair leaking tap,Kwabena Osei,1,IN_PROGRESS,1,2026-12-19T10:49:00,ICT
2580,Replace worn carpet,Yaw Asante,1,ASSIGNED,5,2026-12-19T12:09:00,Security
2581,Replace worn carpet,Kofi Adjei,4,OPEN,4,2026-12-19T13:24:00,ICT
2582,Fix damaged ceiling tile,Kwabena Osei,4,IN_PROGRESS,4,2026-12-19T14:26:00,Engineering
2583,Service air conditioner,Adjoa Kufuor,1,ASSIGNED,2,2026-12-19T16:58:00,Engineering
2584,Fix jammed window,Fiifi Ansah,5,OPEN,2,2026-12-19T18:41:00,ICT
2585,Repair damaged floor tile,Esi Danquah,1,ASSIGNED,2,2026-12-19T19:42:00,ICT
2586,Fix broken chair,Akosua Boateng,4,IN_PROGRESS,2,2026-12-19T22:00:00,ICT
2587,Repair damaged door,Fiifi Ansah,4,ASSIGNED,4,2026-12-19T22:13:00,ICT
2588,Service elevator,Adwoa Frimpong,5,ASSIGNED,1,2026-12-19T23:03:00,ICT
2589,Repair squeaky door hinge,Kobina Quaye,1,ASSIGNED,1,2026-12-19T23:20:00,ICT
2590,Repair broken fan,Fiifi Ansah,2,ASSIGNED,5,2026-12-20T00:14:00,Security
2591,Replace worn carpet,Kwabena Osei,1,IN_PROGRESS,2,2026-12-20T03:06:00,Engineering
2592,Repair cracked wall,Fiifi Ansah,1,OPEN,2,2026-12-20T05:10:00,ICT
2593,Replace worn carpet,Akua Nyarko,2,CLOSED,5,2026-12-20T06:23:00,Estates
2594,Clear clogged sink,Kofi Adjei,1,ASSIGNED,4,2026-12-20T07:35:00,Engineering
2595,Service backup generator,Akosua Boateng,3,ASSIGNED,3,2026-12-20T08:10:00,Security
2596,Repair broken intercom,Kojo Boakye,4,IN_PROGRESS,2,2026-12-20T08:33:00,ICT
2597,Fix water leak in ceiling,Kwame Owusu,1,OPEN,1,2026-12-20T10:21:00,ICT
2598,Fix damaged ceiling tile,Ama Mensah,3,OPEN,1,2026-12-20T12:54:00,Estates
2599,Clean overflowing gutter,Abena Darko,4,OPEN,1,2026-12-20T13:13:00,Estates
2600,Repair broken fan,Akua Nyarko,4,OPEN,5,2026-12-20T14:41:00,Estates
2601,Fix water leak in ceiling,Kwabena Osei,2,IN_PROGRESS,4,2026-12-20T15:08:00,ICT
2602,Fix jammed window,Afia Agyeman,2,IN_PROGRESS,4,2026-12-20T15:24:00,ICT
2603,Service elevator,Adjoa Kufuor,5,CLOSED,3,2026-12-20T16:35:00,Estates
2604,Clear clogged sink,Esi Danquah,3,OPEN,1,2026-12-20T18:17:00,ICT
2605,Repair squeaky door hinge,Afia Agyeman,4,CLOSED,4,2026-12-20T21:11:00,ICT
2606,Repair broken cabinet,Yaa Asantewaa,4,IN_PROGRESS,2,2026-12-20T23:22:00,ICT
2607,Repair squeaky door hinge,Akua Nyarko,4,ASSIGNED,5,2026-12-21T01:02:00,Estates
2608,Repair damaged door,Aba Gyasi,3,CLOSED,4,2026-12-21T03:36:00,ICT
2609,Clear blocked drainage,Adjoa Kufuor,5,CLOSED,5,2026-12-21T05:31:00,Security
2610,Fix broken chair,Adjoa Kufuor,5,CLOSED,2,2026-12-21T06:55:00,Engineering
2611,Fix broken chair,Efua Sarpong,3,OPEN,2,2026-12-21T07:14:00,Engineering
2612,Repair broken intercom,Kojo Boakye,4,IN_PROGRESS,1,2026-12-21T08:53:00,Estates
2613,Fix loose handrail,Fiifi Ansah,2,IN_PROGRESS,2,2026-12-21T11:05:00,ICT
2614,Clear clogged sink,Yaw Asante,1,CLOSED,5,2026-12-21T12:56:00,Security
2615,Clear clogged sink,Kofi Adjei,5,OPEN,4,2026-12-21T13:59:00,ICT
2616,Replace burnt out bulb,Esi Danquah,3,OPEN,2,2026-12-21T15:26:00,ICT
2617,Fix damaged ceiling tile,Adjoa Kufuor,1,ASSIGNED,2,2026-12-21T18:12:00,Engineering
2618,Service backup generator,Yaw Asante,1,ASSIGNED,4,2026-12-21T19:43:00,ICT
2619,Service backup generator,Esi Danquah,5,OPEN,1,2026-12-21T19:53:00,ICT
2620,Repair damaged door,Aba Gyasi,3,OPEN,2,2026-12-21T21:03:00,ICT
2621,Fix broken chair,Kofi Adjei,3,CLOSED,4,2026-12-21T23:43:00,ICT
2622,Repair broken lock,Yaa Asantewaa,3,ASSIGNED,1,2026-12-22T01:28:00,ICT
2623,Repair cracked wall,Efua Sarpong,5,OPEN,3,2026-12-22T02:32:00,Security
2624,Fix loose handrail,Akua Nyarko,4,OPEN,1,2026-12-22T02:42:00,ICT
2625,Replace burnt out bulb,Fiifi Ansah,3,OPEN,3,2026-12-22T04:54:00,Security
2626,Clear clogged sink,Ama Mensah,4,CLOSED,5,2026-12-22T05:05:00,Estates
2627,Service fire extinguisher,Akua Nyarko,2,CLOSED,1,2026-12-22T05:32:00,ICT
2628,Repair leaking tap,Kofi Adjei,3,OPEN,4,2026-12-22T07:25:00,ICT
2629,Repair broken lock,Kobina Quaye,1,ASSIGNED,3,2026-12-22T10:08:00,Security
2630,Clear clogged sink,Kojo Boakye,5,CLOSED,3,2026-12-22T11:16:00,Estates
2631,Service backup generator,Yaa Asantewaa,3,ASSIGNED,3,2026-12-22T12:51:00,Security
2632,Replace burnt out bulb,Adwoa Frimpong,2,ASSIGNED,1,2026-12-22T15:23:00,ICT
2633,Service backup generator,Fiifi Ansah,5,OPEN,3,2026-12-22T16:33:00,Estates
2634,Repair damaged floor tile,Kojo Boakye,1,ASSIGNED,3,2026-12-22T19:13:00,Security
2635,Repair broken fan,Adjoa Kufuor,1,OPEN,1,2026-12-22T20:44:00,ICT
2636,Service elevator,Kwabena Osei,3,ASSIGNED,3,2026-12-22T21:43:00,Estates
2637,Repair damaged door,Kojo Boakye,1,CLOSED,3,2026-12-22T22:19:00,Security
2638,Replace faulty projector,Kofi Adjei,2,IN_PROGRESS,2,2026-12-23T01:05:00,Engineering
2639,Fix flickering light,Kwesi Amponsah,3,OPEN,5,2026-12-23T01:20:00,Security
2640,Fix loose handrail,Abena Darko,3,CLOSED,1,2026-12-23T01:51:00,Estates
2641,Fix flickering light,Aba Gyasi,5,OPEN,3,2026-12-23T03:53:00,Security
2642,Address pest issue,Kojo Boakye,4,IN_PROGRESS,1,2026-12-23T04:50:00,ICT
2643,Repair squeaky door hinge,Kwame Owusu,4,IN_PROGRESS,5,2026-12-23T05:33:00,Estates
2644,Service backup generator,Fiifi Ansah,2,ASSIGNED,4,2026-12-23T07:37:00,ICT
2645,Fix loose handrail,Kwame Owusu,3,OPEN,1,2026-12-23T08:14:00,ICT
2646,Fix water leak in ceiling,Kojo Boakye,4,IN_PROGRESS,4,2026-12-23T10:20:00,ICT
2647,Repair broken cabinet,Efua Sarpong,3,CLOSED,5,2026-12-23T11:02:00,Security
2648,Repair broken lock,Akosua Boateng,5,ASSIGNED,4,2026-12-23T12:07:00,ICT
2649,Replace worn carpet,Yaw Asante,2,OPEN,3,2026-12-23T14:12:00,Security
2650,Unclog toilet,Ama Mensah,2,ASSIGNED,5,2026-12-23T15:47:00,Estates
2651,Replace burnt out bulb,Adjoa Kufuor,5,OPEN,5,2026-12-23T17:13:00,Estates
2652,Replace worn carpet,Adwoa Frimpong,1,OPEN,5,2026-12-23T19:06:00,Estates
2653,Unclog toilet,Adjoa Kufuor,5,ASSIGNED,4,2026-12-23T21:20:00,ICT
2654,Service backup generator,Ama Mensah,5,IN_PROGRESS,5,2026-12-24T00:04:00,Estates
2655,Replace worn carpet,Akosua Boateng,3,OPEN,5,2026-12-24T01:13:00,Estates
2656,Replace faulty projector,Aba Gyasi,3,IN_PROGRESS,2,2026-12-24T03:52:00,Engineering
2657,Repair broken lock,Adwoa Frimpong,2,ASSIGNED,3,2026-12-24T05:08:00,Security
2658,Fix broken chair,Adwoa Frimpong,3,IN_PROGRESS,4,2026-12-24T06:50:00,Engineering
2659,Replace faulty projector,Aba Gyasi,3,OPEN,4,2026-12-24T07:16:00,ICT
2660,Fix damaged ceiling tile,Kwame Owusu,4,ASSIGNED,2,2026-12-24T08:36:00,Engineering
2661,Service air conditioner,Adwoa Frimpong,4,IN_PROGRESS,1,2026-12-24T11:22:00,Estates
2662,Fix broken window,Adjoa Kufuor,1,OPEN,2,2026-12-24T13:51:00,Engineering
2663,Clean overflowing gutter,Yaa Asantewaa,5,ASSIGNED,4,2026-12-24T14:05:00,Engineering
2664,Fix electrical fault,Ama Mensah,1,OPEN,4,2026-12-24T16:15:00,Engineering
2665,Repair cracked wall,Kofi Adjei,3,ASSIGNED,5,2026-12-24T18:58:00,Security
2666,Clear clogged sink,Kojo Boakye,2,OPEN,4,2026-12-24T20:25:00,ICT
2667,Repair broken fan,Kojo Boakye,2,ASSIGNED,4,2026-12-24T20:52:00,ICT
2668,Repair damaged floor tile,Kwabena Osei,2,IN_PROGRESS,4,2026-12-24T21:19:00,ICT
2669,Service air conditioner,Kwabena Osei,1,CLOSED,4,2026-12-24T23:45:00,Engineering
2670,Fix broken chair,Aba Gyasi,5,ASSIGNED,2,2026-12-25T00:28:00,Engineering
2671,Repair damaged floor tile,Yaa Asantewaa,3,IN_PROGRESS,1,2026-12-25T02:21:00,ICT
2672,Repair squeaky door hinge,Kojo Boakye,3,OPEN,4,2026-12-25T03:51:00,Engineering
2673,Repair cracked wall,Akua Nyarko,3,OPEN,2,2026-12-25T06:25:00,Engineering
2674,Fix broken window,Kwame Owusu,5,IN_PROGRESS,1,2026-12-25T08:12:00,ICT
2675,Fix flickering light,Kwabena Osei,3,CLOSED,1,2026-12-25T10:37:00,Estates
2676,Fix loose handrail,Kobina Quaye,2,CLOSED,2,2026-12-25T10:53:00,ICT
2677,Address pest issue,Ama Mensah,3,IN_PROGRESS,3,2026-12-25T12:41:00,Estates
2678,Service elevator,Aba Gyasi,1,OPEN,4,2026-12-25T15:29:00,ICT
2679,Replace burnt out bulb,Akosua Boateng,3,OPEN,1,2026-12-25T16:34:00,Estates
2680,Fix damaged ceiling tile,Yaw Asante,3,IN_PROGRESS,3,2026-12-25T17:53:00,Estates
2681,Repair broken lock,Afia Agyeman,5,ASSIGNED,3,2026-12-25T18:40:00,Security
2682,Repair broken lock,Kobina Quaye,2,CLOSED,1,2026-12-25T20:52:00,Estates
2683,Service elevator,Aba Gyasi,3,CLOSED,2,2026-12-25T22:26:00,ICT
2684,Unclog toilet,Adwoa Frimpong,3,ASSIGNED,1,2026-12-26T00:57:00,Estates
2685,Service backup generator,Kofi Adjei,5,CLOSED,4,2026-12-26T02:53:00,Engineering
2686,Fix broken chair,Akosua Boateng,1,OPEN,3,2026-12-26T04:49:00,Estates
2687,Repair cracked wall,Esi Danquah,2,IN_PROGRESS,5,2026-12-26T05:15:00,Estates
2688,Replace burnt out bulb,Adwoa Frimpong,4,ASSIGNED,4,2026-12-26T06:00:00,ICT
2689,Repair broken cabinet,Akosua Boateng,2,CLOSED,3,2026-12-26T07:59:00,Security
2690,Unclog toilet,Afia Agyeman,4,IN_PROGRESS,1,2026-12-26T10:27:00,Estates
2691,Service fire extinguisher,Kwame Owusu,1,CLOSED,4,2026-12-26T11:54:00,ICT
2692,Fix damaged ceiling tile,Aba Gyasi,1,CLOSED,5,2026-12-26T14:14:00,Security
2693,Address pest issue,Adwoa Frimpong,2,ASSIGNED,2,2026-12-26T15:18:00,Engineering
2694,Service fire extinguisher,Afia Agyeman,1,ASSIGNED,4,2026-12-26T17:44:00,Engineering
2695,Fix loose handrail,Fiifi Ansah,3,CLOSED,5,2026-12-26T18:57:00,Security
2696,Repair squeaky door hinge,Adwoa Frimpong,1,ASSIGNED,4,2026-12-26T19:25:00,ICT
2697,Service backup generator,Akua Nyarko,1,ASSIGNED,3,2026-12-26T21:43:00,Estates
2698,Replace faulty projector,Yaa Asantewaa,3,IN_PROGRESS,5,2026-12-26T22:59:00,Security
2699,Repair damaged door,Kwame Owusu,4,IN_PROGRESS,4,2026-12-26T23:28:00,ICT
2700,Fix flickering light,Yaa Asantewaa,5,ASSIGNED,4,2026-12-27T00:02:00,Engineering
2701,Repair squeaky door hinge,Ama Mensah,2,OPEN,4,2026-12-27T01:36:00,Engineering
2702,Fix broken chair,Kwabena Osei,5,IN_PROGRESS,5,2026-12-27T03:22:00,Estates
2703,Repair leaking tap,Akua Nyarko,3,IN_PROGRESS,3,2026-12-27T05:52:00,Estates
2704,Service air conditioner,Kobina Quaye,3,CLOSED,1,2026-12-27T06:55:00,Estates
2705,Fix water leak in ceiling,Kwabena Osei,1,CLOSED,1,2026-12-27T09:28:00,ICT
2706,Repair leaking tap,Kwame Owusu,2,IN_PROGRESS,3,2026-12-27T12:06:00,Estates
2707,Fix broken window,Kojo Boakye,2,OPEN,2,2026-12-27T14:55:00,ICT
2708,Fix jammed window,Yaa Asantewaa,4,CLOSED,3,2026-12-27T16:39:00,Security
2709,Fix water leak in ceiling,Yaa Asantewaa,4,IN_PROGRESS,5,2026-12-27T19:24:00,Estates
2710,Fix flickering light,Kwabena Osei,5,IN_PROGRESS,4,2026-12-27T20:32:00,Engineering
2711,Repair leaking tap,Kobina Quaye,3,OPEN,3,2026-12-27T21:00:00,Estates
2712,Clean overflowing gutter,Kwaku Appiah,5,CLOSED,5,2026-12-27T23:03:00,Estates
2713,Address pest issue,Esi Danquah,2,IN_PROGRESS,5,2026-12-28T01:37:00,Security
2714,Repair broken lock,Fiifi Ansah,2,OPEN,5,2026-12-28T04:21:00,Security
2715,Repair cracked wall,Kobina Quaye,5,OPEN,1,2026-12-28T06:03:00,ICT
2716,Address pest issue,Afia Agyeman,2,IN_PROGRESS,1,2026-12-28T07:27:00,ICT
2717,Fix damaged ceiling tile,Abena Darko,2,ASSIGNED,4,2026-12-28T07:37:00,ICT
2718,Repair broken fan,Kwaku Appiah,3,OPEN,5,2026-12-28T09:18:00,Estates
2719,Repair damaged door,Kwame Owusu,4,ASSIGNED,5,2026-12-28T12:18:00,Security
2720,Repair damaged floor tile,Kobina Quaye,1,CLOSED,2,2026-12-28T13:32:00,ICT
2721,Repair leaking tap,Kojo Boakye,3,CLOSED,3,2026-12-28T16:10:00,Estates
2722,Replace burnt out bulb,Aba Gyasi,2,OPEN,3,2026-12-28T18:26:00,Security
2723,Repair leaking tap,Esi Danquah,2,IN_PROGRESS,3,2026-12-28T19:44:00,Security
2724,Repair broken paving,Adjoa Kufuor,5,IN_PROGRESS,5,2026-12-28T20:14:00,Estates
2725,Fix broken window,Kwame Owusu,2,IN_PROGRESS,1,2026-12-28T20:41:00,Estates
2726,Service fire extinguisher,Akosua Boateng,4,IN_PROGRESS,4,2026-12-28T23:27:00,Engineering
2727,Clear blocked drainage,Kojo Boakye,4,IN_PROGRESS,3,2026-12-29T01:27:00,Estates
2728,Repair leaking tap,Esi Danquah,5,OPEN,3,2026-12-29T01:53:00,Security
2729,Service elevator,Yaa Asantewaa,2,CLOSED,2,2026-12-29T03:30:00,Engineering
2730,Service fire extinguisher,Abena Darko,1,IN_PROGRESS,1,2026-12-29T04:07:00,Estates
2731,Repair cracked wall,Fiifi Ansah,2,OPEN,1,2026-12-29T04:37:00,ICT
2732,Repair broken paving,Kwame Owusu,1,CLOSED,3,2026-12-29T07:12:00,Estates
2733,Fix loose handrail,Kojo Boakye,4,IN_PROGRESS,4,2026-12-29T07:39:00,ICT
2734,Clean overflowing gutter,Kojo Boakye,1,CLOSED,3,2026-12-29T07:58:00,Estates
2735,Repair damaged floor tile,Esi Danquah,2,OPEN,2,2026-12-29T08:32:00,ICT
2736,Unclog toilet,Esi Danquah,1,OPEN,3,2026-12-29T09:46:00,Security
2737,Service elevator,Kwaku Appiah,2,ASSIGNED,1,2026-12-29T10:11:00,ICT
2738,Unclog toilet,Yaw Asante,5,OPEN,4,2026-12-29T10:39:00,Engineering
2739,Fix loose handrail,Aba Gyasi,1,ASSIGNED,1,2026-12-29T11:30:00,ICT
2740,Fix loose handrail,Adjoa Kufuor,1,IN_PROGRESS,3,2026-12-29T14:18:00,Security
2741,Repair broken cabinet,Yaa Asantewaa,4,OPEN,1,2026-12-29T14:43:00,ICT
2742,Repair cracked wall,Yaa Asantewaa,4,IN_PROGRESS,4,2026-12-29T17:11:00,ICT
2743,Fix loose handrail,Kwabena Osei,4,IN_PROGRESS,4,2026-12-29T18:18:00,Engineering
2744,Repair broken paving,Aba Gyasi,1,CLOSED,3,2026-12-29T20:33:00,Security
2745,Repair broken fan,Kwesi Amponsah,5,IN_PROGRESS,1,2026-12-29T22:46:00,Estates
2746,Replace burnt out bulb,Kwame Owusu,5,OPEN,4,2026-12-29T23:37:00,ICT
2747,Unclog toilet,Abena Darko,1,OPEN,3,2026-12-30T00:36:00,Estates
2748,Fix loose handrail,Kwaku Appiah,1,OPEN,5,2026-12-30T00:52:00,Security
2749,Fix electrical fault,Akua Nyarko,3,ASSIGNED,2,2026-12-30T03:01:00,Engineering
2750,Fix loose handrail,Akosua Boateng,4,OPEN,2,2026-12-30T04:25:00,Engineering
2751,Service air conditioner,Esi Danquah,2,CLOSED,2,2026-12-30T04:55:00,Engineering
2752,Repair broken intercom,Yaa Asantewaa,5,OPEN,2,2026-12-30T05:54:00,ICT
2753,Repair squeaky door hinge,Kwabena Osei,1,ASSIGNED,4,2026-12-30T07:43:00,Engineering
2754,Repair broken paving,Ama Mensah,5,CLOSED,1,2026-12-30T10:14:00,ICT
2755,Service air conditioner,Kofi Adjei,3,ASSIGNED,5,2026-12-30T10:44:00,Estates
2756,Replace faulty projector,Kojo Boakye,3,IN_PROGRESS,3,2026-12-30T11:53:00,Security
2757,Clear blocked drainage,Yaw Asante,2,ASSIGNED,4,2026-12-30T12:35:00,ICT
2758,Replace worn carpet,Fiifi Ansah,1,CLOSED,4,2026-12-30T12:45:00,Engineering
2759,Repair squeaky door hinge,Yaa Asantewaa,2,OPEN,4,2026-12-30T14:44:00,ICT
2760,Replace burnt out bulb,Kwaku Appiah,1,OPEN,2,2026-12-30T16:57:00,Engineering
2761,Clean overflowing gutter,Afia Agyeman,5,IN_PROGRESS,4,2026-12-30T18:48:00,Engineering
2762,Service air conditioner,Kwesi Amponsah,4,CLOSED,3,2026-12-30T20:16:00,Security
2763,Clean overflowing gutter,Kobina Quaye,3,OPEN,3,2026-12-30T22:15:00,Security
2764,Address pest issue,Kofi Adjei,3,ASSIGNED,4,2026-12-30T23:12:00,ICT
2765,Fix loose handrail,Kwabena Osei,5,ASSIGNED,4,2026-12-31T01:25:00,ICT
2766,Repair squeaky door hinge,Kofi Adjei,2,IN_PROGRESS,4,2026-12-31T01:43:00,ICT
2767,Service fire extinguisher,Ama Mensah,5,ASSIGNED,1,2026-12-31T03:00:00,Estates
2768,Fix loose handrail,Akosua Boateng,3,IN_PROGRESS,1,2026-12-31T05:55:00,ICT
2769,Repair cracked wall,Kwabena Osei,2,OPEN,1,2026-12-31T08:55:00,ICT
2770,Repair damaged door,Akua Nyarko,5,ASSIGNED,3,2026-12-31T11:10:00,Security
2771,Repair cracked wall,Aba Gyasi,3,IN_PROGRESS,1,2026-12-31T14:03:00,ICT
2772,Clear clogged sink,Kwesi Amponsah,1,ASSIGNED,2,2026-12-31T16:22:00,ICT
2773,Fix broken window,Adjoa Kufuor,5,OPEN,5,2026-12-31T18:23:00,Security
2774,Service fire extinguisher,Abena Darko,1,CLOSED,4,2026-12-31T18:46:00,ICT
2775,Clear blocked drainage,Fiifi Ansah,2,OPEN,5,2026-12-31T20:25:00,Security
2776,Replace burnt out bulb,Afia Agyeman,2,ASSIGNED,2,2026-12-31T23:00:00,Engineering
2777,Fix water leak in ceiling,Kwaku Appiah,5,IN_PROGRESS,5,2027-01-01T01:23:00,Security
2778,Repair damaged door,Kwesi Amponsah,3,OPEN,2,2027-01-01T03:37:00,Engineering
2779,Repair damaged door,Yaw Asante,5,ASSIGNED,4,2027-01-01T05:26:00,ICT
2780,Fix flickering light,Afia Agyeman,3,ASSIGNED,3,2027-01-01T05:41:00,Estates
2781,Repair damaged floor tile,Fiifi Ansah,2,IN_PROGRESS,2,2027-01-01T06:26:00,ICT
2782,Fix flickering light,Kofi Adjei,5,CLOSED,5,2027-01-01T06:42:00,Estates
2783,Clean overflowing gutter,Kobina Quaye,1,IN_PROGRESS,1,2027-01-01T07:35:00,ICT
2784,Fix loose handrail,Efua Sarpong,4,OPEN,3,2027-01-01T09:59:00,Security
2785,Service air conditioner,Kofi Adjei,3,ASSIGNED,4,2027-01-01T11:06:00,Engineering
2786,Repair damaged floor tile,Kwabena Osei,3,OPEN,2,2027-01-01T12:56:00,Engineering
2787,Unclog toilet,Kwaku Appiah,4,ASSIGNED,1,2027-01-01T14:10:00,ICT
2788,Repair damaged floor tile,Aba Gyasi,4,ASSIGNED,2,2027-01-01T15:37:00,ICT
2789,Replace worn carpet,Kofi Adjei,1,ASSIGNED,3,2027-01-01T17:32:00,Estates
2790,Repair squeaky door hinge,Yaa Asantewaa,2,IN_PROGRESS,1,2027-01-01T18:08:00,ICT
2791,Repair cracked wall,Kwaku Appiah,1,IN_PROGRESS,3,2027-01-01T19:24:00,Security
2792,Repair leaking tap,Yaa Asantewaa,4,OPEN,3,2027-01-01T22:14:00,Estates
2793,Service elevator,Afia Agyeman,3,ASSIGNED,3,2027-01-02T00:28:00,Estates
2794,Repair squeaky door hinge,Adjoa Kufuor,2,OPEN,5,2027-01-02T01:07:00,Estates
2795,Fix water leak in ceiling,Adjoa Kufuor,2,OPEN,4,2027-01-02T01:28:00,ICT
2796,Fix broken window,Efua Sarpong,3,ASSIGNED,5,2027-01-02T03:56:00,Estates
2797,Service backup generator,Ama Mensah,2,CLOSED,3,2027-01-02T05:45:00,Estates
2798,Fix water leak in ceiling,Afia Agyeman,3,ASSIGNED,2,2027-01-02T06:22:00,Engineering
2799,Service air conditioner,Kobina Quaye,1,OPEN,1,2027-01-02T06:57:00,ICT
2800,Service backup generator,Kwabena Osei,5,IN_PROGRESS,1,2027-01-02T09:05:00,ICT
2801,Repair broken fan,Kwabena Osei,3,ASSIGNED,1,2027-01-02T11:42:00,Estates
2802,Repair damaged door,Kwaku Appiah,4,OPEN,3,2027-01-02T12:17:00,Estates
2803,Repair broken paving,Akua Nyarko,4,IN_PROGRESS,4,2027-01-02T12:53:00,ICT
2804,Repair leaking tap,Kobina Quaye,1,IN_PROGRESS,3,2027-01-02T15:37:00,Estates
2805,Replace worn carpet,Adwoa Frimpong,1,CLOSED,3,2027-01-02T17:51:00,Security
2806,Fix loose handrail,Adjoa Kufuor,5,IN_PROGRESS,1,2027-01-02T18:08:00,Estates
2807,Unclog toilet,Yaw Asante,5,IN_PROGRESS,2,2027-01-02T20:01:00,ICT
2808,Repair broken cabinet,Kwesi Amponsah,1,OPEN,4,2027-01-02T22:33:00,ICT
2809,Service elevator,Adwoa Frimpong,3,OPEN,5,2027-01-03T00:41:00,Security
2810,Repair broken lock,Efua Sarpong,5,OPEN,4,2027-01-03T03:13:00,ICT
2811,Fix damaged ceiling tile,Kojo Boakye,3,ASSIGNED,2,2027-01-03T05:43:00,ICT
2812,Clean overflowing gutter,Ama Mensah,3,IN_PROGRESS,4,2027-01-03T05:56:00,Engineering
2813,Clear clogged sink,Adjoa Kufuor,5,OPEN,1,2027-01-03T08:20:00,Estates
2814,Address pest issue,Abena Darko,4,ASSIGNED,2,2027-01-03T08:30:00,ICT
2815,Repair broken cabinet,Esi Danquah,2,IN_PROGRESS,5,2027-01-03T10:54:00,Estates
2816,Repair leaking tap,Kwaku Appiah,1,OPEN,2,2027-01-03T11:52:00,ICT
2817,Replace worn carpet,Kofi Adjei,2,OPEN,5,2027-01-03T13:50:00,Security
2818,Repair cracked wall,Kojo Boakye,2,OPEN,5,2027-01-03T15:36:00,Estates
2819,Service backup generator,Akosua Boateng,5,CLOSED,3,2027-01-03T17:15:00,Estates
2820,Repair broken intercom,Efua Sarpong,4,IN_PROGRESS,1,2027-01-03T17:25:00,ICT
2821,Fix broken chair,Efua Sarpong,5,ASSIGNED,5,2027-01-03T20:07:00,Security
2822,Replace worn carpet,Kofi Adjei,4,OPEN,3,2027-01-03T21:35:00,Estates
2823,Repair cracked wall,Adwoa Frimpong,5,ASSIGNED,5,2027-01-04T00:30:00,Estates
2824,Fix flickering light,Efua Sarpong,2,CLOSED,5,2027-01-04T00:53:00,Security
2825,Repair broken fan,Yaa Asantewaa,4,CLOSED,3,2027-01-04T03:17:00,Security
2826,Repair damaged floor tile,Abena Darko,5,CLOSED,2,2027-01-04T04:34:00,ICT
2827,Service fire extinguisher,Aba Gyasi,1,ASSIGNED,1,2027-01-04T05:04:00,ICT
2828,Replace burnt out bulb,Ama Mensah,2,IN_PROGRESS,5,2027-01-04T06:47:00,Estates
2829,Fix flickering light,Kwame Owusu,5,OPEN,1,2027-01-04T09:26:00,ICT
2830,Address pest issue,Kofi Adjei,1,OPEN,4,2027-01-04T12:00:00,ICT
2831,Address pest issue,Adwoa Frimpong,5,OPEN,5,2027-01-04T13:20:00,Security
2832,Repair cracked wall,Kofi Adjei,5,OPEN,1,2027-01-04T15:31:00,Estates
2833,Repair broken cabinet,Esi Danquah,3,IN_PROGRESS,5,2027-01-04T17:58:00,Estates
2834,Service backup generator,Kofi Adjei,4,OPEN,1,2027-01-04T20:35:00,Estates
2835,Repair broken cabinet,Adjoa Kufuor,1,CLOSED,5,2027-01-04T22:13:00,Estates
2836,Repair broken intercom,Kwame Owusu,5,IN_PROGRESS,4,2027-01-04T22:28:00,Engineering
2837,Fix loose handrail,Ama Mensah,1,IN_PROGRESS,1,2027-01-05T00:34:00,ICT
2838,Clear clogged sink,Akua Nyarko,4,ASSIGNED,4,2027-01-05T01:37:00,ICT
2839,Fix electrical fault,Yaa Asantewaa,4,ASSIGNED,2,2027-01-05T03:11:00,ICT
2840,Repair broken intercom,Aba Gyasi,1,OPEN,5,2027-01-05T05:09:00,Estates
2841,Clear clogged sink,Abena Darko,4,CLOSED,3,2027-01-05T05:51:00,Estates
2842,Fix flickering light,Kwesi Amponsah,4,IN_PROGRESS,3,2027-01-05T07:16:00,Estates
2843,Service air conditioner,Kobina Quaye,1,ASSIGNED,1,2027-01-05T08:54:00,Estates
2844,Fix jammed window,Adwoa Frimpong,4,OPEN,4,2027-01-05T10:22:00,Engineering
2845,Fix damaged ceiling tile,Kofi Adjei,3,ASSIGNED,3,2027-01-05T12:36:00,Security
2846,Repair damaged floor tile,Kwabena Osei,1,CLOSED,4,2027-01-05T14:43:00,ICT
2847,Repair broken lock,Efua Sarpong,5,IN_PROGRESS,5,2027-01-05T16:18:00,Security
2848,Replace faulty projector,Afia Agyeman,2,OPEN,5,2027-01-05T16:42:00,Security
2849,Clear clogged sink,Akosua Boateng,5,OPEN,4,2027-01-05T19:32:00,ICT
2850,Service fire extinguisher,Efua Sarpong,2,OPEN,3,2027-01-05T19:53:00,Estates
2851,Repair broken lock,Kwabena Osei,2,CLOSED,3,2027-01-05T21:31:00,Security
2852,Service backup generator,Esi Danquah,4,ASSIGNED,4,2027-01-05T23:49:00,Engineering
2853,Fix electrical fault,Efua Sarpong,3,ASSIGNED,4,2027-01-06T01:30:00,ICT
2854,Fix damaged ceiling tile,Adjoa Kufuor,3,OPEN,5,2027-01-06T03:18:00,Estates
2855,Repair broken fan,Esi Danquah,5,OPEN,4,2027-01-06T04:36:00,ICT
2856,Fix water leak in ceiling,Yaw Asante,2,OPEN,4,2027-01-06T06:56:00,ICT
2857,Fix electrical fault,Adwoa Frimpong,4,IN_PROGRESS,1,2027-01-06T08:33:00,Estates
2858,Fix broken chair,Kwaku Appiah,5,ASSIGNED,3,2027-01-06T09:44:00,Estates
2859,Repair cracked wall,Fiifi Ansah,3,OPEN,2,2027-01-06T12:36:00,Engineering
2860,Fix jammed window,Kwesi Amponsah,3,OPEN,1,2027-01-06T13:16:00,ICT
2861,Fix water leak in ceiling,Kwame Owusu,4,IN_PROGRESS,4,2027-01-06T14:16:00,Engineering
2862,Repair broken fan,Yaw Asante,5,ASSIGNED,3,2027-01-06T14:42:00,Estates
2863,Repair cracked wall,Kwaku Appiah,3,IN_PROGRESS,1,2027-01-06T17:08:00,Estates
2864,Unclog toilet,Kofi Adjei,2,IN_PROGRESS,3,2027-01-06T19:42:00,Security
2865,Fix damaged ceiling tile,Efua Sarpong,3,OPEN,1,2027-01-06T20:55:00,Estates
2866,Repair broken cabinet,Akosua Boateng,1,ASSIGNED,5,2027-01-06T23:03:00,Estates
2867,Fix jammed window,Kwaku Appiah,3,CLOSED,1,2027-01-07T01:06:00,ICT
2868,Repair broken intercom,Adwoa Frimpong,5,IN_PROGRESS,2,2027-01-07T01:29:00,Engineering
2869,Repair damaged door,Kwaku Appiah,1,CLOSED,1,2027-01-07T04:13:00,ICT
2870,Clear clogged sink,Adwoa Frimpong,4,OPEN,2,2027-01-07T06:49:00,Engineering
2871,Fix broken chair,Esi Danquah,4,IN_PROGRESS,5,2027-01-07T09:41:00,Security
2872,Service elevator,Akosua Boateng,4,IN_PROGRESS,5,2027-01-07T12:00:00,Security
2873,Repair damaged floor tile,Kwesi Amponsah,3,ASSIGNED,1,2027-01-07T14:07:00,ICT
2874,Clear blocked drainage,Aba Gyasi,4,IN_PROGRESS,1,2027-01-07T15:05:00,ICT
2875,Repair broken intercom,Kobina Quaye,1,IN_PROGRESS,2,2027-01-07T17:09:00,ICT
2876,Service fire extinguisher,Akosua Boateng,2,CLOSED,1,2027-01-07T18:08:00,ICT
2877,Fix jammed window,Esi Danquah,3,OPEN,1,2027-01-07T19:39:00,ICT
2878,Fix flickering light,Yaa Asantewaa,5,IN_PROGRESS,5,2027-01-07T21:15:00,Estates
2879,Address pest issue,Yaa Asantewaa,5,CLOSED,4,2027-01-07T23:51:00,ICT
2880,Repair broken fan,Akosua Boateng,2,OPEN,1,2027-01-08T01:47:00,Estates
2881,Service backup generator,Abena Darko,1,IN_PROGRESS,5,2027-01-08T03:52:00,Security
2882,Repair broken paving,Kwesi Amponsah,1,OPEN,2,2027-01-08T06:30:00,Engineering
2883,Replace worn carpet,Kofi Adjei,2,OPEN,2,2027-01-08T08:03:00,Engineering
2884,Fix broken chair,Yaa Asantewaa,3,CLOSED,3,2027-01-08T08:59:00,Estates
2885,Fix broken window,Kwaku Appiah,3,IN_PROGRESS,1,2027-01-08T10:47:00,Estates
2886,Fix flickering light,Efua Sarpong,5,CLOSED,3,2027-01-08T12:09:00,Estates
2887,Fix jammed window,Kwame Owusu,2,OPEN,2,2027-01-08T14:25:00,ICT
2888,Fix damaged ceiling tile,Kwame Owusu,2,ASSIGNED,4,2027-01-08T17:17:00,ICT
2889,Repair leaking tap,Esi Danquah,4,OPEN,1,2027-01-08T19:04:00,Estates
2890,Replace burnt out bulb,Adwoa Frimpong,4,OPEN,3,2027-01-08T20:07:00,Security
2891,Repair broken cabinet,Yaa Asantewaa,4,OPEN,4,2027-01-08T21:19:00,Engineering
2892,Fix loose handrail,Adjoa Kufuor,4,OPEN,4,2027-01-09T00:00:00,Engineering
2893,Service air conditioner,Yaa Asantewaa,1,OPEN,2,2027-01-09T00:48:00,Engineering
2894,Fix water leak in ceiling,Efua Sarpong,2,IN_PROGRESS,2,2027-01-09T01:22:00,Engineering
2895,Unclog toilet,Kwesi Amponsah,5,ASSIGNED,5,2027-01-09T01:43:00,Estates
2896,Fix damaged ceiling tile,Efua Sarpong,2,ASSIGNED,4,2027-01-09T04:35:00,Engineering
2897,Unclog toilet,Kwame Owusu,3,CLOSED,4,2027-01-09T05:28:00,Engineering
2898,Clear clogged sink,Kojo Boakye,1,CLOSED,3,2027-01-09T05:49:00,Estates
2899,Unclog toilet,Yaa Asantewaa,5,CLOSED,2,2027-01-09T06:00:00,ICT
2900,Service backup generator,Kofi Adjei,2,OPEN,2,2027-01-09T07:43:00,Engineering
2901,Clear clogged sink,Yaa Asantewaa,4,IN_PROGRESS,5,2027-01-09T08:02:00,Estates
2902,Fix electrical fault,Yaa Asantewaa,4,OPEN,2,2027-01-09T09:37:00,ICT
2903,Clear clogged sink,Efua Sarpong,5,OPEN,3,2027-01-09T12:01:00,Estates
2904,Repair broken fan,Kojo Boakye,5,IN_PROGRESS,2,2027-01-09T13:27:00,Engineering
2905,Fix water leak in ceiling,Abena Darko,2,CLOSED,1,2027-01-09T15:09:00,ICT
2906,Repair broken cabinet,Efua Sarpong,4,IN_PROGRESS,1,2027-01-09T17:58:00,ICT
2907,Fix broken chair,Adwoa Frimpong,4,CLOSED,1,2027-01-09T18:10:00,ICT
2908,Repair broken lock,Akua Nyarko,1,ASSIGNED,3,2027-01-09T18:46:00,Estates
2909,Repair broken fan,Aba Gyasi,5,IN_PROGRESS,4,2027-01-09T20:18:00,ICT
2910,Clean overflowing gutter,Kojo Boakye,5,ASSIGNED,1,2027-01-09T21:50:00,ICT
2911,Fix broken window,Kwesi Amponsah,2,OPEN,2,2027-01-09T22:51:00,ICT
2912,Repair damaged floor tile,Kwabena Osei,1,IN_PROGRESS,2,2027-01-09T23:16:00,ICT
2913,Fix water leak in ceiling,Yaw Asante,2,ASSIGNED,1,2027-01-10T01:50:00,ICT
2914,Clear blocked drainage,Akosua Boateng,3,CLOSED,2,2027-01-10T04:31:00,Engineering
2915,Clean overflowing gutter,Kojo Boakye,1,OPEN,2,2027-01-10T05:20:00,ICT
2916,Clean overflowing gutter,Afia Agyeman,1,OPEN,2,2027-01-10T06:10:00,ICT
2917,Fix broken chair,Efua Sarpong,2,OPEN,2,2027-01-10T07:44:00,Engineering
2918,Fix broken chair,Kwabena Osei,1,OPEN,5,2027-01-10T08:37:00,Security
2919,Repair leaking tap,Yaw Asante,2,OPEN,2,2027-01-10T08:50:00,ICT
2920,Service fire extinguisher,Kofi Adjei,3,IN_PROGRESS,5,2027-01-10T11:19:00,Security
2921,Replace worn carpet,Esi Danquah,5,OPEN,3,2027-01-10T14:13:00,Estates
2922,Clear clogged sink,Kofi Adjei,5,ASSIGNED,2,2027-01-10T15:21:00,Engineering
2923,Fix water leak in ceiling,Afia Agyeman,2,IN_PROGRESS,4,2027-01-10T18:13:00,Engineering
2924,Repair broken cabinet,Esi Danquah,4,OPEN,5,2027-01-10T20:07:00,Estates
2925,Replace worn carpet,Yaa Asantewaa,2,ASSIGNED,5,2027-01-10T22:14:00,Estates
2926,Replace burnt out bulb,Ama Mensah,4,OPEN,3,2027-01-11T00:45:00,Estates
2927,Fix damaged ceiling tile,Kwabena Osei,4,OPEN,1,2027-01-11T01:57:00,ICT
2928,Repair broken cabinet,Akua Nyarko,4,ASSIGNED,4,2027-01-11T02:38:00,Engineering
2929,Fix water leak in ceiling,Abena Darko,4,OPEN,2,2027-01-11T03:05:00,Engineering
2930,Fix loose handrail,Aba Gyasi,5,IN_PROGRESS,2,2027-01-11T04:37:00,Engineering
2931,Clean overflowing gutter,Kofi Adjei,3,OPEN,4,2027-01-11T05:37:00,ICT
2932,Unclog toilet,Afia Agyeman,2,IN_PROGRESS,5,2027-01-11T06:03:00,Security
2933,Repair broken fan,Kwabena Osei,2,ASSIGNED,2,2027-01-11T06:54:00,ICT
2934,Repair broken paving,Akua Nyarko,2,IN_PROGRESS,1,2027-01-11T09:12:00,Estates
2935,Repair leaking tap,Kojo Boakye,2,ASSIGNED,2,2027-01-11T11:55:00,Engineering
2936,Fix damaged ceiling tile,Yaw Asante,3,OPEN,1,2027-01-11T12:15:00,ICT
2937,Repair broken paving,Kofi Adjei,2,IN_PROGRESS,2,2027-01-11T13:51:00,Engineering
2938,Repair damaged floor tile,Kwaku Appiah,1,ASSIGNED,2,2027-01-11T15:35:00,Engineering
2939,Fix jammed window,Kwabena Osei,3,OPEN,5,2027-01-11T18:12:00,Security
2940,Fix jammed window,Abena Darko,2,IN_PROGRESS,4,2027-01-11T20:59:00,Engineering
2941,Fix electrical fault,Abena Darko,3,IN_PROGRESS,4,2027-01-11T21:37:00,ICT
2942,Repair broken lock,Fiifi Ansah,5,ASSIGNED,2,2027-01-12T00:00:00,ICT
2943,Repair leaking tap,Akua Nyarko,2,IN_PROGRESS,5,2027-01-12T02:46:00,Security
2944,Clean overflowing gutter,Esi Danquah,3,IN_PROGRESS,5,2027-01-12T04:23:00,Estates
2945,Fix loose handrail,Esi Danquah,2,OPEN,1,2027-01-12T06:01:00,Estates
2946,Fix water leak in ceiling,Ama Mensah,5,ASSIGNED,2,2027-01-12T06:12:00,ICT
2947,Repair broken intercom,Kwesi Amponsah,5,CLOSED,1,2027-01-12T08:56:00,ICT
2948,Repair broken lock,Yaa Asantewaa,2,IN_PROGRESS,4,2027-01-12T10:18:00,ICT
2949,Repair squeaky door hinge,Yaa Asantewaa,4,CLOSED,1,2027-01-12T12:48:00,ICT
2950,Repair damaged door,Efua Sarpong,4,CLOSED,1,2027-01-12T15:24:00,ICT
2951,Repair broken intercom,Efua Sarpong,3,CLOSED,1,2027-01-12T16:59:00,Estates
2952,Repair broken cabinet,Kwame Owusu,3,ASSIGNED,3,2027-01-12T17:37:00,Estates
2953,Fix broken chair,Akosua Boateng,2,ASSIGNED,4,2027-01-12T20:34:00,Engineering
2954,Fix damaged ceiling tile,Fiifi Ansah,1,IN_PROGRESS,4,2027-01-12T22:31:00,ICT
2955,Repair broken cabinet,Akua Nyarko,5,ASSIGNED,5,2027-01-12T22:53:00,Estates
2956,Replace burnt out bulb,Afia Agyeman,3,OPEN,4,2027-01-13T00:06:00,Engineering
2957,Fix jammed window,Efua Sarpong,1,ASSIGNED,3,2027-01-13T01:06:00,Security
2958,Service elevator,Akosua Boateng,3,CLOSED,3,2027-01-13T01:51:00,Estates
2959,Fix damaged ceiling tile,Abena Darko,4,OPEN,3,2027-01-13T04:51:00,Estates
2960,Fix loose handrail,Yaw Asante,1,IN_PROGRESS,2,2027-01-13T05:49:00,Engineering
2961,Repair squeaky door hinge,Ama Mensah,5,CLOSED,3,2027-01-13T08:15:00,Security
2962,Repair broken cabinet,Kofi Adjei,2,CLOSED,3,2027-01-13T08:44:00,Estates
2963,Replace worn carpet,Kwaku Appiah,3,ASSIGNED,2,2027-01-13T10:04:00,Engineering
2964,Repair broken lock,Kojo Boakye,3,OPEN,4,2027-01-13T12:05:00,Engineering
2965,Repair broken paving,Kwabena Osei,1,ASSIGNED,5,2027-01-13T14:55:00,Estates
2966,Clear blocked drainage,Kwame Owusu,1,IN_PROGRESS,1,2027-01-13T17:19:00,ICT
2967,Repair broken intercom,Kwesi Amponsah,5,IN_PROGRESS,1,2027-01-13T18:44:00,Estates
2968,Repair cracked wall,Kwesi Amponsah,2,OPEN,3,2027-01-13T21:29:00,Security
2969,Fix jammed window,Kobina Quaye,1,OPEN,5,2027-01-13T22:57:00,Estates
2970,Service fire extinguisher,Kwame Owusu,4,OPEN,3,2027-01-13T23:20:00,Estates
2971,Repair broken paving,Kobina Quaye,2,CLOSED,2,2027-01-14T00:45:00,ICT
2972,Fix jammed window,Afia Agyeman,3,OPEN,3,2027-01-14T00:59:00,Estates
2973,Clear blocked drainage,Kwame Owusu,4,OPEN,3,2027-01-14T01:42:00,Estates
2974,Repair leaking tap,Yaa Asantewaa,3,IN_PROGRESS,3,2027-01-14T02:11:00,Estates
2975,Repair broken cabinet,Fiifi Ansah,5,ASSIGNED,2,2027-01-14T03:54:00,ICT
2976,Service elevator,Ama Mensah,4,ASSIGNED,3,2027-01-14T05:43:00,Estates
2977,Service air conditioner,Adwoa Frimpong,5,OPEN,3,2027-01-14T07:01:00,Estates
2978,Repair leaking tap,Kobina Quaye,3,OPEN,1,2027-01-14T08:54:00,ICT
2979,Replace faulty projector,Efua Sarpong,1,ASSIGNED,2,2027-01-14T11:05:00,Engineering
2980,Service air conditioner,Akua Nyarko,1,OPEN,2,2027-01-14T11:44:00,Engineering
2981,Service backup generator,Yaw Asante,3,OPEN,4,2027-01-14T13:54:00,Engineering
2982,Service air conditioner,Kwame Owusu,4,OPEN,3,2027-01-14T15:11:00,Estates
2983,Repair cracked wall,Adwoa Frimpong,4,OPEN,4,2027-01-14T15:23:00,ICT
2984,Service air conditioner,Kwame Owusu,4,OPEN,3,2027-01-14T16:28:00,Security
2985,Repair leaking tap,Kwaku Appiah,2,ASSIGNED,1,2027-01-14T17:15:00,Estates
2986,Repair broken intercom,Kofi Adjei,3,CLOSED,1,2027-01-14T18:47:00,ICT
2987,Repair broken cabinet,Aba Gyasi,4,IN_PROGRESS,5,2027-01-14T19:05:00,Estates
2988,Repair broken intercom,Kwabena Osei,4,OPEN,2,2027-01-14T20:13:00,Engineering
2989,Repair broken intercom,Kobina Quaye,1,CLOSED,1,2027-01-14T20:42:00,Estates
2990,Fix loose handrail,Aba Gyasi,5,IN_PROGRESS,3,2027-01-14T20:58:00,Estates
2991,Repair broken lock,Yaw Asante,5,OPEN,1,2027-01-14T23:47:00,Estates
2992,Repair broken cabinet,Akosua Boateng,3,IN_PROGRESS,2,2027-01-15T01:15:00,Engineering
2993,Unclog toilet,Abena Darko,3,IN_PROGRESS,3,2027-01-15T02:56:00,Estates
2994,Service elevator,Adwoa Frimpong,2,ASSIGNED,1,2027-01-15T04:49:00,Estates
2995,Fix flickering light,Kojo Boakye,4,CLOSED,5,2027-01-15T07:39:00,Estates
2996,Replace faulty projector,Akua Nyarko,1,CLOSED,5,2027-01-15T08:10:00,Security
2997,Repair damaged door,Adwoa Frimpong,2,OPEN,2,2027-01-15T10:19:00,ICT
2998,Fix water leak in ceiling,Aba Gyasi,5,OPEN,4,2027-01-15T12:29:00,ICT
2999,Repair broken fan,Akosua Boateng,1,ASSIGNED,4,2027-01-15T14:36:00,ICT
3000,Replace faulty projector,Fiifi Ansah,5,IN_PROGRESS,5,2027-01-15T15:50:00,Security
3001,Replace burnt out bulb,Yaw Asante,3,ASSIGNED,3,2027-01-15T16:56:00,Estates
3002,Fix broken window,Kwabena Osei,4,ASSIGNED,2,2027-01-15T19:29:00,ICT
3003,Clear blocked drainage,Kwaku Appiah,2,IN_PROGRESS,4,2027-01-15T19:43:00,Engineering
3004,Repair damaged floor tile,Kojo Boakye,1,CLOSED,3,2027-01-15T20:28:00,Estates
3005,Service elevator,Yaw Asante,1,CLOSED,5,2027-01-15T23:08:00,Estates
3006,Service fire extinguisher,Kwabena Osei,5,OPEN,1,2027-01-15T23:18:00,ICT
3007,Repair cracked wall,Esi Danquah,4,CLOSED,5,2027-01-16T02:16:00,Security
3008,Clear clogged sink,Fiifi Ansah,4,OPEN,2,2027-01-16T02:31:00,Engineering
3009,Fix flickering light,Yaa Asantewaa,1,ASSIGNED,2,2027-01-16T05:10:00,ICT
3010,Repair leaking tap,Akua Nyarko,3,OPEN,4,2027-01-16T07:09:00,ICT
3011,Repair broken intercom,Kwame Owusu,5,OPEN,1,2027-01-16T08:45:00,Estates
3012,Repair cracked wall,Aba Gyasi,2,ASSIGNED,2,2027-01-16T10:41:00,ICT
3013,Fix electrical fault,Afia Agyeman,3,ASSIGNED,5,2027-01-16T12:20:00,Security
3014,Service backup generator,Efua Sarpong,3,OPEN,1,2027-01-16T12:47:00,ICT
3015,Fix electrical fault,Ama Mensah,2,IN_PROGRESS,1,2027-01-16T13:09:00,ICT
3016,Repair damaged floor tile,Akosua Boateng,5,OPEN,5,2027-01-16T15:11:00,Security
3017,Fix flickering light,Adjoa Kufuor,2,ASSIGNED,5,2027-01-16T16:40:00,Security
3018,Repair leaking tap,Kwabena Osei,2,CLOSED,5,2027-01-16T19:26:00,Estates
3019,Unclog toilet,Kobina Quaye,1,CLOSED,1,2027-01-16T21:29:00,ICT
3020,Address pest issue,Yaa Asantewaa,1,CLOSED,4,2027-01-16T23:31:00,ICT
3021,Repair broken intercom,Esi Danquah,3,IN_PROGRESS,1,2027-01-17T00:29:00,ICT
3022,Repair broken intercom,Kwaku Appiah,3,IN_PROGRESS,2,2027-01-17T02:04:00,ICT
3023,Address pest issue,Kwame Owusu,5,OPEN,2,2027-01-17T04:52:00,ICT
3024,Repair broken paving,Abena Darko,5,OPEN,5,2027-01-17T05:11:00,Estates
3025,Clean overflowing gutter,Afia Agyeman,4,CLOSED,4,2027-01-17T06:35:00,ICT
3026,Service backup generator,Abena Darko,3,CLOSED,4,2027-01-17T08:19:00,ICT
3027,Service fire extinguisher,Esi Danquah,3,OPEN,3,2027-01-17T09:35:00,Estates
3028,Repair broken fan,Yaw Asante,2,OPEN,2,2027-01-17T09:45:00,Engineering
3029,Replace burnt out bulb,Esi Danquah,5,OPEN,5,2027-01-17T10:01:00,Security
3030,Repair squeaky door hinge,Efua Sarpong,1,ASSIGNED,1,2027-01-17T10:11:00,Estates
3031,Repair broken intercom,Kojo Boakye,1,IN_PROGRESS,2,2027-01-17T10:45:00,Engineering
3032,Repair broken lock,Yaa Asantewaa,4,IN_PROGRESS,5,2027-01-17T13:22:00,Security
3033,Fix damaged ceiling tile,Kojo Boakye,4,OPEN,5,2027-01-17T14:01:00,Estates
3034,Unclog toilet,Kwesi Amponsah,3,CLOSED,1,2027-01-17T15:52:00,ICT
3035,Fix loose handrail,Kobina Quaye,3,IN_PROGRESS,1,2027-01-17T16:59:00,ICT
3036,Repair cracked wall,Efua Sarpong,2,IN_PROGRESS,4,2027-01-17T19:00:00,Engineering
3037,Service elevator,Yaw Asante,1,ASSIGNED,4,2027-01-17T19:43:00,ICT
3038,Repair leaking tap,Kofi Adjei,5,IN_PROGRESS,1,2027-01-17T21:30:00,Estates
3039,Replace worn carpet,Efua Sarpong,1,IN_PROGRESS,4,2027-01-17T23:04:00,ICT
3040,Clean overflowing gutter,Fiifi Ansah,4,CLOSED,5,2027-01-18T00:52:00,Estates
3041,Service fire extinguisher,Kobina Quaye,4,CLOSED,5,2027-01-18T01:51:00,Security
3042,Clear blocked drainage,Adjoa Kufuor,1,OPEN,3,2027-01-18T04:36:00,Estates
3043,Repair broken lock,Afia Agyeman,1,IN_PROGRESS,5,2027-01-18T07:08:00,Estates
3044,Repair squeaky door hinge,Kwabena Osei,4,CLOSED,3,2027-01-18T08:23:00,Security
3045,Service backup generator,Kwame Owusu,5,ASSIGNED,4,2027-01-18T11:11:00,Engineering
3046,Fix flickering light,Kwesi Amponsah,4,ASSIGNED,3,2027-01-18T13:20:00,Estates
3047,Fix jammed window,Abena Darko,3,OPEN,2,2027-01-18T15:45:00,ICT
3048,Fix broken window,Kwesi Amponsah,5,OPEN,5,2027-01-18T15:58:00,Security
3049,Service backup generator,Abena Darko,3,ASSIGNED,4,2027-01-18T16:48:00,ICT
3050,Fix loose handrail,Kofi Adjei,1,IN_PROGRESS,1,2027-01-18T17:15:00,ICT
3051,Repair broken cabinet,Ama Mensah,5,CLOSED,4,2027-01-18T19:08:00,ICT
3052,Repair leaking tap,Kojo Boakye,4,CLOSED,4,2027-01-18T19:40:00,Engineering
3053,Service fire extinguisher,Kofi Adjei,3,OPEN,5,2027-01-18T21:58:00,Estates
3054,Clean overflowing gutter,Efua Sarpong,5,OPEN,3,2027-01-18T23:40:00,Security
3055,Repair broken paving,Kwame Owusu,3,IN_PROGRESS,3,2027-01-19T02:33:00,Security
3056,Fix damaged ceiling tile,Kobina Quaye,5,ASSIGNED,3,2027-01-19T03:42:00,Estates
3057,Repair damaged floor tile,Kojo Boakye,5,IN_PROGRESS,5,2027-01-19T04:56:00,Security
3058,Fix broken chair,Aba Gyasi,5,ASSIGNED,5,2027-01-19T06:11:00,Security
3059,Fix jammed window,Kojo Boakye,3,CLOSED,1,2027-01-19T08:55:00,Estates
3060,Fix electrical fault,Abena Darko,1,ASSIGNED,2,2027-01-19T09:24:00,ICT
3061,Replace faulty projector,Kwesi Amponsah,5,IN_PROGRESS,4,2027-01-19T12:12:00,Engineering
3062,Clear blocked drainage,Yaa Asantewaa,1,ASSIGNED,5,2027-01-19T12:27:00,Estates
3063,Fix loose handrail,Akua Nyarko,1,OPEN,2,2027-01-19T13:47:00,ICT
3064,Repair cracked wall,Adwoa Frimpong,3,OPEN,5,2027-01-19T16:31:00,Security
3065,Clear clogged sink,Esi Danquah,5,ASSIGNED,1,2027-01-19T17:32:00,Estates
3066,Repair damaged door,Yaa Asantewaa,1,ASSIGNED,3,2027-01-19T19:00:00,Security
3067,Service backup generator,Efua Sarpong,1,CLOSED,3,2027-01-19T21:24:00,Estates
3068,Repair cracked wall,Kwame Owusu,4,ASSIGNED,5,2027-01-19T21:49:00,Estates
3069,Address pest issue,Ama Mensah,1,IN_PROGRESS,4,2027-01-19T23:24:00,ICT
3070,Fix loose handrail,Kojo Boakye,1,IN_PROGRESS,2,2027-01-20T01:37:00,Engineering
3071,Replace burnt out bulb,Kojo Boakye,1,OPEN,4,2027-01-20T02:40:00,ICT
3072,Clear blocked drainage,Yaa Asantewaa,1,CLOSED,3,2027-01-20T04:01:00,Security
3073,Address pest issue,Afia Agyeman,4,IN_PROGRESS,2,2027-01-20T06:48:00,ICT
3074,Repair cracked wall,Kwabena Osei,4,ASSIGNED,3,2027-01-20T08:05:00,Estates
3075,Repair broken fan,Kofi Adjei,4,IN_PROGRESS,3,2027-01-20T10:08:00,Estates
3076,Replace faulty projector,Kojo Boakye,1,OPEN,4,2027-01-20T11:09:00,ICT
3077,Fix water leak in ceiling,Adwoa Frimpong,1,IN_PROGRESS,4,2027-01-20T11:39:00,Engineering
3078,Replace faulty projector,Kobina Quaye,2,ASSIGNED,3,2027-01-20T12:04:00,Estates
3079,Repair broken paving,Aba Gyasi,4,CLOSED,5,2027-01-20T13:38:00,Security
3080,Fix loose handrail,Adjoa Kufuor,4,ASSIGNED,4,2027-01-20T16:28:00,Engineering
3081,Repair leaking tap,Efua Sarpong,2,OPEN,4,2027-01-20T17:44:00,ICT
3082,Fix electrical fault,Yaw Asante,2,ASSIGNED,4,2027-01-20T19:06:00,Engineering
3083,Repair cracked wall,Kofi Adjei,4,CLOSED,1,2027-01-20T21:32:00,Estates
3084,Replace worn carpet,Kwabena Osei,4,ASSIGNED,4,2027-01-20T22:28:00,ICT
3085,Fix electrical fault,Adwoa Frimpong,3,IN_PROGRESS,4,2027-01-21T00:34:00,Engineering
3086,Clear clogged sink,Kwesi Amponsah,5,IN_PROGRESS,3,2027-01-21T01:43:00,Estates
3087,Repair broken lock,Yaa Asantewaa,5,ASSIGNED,5,2027-01-21T04:27:00,Security
3088,Fix broken chair,Kofi Adjei,2,IN_PROGRESS,2,2027-01-21T07:25:00,Engineering
3089,Replace faulty projector,Akua Nyarko,3,CLOSED,5,2027-01-21T09:27:00,Estates
3090,Repair broken fan,Abena Darko,5,IN_PROGRESS,4,2027-01-21T11:08:00,ICT
3091,Repair broken cabinet,Kwaku Appiah,4,IN_PROGRESS,1,2027-01-21T13:41:00,Estates
3092,Replace faulty projector,Adwoa Frimpong,2,ASSIGNED,5,2027-01-21T15:45:00,Security
3093,Repair broken lock,Akosua Boateng,3,IN_PROGRESS,3,2027-01-21T18:07:00,Estates
3094,Repair cracked wall,Adwoa Frimpong,2,OPEN,5,2027-01-21T19:26:00,Security
3095,Clean overflowing gutter,Akua Nyarko,3,OPEN,5,2027-01-21T20:37:00,Estates
3096,Repair damaged door,Aba Gyasi,3,CLOSED,2,2027-01-21T21:02:00,Engineering
3097,Fix jammed window,Afia Agyeman,5,ASSIGNED,5,2027-01-21T22:29:00,Security
3098,Fix jammed window,Kwaku Appiah,4,OPEN,5,2027-01-22T00:57:00,Security
3099,Fix broken window,Kwesi Amponsah,4,CLOSED,3,2027-01-22T03:11:00,Estates
3100,Repair broken lock,Adjoa Kufuor,4,OPEN,1,2027-01-22T04:50:00,Estates
3101,Fix damaged ceiling tile,Afia Agyeman,1,CLOSED,5,2027-01-22T06:27:00,Security
3102,Repair broken cabinet,Esi Danquah,2,ASSIGNED,4,2027-01-22T06:53:00,Engineering
3103,Repair broken cabinet,Fiifi Ansah,4,OPEN,4,2027-01-22T08:03:00,Engineering
3104,Replace burnt out bulb,Akosua Boateng,5,IN_PROGRESS,3,2027-01-22T10:56:00,Estates
3105,Service elevator,Yaw Asante,4,OPEN,1,2027-01-22T12:54:00,ICT
3106,Fix damaged ceiling tile,Kojo Boakye,2,CLOSED,4,2027-01-22T15:06:00,ICT
3107,Fix broken chair,Kwaku Appiah,5,CLOSED,1,2027-01-22T16:02:00,Estates
3108,Fix water leak in ceiling,Kojo Boakye,5,ASSIGNED,2,2027-01-22T17:17:00,ICT
3109,Repair damaged floor tile,Kwaku Appiah,1,IN_PROGRESS,1,2027-01-22T17:53:00,ICT
3110,Fix flickering light,Efua Sarpong,3,ASSIGNED,5,2027-01-22T20:00:00,Estates
3111,Address pest issue,Efua Sarpong,5,ASSIGNED,3,2027-01-22T20:59:00,Estates
3112,Clear clogged sink,Akosua Boateng,2,IN_PROGRESS,1,2027-01-22T22:23:00,Estates
3113,Unclog toilet,Efua Sarpong,3,ASSIGNED,2,2027-01-23T00:00:00,Engineering
3114,Fix damaged ceiling tile,Akua Nyarko,5,CLOSED,1,2027-01-23T01:38:00,Estates
3115,Service air conditioner,Kobina Quaye,3,OPEN,2,2027-01-23T04:10:00,ICT
3116,Repair broken intercom,Ama Mensah,4,ASSIGNED,1,2027-01-23T06:15:00,Estates
3117,Replace burnt out bulb,Yaw Asante,4,CLOSED,4,2027-01-23T06:54:00,Engineering
3118,Clean overflowing gutter,Abena Darko,2,ASSIGNED,3,2027-01-23T08:06:00,Security
3119,Address pest issue,Ama Mensah,2,CLOSED,3,2027-01-23T09:45:00,Estates
3120,Repair broken intercom,Akosua Boateng,1,OPEN,2,2027-01-23T10:39:00,ICT
3121,Repair broken lock,Akua Nyarko,5,OPEN,3,2027-01-23T12:32:00,Security
3122,Clear clogged sink,Kwaku Appiah,4,OPEN,5,2027-01-23T15:08:00,Estates
3123,Fix electrical fault,Afia Agyeman,5,IN_PROGRESS,1,2027-01-23T15:18:00,ICT
3124,Replace burnt out bulb,Kofi Adjei,1,OPEN,2,2027-01-23T17:49:00,Engineering
3125,Fix broken chair,Yaa Asantewaa,4,CLOSED,3,2027-01-23T19:23:00,Estates
3126,Fix flickering light,Fiifi Ansah,5,IN_PROGRESS,2,2027-01-23T21:33:00,Engineering
3127,Service elevator,Kwabena Osei,4,IN_PROGRESS,2,2027-01-23T23:51:00,Engineering
3128,Fix damaged ceiling tile,Kobina Quaye,5,CLOSED,3,2027-01-24T01:20:00,Security
3129,Clear clogged sink,Efua Sarpong,4,CLOSED,1,2027-01-24T02:19:00,ICT
3130,Repair leaking tap,Kojo Boakye,1,OPEN,2,2027-01-24T05:11:00,ICT
3131,Fix flickering light,Aba Gyasi,2,IN_PROGRESS,5,2027-01-24T05:58:00,Estates
3132,Repair broken lock,Adwoa Frimpong,2,IN_PROGRESS,1,2027-01-24T07:16:00,Estates
3133,Fix flickering light,Esi Danquah,5,CLOSED,3,2027-01-24T09:16:00,Estates
3134,Fix water leak in ceiling,Efua Sarpong,1,OPEN,1,2027-01-24T11:34:00,Estates
3135,Repair damaged door,Kobina Quaye,5,ASSIGNED,1,2027-01-24T13:54:00,Estates
3136,Fix electrical fault,Ama Mensah,3,IN_PROGRESS,5,2027-01-24T14:30:00,Security
3137,Clear blocked drainage,Afia Agyeman,5,CLOSED,3,2027-01-24T16:29:00,Security
3138,Replace faulty projector,Kwabena Osei,1,ASSIGNED,1,2027-01-24T18:50:00,ICT
3139,Service fire extinguisher,Adwoa Frimpong,4,ASSIGNED,1,2027-01-24T20:23:00,Estates
3140,Repair broken intercom,Adwoa Frimpong,2,CLOSED,1,2027-01-24T21:03:00,Estates
3141,Fix water leak in ceiling,Adwoa Frimpong,2,OPEN,4,2027-01-24T22:44:00,Engineering
3142,Unclog toilet,Kobina Quaye,3,IN_PROGRESS,1,2027-01-25T00:22:00,Estates
3143,Clear blocked drainage,Esi Danquah,5,IN_PROGRESS,5,2027-01-25T02:59:00,Security
3144,Fix loose handrail,Kwame Owusu,5,CLOSED,1,2027-01-25T05:48:00,ICT
3145,Clear blocked drainage,Esi Danquah,4,ASSIGNED,2,2027-01-25T07:12:00,Engineering
3146,Repair broken paving,Yaa Asantewaa,5,ASSIGNED,5,2027-01-25T07:26:00,Security
3147,Fix damaged ceiling tile,Kobina Quaye,1,CLOSED,2,2027-01-25T07:42:00,Engineering
3148,Repair leaking tap,Yaw Asante,1,ASSIGNED,1,2027-01-25T10:05:00,ICT
3149,Fix flickering light,Kojo Boakye,3,OPEN,2,2027-01-25T10:19:00,Engineering
3150,Service backup generator,Abena Darko,3,CLOSED,3,2027-01-25T13:10:00,Security
3151,Replace faulty projector,Ama Mensah,5,ASSIGNED,4,2027-01-25T13:52:00,Engineering
3152,Address pest issue,Abena Darko,1,ASSIGNED,1,2027-01-25T14:52:00,ICT
3153,Repair broken cabinet,Kofi Adjei,3,IN_PROGRESS,2,2027-01-25T16:52:00,Engineering
3154,Fix flickering light,Esi Danquah,1,OPEN,5,2027-01-25T18:18:00,Security
3155,Fix electrical fault,Yaw Asante,4,IN_PROGRESS,3,2027-01-25T19:50:00,Security
3156,Replace faulty projector,Akua Nyarko,4,IN_PROGRESS,2,2027-01-25T21:12:00,ICT
3157,Repair broken paving,Kobina Quaye,2,ASSIGNED,3,2027-01-25T21:42:00,Estates
3158,Repair leaking tap,Kwabena Osei,5,IN_PROGRESS,5,2027-01-26T00:32:00,Security
3159,Repair broken intercom,Kojo Boakye,4,ASSIGNED,5,2027-01-26T02:23:00,Security
3160,Clear blocked drainage,Fiifi Ansah,3,IN_PROGRESS,1,2027-01-26T03:12:00,ICT
3161,Fix jammed window,Abena Darko,5,OPEN,4,2027-01-26T04:28:00,Engineering
3162,Fix loose handrail,Fiifi Ansah,5,IN_PROGRESS,5,2027-01-26T04:46:00,Security
3163,Repair broken intercom,Akua Nyarko,4,ASSIGNED,2,2027-01-26T07:14:00,Engineering
3164,Fix water leak in ceiling,Ama Mensah,2,ASSIGNED,2,2027-01-26T08:13:00,ICT
3165,Replace faulty projector,Yaa Asantewaa,5,IN_PROGRESS,2,2027-01-26T09:02:00,ICT
3166,Fix electrical fault,Abena Darko,1,ASSIGNED,4,2027-01-26T11:24:00,ICT
3167,Clear blocked drainage,Abena Darko,3,CLOSED,5,2027-01-26T13:55:00,Estates
3168,Service air conditioner,Adwoa Frimpong,1,ASSIGNED,5,2027-01-26T16:52:00,Estates
3169,Fix jammed window,Kojo Boakye,1,ASSIGNED,1,2027-01-26T18:04:00,Estates
3170,Unclog toilet,Fiifi Ansah,3,ASSIGNED,1,2027-01-26T18:23:00,Estates
3171,Service fire extinguisher,Adwoa Frimpong,5,CLOSED,1,2027-01-26T19:22:00,Estates
3172,Fix broken window,Akua Nyarko,3,CLOSED,1,2027-01-26T20:55:00,ICT
3173,Address pest issue,Yaa Asantewaa,4,OPEN,5,2027-01-26T21:42:00,Estates
3174,Service fire extinguisher,Kobina Quaye,5,ASSIGNED,3,2027-01-26T22:31:00,Estates
3175,Replace burnt out bulb,Efua Sarpong,1,ASSIGNED,1,2027-01-27T01:17:00,Estates
3176,Fix water leak in ceiling,Afia Agyeman,1,OPEN,5,2027-01-27T01:54:00,Estates
3177,Unclog toilet,Kwame Owusu,5,ASSIGNED,3,2027-01-27T02:44:00,Estates
3178,Repair broken intercom,Akosua Boateng,2,OPEN,3,2027-01-27T04:39:00,Estates
3179,Clear blocked drainage,Kwame Owusu,1,OPEN,4,2027-01-27T07:01:00,ICT
3180,Fix jammed window,Ama Mensah,1,ASSIGNED,2,2027-01-27T08:07:00,ICT
3181,Fix electrical fault,Kojo Boakye,4,CLOSED,5,2027-01-27T09:43:00,Estates
3182,Repair broken cabinet,Abena Darko,4,ASSIGNED,2,2027-01-27T12:13:00,ICT
3183,Fix broken chair,Kwesi Amponsah,4,CLOSED,1,2027-01-27T13:24:00,ICT
3184,Unclog toilet,Aba Gyasi,1,ASSIGNED,2,2027-01-27T15:38:00,ICT
3185,Repair broken cabinet,Aba Gyasi,3,OPEN,2,2027-01-27T17:15:00,ICT
3186,Repair cracked wall,Akosua Boateng,4,ASSIGNED,3,2027-01-27T19:39:00,Estates
3187,Repair broken lock,Esi Danquah,2,OPEN,4,2027-01-27T21:13:00,Engineering
3188,Repair broken lock,Kwesi Amponsah,1,CLOSED,5,2027-01-27T22:10:00,Estates
3189,Repair broken cabinet,Kwaku Appiah,5,ASSIGNED,3,2027-01-27T23:49:00,Estates
3190,Address pest issue,Akosua Boateng,5,ASSIGNED,1,2027-01-28T01:25:00,ICT
3191,Fix flickering light,Afia Agyeman,3,OPEN,3,2027-01-28T02:17:00,Security
3192,Service air conditioner,Esi Danquah,2,OPEN,3,2027-01-28T03:02:00,Estates
3193,Clear clogged sink,Fiifi Ansah,4,CLOSED,3,2027-01-28T04:19:00,Estates
3194,Fix broken window,Ama Mensah,2,IN_PROGRESS,2,2027-01-28T07:18:00,ICT
3195,Address pest issue,Yaw Asante,2,IN_PROGRESS,4,2027-01-28T09:06:00,Engineering
3196,Repair cracked wall,Akua Nyarko,4,ASSIGNED,2,2027-01-28T10:35:00,ICT
3197,Fix broken chair,Yaa Asantewaa,4,OPEN,1,2027-01-28T11:12:00,Estates
3198,Replace burnt out bulb,Kwame Owusu,2,OPEN,3,2027-01-28T11:37:00,Estates
3199,Repair leaking tap,Yaw Asante,1,OPEN,1,2027-01-28T11:51:00,Estates
3200,Repair broken intercom,Kwesi Amponsah,2,OPEN,3,2027-01-28T13:18:00,Security
3201,Fix water leak in ceiling,Fiifi Ansah,1,CLOSED,2,2027-01-28T16:12:00,Engineering
3202,Repair broken paving,Aba Gyasi,2,IN_PROGRESS,3,2027-01-28T19:11:00,Security
3203,Service fire extinguisher,Efua Sarpong,4,OPEN,4,2027-01-28T19:27:00,ICT
3204,Fix flickering light,Esi Danquah,5,IN_PROGRESS,3,2027-01-28T21:19:00,Security
3205,Fix electrical fault,Kojo Boakye,5,ASSIGNED,5,2027-01-28T22:16:00,Estates
3206,Replace burnt out bulb,Yaa Asantewaa,1,CLOSED,3,2027-01-28T22:42:00,Estates
3207,Fix flickering light,Kojo Boakye,4,OPEN,4,2027-01-29T01:30:00,ICT
3208,Replace burnt out bulb,Kobina Quaye,4,ASSIGNED,4,2027-01-29T02:28:00,ICT
3209,Repair broken paving,Yaw Asante,5,CLOSED,1,2027-01-29T03:06:00,ICT
3210,Service fire extinguisher,Yaa Asantewaa,2,OPEN,4,2027-01-29T03:28:00,ICT
3211,Fix damaged ceiling tile,Esi Danquah,1,IN_PROGRESS,1,2027-01-29T04:14:00,Estates
3212,Repair broken paving,Kobina Quaye,2,OPEN,2,2027-01-29T05:58:00,ICT
3213,Clear blocked drainage,Kwesi Amponsah,2,OPEN,2,2027-01-29T08:29:00,ICT
3214,Repair damaged floor tile,Aba Gyasi,4,ASSIGNED,4,2027-01-29T10:29:00,Engineering
3215,Fix water leak in ceiling,Kwame Owusu,4,OPEN,3,2027-01-29T13:08:00,Security
3216,Fix loose handrail,Yaw Asante,1,ASSIGNED,5,2027-01-29T13:35:00,Estates
3217,Repair squeaky door hinge,Kobina Quaye,1,CLOSED,5,2027-01-29T14:17:00,Estates
3218,Repair cracked wall,Yaa Asantewaa,5,ASSIGNED,4,2027-01-29T15:49:00,Engineering
3219,Repair damaged door,Abena Darko,4,CLOSED,2,2027-01-29T17:16:00,Engineering
3220,Clean overflowing gutter,Kwesi Amponsah,4,IN_PROGRESS,3,2027-01-29T19:36:00,Security
3221,Fix loose handrail,Adwoa Frimpong,4,IN_PROGRESS,2,2027-01-29T20:03:00,Engineering
3222,Repair broken fan,Ama Mensah,3,IN_PROGRESS,4,2027-01-29T20:19:00,ICT
3223,Fix damaged ceiling tile,Esi Danquah,5,OPEN,4,2027-01-29T20:46:00,Engineering
3224,Replace faulty projector,Efua Sarpong,4,CLOSED,3,2027-01-29T21:08:00,Security
3225,Unclog toilet,Kwesi Amponsah,2,ASSIGNED,5,2027-01-29T22:01:00,Estates
3226,Service elevator,Kwame Owusu,3,ASSIGNED,2,2027-01-29T23:50:00,Engineering
3227,Service air conditioner,Adjoa Kufuor,5,OPEN,4,2027-01-30T00:29:00,ICT
3228,Fix jammed window,Kwaku Appiah,2,OPEN,1,2027-01-30T02:44:00,Estates
3229,Replace worn carpet,Afia Agyeman,4,CLOSED,4,2027-01-30T04:07:00,ICT
3230,Repair broken lock,Kwabena Osei,2,IN_PROGRESS,3,2027-01-30T04:49:00,Security
3231,Service elevator,Esi Danquah,3,CLOSED,1,2027-01-30T06:20:00,Estates
3232,Unclog toilet,Yaa Asantewaa,3,IN_PROGRESS,1,2027-01-30T07:55:00,Estates
3233,Fix loose handrail,Ama Mensah,4,IN_PROGRESS,5,2027-01-30T10:48:00,Estates
3234,Repair cracked wall,Kwame Owusu,3,IN_PROGRESS,1,2027-01-30T12:51:00,ICT
3235,Repair leaking tap,Ama Mensah,1,ASSIGNED,3,2027-01-30T13:54:00,Security
3236,Repair damaged door,Esi Danquah,2,CLOSED,1,2027-01-30T14:30:00,ICT
3237,Repair cracked wall,Kofi Adjei,5,IN_PROGRESS,5,2027-01-30T15:07:00,Security
3238,Fix jammed window,Efua Sarpong,3,OPEN,3,2027-01-30T17:11:00,Security
3239,Repair broken paving,Kofi Adjei,3,CLOSED,3,2027-01-30T20:06:00,Security
3240,Fix broken chair,Adjoa Kufuor,3,ASSIGNED,1,2027-01-30T22:16:00,ICT
3241,Repair broken paving,Efua Sarpong,3,OPEN,2,2027-01-30T23:44:00,Engineering
3242,Repair broken cabinet,Efua Sarpong,2,OPEN,3,2027-01-31T02:03:00,Estates
3243,Clear blocked drainage,Ama Mensah,4,OPEN,2,2027-01-31T03:23:00,ICT
3244,Repair broken lock,Kofi Adjei,4,ASSIGNED,5,2027-01-31T03:43:00,Estates
3245,Repair broken fan,Kwaku Appiah,4,OPEN,1,2027-01-31T05:04:00,Estates
3246,Repair broken lock,Kofi Adjei,3,OPEN,4,2027-01-31T06:13:00,ICT
3247,Service air conditioner,Kobina Quaye,3,ASSIGNED,5,2027-01-31T07:04:00,Security
3248,Replace faulty projector,Yaa Asantewaa,1,ASSIGNED,5,2027-01-31T07:59:00,Security
3249,Fix damaged ceiling tile,Kobina Quaye,4,CLOSED,3,2027-01-31T09:50:00,Estates
3250,Repair broken fan,Adwoa Frimpong,3,IN_PROGRESS,1,2027-01-31T12:18:00,ICT
3251,Unclog toilet,Kobina Quaye,3,OPEN,2,2027-01-31T14:09:00,ICT
3252,Replace faulty projector,Adjoa Kufuor,5,ASSIGNED,1,2027-01-31T15:02:00,Estates
3253,Replace faulty projector,Afia Agyeman,2,OPEN,4,2027-01-31T16:28:00,Engineering
3254,Service air conditioner,Kwaku Appiah,3,OPEN,2,2027-01-31T18:10:00,ICT
3255,Fix loose handrail,Kofi Adjei,5,ASSIGNED,4,2027-01-31T20:51:00,ICT
3256,Repair squeaky door hinge,Akosua Boateng,3,IN_PROGRESS,3,2027-01-31T22:31:00,Security
3257,Fix broken window,Kwame Owusu,4,CLOSED,2,2027-01-31T23:26:00,Engineering
3258,Fix loose handrail,Kwame Owusu,4,ASSIGNED,3,2027-01-31T23:56:00,Estates
3259,Repair broken lock,Adwoa Frimpong,5,CLOSED,2,2027-02-01T02:29:00,ICT
3260,Replace worn carpet,Abena Darko,4,ASSIGNED,5,2027-02-01T04:48:00,Estates
3261,Repair broken cabinet,Kojo Boakye,1,OPEN,3,2027-02-01T07:16:00,Estates
3262,Service backup generator,Fiifi Ansah,4,CLOSED,4,2027-02-01T10:16:00,ICT
3263,Service air conditioner,Akosua Boateng,2,OPEN,5,2027-02-01T10:56:00,Security
3264,Repair damaged door,Abena Darko,5,OPEN,3,2027-02-01T13:34:00,Estates
3265,Repair broken lock,Esi Danquah,3,OPEN,2,2027-02-01T14:37:00,ICT
3266,Repair cracked wall,Kwabena Osei,2,OPEN,3,2027-02-01T16:28:00,Estates
3267,Unclog toilet,Afia Agyeman,1,OPEN,5,2027-02-01T18:58:00,Estates
3268,Service air conditioner,Kojo Boakye,3,ASSIGNED,1,2027-02-01T20:55:00,Estates
3269,Replace worn carpet,Kwabena Osei,2,IN_PROGRESS,3,2027-02-01T23:04:00,Estates
3270,Repair damaged door,Yaw Asante,3,IN_PROGRESS,5,2027-02-01T23:28:00,Estates
3271,Repair broken intercom,Kwame Owusu,3,ASSIGNED,1,2027-02-02T02:14:00,ICT
3272,Repair damaged door,Aba Gyasi,4,IN_PROGRESS,4,2027-02-02T02:36:00,Engineering
3273,Clear blocked drainage,Kobina Quaye,1,IN_PROGRESS,3,2027-02-02T04:01:00,Security
3274,Repair broken lock,Kwame Owusu,2,IN_PROGRESS,3,2027-02-02T06:16:00,Estates
3275,Address pest issue,Ama Mensah,2,ASSIGNED,4,2027-02-02T06:34:00,ICT
3276,Repair broken intercom,Kofi Adjei,3,ASSIGNED,2,2027-02-02T08:39:00,ICT
3277,Repair leaking tap,Kwesi Amponsah,5,IN_PROGRESS,3,2027-02-02T10:30:00,Security
3278,Replace worn carpet,Kobina Quaye,1,CLOSED,3,2027-02-02T11:01:00,Estates
3279,Fix broken window,Kofi Adjei,4,ASSIGNED,3,2027-02-02T12:11:00,Security
3280,Repair broken intercom,Esi Danquah,5,ASSIGNED,1,2027-02-02T12:40:00,Estates
3281,Fix jammed window,Kofi Adjei,4,OPEN,2,2027-02-02T15:24:00,Engineering
3282,Fix flickering light,Kwesi Amponsah,2,IN_PROGRESS,5,2027-02-02T17:17:00,Security
3283,Repair squeaky door hinge,Adjoa Kufuor,3,OPEN,2,2027-02-02T18:56:00,ICT
3284,Repair broken paving,Kojo Boakye,1,ASSIGNED,4,2027-02-02T21:08:00,ICT
3285,Fix broken window,Adwoa Frimpong,3,CLOSED,3,2027-02-02T21:59:00,Security
3286,Service elevator,Ama Mensah,4,IN_PROGRESS,5,2027-02-03T00:00:00,Security
3287,Fix broken chair,Kwame Owusu,5,OPEN,2,2027-02-03T02:59:00,ICT
3288,Replace burnt out bulb,Kojo Boakye,1,ASSIGNED,2,2027-02-03T05:19:00,Engineering
3289,Service elevator,Fiifi Ansah,4,ASSIGNED,5,2027-02-03T07:08:00,Security
3290,Repair leaking tap,Esi Danquah,5,ASSIGNED,5,2027-02-03T09:36:00,Security
3291,Repair leaking tap,Kwame Owusu,2,CLOSED,3,2027-02-03T09:59:00,Estates
3292,Fix flickering light,Abena Darko,4,IN_PROGRESS,4,2027-02-03T10:12:00,ICT
3293,Service backup generator,Ama Mensah,5,OPEN,1,2027-02-03T12:22:00,ICT
3294,Repair broken lock,Akosua Boateng,3,OPEN,1,2027-02-03T13:28:00,Estates
3295,Fix broken chair,Kwaku Appiah,2,ASSIGNED,1,2027-02-03T15:38:00,Estates
3296,Fix broken window,Efua Sarpong,4,CLOSED,5,2027-02-03T18:16:00,Security
3297,Address pest issue,Adwoa Frimpong,2,ASSIGNED,5,2027-02-03T20:52:00,Estates
3298,Repair squeaky door hinge,Kwabena Osei,4,IN_PROGRESS,4,2027-02-03T23:38:00,Engineering
3299,Clear clogged sink,Kwesi Amponsah,1,IN_PROGRESS,5,2027-02-04T00:24:00,Security
3300,Repair broken intercom,Yaa Asantewaa,5,ASSIGNED,2,2027-02-04T03:11:00,ICT
3301,Repair broken fan,Ama Mensah,5,IN_PROGRESS,4,2027-02-04T06:11:00,Engineering
3302,Repair leaking tap,Aba Gyasi,2,OPEN,1,2027-02-04T07:28:00,Estates
3303,Unclog toilet,Kwesi Amponsah,3,CLOSED,2,2027-02-04T08:15:00,Engineering
3304,Fix flickering light,Adwoa Frimpong,2,ASSIGNED,2,2027-02-04T09:57:00,Engineering
3305,Fix broken window,Kofi Adjei,2,OPEN,2,2027-02-04T12:10:00,ICT
3306,Repair damaged door,Akua Nyarko,1,IN_PROGRESS,3,2027-02-04T13:20:00,Security
3307,Replace worn carpet,Kwaku Appiah,3,ASSIGNED,4,2027-02-04T14:17:00,Engineering
3308,Repair broken intercom,Akosua Boateng,4,OPEN,1,2027-02-04T15:53:00,ICT
3309,Repair broken intercom,Kobina Quaye,3,CLOSED,4,2027-02-04T17:18:00,Engineering
3310,Service elevator,Afia Agyeman,1,CLOSED,2,2027-02-04T19:56:00,ICT
3311,Service backup generator,Efua Sarpong,5,ASSIGNED,3,2027-02-04T21:28:00,Security
3312,Service fire extinguisher,Akosua Boateng,5,OPEN,3,2027-02-04T21:54:00,Security
3313,Repair damaged door,Abena Darko,5,OPEN,2,2027-02-05T00:00:00,ICT
3314,Address pest issue,Yaa Asantewaa,1,IN_PROGRESS,1,2027-02-05T01:52:00,ICT
3315,Fix jammed window,Fiifi Ansah,3,CLOSED,2,2027-02-05T04:30:00,Engineering
3316,Fix damaged ceiling tile,Afia Agyeman,3,ASSIGNED,1,2027-02-05T06:37:00,ICT
3317,Repair damaged floor tile,Afia Agyeman,5,ASSIGNED,5,2027-02-05T09:19:00,Security
3318,Replace burnt out bulb,Kojo Boakye,3,CLOSED,1,2027-02-05T10:04:00,Estates
3319,Service backup generator,Kwesi Amponsah,2,ASSIGNED,5,2027-02-05T10:40:00,Estates
3320,Fix damaged ceiling tile,Adwoa Frimpong,2,OPEN,1,2027-02-05T11:40:00,ICT
3321,Service elevator,Abena Darko,1,ASSIGNED,1,2027-02-05T12:29:00,ICT
3322,Repair damaged door,Kofi Adjei,2,OPEN,4,2027-02-05T13:48:00,ICT
3323,Repair cracked wall,Yaw Asante,5,CLOSED,2,2027-02-05T14:31:00,Engineering
3324,Repair leaking tap,Kwabena Osei,3,ASSIGNED,2,2027-02-05T17:08:00,ICT
3325,Service air conditioner,Kwame Owusu,2,IN_PROGRESS,1,2027-02-05T18:41:00,ICT
3326,Address pest issue,Ama Mensah,5,IN_PROGRESS,3,2027-02-05T21:14:00,Estates
3327,Service air conditioner,Ama Mensah,3,ASSIGNED,2,2027-02-05T23:25:00,ICT
3328,Address pest issue,Afia Agyeman,2,CLOSED,3,2027-02-06T00:30:00,Estates
3329,Fix jammed window,Kwaku Appiah,1,IN_PROGRESS,3,2027-02-06T00:56:00,Estates
3330,Repair broken paving,Abena Darko,3,OPEN,1,2027-02-06T02:04:00,ICT
3331,Service backup generator,Abena Darko,2,CLOSED,1,2027-02-06T03:20:00,ICT
3332,Fix broken chair,Yaw Asante,4,CLOSED,5,2027-02-06T04:52:00,Security
3333,Replace faulty projector,Kojo Boakye,5,OPEN,5,2027-02-06T05:39:00,Security
3334,Clear clogged sink,Adjoa Kufuor,1,OPEN,5,2027-02-06T07:16:00,Estates
3335,Repair broken lock,Yaw Asante,5,ASSIGNED,5,2027-02-06T08:54:00,Estates
3336,Repair broken cabinet,Kofi Adjei,3,CLOSED,1,2027-02-06T10:53:00,Estates
3337,Repair broken paving,Kwesi Amponsah,3,OPEN,5,2027-02-06T11:30:00,Security
3338,Replace burnt out bulb,Abena Darko,5,CLOSED,4,2027-02-06T12:05:00,ICT
3339,Repair broken lock,Kwesi Amponsah,4,OPEN,1,2027-02-06T14:01:00,Estates
3340,Address pest issue,Adwoa Frimpong,2,OPEN,1,2027-02-06T14:13:00,ICT
3341,Repair damaged floor tile,Esi Danquah,1,OPEN,1,2027-02-06T15:23:00,ICT
3342,Service elevator,Aba Gyasi,3,CLOSED,3,2027-02-06T15:34:00,Security
3343,Repair broken lock,Fiifi Ansah,5,ASSIGNED,1,2027-02-06T16:11:00,Estates
3344,Clear clogged sink,Kwaku Appiah,2,CLOSED,1,2027-02-06T19:00:00,ICT
3345,Service backup generator,Kwame Owusu,3,OPEN,4,2027-02-06T19:46:00,ICT
3346,Replace burnt out bulb,Akosua Boateng,5,IN_PROGRESS,4,2027-02-06T22:32:00,Engineering
3347,Clean overflowing gutter,Kwaku Appiah,3,IN_PROGRESS,1,2027-02-07T00:35:00,ICT
3348,Fix water leak in ceiling,Adwoa Frimpong,1,CLOSED,5,2027-02-07T01:51:00,Estates
3349,Fix electrical fault,Yaa Asantewaa,2,CLOSED,1,2027-02-07T04:44:00,Estates
3350,Fix loose handrail,Ama Mensah,3,ASSIGNED,4,2027-02-07T06:17:00,ICT
3351,Fix broken chair,Kwabena Osei,5,CLOSED,1,2027-02-07T06:55:00,ICT
3352,Fix flickering light,Kwaku Appiah,2,CLOSED,3,2027-02-07T08:03:00,Estates
3353,Fix electrical fault,Kwaku Appiah,4,CLOSED,4,2027-02-07T09:25:00,ICT
3354,Unclog toilet,Efua Sarpong,3,CLOSED,1,2027-02-07T09:57:00,ICT
3355,Replace burnt out bulb,Afia Agyeman,1,OPEN,1,2027-02-07T11:47:00,ICT
3356,Repair broken fan,Fiifi Ansah,2,OPEN,3,2027-02-07T12:38:00,Security
3357,Fix flickering light,Afia Agyeman,4,ASSIGNED,2,2027-02-07T15:26:00,ICT
3358,Clean overflowing gutter,Yaa Asantewaa,5,IN_PROGRESS,3,2027-02-07T17:07:00,Estates
3359,Service elevator,Kwabena Osei,5,ASSIGNED,5,2027-02-07T19:16:00,Estates
3360,Address pest issue,Adwoa Frimpong,2,ASSIGNED,4,2027-02-07T20:02:00,Engineering
3361,Repair damaged floor tile,Kofi Adjei,5,ASSIGNED,4,2027-02-07T21:59:00,Engineering
3362,Fix loose handrail,Afia Agyeman,3,CLOSED,1,2027-02-07T22:38:00,ICT
3363,Replace burnt out bulb,Aba Gyasi,3,CLOSED,3,2027-02-08T00:16:00,Security
3364,Replace worn carpet,Fiifi Ansah,5,ASSIGNED,1,2027-02-08T03:16:00,ICT
3365,Service elevator,Kwabena Osei,1,IN_PROGRESS,2,2027-02-08T05:43:00,Engineering
3366,Address pest issue,Akua Nyarko,3,OPEN,4,2027-02-08T08:06:00,Engineering
3367,Fix broken chair,Kwabena Osei,1,ASSIGNED,5,2027-02-08T10:53:00,Security
3368,Fix broken window,Akosua Boateng,3,OPEN,5,2027-02-08T12:10:00,Security
3369,Repair broken intercom,Kojo Boakye,2,ASSIGNED,1,2027-02-08T14:18:00,ICT
3370,Unclog toilet,Kwame Owusu,3,OPEN,2,2027-02-08T16:34:00,Engineering
3371,Repair cracked wall,Kwaku Appiah,1,OPEN,3,2027-02-08T18:48:00,Estates
3372,Repair damaged floor tile,Kwabena Osei,1,CLOSED,3,2027-02-08T20:48:00,Security
3373,Clear blocked drainage,Ama Mensah,5,OPEN,4,2027-02-08T22:20:00,ICT
3374,Service backup generator,Kwesi Amponsah,1,ASSIGNED,3,2027-02-09T01:09:00,Estates
3375,Service air conditioner,Yaa Asantewaa,1,OPEN,2,2027-02-09T03:03:00,Engineering
3376,Repair broken fan,Efua Sarpong,5,OPEN,1,2027-02-09T03:25:00,ICT
3377,Clear blocked drainage,Abena Darko,5,OPEN,1,2027-02-09T04:56:00,Estates
3378,Clear blocked drainage,Akosua Boateng,3,ASSIGNED,2,2027-02-09T05:17:00,Engineering
3379,Replace worn carpet,Kwame Owusu,3,CLOSED,4,2027-02-09T08:04:00,Engineering
3380,Fix water leak in ceiling,Fiifi Ansah,2,IN_PROGRESS,3,2027-02-09T09:15:00,Estates
3381,Repair broken paving,Esi Danquah,3,ASSIGNED,1,2027-02-09T12:01:00,ICT
3382,Repair broken paving,Adjoa Kufuor,3,OPEN,3,2027-02-09T13:47:00,Security
3383,Replace burnt out bulb,Kwabena Osei,5,ASSIGNED,4,2027-02-09T14:47:00,Engineering
3384,Clear blocked drainage,Kobina Quaye,1,OPEN,3,2027-02-09T16:24:00,Security
3385,Clean overflowing gutter,Efua Sarpong,3,OPEN,3,2027-02-09T16:47:00,Estates
3386,Fix loose handrail,Kwame Owusu,4,IN_PROGRESS,1,2027-02-09T18:45:00,Estates
3387,Replace faulty projector,Abena Darko,3,IN_PROGRESS,3,2027-02-09T21:23:00,Security
3388,Repair broken paving,Yaw Asante,4,IN_PROGRESS,5,2027-02-09T22:47:00,Security
3389,Fix jammed window,Kwabena Osei,1,CLOSED,2,2027-02-10T00:09:00,ICT
3390,Repair broken cabinet,Efua Sarpong,1,IN_PROGRESS,4,2027-02-10T02:39:00,Engineering
3391,Fix loose handrail,Kojo Boakye,1,CLOSED,5,2027-02-10T03:12:00,Security
3392,Clear blocked drainage,Fiifi Ansah,4,ASSIGNED,2,2027-02-10T04:18:00,ICT
3393,Service fire extinguisher,Ama Mensah,5,CLOSED,5,2027-02-10T04:49:00,Security
3394,Repair broken paving,Adjoa Kufuor,5,OPEN,1,2027-02-10T05:59:00,Estates
3395,Clear clogged sink,Efua Sarpong,3,ASSIGNED,4,2027-02-10T06:10:00,ICT
3396,Service elevator,Kwesi Amponsah,3,IN_PROGRESS,3,2027-02-10T07:51:00,Estates
3397,Fix broken chair,Kwaku Appiah,2,ASSIGNED,1,2027-02-10T09:30:00,Estates
3398,Fix broken chair,Ama Mensah,2,OPEN,2,2027-02-10T10:21:00,Engineering
3399,Repair squeaky door hinge,Akosua Boateng,4,IN_PROGRESS,3,2027-02-10T10:45:00,Estates
3400,Address pest issue,Ama Mensah,5,OPEN,5,2027-02-10T12:01:00,Security
3401,Service fire extinguisher,Yaa Asantewaa,4,OPEN,1,2027-02-10T14:50:00,Estates
3402,Address pest issue,Kwabena Osei,5,CLOSED,4,2027-02-10T17:37:00,Engineering
3403,Service backup generator,Esi Danquah,2,OPEN,1,2027-02-10T19:25:00,Estates
3404,Repair damaged floor tile,Akua Nyarko,2,CLOSED,5,2027-02-10T21:28:00,Security
3405,Fix jammed window,Kwesi Amponsah,5,ASSIGNED,3,2027-02-10T22:23:00,Estates
3406,Clean overflowing gutter,Yaa Asantewaa,5,ASSIGNED,5,2027-02-10T23:33:00,Security
3407,Clear blocked drainage,Ama Mensah,1,CLOSED,3,2027-02-10T23:49:00,Estates
3408,Clear clogged sink,Kwesi Amponsah,5,CLOSED,3,2027-02-11T01:16:00,Security
3409,Repair broken lock,Adwoa Frimpong,1,ASSIGNED,4,2027-02-11T01:27:00,Engineering
3410,Replace burnt out bulb,Efua Sarpong,2,OPEN,5,2027-02-11T01:40:00,Estates
3411,Fix flickering light,Aba Gyasi,1,OPEN,4,2027-02-11T03:14:00,ICT
3412,Clear blocked drainage,Ama Mensah,2,OPEN,3,2027-02-11T05:50:00,Estates
3413,Repair squeaky door hinge,Esi Danquah,2,ASSIGNED,3,2027-02-11T06:13:00,Estates
3414,Repair broken paving,Aba Gyasi,4,OPEN,1,2027-02-11T07:01:00,Estates
3415,Fix electrical fault,Yaw Asante,2,ASSIGNED,3,2027-02-11T08:34:00,Security
3416,Replace faulty projector,Esi Danquah,5,ASSIGNED,4,2027-02-11T11:28:00,Engineering
3417,Fix loose handrail,Kofi Adjei,2,ASSIGNED,2,2027-02-11T11:43:00,ICT
3418,Service elevator,Adjoa Kufuor,5,IN_PROGRESS,4,2027-02-11T13:42:00,ICT
3419,Fix broken chair,Afia Agyeman,2,OPEN,1,2027-02-11T15:57:00,Estates
3420,Fix electrical fault,Kobina Quaye,3,IN_PROGRESS,2,2027-02-11T17:24:00,ICT
3421,Repair broken paving,Yaa Asantewaa,4,OPEN,5,2027-02-11T19:15:00,Estates
3422,Repair broken paving,Akua Nyarko,5,OPEN,5,2027-02-11T21:58:00,Security
3423,Clear blocked drainage,Kwesi Amponsah,4,ASSIGNED,5,2027-02-11T23:24:00,Estates
3424,Service backup generator,Abena Darko,4,IN_PROGRESS,2,2027-02-12T01:23:00,Engineering
3425,Repair broken paving,Kwesi Amponsah,5,ASSIGNED,2,2027-02-12T03:19:00,Engineering
3426,Service elevator,Afia Agyeman,5,ASSIGNED,4,2027-02-12T05:36:00,ICT
3427,Repair broken cabinet,Ama Mensah,3,OPEN,3,2027-02-12T07:50:00,Security
3428,Repair damaged floor tile,Kwaku Appiah,5,IN_PROGRESS,4,2027-02-12T08:13:00,ICT
3429,Service backup generator,Akua Nyarko,1,OPEN,5,2027-02-12T09:34:00,Estates
3430,Fix flickering light,Efua Sarpong,3,ASSIGNED,5,2027-02-12T11:04:00,Security
3431,Service backup generator,Kofi Adjei,4,OPEN,4,2027-02-12T12:33:00,Engineering
3432,Fix electrical fault,Kwame Owusu,5,OPEN,5,2027-02-12T15:21:00,Estates
3433,Repair broken intercom,Ama Mensah,4,OPEN,3,2027-02-12T17:15:00,Security
3434,Fix jammed window,Kwesi Amponsah,1,ASSIGNED,2,2027-02-12T17:33:00,Engineering
3435,Service backup generator,Kofi Adjei,1,IN_PROGRESS,4,2027-02-12T17:43:00,ICT
3436,Fix broken window,Yaw Asante,2,IN_PROGRESS,2,2027-02-12T19:18:00,ICT
3437,Replace worn carpet,Kwesi Amponsah,3,IN_PROGRESS,2,2027-02-12T20:12:00,ICT
3438,Repair damaged floor tile,Kwabena Osei,3,CLOSED,4,2027-02-12T22:28:00,Engineering
3439,Repair broken lock,Adwoa Frimpong,5,CLOSED,1,2027-02-13T00:48:00,ICT
3440,Repair damaged door,Aba Gyasi,3,OPEN,1,2027-02-13T01:22:00,ICT
3441,Address pest issue,Kwabena Osei,2,ASSIGNED,5,2027-02-13T03:51:00,Security
3442,Replace worn carpet,Yaa Asantewaa,2,CLOSED,3,2027-02-13T05:51:00,Estates
3443,Repair damaged door,Adjoa Kufuor,4,IN_PROGRESS,5,2027-02-13T06:37:00,Estates
3444,Repair leaking tap,Kobina Quaye,1,OPEN,3,2027-02-13T07:20:00,Estates
3445,Fix broken chair,Kobina Quaye,4,OPEN,1,2027-02-13T10:20:00,ICT
3446,Fix broken chair,Aba Gyasi,4,OPEN,1,2027-02-13T10:50:00,Estates
3447,Clean overflowing gutter,Aba Gyasi,1,CLOSED,4,2027-02-13T13:24:00,Engineering
3448,Fix broken chair,Akua Nyarko,5,IN_PROGRESS,1,2027-02-13T13:34:00,ICT
3449,Unclog toilet,Kwame Owusu,1,CLOSED,1,2027-02-13T16:30:00,ICT
3450,Clear clogged sink,Fiifi Ansah,2,OPEN,3,2027-02-13T18:13:00,Security
3451,Repair broken cabinet,Adwoa Frimpong,2,OPEN,3,2027-02-13T20:56:00,Security
3452,Service fire extinguisher,Fiifi Ansah,3,CLOSED,3,2027-02-13T21:10:00,Estates
3453,Repair cracked wall,Afia Agyeman,3,OPEN,5,2027-02-13T23:39:00,Security
3454,Repair broken lock,Kofi Adjei,3,ASSIGNED,1,2027-02-14T02:09:00,ICT
3455,Address pest issue,Yaw Asante,5,OPEN,3,2027-02-14T02:49:00,Security
3456,Repair broken intercom,Kwaku Appiah,4,CLOSED,2,2027-02-14T04:33:00,Engineering
3457,Fix damaged ceiling tile,Ama Mensah,4,OPEN,4,2027-02-14T07:31:00,ICT
3458,Replace burnt out bulb,Yaa Asantewaa,1,OPEN,4,2027-02-14T08:09:00,ICT
3459,Replace burnt out bulb,Kojo Boakye,5,ASSIGNED,5,2027-02-14T10:41:00,Estates
3460,Fix broken window,Esi Danquah,4,IN_PROGRESS,3,2027-02-14T13:08:00,Security
3461,Service elevator,Aba Gyasi,1,CLOSED,4,2027-02-14T13:52:00,Engineering
3462,Repair leaking tap,Afia Agyeman,1,CLOSED,4,2027-02-14T16:35:00,ICT
3463,Service air conditioner,Ama Mensah,1,OPEN,2,2027-02-14T18:33:00,Engineering
3464,Service fire extinguisher,Efua Sarpong,1,CLOSED,2,2027-02-14T19:02:00,Engineering
3465,Fix jammed window,Kojo Boakye,5,OPEN,3,2027-02-14T21:42:00,Security
3466,Fix flickering light,Adwoa Frimpong,2,IN_PROGRESS,4,2027-02-14T22:58:00,Engineering
3467,Fix water leak in ceiling,Yaa Asantewaa,5,CLOSED,4,2027-02-15T00:00:00,Engineering
3468,Repair broken cabinet,Adjoa Kufuor,4,CLOSED,3,2027-02-15T01:12:00,Estates
3469,Service air conditioner,Adjoa Kufuor,5,OPEN,5,2027-02-15T01:22:00,Estates
3470,Repair squeaky door hinge,Esi Danquah,5,ASSIGNED,1,2027-02-15T02:31:00,Estates
3471,Service air conditioner,Adwoa Frimpong,2,OPEN,2,2027-02-15T03:32:00,ICT
3472,Service fire extinguisher,Kwaku Appiah,1,OPEN,1,2027-02-15T03:45:00,ICT
3473,Service elevator,Kwabena Osei,2,IN_PROGRESS,5,2027-02-15T06:29:00,Estates
3474,Repair broken cabinet,Akosua Boateng,2,IN_PROGRESS,4,2027-02-15T08:50:00,Engineering
3475,Repair broken intercom,Fiifi Ansah,2,OPEN,2,2027-02-15T09:12:00,ICT
3476,Repair broken fan,Kwesi Amponsah,2,CLOSED,1,2027-02-15T10:34:00,ICT
3477,Clear clogged sink,Adjoa Kufuor,1,ASSIGNED,1,2027-02-15T12:55:00,ICT
3478,Service air conditioner,Kwame Owusu,3,CLOSED,3,2027-02-15T15:06:00,Security
3479,Fix jammed window,Kofi Adjei,5,OPEN,3,2027-02-15T15:19:00,Estates
3480,Fix water leak in ceiling,Kwame Owusu,1,ASSIGNED,2,2027-02-15T15:53:00,Engineering
3481,Fix water leak in ceiling,Esi Danquah,3,OPEN,2,2027-02-15T17:04:00,ICT
3482,Repair broken intercom,Akua Nyarko,4,IN_PROGRESS,1,2027-02-15T17:29:00,Estates
3483,Repair squeaky door hinge,Kwabena Osei,2,CLOSED,3,2027-02-15T19:46:00,Estates
3484,Service elevator,Fiifi Ansah,2,IN_PROGRESS,5,2027-02-15T20:55:00,Security
3485,Fix damaged ceiling tile,Akua Nyarko,2,IN_PROGRESS,1,2027-02-15T23:45:00,Estates
3486,Fix electrical fault,Kwesi Amponsah,4,OPEN,4,2027-02-16T02:16:00,ICT
3487,Repair leaking tap,Kwame Owusu,4,OPEN,1,2027-02-16T04:21:00,ICT
3488,Repair broken intercom,Efua Sarpong,3,OPEN,5,2027-02-16T04:58:00,Security
3489,Repair broken cabinet,Akua Nyarko,2,ASSIGNED,4,2027-02-16T06:20:00,ICT
3490,Clear clogged sink,Kwabena Osei,3,OPEN,5,2027-02-16T06:59:00,Security
3491,Unclog toilet,Adwoa Frimpong,5,ASSIGNED,1,2027-02-16T08:10:00,Estates
3492,Replace worn carpet,Efua Sarpong,5,OPEN,5,2027-02-16T08:26:00,Estates
3493,Replace worn carpet,Kobina Quaye,3,ASSIGNED,5,2027-02-16T10:46:00,Estates
3494,Repair broken lock,Efua Sarpong,3,OPEN,5,2027-02-16T13:28:00,Estates
3495,Fix water leak in ceiling,Adwoa Frimpong,3,CLOSED,2,2027-02-16T14:51:00,ICT
3496,Service elevator,Kwabena Osei,5,OPEN,1,2027-02-16T16:33:00,ICT
3497,Address pest issue,Yaw Asante,3,ASSIGNED,1,2027-02-16T18:21:00,ICT
3498,Fix water leak in ceiling,Kwesi Amponsah,5,OPEN,3,2027-02-16T20:03:00,Security
3499,Address pest issue,Efua Sarpong,5,IN_PROGRESS,3,2027-02-16T20:53:00,Security
3500,Repair damaged floor tile,Akua Nyarko,1,CLOSED,5,2027-02-16T22:19:00,Estates
3501,Unclog toilet,Kwabena Osei,1,ASSIGNED,5,2027-02-16T22:35:00,Security
3502,Clear blocked drainage,Kwabena Osei,5,OPEN,5,2027-02-16T23:24:00,Estates
3503,Unclog toilet,Fiifi Ansah,2,IN_PROGRESS,4,2027-02-17T01:01:00,ICT
3504,Fix damaged ceiling tile,Efua Sarpong,4,IN_PROGRESS,4,2027-02-17T03:14:00,ICT
3505,Fix broken window,Adwoa Frimpong,1,OPEN,3,2027-02-17T04:02:00,Security
3506,Service backup generator,Fiifi Ansah,2,OPEN,3,2027-02-17T05:04:00,Estates
3507,Fix water leak in ceiling,Efua Sarpong,2,OPEN,1,2027-02-17T06:27:00,Estates
3508,Repair broken lock,Kwesi Amponsah,1,IN_PROGRESS,4,2027-02-17T06:48:00,Engineering
3509,Replace faulty projector,Kwame Owusu,4,OPEN,3,2027-02-17T09:00:00,Estates
3510,Replace burnt out bulb,Kwabena Osei,3,OPEN,2,2027-02-17T11:06:00,Engineering
3511,Replace burnt out bulb,Kwaku Appiah,3,ASSIGNED,1,2027-02-17T13:31:00,ICT
3512,Repair squeaky door hinge,Kofi Adjei,1,ASSIGNED,5,2027-02-17T15:27:00,Security
3513,Repair broken cabinet,Kwame Owusu,5,ASSIGNED,3,2027-02-17T16:02:00,Security
3514,Service air conditioner,Yaw Asante,5,IN_PROGRESS,5,2027-02-17T18:27:00,Security
3515,Repair broken intercom,Adjoa Kufuor,2,OPEN,2,2027-02-17T20:44:00,ICT
3516,Replace burnt out bulb,Abena Darko,5,IN_PROGRESS,1,2027-02-17T21:59:00,ICT
3517,Fix loose handrail,Kwesi Amponsah,2,OPEN,3,2027-02-17T22:57:00,Security
3518,Clear clogged sink,Aba Gyasi,4,OPEN,5,2027-02-17T23:32:00,Estates
3519,Repair broken intercom,Kobina Quaye,2,OPEN,1,2027-02-17T23:54:00,ICT
3520,Repair broken intercom,Kwame Owusu,1,IN_PROGRESS,2,2027-02-18T00:54:00,Engineering
3521,Service air conditioner,Kojo Boakye,2,OPEN,1,2027-02-18T02:01:00,ICT
3522,Service fire extinguisher,Fiifi Ansah,4,IN_PROGRESS,3,2027-02-18T02:11:00,Estates
3523,Fix water leak in ceiling,Fiifi Ansah,2,CLOSED,2,2027-02-18T03:26:00,Engineering
3524,Fix damaged ceiling tile,Efua Sarpong,1,CLOSED,1,2027-02-18T04:06:00,ICT
3525,Fix flickering light,Adjoa Kufuor,5,ASSIGNED,2,2027-02-18T06:22:00,Engineering
3526,Repair damaged door,Kwesi Amponsah,1,IN_PROGRESS,5,2027-02-18T06:44:00,Security
3527,Clear clogged sink,Kofi Adjei,3,OPEN,5,2027-02-18T08:54:00,Security
3528,Replace faulty projector,Kwaku Appiah,4,IN_PROGRESS,5,2027-02-18T09:49:00,Estates
3529,Repair broken intercom,Adjoa Kufuor,2,OPEN,1,2027-02-18T10:35:00,ICT
3530,Repair broken fan,Kobina Quaye,3,OPEN,5,2027-02-18T12:51:00,Estates
3531,Repair broken paving,Yaw Asante,5,OPEN,4,2027-02-18T13:15:00,ICT
3532,Repair leaking tap,Efua Sarpong,4,ASSIGNED,3,2027-02-18T14:40:00,Security
3533,Service backup generator,Efua Sarpong,2,OPEN,1,2027-02-18T17:40:00,Estates
3534,Fix electrical fault,Akosua Boateng,1,CLOSED,2,2027-02-18T19:50:00,Engineering
3535,Service backup generator,Afia Agyeman,5,ASSIGNED,1,2027-02-18T21:38:00,Estates
3536,Clear clogged sink,Esi Danquah,2,ASSIGNED,3,2027-02-19T00:17:00,Estates
3537,Unclog toilet,Yaa Asantewaa,5,OPEN,4,2027-02-19T02:46:00,Engineering
3538,Repair broken paving,Kofi Adjei,1,OPEN,4,2027-02-19T03:08:00,Engineering
3539,Service elevator,Abena Darko,4,CLOSED,1,2027-02-19T04:07:00,Estates
3540,Repair damaged door,Aba Gyasi,5,CLOSED,3,2027-02-19T04:40:00,Estates
3541,Repair damaged door,Kojo Boakye,2,OPEN,2,2027-02-19T05:03:00,ICT
3542,Repair damaged floor tile,Kwaku Appiah,3,IN_PROGRESS,1,2027-02-19T05:22:00,ICT
3543,Service backup generator,Efua Sarpong,5,OPEN,2,2027-02-19T06:12:00,Engineering
3544,Repair broken intercom,Adwoa Frimpong,4,ASSIGNED,3,2027-02-19T07:48:00,Security
3545,Clear blocked drainage,Kwesi Amponsah,3,ASSIGNED,1,2027-02-19T10:32:00,ICT
3546,Repair damaged floor tile,Akua Nyarko,2,ASSIGNED,5,2027-02-19T11:34:00,Security
3547,Repair broken lock,Kofi Adjei,3,ASSIGNED,3,2027-02-19T12:36:00,Estates
3548,Fix broken window,Afia Agyeman,4,ASSIGNED,4,2027-02-19T13:18:00,ICT
3549,Repair broken lock,Kobina Quaye,1,OPEN,4,2027-02-19T16:12:00,ICT
3550,Clear clogged sink,Efua Sarpong,3,IN_PROGRESS,3,2027-02-19T17:04:00,Security
3551,Fix flickering light,Afia Agyeman,3,CLOSED,2,2027-02-19T18:46:00,ICT
3552,Fix flickering light,Kwaku Appiah,5,OPEN,2,2027-02-19T20:09:00,Engineering
3553,Clear blocked drainage,Aba Gyasi,4,OPEN,3,2027-02-19T22:22:00,Estates
3554,Fix flickering light,Esi Danquah,2,OPEN,2,2027-02-20T00:42:00,Engineering
3555,Fix electrical fault,Kojo Boakye,3,OPEN,4,2027-02-20T01:23:00,Engineering
3556,Repair broken paving,Akosua Boateng,1,IN_PROGRESS,5,2027-02-20T02:20:00,Estates
3557,Unclog toilet,Ama Mensah,1,ASSIGNED,3,2027-02-20T03:16:00,Security
3558,Repair broken lock,Aba Gyasi,1,IN_PROGRESS,3,2027-02-20T06:09:00,Estates
3559,Fix loose handrail,Fiifi Ansah,2,ASSIGNED,4,2027-02-20T08:34:00,Engineering
3560,Repair cracked wall,Kwabena Osei,4,OPEN,3,2027-02-20T10:52:00,Security
3561,Clear clogged sink,Aba Gyasi,4,IN_PROGRESS,3,2027-02-20T12:37:00,Security
3562,Fix electrical fault,Kwesi Amponsah,2,IN_PROGRESS,4,2027-02-20T13:21:00,ICT
3563,Repair damaged floor tile,Fiifi Ansah,2,IN_PROGRESS,1,2027-02-20T14:25:00,ICT
3564,Unclog toilet,Kobina Quaye,4,CLOSED,3,2027-02-20T16:46:00,Security
3565,Fix loose handrail,Kwaku Appiah,5,CLOSED,5,2027-02-20T17:11:00,Estates
3566,Clear clogged sink,Akua Nyarko,2,OPEN,4,2027-02-20T18:07:00,ICT
3567,Repair broken fan,Ama Mensah,5,CLOSED,5,2027-02-20T19:42:00,Security
3568,Service air conditioner,Yaw Asante,5,CLOSED,4,2027-02-20T21:27:00,ICT
3569,Fix water leak in ceiling,Akosua Boateng,5,IN_PROGRESS,2,2027-02-20T23:22:00,Engineering
3570,Fix broken window,Abena Darko,4,CLOSED,2,2027-02-21T00:58:00,Engineering
3571,Repair broken cabinet,Aba Gyasi,3,CLOSED,1,2027-02-21T01:45:00,Estates
3572,Clear blocked drainage,Adjoa Kufuor,4,ASSIGNED,4,2027-02-21T03:16:00,Engineering
3573,Repair broken intercom,Kofi Adjei,1,IN_PROGRESS,1,2027-02-21T04:18:00,ICT
3574,Repair squeaky door hinge,Ama Mensah,1,OPEN,2,2027-02-21T04:47:00,Engineering
3575,Fix flickering light,Esi Danquah,2,IN_PROGRESS,4,2027-02-21T05:24:00,ICT
3576,Replace faulty projector,Abena Darko,4,ASSIGNED,3,2027-02-21T08:22:00,Estates
3577,Replace worn carpet,Kwabena Osei,2,IN_PROGRESS,5,2027-02-21T10:11:00,Security
3578,Clear blocked drainage,Akosua Boateng,4,OPEN,5,2027-02-21T10:31:00,Estates
3579,Fix jammed window,Esi Danquah,1,IN_PROGRESS,2,2027-02-21T11:44:00,ICT
3580,Repair broken intercom,Kwaku Appiah,5,OPEN,1,2027-02-21T13:39:00,ICT
3581,Fix water leak in ceiling,Abena Darko,1,CLOSED,4,2027-02-21T14:48:00,ICT
3582,Fix electrical fault,Aba Gyasi,2,ASSIGNED,5,2027-02-21T16:52:00,Security
3583,Replace faulty projector,Ama Mensah,4,IN_PROGRESS,4,2027-02-21T17:23:00,Engineering
3584,Replace faulty projector,Ama Mensah,5,IN_PROGRESS,4,2027-02-21T18:47:00,ICT
3585,Replace burnt out bulb,Efua Sarpong,3,IN_PROGRESS,1,2027-02-21T21:08:00,Estates
3586,Clean overflowing gutter,Ama Mensah,4,OPEN,4,2027-02-21T21:36:00,ICT
3587,Fix loose handrail,Kwaku Appiah,1,OPEN,5,2027-02-21T22:48:00,Estates
3588,Repair leaking tap,Efua Sarpong,2,OPEN,1,2027-02-21T23:23:00,Estates
3589,Clean overflowing gutter,Abena Darko,5,OPEN,1,2027-02-22T01:14:00,Estates
3590,Repair broken paving,Akosua Boateng,5,CLOSED,1,2027-02-22T01:55:00,Estates
3591,Repair broken cabinet,Kobina Quaye,1,OPEN,4,2027-02-22T03:13:00,Engineering
3592,Fix flickering light,Fiifi Ansah,4,CLOSED,4,2027-02-22T05:14:00,ICT
3593,Fix flickering light,Kwesi Amponsah,1,OPEN,1,2027-02-22T06:36:00,Estates
3594,Clean overflowing gutter,Efua Sarpong,2,ASSIGNED,4,2027-02-22T07:31:00,Engineering
3595,Clear clogged sink,Efua Sarpong,5,CLOSED,5,2027-02-22T08:46:00,Estates
3596,Service elevator,Kwaku Appiah,2,OPEN,5,2027-02-22T09:27:00,Estates
3597,Repair broken intercom,Akua Nyarko,3,CLOSED,4,2027-02-22T10:16:00,Engineering
3598,Address pest issue,Kwame Owusu,2,IN_PROGRESS,5,2027-02-22T11:46:00,Estates
3599,Service fire extinguisher,Efua Sarpong,3,CLOSED,2,2027-02-22T14:08:00,ICT
3600,Fix jammed window,Kwaku Appiah,3,IN_PROGRESS,3,2027-02-22T15:42:00,Estates
3601,Fix broken chair,Efua Sarpong,3,IN_PROGRESS,3,2027-02-22T16:35:00,Estates
3602,Repair squeaky door hinge,Yaa Asantewaa,2,OPEN,2,2027-02-22T17:40:00,Engineering
3603,Repair broken fan,Kwaku Appiah,4,CLOSED,4,2027-02-22T19:03:00,ICT
3604,Repair damaged door,Ama Mensah,4,OPEN,2,2027-02-22T19:13:00,ICT
3605,Repair squeaky door hinge,Yaw Asante,5,ASSIGNED,2,2027-02-22T19:26:00,ICT
3606,Fix broken chair,Fiifi Ansah,2,OPEN,4,2027-02-22T20:47:00,ICT
3607,Repair broken paving,Abena Darko,5,OPEN,4,2027-02-22T23:04:00,Engineering
3608,Replace faulty projector,Kobina Quaye,4,ASSIGNED,3,2027-02-23T00:12:00,Security
3609,Replace worn carpet,Kojo Boakye,1,IN_PROGRESS,4,2027-02-23T01:06:00,ICT
3610,Fix broken chair,Aba Gyasi,5,OPEN,5,2027-02-23T04:02:00,Estates
3611,Service air conditioner,Afia Agyeman,3,CLOSED,1,2027-02-23T06:18:00,ICT
3612,Repair broken intercom,Akua Nyarko,5,CLOSED,5,2027-02-23T07:33:00,Estates
3613,Repair broken lock,Kwaku Appiah,1,OPEN,3,2027-02-23T09:11:00,Security
3614,Replace burnt out bulb,Adwoa Frimpong,2,ASSIGNED,4,2027-02-23T10:49:00,Engineering
3615,Repair broken intercom,Kofi Adjei,5,CLOSED,5,2027-02-23T13:41:00,Security
3616,Repair broken paving,Kofi Adjei,4,IN_PROGRESS,4,2027-02-23T14:28:00,Engineering
3617,Clear clogged sink,Adjoa Kufuor,3,OPEN,4,2027-02-23T15:43:00,ICT
3618,Fix jammed window,Kwesi Amponsah,3,IN_PROGRESS,3,2027-02-23T17:42:00,Security
3619,Repair broken cabinet,Ama Mensah,2,IN_PROGRESS,1,2027-02-23T17:59:00,Estates
3620,Service elevator,Akua Nyarko,5,OPEN,3,2027-02-23T19:47:00,Estates
3621,Repair damaged door,Kwabena Osei,3,IN_PROGRESS,2,2027-02-23T20:52:00,ICT
3622,Fix electrical fault,Kojo Boakye,4,ASSIGNED,3,2027-02-23T21:57:00,Estates
3623,Fix flickering light,Afia Agyeman,3,IN_PROGRESS,2,2027-02-24T00:21:00,ICT
3624,Fix damaged ceiling tile,Efua Sarpong,1,CLOSED,3,2027-02-24T03:05:00,Security
3625,Replace burnt out bulb,Kwabena Osei,4,IN_PROGRESS,2,2027-02-24T03:43:00,ICT
3626,Service fire extinguisher,Kwaku Appiah,4,CLOSED,1,2027-02-24T05:26:00,Estates
3627,Service air conditioner,Akosua Boateng,3,IN_PROGRESS,1,2027-02-24T05:58:00,ICT
3628,Repair damaged floor tile,Efua Sarpong,2,OPEN,5,2027-02-24T08:50:00,Security
3629,Clean overflowing gutter,Akosua Boateng,1,ASSIGNED,2,2027-02-24T09:41:00,Engineering
3630,Replace faulty projector,Kobina Quaye,1,ASSIGNED,4,2027-02-24T11:17:00,ICT
3631,Fix electrical fault,Ama Mensah,3,CLOSED,5,2027-02-24T14:10:00,Estates
3632,Service backup generator,Yaa Asantewaa,1,OPEN,5,2027-02-24T14:50:00,Security
3633,Repair leaking tap,Kobina Quaye,3,OPEN,5,2027-02-24T15:15:00,Security
3634,Repair broken lock,Esi Danquah,2,OPEN,1,2027-02-24T16:00:00,Estates
3635,Repair damaged floor tile,Kobina Quaye,3,OPEN,1,2027-02-24T17:35:00,ICT
3636,Repair leaking tap,Fiifi Ansah,2,ASSIGNED,4,2027-02-24T20:06:00,Engineering
3637,Fix loose handrail,Kwaku Appiah,4,IN_PROGRESS,2,2027-02-24T21:56:00,ICT
3638,Repair squeaky door hinge,Akosua Boateng,1,ASSIGNED,1,2027-02-24T23:25:00,Estates
3639,Unclog toilet,Yaw Asante,3,CLOSED,2,2027-02-24T23:55:00,Engineering
3640,Repair damaged door,Kobina Quaye,2,OPEN,2,2027-02-25T01:19:00,Engineering
3641,Fix damaged ceiling tile,Yaw Asante,3,CLOSED,4,2027-02-25T03:06:00,ICT
3642,Service backup generator,Akosua Boateng,4,ASSIGNED,5,2027-02-25T05:25:00,Security
3643,Service backup generator,Kwame Owusu,3,ASSIGNED,2,2027-02-25T06:54:00,Engineering
3644,Clean overflowing gutter,Kobina Quaye,3,ASSIGNED,4,2027-02-25T08:07:00,ICT
3645,Replace worn carpet,Esi Danquah,2,IN_PROGRESS,3,2027-02-25T10:27:00,Estates
3646,Clean overflowing gutter,Kobina Quaye,5,OPEN,3,2027-02-25T13:01:00,Security
3647,Fix jammed window,Kwesi Amponsah,1,IN_PROGRESS,3,2027-02-25T14:39:00,Security
3648,Repair leaking tap,Ama Mensah,1,ASSIGNED,3,2027-02-25T15:20:00,Estates
3649,Service air conditioner,Esi Danquah,4,ASSIGNED,5,2027-02-25T16:00:00,Estates
3650,Replace worn carpet,Kwame Owusu,3,ASSIGNED,3,2027-02-25T17:03:00,Security
3651,Repair broken paving,Efua Sarpong,4,IN_PROGRESS,5,2027-02-25T18:51:00,Estates
3652,Address pest issue,Kwabena Osei,1,OPEN,2,2027-02-25T21:26:00,ICT
3653,Replace burnt out bulb,Aba Gyasi,3,CLOSED,2,2027-02-25T23:05:00,Engineering
3654,Fix jammed window,Abena Darko,4,CLOSED,2,2027-02-26T00:57:00,Engineering
3655,Fix broken window,Yaa Asantewaa,2,ASSIGNED,4,2027-02-26T01:34:00,Engineering
3656,Service air conditioner,Kwabena Osei,1,IN_PROGRESS,5,2027-02-26T01:52:00,Estates
3657,Fix electrical fault,Yaw Asante,4,OPEN,1,2027-02-26T03:55:00,Estates
3658,Replace burnt out bulb,Afia Agyeman,2,CLOSED,2,2027-02-26T06:27:00,Engineering
3659,Address pest issue,Akosua Boateng,3,ASSIGNED,5,2027-02-26T07:08:00,Security
3660,Clean overflowing gutter,Esi Danquah,5,ASSIGNED,3,2027-02-26T08:14:00,Security
3661,Address pest issue,Aba Gyasi,2,ASSIGNED,4,2027-02-26T09:23:00,Engineering
3662,Repair broken paving,Yaa Asantewaa,3,ASSIGNED,5,2027-02-26T09:47:00,Security
3663,Fix broken window,Esi Danquah,2,IN_PROGRESS,2,2027-02-26T11:47:00,Engineering
3664,Service backup generator,Yaw Asante,4,OPEN,3,2027-02-26T12:48:00,Estates
3665,Fix flickering light,Aba Gyasi,2,CLOSED,2,2027-02-26T15:42:00,ICT
3666,Fix broken chair,Efua Sarpong,4,ASSIGNED,4,2027-02-26T18:14:00,ICT
3667,Repair damaged floor tile,Kwaku Appiah,2,OPEN,1,2027-02-26T19:20:00,ICT
3668,Replace faulty projector,Kojo Boakye,4,IN_PROGRESS,5,2027-02-26T21:00:00,Estates
3669,Address pest issue,Kojo Boakye,5,ASSIGNED,1,2027-02-26T23:29:00,Estates
3670,Service elevator,Kwesi Amponsah,5,OPEN,3,2027-02-26T23:59:00,Security
3671,Address pest issue,Kojo Boakye,5,ASSIGNED,1,2027-02-27T00:31:00,Estates
3672,Repair broken cabinet,Efua Sarpong,1,ASSIGNED,1,2027-02-27T02:20:00,Estates
3673,Clear clogged sink,Afia Agyeman,2,OPEN,4,2027-02-27T03:32:00,Engineering
3674,Address pest issue,Kofi Adjei,2,IN_PROGRESS,3,2027-02-27T06:02:00,Estates
3675,Repair damaged floor tile,Akosua Boateng,2,IN_PROGRESS,1,2027-02-27T07:42:00,ICT
3676,Fix loose handrail,Aba Gyasi,5,CLOSED,1,2027-02-27T08:53:00,ICT
3677,Fix broken chair,Akua Nyarko,3,ASSIGNED,1,2027-02-27T11:13:00,ICT
3678,Repair broken lock,Kwesi Amponsah,3,CLOSED,2,2027-02-27T11:24:00,ICT
3679,Repair broken paving,Kwesi Amponsah,1,IN_PROGRESS,4,2027-02-27T13:34:00,ICT
3680,Service backup generator,Yaw Asante,5,OPEN,3,2027-02-27T15:12:00,Security
3681,Clear clogged sink,Kofi Adjei,3,OPEN,4,2027-02-27T16:13:00,Engineering
3682,Replace faulty projector,Akua Nyarko,4,IN_PROGRESS,2,2027-02-27T17:13:00,Engineering
3683,Service backup generator,Kwame Owusu,4,CLOSED,4,2027-02-27T19:06:00,ICT
3684,Repair broken lock,Kojo Boakye,4,ASSIGNED,2,2027-02-27T19:21:00,Engineering
3685,Repair broken fan,Yaa Asantewaa,2,ASSIGNED,4,2027-02-27T19:35:00,ICT
3686,Fix flickering light,Afia Agyeman,3,ASSIGNED,1,2027-02-27T21:56:00,ICT
3687,Clear clogged sink,Adwoa Frimpong,4,OPEN,2,2027-02-27T23:44:00,ICT
3688,Fix broken window,Adwoa Frimpong,1,IN_PROGRESS,1,2027-02-28T00:10:00,ICT
3689,Service elevator,Fiifi Ansah,3,ASSIGNED,3,2027-02-28T02:45:00,Estates
3690,Fix loose handrail,Kojo Boakye,1,OPEN,2,2027-02-28T05:24:00,Engineering
3691,Fix damaged ceiling tile,Fiifi Ansah,4,OPEN,1,2027-02-28T05:35:00,Estates
3692,Replace burnt out bulb,Kobina Quaye,2,ASSIGNED,2,2027-02-28T08:16:00,ICT
3693,Replace worn carpet,Kobina Quaye,2,IN_PROGRESS,5,2027-02-28T10:35:00,Security
3694,Repair damaged door,Yaw Asante,4,ASSIGNED,1,2027-02-28T13:19:00,ICT
3695,Repair broken cabinet,Yaa Asantewaa,4,ASSIGNED,1,2027-02-28T15:28:00,Estates
3696,Replace faulty projector,Fiifi Ansah,4,IN_PROGRESS,1,2027-02-28T17:48:00,Estates
3697,Service elevator,Efua Sarpong,3,IN_PROGRESS,3,2027-02-28T18:30:00,Estates
3698,Service fire extinguisher,Fiifi Ansah,5,OPEN,1,2027-02-28T19:12:00,ICT
3699,Service backup generator,Afia Agyeman,3,IN_PROGRESS,5,2027-02-28T21:05:00,Security
3700,Replace burnt out bulb,Akosua Boateng,2,OPEN,1,2027-02-28T23:20:00,ICT
3701,Replace worn carpet,Kwabena Osei,1,OPEN,5,2027-03-01T00:44:00,Estates
3702,Fix loose handrail,Kofi Adjei,3,ASSIGNED,2,2027-03-01T02:43:00,Engineering
3703,Service fire extinguisher,Yaa Asantewaa,1,OPEN,2,2027-03-01T04:41:00,Engineering
3704,Service elevator,Afia Agyeman,3,OPEN,5,2027-03-01T06:13:00,Security
3705,Fix broken window,Esi Danquah,1,IN_PROGRESS,2,2027-03-01T08:19:00,ICT
3706,Fix broken window,Adjoa Kufuor,1,CLOSED,3,2027-03-01T10:14:00,Estates
3707,Repair squeaky door hinge,Akua Nyarko,1,OPEN,2,2027-03-01T10:55:00,Engineering
3708,Fix jammed window,Esi Danquah,3,CLOSED,3,2027-03-01T11:08:00,Security
3709,Repair broken lock,Kwesi Amponsah,3,ASSIGNED,4,2027-03-01T12:41:00,ICT
3710,Clean overflowing gutter,Efua Sarpong,1,ASSIGNED,3,2027-03-01T13:55:00,Security
3711,Clean overflowing gutter,Kofi Adjei,1,IN_PROGRESS,4,2027-03-01T16:42:00,Engineering
3712,Clean overflowing gutter,Esi Danquah,4,OPEN,3,2027-03-01T19:02:00,Security
3713,Replace burnt out bulb,Akosua Boateng,3,OPEN,1,2027-03-01T19:26:00,ICT
3714,Replace faulty projector,Adjoa Kufuor,4,ASSIGNED,3,2027-03-01T21:11:00,Security
3715,Clean overflowing gutter,Esi Danquah,3,OPEN,4,2027-03-01T22:17:00,ICT
3716,Fix broken chair,Akosua Boateng,2,ASSIGNED,4,2027-03-01T23:25:00,Engineering
3717,Service backup generator,Akosua Boateng,1,ASSIGNED,2,2027-03-02T00:42:00,ICT
3718,Repair broken cabinet,Aba Gyasi,4,ASSIGNED,4,2027-03-02T03:28:00,Engineering
3719,Clear clogged sink,Kofi Adjei,1,CLOSED,4,2027-03-02T05:25:00,ICT
3720,Fix damaged ceiling tile,Aba Gyasi,2,OPEN,4,2027-03-02T06:35:00,Engineering
3721,Repair broken lock,Adwoa Frimpong,3,CLOSED,4,2027-03-02T08:49:00,ICT
3722,Replace worn carpet,Esi Danquah,1,IN_PROGRESS,1,2027-03-02T09:50:00,ICT
3723,Fix damaged ceiling tile,Ama Mensah,2,IN_PROGRESS,1,2027-03-02T10:14:00,Estates
3724,Repair broken cabinet,Kwabena Osei,3,IN_PROGRESS,3,2027-03-02T13:03:00,Estates
3725,Repair broken cabinet,Yaw Asante,4,OPEN,5,2027-03-02T15:15:00,Security
3726,Clear blocked drainage,Ama Mensah,4,ASSIGNED,2,2027-03-02T16:19:00,ICT
3727,Service air conditioner,Fiifi Ansah,3,ASSIGNED,3,2027-03-02T18:01:00,Security
3728,Fix flickering light,Kwaku Appiah,5,ASSIGNED,5,2027-03-02T20:55:00,Estates
3729,Repair cracked wall,Esi Danquah,5,IN_PROGRESS,3,2027-03-02T23:13:00,Security
3730,Fix water leak in ceiling,Akosua Boateng,1,OPEN,3,2027-03-03T01:51:00,Security
3731,Repair broken paving,Aba Gyasi,3,ASSIGNED,5,2027-03-03T03:58:00,Security
3732,Replace worn carpet,Kofi Adjei,2,IN_PROGRESS,5,2027-03-03T05:44:00,Security
3733,Repair leaking tap,Adjoa Kufuor,2,CLOSED,5,2027-03-03T06:18:00,Estates
3734,Repair broken fan,Afia Agyeman,5,CLOSED,4,2027-03-03T08:08:00,ICT
3735,Repair leaking tap,Ama Mensah,2,OPEN,5,2027-03-03T08:55:00,Estates
3736,Repair cracked wall,Kwabena Osei,1,CLOSED,4,2027-03-03T09:20:00,ICT
3737,Service air conditioner,Adwoa Frimpong,2,OPEN,2,2027-03-03T09:54:00,Engineering
3738,Service backup generator,Yaw Asante,2,OPEN,4,2027-03-03T11:39:00,ICT
3739,Fix electrical fault,Esi Danquah,4,OPEN,2,2027-03-03T14:22:00,Engineering
3740,Repair leaking tap,Adjoa Kufuor,3,IN_PROGRESS,5,2027-03-03T14:50:00,Estates
3741,Fix water leak in ceiling,Kwame Owusu,3,IN_PROGRESS,5,2027-03-03T17:31:00,Security
3742,Repair broken lock,Kojo Boakye,1,OPEN,2,2027-03-03T19:59:00,Engineering
3743,Fix water leak in ceiling,Kojo Boakye,2,OPEN,5,2027-03-03T21:54:00,Estates
3744,Repair cracked wall,Akua Nyarko,4,IN_PROGRESS,2,2027-03-03T23:20:00,Engineering
3745,Fix electrical fault,Abena Darko,5,IN_PROGRESS,3,2027-03-04T00:00:00,Estates
3746,Repair broken paving,Akosua Boateng,2,CLOSED,3,2027-03-04T01:12:00,Security
3747,Clear clogged sink,Akua Nyarko,5,CLOSED,1,2027-03-04T03:35:00,Estates
3748,Service backup generator,Kofi Adjei,3,OPEN,3,2027-03-04T03:52:00,Estates
3749,Repair damaged floor tile,Adwoa Frimpong,2,CLOSED,4,2027-03-04T04:57:00,Engineering
3750,Clear blocked drainage,Abena Darko,3,CLOSED,4,2027-03-04T06:02:00,Engineering
3751,Fix broken chair,Kwaku Appiah,1,CLOSED,2,2027-03-04T06:28:00,Engineering
3752,Fix broken window,Akosua Boateng,4,IN_PROGRESS,5,2027-03-04T08:18:00,Estates
3753,Repair cracked wall,Aba Gyasi,2,OPEN,4,2027-03-04T09:04:00,ICT
3754,Fix water leak in ceiling,Adwoa Frimpong,5,IN_PROGRESS,1,2027-03-04T09:48:00,ICT
3755,Fix damaged ceiling tile,Esi Danquah,3,CLOSED,1,2027-03-04T10:20:00,ICT
3756,Clear blocked drainage,Kwabena Osei,2,OPEN,4,2027-03-04T11:30:00,ICT
3757,Repair damaged floor tile,Akosua Boateng,5,CLOSED,1,2027-03-04T14:10:00,ICT
3758,Repair damaged floor tile,Kojo Boakye,2,ASSIGNED,3,2027-03-04T16:56:00,Estates
3759,Replace faulty projector,Afia Agyeman,3,CLOSED,3,2027-03-04T19:09:00,Security
3760,Service elevator,Kofi Adjei,2,ASSIGNED,5,2027-03-04T21:28:00,Estates
3761,Service air conditioner,Kwaku Appiah,1,OPEN,3,2027-03-04T23:36:00,Security
3762,Service backup generator,Aba Gyasi,1,ASSIGNED,5,2027-03-05T02:33:00,Security
3763,Service backup generator,Esi Danquah,1,OPEN,4,2027-03-05T05:33:00,Engineering
3764,Service backup generator,Afia Agyeman,2,IN_PROGRESS,2,2027-03-05T08:10:00,Engineering
3765,Repair broken lock,Fiifi Ansah,3,CLOSED,3,2027-03-05T09:06:00,Security
3766,Fix flickering light,Adjoa Kufuor,4,ASSIGNED,1,2027-03-05T10:12:00,Estates
3767,Service elevator,Akua Nyarko,5,ASSIGNED,1,2027-03-05T11:35:00,ICT
3768,Clear clogged sink,Adjoa Kufuor,4,ASSIGNED,5,2027-03-05T14:33:00,Security
3769,Fix flickering light,Abena Darko,2,OPEN,3,2027-03-05T15:52:00,Security
3770,Repair damaged floor tile,Adjoa Kufuor,4,ASSIGNED,5,2027-03-05T16:44:00,Security
3771,Fix electrical fault,Yaa Asantewaa,4,ASSIGNED,1,2027-03-05T18:54:00,Estates
3772,Fix jammed window,Kojo Boakye,3,OPEN,3,2027-03-05T21:07:00,Security
3773,Repair broken cabinet,Afia Agyeman,3,OPEN,5,2027-03-05T22:23:00,Security
3774,Repair damaged door,Efua Sarpong,2,ASSIGNED,5,2027-03-05T23:29:00,Security
3775,Unclog toilet,Akosua Boateng,2,OPEN,4,2027-03-05T23:43:00,ICT
3776,Fix jammed window,Yaa Asantewaa,1,IN_PROGRESS,4,2027-03-06T00:54:00,ICT
3777,Repair cracked wall,Kwaku Appiah,2,OPEN,3,2027-03-06T03:49:00,Security
3778,Service elevator,Afia Agyeman,2,OPEN,5,2027-03-06T06:47:00,Security
3779,Service elevator,Ama Mensah,2,CLOSED,3,2027-03-06T08:49:00,Security
3780,Clear blocked drainage,Kwame Owusu,1,OPEN,2,2027-03-06T11:02:00,ICT
3781,Service air conditioner,Kwaku Appiah,5,OPEN,3,2027-03-06T12:21:00,Security
3782,Fix water leak in ceiling,Aba Gyasi,2,IN_PROGRESS,5,2027-03-06T15:07:00,Estates
3783,Repair broken fan,Abena Darko,2,ASSIGNED,2,2027-03-06T16:19:00,ICT
3784,Repair broken cabinet,Kojo Boakye,5,IN_PROGRESS,4,2027-03-06T18:50:00,Engineering
3785,Repair broken fan,Yaw Asante,4,OPEN,5,2027-03-06T20:28:00,Security
3786,Fix electrical fault,Kofi Adjei,2,OPEN,4,2027-03-06T22:14:00,Engineering
3787,Fix flickering light,Aba Gyasi,2,ASSIGNED,1,2027-03-07T01:06:00,ICT
3788,Fix electrical fault,Efua Sarpong,1,IN_PROGRESS,4,2027-03-07T03:57:00,Engineering
3789,Repair broken fan,Adwoa Frimpong,5,ASSIGNED,5,2027-03-07T05:43:00,Security
3790,Fix broken window,Aba Gyasi,5,IN_PROGRESS,2,2027-03-07T07:07:00,ICT
3791,Repair damaged door,Efua Sarpong,4,IN_PROGRESS,1,2027-03-07T09:15:00,ICT
3792,Clear blocked drainage,Kwame Owusu,4,ASSIGNED,4,2027-03-07T11:41:00,Engineering
3793,Service backup generator,Afia Agyeman,4,IN_PROGRESS,4,2027-03-07T14:08:00,ICT
3794,Clean overflowing gutter,Akosua Boateng,5,OPEN,2,2027-03-07T14:37:00,Engineering
3795,Repair broken paving,Afia Agyeman,5,CLOSED,5,2027-03-07T15:54:00,Estates
3796,Replace faulty projector,Yaa Asantewaa,2,IN_PROGRESS,5,2027-03-07T16:59:00,Security
3797,Fix broken window,Adwoa Frimpong,2,ASSIGNED,3,2027-03-07T18:57:00,Estates
3798,Repair damaged door,Adwoa Frimpong,5,IN_PROGRESS,1,2027-03-07T20:08:00,Estates
3799,Fix electrical fault,Yaw Asante,5,ASSIGNED,4,2027-03-07T21:57:00,Engineering
3800,Clean overflowing gutter,Afia Agyeman,4,OPEN,5,2027-03-08T00:44:00,Security
3801,Repair damaged floor tile,Kwabena Osei,3,CLOSED,2,2027-03-08T00:59:00,Engineering
3802,Repair damaged floor tile,Abena Darko,5,IN_PROGRESS,2,2027-03-08T03:08:00,Engineering
3803,Service fire extinguisher,Fiifi Ansah,3,OPEN,4,2027-03-08T04:59:00,Engineering
3804,Repair broken paving,Kwesi Amponsah,2,ASSIGNED,4,2027-03-08T07:30:00,Engineering
3805,Replace worn carpet,Aba Gyasi,5,CLOSED,3,2027-03-08T07:46:00,Estates
3806,Fix broken window,Adwoa Frimpong,3,IN_PROGRESS,4,2027-03-08T10:21:00,ICT
3807,Fix flickering light,Ama Mensah,3,ASSIGNED,3,2027-03-08T11:39:00,Estates
3808,Repair broken cabinet,Aba Gyasi,4,ASSIGNED,4,2027-03-08T13:17:00,Engineering
3809,Repair squeaky door hinge,Kojo Boakye,3,IN_PROGRESS,2,2027-03-08T14:49:00,Engineering
3810,Fix water leak in ceiling,Esi Danquah,5,IN_PROGRESS,4,2027-03-08T15:14:00,Engineering
3811,Repair damaged door,Kofi Adjei,2,IN_PROGRESS,4,2027-03-08T16:00:00,ICT
3812,Clear clogged sink,Akua Nyarko,2,OPEN,3,2027-03-08T16:31:00,Security
3813,Fix water leak in ceiling,Ama Mensah,2,ASSIGNED,1,2027-03-08T17:18:00,Estates
3814,Repair broken intercom,Afia Agyeman,5,ASSIGNED,3,2027-03-08T19:29:00,Estates
3815,Fix jammed window,Kwame Owusu,3,OPEN,4,2027-03-08T21:56:00,Engineering
3816,Repair damaged floor tile,Aba Gyasi,1,OPEN,3,2027-03-09T00:27:00,Estates
3817,Clear clogged sink,Kwame Owusu,4,ASSIGNED,4,2027-03-09T01:16:00,Engineering
3818,Repair damaged floor tile,Aba Gyasi,5,IN_PROGRESS,1,2027-03-09T01:32:00,Estates
3819,Fix damaged ceiling tile,Yaa Asantewaa,5,OPEN,3,2027-03-09T03:57:00,Security
3820,Service backup generator,Adwoa Frimpong,3,ASSIGNED,5,2027-03-09T04:43:00,Security
3821,Replace burnt out bulb,Kofi Adjei,2,OPEN,4,2027-03-09T05:39:00,ICT
3822,Clear clogged sink,Akosua Boateng,2,IN_PROGRESS,5,2027-03-09T07:00:00,Estates
3823,Clear blocked drainage,Kwaku Appiah,4,IN_PROGRESS,5,2027-03-09T09:57:00,Estates
3824,Repair squeaky door hinge,Adjoa Kufuor,1,ASSIGNED,2,2027-03-09T10:20:00,ICT
3825,Repair broken paving,Kwame Owusu,4,OPEN,5,2027-03-09T13:00:00,Estates
3826,Repair leaking tap,Afia Agyeman,2,ASSIGNED,4,2027-03-09T13:26:00,ICT
3827,Repair broken fan,Esi Danquah,3,OPEN,1,2027-03-09T14:11:00,Estates
3828,Repair broken lock,Abena Darko,1,IN_PROGRESS,5,2027-03-09T14:37:00,Security
3829,Repair damaged door,Akosua Boateng,3,ASSIGNED,5,2027-03-09T17:02:00,Security
3830,Replace worn carpet,Aba Gyasi,5,CLOSED,5,2027-03-09T19:24:00,Estates
3831,Replace worn carpet,Kwabena Osei,1,IN_PROGRESS,4,2027-03-09T21:43:00,Engineering
3832,Fix electrical fault,Efua Sarpong,1,ASSIGNED,2,2027-03-09T22:07:00,Engineering
3833,Service backup generator,Kwame Owusu,5,CLOSED,1,2027-03-09T23:55:00,ICT
3834,Repair cracked wall,Afia Agyeman,1,OPEN,1,2027-03-10T00:43:00,Estates
3835,Replace worn carpet,Afia Agyeman,3,OPEN,5,2027-03-10T03:08:00,Estates
3836,Unclog toilet,Adwoa Frimpong,1,IN_PROGRESS,5,2027-03-10T05:38:00,Security
3837,Fix broken chair,Kwaku Appiah,1,IN_PROGRESS,2,2027-03-10T07:18:00,Engineering
3838,Service backup generator,Kwame Owusu,3,OPEN,2,2027-03-10T10:12:00,Engineering
3839,Fix water leak in ceiling,Kwame Owusu,3,ASSIGNED,4,2027-03-10T12:37:00,ICT
3840,Service backup generator,Kwame Owusu,3,ASSIGNED,2,2027-03-10T12:54:00,ICT
3841,Repair cracked wall,Kojo Boakye,1,ASSIGNED,1,2027-03-10T14:13:00,ICT
3842,Repair broken paving,Akua Nyarko,1,ASSIGNED,1,2027-03-10T15:19:00,Estates
3843,Repair broken intercom,Kwame Owusu,3,OPEN,3,2027-03-10T17:19:00,Security
3844,Service backup generator,Yaa Asantewaa,3,IN_PROGRESS,3,2027-03-10T19:39:00,Estates
3845,Clean overflowing gutter,Kobina Quaye,2,CLOSED,4,2027-03-10T21:53:00,ICT
3846,Service air conditioner,Aba Gyasi,3,ASSIGNED,4,2027-03-11T00:32:00,Engineering
3847,Fix damaged ceiling tile,Kobina Quaye,5,OPEN,2,2027-03-11T01:20:00,Engineering
3848,Clear blocked drainage,Kobina Quaye,4,CLOSED,2,2027-03-11T02:09:00,Engineering
3849,Repair damaged door,Kwaku Appiah,4,CLOSED,1,2027-03-11T02:25:00,Estates
3850,Repair broken paving,Kwesi Amponsah,2,OPEN,3,2027-03-11T02:53:00,Security
3851,Service air conditioner,Akosua Boateng,5,OPEN,2,2027-03-11T03:23:00,ICT
3852,Repair squeaky door hinge,Esi Danquah,4,OPEN,4,2027-03-11T04:07:00,ICT
3853,Service backup generator,Kwabena Osei,1,IN_PROGRESS,5,2027-03-11T05:13:00,Security
3854,Unclog toilet,Yaa Asantewaa,2,OPEN,5,2027-03-11T05:48:00,Security
3855,Fix broken chair,Kojo Boakye,2,CLOSED,5,2027-03-11T06:51:00,Security
3856,Repair cracked wall,Efua Sarpong,3,ASSIGNED,2,2027-03-11T08:08:00,Engineering
3857,Clear clogged sink,Adjoa Kufuor,1,IN_PROGRESS,4,2027-03-11T10:03:00,ICT
3858,Replace faulty projector,Yaa Asantewaa,5,IN_PROGRESS,3,2027-03-11T10:21:00,Estates
3859,Service air conditioner,Akua Nyarko,4,CLOSED,3,2027-03-11T12:50:00,Estates
3860,Unclog toilet,Kwabena Osei,5,CLOSED,1,2027-03-11T14:20:00,Estates
3861,Service air conditioner,Adjoa Kufuor,1,CLOSED,3,2027-03-11T16:48:00,Security
3862,Repair broken paving,Yaw Asante,3,CLOSED,4,2027-03-11T19:36:00,ICT
3863,Service fire extinguisher,Yaw Asante,3,OPEN,5,2027-03-11T21:14:00,Security
3864,Service fire extinguisher,Aba Gyasi,3,OPEN,4,2027-03-11T23:56:00,Engineering
3865,Repair leaking tap,Afia Agyeman,3,ASSIGNED,4,2027-03-12T00:15:00,Engineering
3866,Service elevator,Adjoa Kufuor,5,ASSIGNED,2,2027-03-12T02:05:00,Engineering
3867,Clear clogged sink,Kojo Boakye,2,ASSIGNED,3,2027-03-12T03:15:00,Security
3868,Fix electrical fault,Aba Gyasi,5,CLOSED,4,2027-03-12T05:15:00,ICT
3869,Service fire extinguisher,Kwabena Osei,3,OPEN,5,2027-03-12T06:08:00,Security
3870,Service air conditioner,Afia Agyeman,2,OPEN,2,2027-03-12T08:41:00,ICT
3871,Service backup generator,Kwesi Amponsah,5,IN_PROGRESS,4,2027-03-12T11:01:00,ICT
3872,Fix broken chair,Kojo Boakye,2,ASSIGNED,5,2027-03-12T11:35:00,Estates
3873,Fix jammed window,Akua Nyarko,5,CLOSED,2,2027-03-12T12:40:00,Engineering
3874,Clear blocked drainage,Yaa Asantewaa,1,IN_PROGRESS,3,2027-03-12T13:41:00,Estates
3875,Service elevator,Yaw Asante,1,CLOSED,1,2027-03-12T15:19:00,Estates
3876,Repair broken fan,Kwesi Amponsah,4,OPEN,1,2027-03-12T17:33:00,Estates
3877,Fix loose handrail,Abena Darko,4,OPEN,3,2027-03-12T20:10:00,Security
3878,Fix damaged ceiling tile,Yaw Asante,4,IN_PROGRESS,2,2027-03-12T22:58:00,ICT
3879,Fix broken window,Kofi Adjei,3,ASSIGNED,1,2027-03-13T01:30:00,ICT
3880,Replace burnt out bulb,Yaw Asante,2,IN_PROGRESS,3,2027-03-13T04:29:00,Security
3881,Repair leaking tap,Fiifi Ansah,4,ASSIGNED,3,2027-03-13T05:56:00,Security
3882,Replace burnt out bulb,Aba Gyasi,4,OPEN,3,2027-03-13T08:01:00,Estates
3883,Fix electrical fault,Afia Agyeman,3,ASSIGNED,4,2027-03-13T10:15:00,Engineering
3884,Service air conditioner,Fiifi Ansah,2,IN_PROGRESS,5,2027-03-13T12:03:00,Security
3885,Service air conditioner,Akosua Boateng,5,OPEN,3,2027-03-13T13:37:00,Estates
3886,Address pest issue,Akosua Boateng,5,CLOSED,3,2027-03-13T15:12:00,Security
3887,Fix electrical fault,Efua Sarpong,5,CLOSED,2,2027-03-13T15:48:00,Engineering
3888,Unclog toilet,Ama Mensah,1,CLOSED,2,2027-03-13T18:18:00,Engineering
3889,Fix damaged ceiling tile,Kojo Boakye,3,IN_PROGRESS,1,2027-03-13T18:40:00,ICT
3890,Address pest issue,Abena Darko,2,ASSIGNED,1,2027-03-13T20:08:00,ICT
3891,Service air conditioner,Yaa Asantewaa,4,IN_PROGRESS,3,2027-03-13T20:23:00,Estates
3892,Repair damaged floor tile,Kwesi Amponsah,1,ASSIGNED,3,2027-03-13T21:00:00,Security
3893,Fix water leak in ceiling,Afia Agyeman,5,OPEN,4,2027-03-13T21:58:00,Engineering
3894,Unclog toilet,Akosua Boateng,4,ASSIGNED,5,2027-03-13T22:59:00,Security
3895,Service air conditioner,Kobina Quaye,3,ASSIGNED,1,2027-03-14T01:13:00,Estates
3896,Service air conditioner,Kwesi Amponsah,5,ASSIGNED,1,2027-03-14T02:51:00,ICT
3897,Clean overflowing gutter,Abena Darko,5,ASSIGNED,3,2027-03-14T04:24:00,Security
3898,Replace faulty projector,Kwaku Appiah,2,IN_PROGRESS,2,2027-03-14T06:54:00,Engineering
3899,Replace faulty projector,Adjoa Kufuor,3,OPEN,4,2027-03-14T09:16:00,Engineering
3900,Repair broken intercom,Adjoa Kufuor,3,ASSIGNED,5,2027-03-14T11:03:00,Security
3901,Repair cracked wall,Ama Mensah,5,IN_PROGRESS,4,2027-03-14T12:03:00,Engineering
3902,Repair broken cabinet,Kojo Boakye,3,OPEN,4,2027-03-14T13:32:00,Engineering
3903,Service fire extinguisher,Ama Mensah,4,IN_PROGRESS,1,2027-03-14T13:47:00,Estates
3904,Service fire extinguisher,Aba Gyasi,5,OPEN,3,2027-03-14T14:28:00,Security
3905,Replace burnt out bulb,Kwame Owusu,1,OPEN,1,2027-03-14T15:37:00,ICT
3906,Fix loose handrail,Kwaku Appiah,2,OPEN,4,2027-03-14T16:22:00,Engineering
3907,Fix flickering light,Akua Nyarko,1,OPEN,4,2027-03-14T18:21:00,Engineering
3908,Repair damaged floor tile,Kwame Owusu,3,IN_PROGRESS,2,2027-03-14T21:17:00,ICT
3909,Fix electrical fault,Abena Darko,3,CLOSED,3,2027-03-14T22:26:00,Security
3910,Repair broken paving,Yaa Asantewaa,3,IN_PROGRESS,2,2027-03-15T01:24:00,Engineering
3911,Replace worn carpet,Kwaku Appiah,2,IN_PROGRESS,1,2027-03-15T02:27:00,ICT
3912,Service fire extinguisher,Yaa Asantewaa,5,IN_PROGRESS,3,2027-03-15T03:26:00,Estates
3913,Replace faulty projector,Kojo Boakye,1,IN_PROGRESS,3,2027-03-15T05:23:00,Estates
3914,Repair broken lock,Adwoa Frimpong,1,IN_PROGRESS,5,2027-03-15T06:13:00,Estates
3915,Fix jammed window,Kwabena Osei,1,CLOSED,1,2027-03-15T09:10:00,ICT
3916,Fix loose handrail,Akosua Boateng,5,IN_PROGRESS,4,2027-03-15T09:43:00,ICT
3917,Fix electrical fault,Afia Agyeman,3,IN_PROGRESS,1,2027-03-15T11:44:00,Estates
3918,Fix damaged ceiling tile,Kofi Adjei,4,OPEN,2,2027-03-15T13:07:00,Engineering
3919,Clear clogged sink,Kobina Quaye,2,OPEN,4,2027-03-15T15:35:00,Engineering
3920,Fix electrical fault,Kwaku Appiah,5,CLOSED,5,2027-03-15T16:37:00,Estates
3921,Fix broken chair,Yaa Asantewaa,5,IN_PROGRESS,2,2027-03-15T19:13:00,Engineering
3922,Repair cracked wall,Esi Danquah,3,CLOSED,2,2027-03-15T19:39:00,Engineering
3923,Unclog toilet,Aba Gyasi,4,ASSIGNED,3,2027-03-15T22:21:00,Estates
3924,Service air conditioner,Kofi Adjei,5,CLOSED,4,2027-03-15T23:51:00,ICT
3925,Replace burnt out bulb,Adjoa Kufuor,2,ASSIGNED,5,2027-03-16T01:52:00,Estates
3926,Clear clogged sink,Kwaku Appiah,1,OPEN,4,2027-03-16T03:30:00,ICT
3927,Repair damaged door,Akosua Boateng,2,OPEN,1,2027-03-16T04:22:00,Estates
3928,Fix loose handrail,Abena Darko,3,OPEN,5,2027-03-16T06:03:00,Estates
3929,Replace burnt out bulb,Akua Nyarko,3,IN_PROGRESS,3,2027-03-16T08:23:00,Security
3930,Replace worn carpet,Fiifi Ansah,5,IN_PROGRESS,3,2027-03-16T09:46:00,Security
3931,Replace burnt out bulb,Adjoa Kufuor,2,ASSIGNED,2,2027-03-16T12:09:00,Engineering
3932,Replace faulty projector,Aba Gyasi,2,CLOSED,3,2027-03-16T13:14:00,Security
3933,Clear blocked drainage,Yaa Asantewaa,1,ASSIGNED,2,2027-03-16T14:08:00,Engineering
3934,Service backup generator,Ama Mensah,4,CLOSED,3,2027-03-16T16:05:00,Security
3935,Fix water leak in ceiling,Yaw Asante,3,ASSIGNED,5,2027-03-16T17:20:00,Security
3936,Repair leaking tap,Adjoa Kufuor,1,IN_PROGRESS,3,2027-03-16T17:56:00,Security
3937,Repair broken intercom,Ama Mensah,2,OPEN,1,2027-03-16T19:00:00,Estates
3938,Replace worn carpet,Akua Nyarko,3,OPEN,1,2027-03-16T20:03:00,Estates
3939,Repair broken fan,Kwabena Osei,2,OPEN,1,2027-03-16T22:45:00,ICT
3940,Service air conditioner,Adwoa Frimpong,2,CLOSED,5,2027-03-17T00:01:00,Estates
3941,Repair damaged door,Afia Agyeman,2,OPEN,4,2027-03-17T02:51:00,Engineering
3942,Repair broken paving,Esi Danquah,1,ASSIGNED,3,2027-03-17T03:52:00,Security
3943,Service air conditioner,Aba Gyasi,4,ASSIGNED,1,2027-03-17T05:24:00,ICT
3944,Repair broken fan,Kwame Owusu,1,IN_PROGRESS,4,2027-03-17T07:54:00,ICT
3945,Fix broken window,Afia Agyeman,5,OPEN,3,2027-03-17T08:57:00,Estates
3946,Replace burnt out bulb,Akua Nyarko,3,IN_PROGRESS,2,2027-03-17T10:47:00,ICT
3947,Replace burnt out bulb,Kojo Boakye,5,IN_PROGRESS,4,2027-03-17T11:50:00,Engineering
3948,Repair broken lock,Akosua Boateng,5,ASSIGNED,1,2027-03-17T13:27:00,Estates
3949,Service air conditioner,Yaa Asantewaa,3,ASSIGNED,2,2027-03-17T15:57:00,ICT
3950,Repair broken cabinet,Esi Danquah,4,IN_PROGRESS,2,2027-03-17T18:30:00,Engineering
3951,Fix damaged ceiling tile,Kofi Adjei,2,ASSIGNED,2,2027-03-17T18:41:00,Engineering
3952,Repair squeaky door hinge,Ama Mensah,5,IN_PROGRESS,3,2027-03-17T21:20:00,Estates
3953,Fix flickering light,Akosua Boateng,5,IN_PROGRESS,5,2027-03-17T23:40:00,Estates
3954,Service elevator,Esi Danquah,5,CLOSED,1,2027-03-18T02:13:00,ICT
3955,Repair broken fan,Yaw Asante,5,CLOSED,5,2027-03-18T05:13:00,Security
3956,Repair broken intercom,Kwaku Appiah,3,ASSIGNED,1,2027-03-18T07:46:00,ICT
3957,Clear blocked drainage,Aba Gyasi,1,OPEN,2,2027-03-18T10:44:00,ICT
3958,Address pest issue,Yaw Asante,4,CLOSED,3,2027-03-18T12:26:00,Estates
3959,Fix damaged ceiling tile,Kwaku Appiah,2,ASSIGNED,3,2027-03-18T13:31:00,Security
3960,Replace faulty projector,Efua Sarpong,5,IN_PROGRESS,2,2027-03-18T15:42:00,ICT
3961,Service elevator,Fiifi Ansah,4,CLOSED,5,2027-03-18T17:36:00,Estates
3962,Repair broken intercom,Adwoa Frimpong,2,OPEN,5,2027-03-18T20:04:00,Estates
3963,Replace faulty projector,Kojo Boakye,3,CLOSED,4,2027-03-18T20:31:00,Engineering
3964,Unclog toilet,Kwaku Appiah,2,IN_PROGRESS,1,2027-03-18T23:18:00,ICT
3965,Repair broken cabinet,Abena Darko,1,OPEN,4,2027-03-19T00:42:00,ICT
3966,Clear blocked drainage,Kwame Owusu,2,IN_PROGRESS,3,2027-03-19T02:58:00,Security
3967,Replace worn carpet,Afia Agyeman,1,IN_PROGRESS,2,2027-03-19T04:32:00,Engineering
3968,Repair damaged floor tile,Aba Gyasi,4,IN_PROGRESS,5,2027-03-19T07:02:00,Estates
3969,Unclog toilet,Kofi Adjei,2,OPEN,3,2027-03-19T08:04:00,Security
3970,Fix broken window,Yaw Asante,2,ASSIGNED,5,2027-03-19T09:39:00,Estates
3971,Service elevator,Efua Sarpong,1,IN_PROGRESS,5,2027-03-19T10:00:00,Estates
3972,Replace faulty projector,Adwoa Frimpong,1,IN_PROGRESS,5,2027-03-19T12:31:00,Security
3973,Service air conditioner,Kwesi Amponsah,1,OPEN,5,2027-03-19T14:02:00,Security
3974,Fix electrical fault,Ama Mensah,1,IN_PROGRESS,3,2027-03-19T16:34:00,Estates
3975,Unclog toilet,Kofi Adjei,5,IN_PROGRESS,3,2027-03-19T19:25:00,Security
3976,Clear blocked drainage,Kofi Adjei,2,CLOSED,2,2027-03-19T20:40:00,Engineering
3977,Address pest issue,Adwoa Frimpong,2,IN_PROGRESS,3,2027-03-19T21:24:00,Security
3978,Replace burnt out bulb,Aba Gyasi,4,OPEN,2,2027-03-19T23:01:00,Engineering
3979,Repair leaking tap,Adjoa Kufuor,1,ASSIGNED,3,2027-03-20T00:15:00,Estates
3980,Service fire extinguisher,Kwabena Osei,5,IN_PROGRESS,3,2027-03-20T01:59:00,Estates
3981,Fix broken window,Kwaku Appiah,4,ASSIGNED,4,2027-03-20T04:49:00,ICT
3982,Service air conditioner,Adjoa Kufuor,5,OPEN,2,2027-03-20T07:24:00,ICT
3983,Repair damaged floor tile,Yaw Asante,3,CLOSED,2,2027-03-20T09:12:00,Engineering
3984,Fix loose handrail,Esi Danquah,1,OPEN,5,2027-03-20T11:56:00,Security
3985,Fix jammed window,Ama Mensah,5,ASSIGNED,5,2027-03-20T14:36:00,Estates
3986,Repair broken intercom,Akua Nyarko,5,OPEN,2,2027-03-20T15:11:00,Engineering
3987,Replace burnt out bulb,Kwabena Osei,1,ASSIGNED,4,2027-03-20T18:07:00,ICT
3988,Repair squeaky door hinge,Esi Danquah,5,ASSIGNED,2,2027-03-20T19:09:00,Engineering
3989,Fix broken chair,Kwabena Osei,4,IN_PROGRESS,5,2027-03-20T19:32:00,Estates
3990,Clear clogged sink,Yaa Asantewaa,2,ASSIGNED,3,2027-03-20T20:28:00,Security
3991,Service fire extinguisher,Yaw Asante,3,OPEN,4,2027-03-20T20:47:00,Engineering
3992,Replace burnt out bulb,Kofi Adjei,3,CLOSED,2,2027-03-20T20:58:00,ICT
3993,Repair broken lock,Adwoa Frimpong,1,OPEN,5,2027-03-20T22:17:00,Estates
3994,Fix electrical fault,Akosua Boateng,5,ASSIGNED,2,2027-03-20T22:52:00,ICT
3995,Clear clogged sink,Kwesi Amponsah,2,OPEN,2,2027-03-21T01:20:00,Engineering
3996,Fix electrical fault,Kwesi Amponsah,2,OPEN,4,2027-03-21T01:52:00,Engineering
3997,Repair cracked wall,Kwesi Amponsah,5,OPEN,5,2027-03-21T02:54:00,Security
3998,Repair cracked wall,Akua Nyarko,2,CLOSED,1,2027-03-21T04:41:00,ICT
3999,Clear blocked drainage,Abena Darko,4,ASSIGNED,4,2027-03-21T06:58:00,ICT
4000,Repair broken cabinet,Kwesi Amponsah,3,OPEN,2,2027-03-21T07:29:00,Engineering
4001,Repair damaged door,Akua Nyarko,2,CLOSED,5,2027-03-21T08:33:00,Security
4002,Repair broken intercom,Aba Gyasi,4,IN_PROGRESS,5,2027-03-21T09:30:00,Estates
4003,Fix flickering light,Afia Agyeman,3,CLOSED,5,2027-03-21T10:45:00,Security
4004,Repair squeaky door hinge,Kwabena Osei,3,OPEN,4,2027-03-21T13:15:00,ICT
4005,Service fire extinguisher,Kojo Boakye,3,OPEN,5,2027-03-21T13:25:00,Estates
4006,Repair damaged door,Abena Darko,1,ASSIGNED,4,2027-03-21T13:57:00,ICT
4007,Unclog toilet,Kwaku Appiah,5,OPEN,1,2027-03-21T15:25:00,Estates
4008,Service air conditioner,Kojo Boakye,2,OPEN,4,2027-03-21T15:38:00,ICT
4009,Unclog toilet,Kobina Quaye,1,OPEN,1,2027-03-21T18:34:00,Estates
4010,Repair damaged floor tile,Aba Gyasi,4,OPEN,1,2027-03-21T19:16:00,ICT
4011,Repair broken lock,Efua Sarpong,1,OPEN,4,2027-03-21T20:08:00,ICT
4012,Fix broken chair,Abena Darko,4,ASSIGNED,4,2027-03-21T21:38:00,ICT
4013,Service elevator,Esi Danquah,3,ASSIGNED,5,2027-03-22T00:24:00,Estates
4014,Repair broken fan,Afia Agyeman,2,OPEN,2,2027-03-22T03:06:00,Engineering
4015,Repair squeaky door hinge,Efua Sarpong,4,IN_PROGRESS,1,2027-03-22T04:08:00,Estates
4016,Repair broken intercom,Kwaku Appiah,1,OPEN,5,2027-03-22T04:42:00,Security
4017,Fix flickering light,Kobina Quaye,4,OPEN,4,2027-03-22T05:22:00,ICT
4018,Service air conditioner,Adjoa Kufuor,3,OPEN,5,2027-03-22T08:11:00,Estates
4019,Service air conditioner,Afia Agyeman,1,IN_PROGRESS,4,2027-03-22T10:09:00,ICT
4020,Address pest issue,Efua Sarpong,4,OPEN,5,2027-03-22T12:48:00,Estates
4021,Repair broken fan,Kwaku Appiah,5,ASSIGNED,4,2027-03-22T13:38:00,Engineering
4022,Clear clogged sink,Akosua Boateng,1,IN_PROGRESS,4,2027-03-22T15:06:00,Engineering
4023,Service fire extinguisher,Yaa Asantewaa,5,OPEN,4,2027-03-22T15:33:00,ICT
4024,Repair broken lock,Fiifi Ansah,5,OPEN,2,2027-03-22T17:09:00,ICT
4025,Service elevator,Kobina Quaye,1,OPEN,5,2027-03-22T17:30:00,Estates
4026,Repair broken cabinet,Akosua Boateng,1,OPEN,2,2027-03-22T19:43:00,Engineering
4027,Repair leaking tap,Efua Sarpong,2,CLOSED,2,2027-03-22T20:47:00,Engineering
4028,Fix jammed window,Efua Sarpong,5,IN_PROGRESS,3,2027-03-22T21:21:00,Security
4029,Repair damaged door,Abena Darko,1,IN_PROGRESS,1,2027-03-22T22:10:00,ICT
4030,Repair damaged door,Kwabena Osei,2,IN_PROGRESS,2,2027-03-23T00:41:00,Engineering
4031,Service air conditioner,Yaw Asante,2,IN_PROGRESS,5,2027-03-23T01:08:00,Estates
4032,Repair broken paving,Kwabena Osei,5,CLOSED,5,2027-03-23T03:18:00,Estates
4033,Clean overflowing gutter,Kwaku Appiah,4,CLOSED,4,2027-03-23T05:20:00,Engineering
4034,Repair damaged floor tile,Ama Mensah,5,IN_PROGRESS,5,2027-03-23T06:32:00,Security
4035,Clear clogged sink,Kojo Boakye,4,ASSIGNED,2,2027-03-23T09:13:00,ICT
4036,Fix loose handrail,Fiifi Ansah,4,ASSIGNED,3,2027-03-23T10:29:00,Security
4037,Fix damaged ceiling tile,Kojo Boakye,2,CLOSED,3,2027-03-23T10:45:00,Estates
4038,Service fire extinguisher,Adjoa Kufuor,3,CLOSED,4,2027-03-23T12:14:00,Engineering
4039,Repair broken fan,Kwaku Appiah,2,OPEN,5,2027-03-23T14:54:00,Security
4040,Replace burnt out bulb,Ama Mensah,1,ASSIGNED,5,2027-03-23T15:20:00,Security
4041,Service air conditioner,Kwesi Amponsah,1,IN_PROGRESS,2,2027-03-23T17:59:00,ICT
4042,Fix jammed window,Kwaku Appiah,5,ASSIGNED,5,2027-03-23T18:28:00,Security
4043,Address pest issue,Ama Mensah,4,IN_PROGRESS,2,2027-03-23T21:18:00,ICT
4044,Service backup generator,Kwesi Amponsah,3,OPEN,3,2027-03-23T21:41:00,Security
4045,Repair broken intercom,Kobina Quaye,2,IN_PROGRESS,2,2027-03-23T22:15:00,Engineering
4046,Unclog toilet,Adwoa Frimpong,1,IN_PROGRESS,1,2027-03-24T00:38:00,Estates
4047,Replace worn carpet,Abena Darko,4,CLOSED,4,2027-03-24T02:24:00,Engineering
4048,Repair broken cabinet,Fiifi Ansah,3,CLOSED,3,2027-03-24T04:47:00,Estates
4049,Repair damaged door,Kwabena Osei,5,OPEN,1,2027-03-24T05:56:00,ICT
4050,Fix water leak in ceiling,Kwesi Amponsah,1,OPEN,4,2027-03-24T07:27:00,Engineering
4051,Fix broken window,Afia Agyeman,3,IN_PROGRESS,4,2027-03-24T08:17:00,ICT
4052,Fix electrical fault,Adjoa Kufuor,2,ASSIGNED,1,2027-03-24T08:59:00,ICT
4053,Address pest issue,Esi Danquah,5,OPEN,1,2027-03-24T10:08:00,ICT
4054,Fix loose handrail,Adwoa Frimpong,4,ASSIGNED,1,2027-03-24T11:30:00,ICT
4055,Service air conditioner,Abena Darko,2,IN_PROGRESS,5,2027-03-24T13:42:00,Estates
4056,Clear clogged sink,Kwame Owusu,2,CLOSED,5,2027-03-24T14:17:00,Security
4057,Clear clogged sink,Akua Nyarko,1,CLOSED,1,2027-03-24T16:40:00,ICT
4058,Clear blocked drainage,Yaw Asante,1,OPEN,5,2027-03-24T19:04:00,Estates
4059,Replace burnt out bulb,Yaa Asantewaa,2,CLOSED,4,2027-03-24T19:47:00,Engineering
4060,Fix broken window,Fiifi Ansah,5,OPEN,5,2027-03-24T22:07:00,Estates
4061,Service air conditioner,Efua Sarpong,2,ASSIGNED,3,2027-03-25T00:34:00,Estates
4062,Fix water leak in ceiling,Kojo Boakye,4,OPEN,2,2027-03-25T02:26:00,ICT
4063,Clean overflowing gutter,Kobina Quaye,2,ASSIGNED,4,2027-03-25T04:17:00,Engineering
4064,Repair broken fan,Kwaku Appiah,1,ASSIGNED,5,2027-03-25T06:26:00,Estates
4065,Repair squeaky door hinge,Kwesi Amponsah,4,IN_PROGRESS,5,2027-03-25T08:52:00,Security
4066,Clear blocked drainage,Ama Mensah,3,ASSIGNED,4,2027-03-25T10:31:00,Engineering
4067,Repair broken fan,Kofi Adjei,1,OPEN,1,2027-03-25T11:28:00,Estates
4068,Fix broken window,Kwesi Amponsah,1,CLOSED,1,2027-03-25T13:48:00,ICT
4069,Unclog toilet,Kwesi Amponsah,3,ASSIGNED,3,2027-03-25T14:03:00,Estates
4070,Fix loose handrail,Akua Nyarko,5,ASSIGNED,4,2027-03-25T14:50:00,ICT
4071,Repair broken paving,Akosua Boateng,5,ASSIGNED,3,2027-03-25T15:05:00,Estates
4072,Unclog toilet,Yaa Asantewaa,1,OPEN,5,2027-03-25T16:18:00,Security
4073,Service fire extinguisher,Akosua Boateng,2,IN_PROGRESS,1,2027-03-25T16:50:00,ICT
4074,Clear clogged sink,Kojo Boakye,4,OPEN,2,2027-03-25T18:53:00,ICT
4075,Repair damaged floor tile,Kojo Boakye,5,IN_PROGRESS,1,2027-03-25T19:30:00,ICT
4076,Service fire extinguisher,Efua Sarpong,1,CLOSED,4,2027-03-25T21:57:00,ICT
4077,Repair broken fan,Kwesi Amponsah,5,CLOSED,5,2027-03-25T22:39:00,Estates
4078,Repair damaged floor tile,Kobina Quaye,4,IN_PROGRESS,1,2027-03-26T01:05:00,Estates
4079,Fix damaged ceiling tile,Adwoa Frimpong,1,ASSIGNED,2,2027-03-26T02:20:00,Engineering
4080,Fix water leak in ceiling,Kwaku Appiah,2,OPEN,4,2027-03-26T03:49:00,Engineering
4081,Repair cracked wall,Kojo Boakye,2,OPEN,2,2027-03-26T04:49:00,Engineering
4082,Repair leaking tap,Adwoa Frimpong,5,IN_PROGRESS,5,2027-03-26T06:43:00,Security
4083,Repair broken cabinet,Kofi Adjei,2,OPEN,3,2027-03-26T08:55:00,Estates
4084,Repair broken lock,Kwame Owusu,4,ASSIGNED,5,2027-03-26T09:21:00,Security
4085,Repair broken intercom,Kwaku Appiah,2,OPEN,5,2027-03-26T10:33:00,Estates
4086,Replace worn carpet,Abena Darko,3,ASSIGNED,5,2027-03-26T13:05:00,Estates
4087,Fix water leak in ceiling,Kwame Owusu,3,IN_PROGRESS,3,2027-03-26T14:33:00,Estates
4088,Address pest issue,Kojo Boakye,3,ASSIGNED,1,2027-03-26T16:29:00,Estates
4089,Address pest issue,Kojo Boakye,4,ASSIGNED,3,2027-03-26T18:28:00,Estates
4090,Clear clogged sink,Yaw Asante,1,CLOSED,1,2027-03-26T20:35:00,ICT
4091,Repair leaking tap,Yaw Asante,5,IN_PROGRESS,2,2027-03-26T22:51:00,ICT
4092,Repair broken fan,Kobina Quaye,2,IN_PROGRESS,1,2027-03-27T01:41:00,ICT
4093,Repair cracked wall,Kobina Quaye,2,CLOSED,5,2027-03-27T03:56:00,Estates
4094,Repair broken cabinet,Akua Nyarko,2,ASSIGNED,4,2027-03-27T05:38:00,Engineering
4095,Repair leaking tap,Kwabena Osei,2,ASSIGNED,4,2027-03-27T07:17:00,Engineering
4096,Replace faulty projector,Fiifi Ansah,4,OPEN,5,2027-03-27T09:44:00,Estates
4097,Repair broken intercom,Adwoa Frimpong,2,OPEN,4,2027-03-27T09:56:00,Engineering
4098,Fix flickering light,Esi Danquah,5,ASSIGNED,2,2027-03-27T12:37:00,ICT
4099,Clear blocked drainage,Kwabena Osei,2,CLOSED,2,2027-03-27T12:47:00,ICT
4100,Replace worn carpet,Ama Mensah,3,OPEN,5,2027-03-27T12:59:00,Security
4101,Fix electrical fault,Adjoa Kufuor,3,CLOSED,2,2027-03-27T14:56:00,Engineering
4102,Fix damaged ceiling tile,Kwesi Amponsah,1,CLOSED,5,2027-03-27T15:33:00,Security
4103,Repair damaged door,Yaa Asantewaa,4,ASSIGNED,4,2027-03-27T15:43:00,ICT
4104,Address pest issue,Aba Gyasi,1,OPEN,1,2027-03-27T18:29:00,Estates
4105,Repair damaged floor tile,Abena Darko,4,IN_PROGRESS,4,2027-03-27T19:48:00,Engineering
4106,Clear clogged sink,Abena Darko,5,ASSIGNED,1,2027-03-27T22:10:00,Estates
4107,Repair damaged door,Afia Agyeman,5,CLOSED,3,2027-03-27T23:57:00,Estates
4108,Fix jammed window,Abena Darko,4,CLOSED,4,2027-03-28T01:52:00,Engineering
4109,Repair broken paving,Kwaku Appiah,3,OPEN,4,2027-03-28T03:58:00,Engineering
4110,Fix jammed window,Kojo Boakye,5,OPEN,4,2027-03-28T04:54:00,ICT
4111,Clean overflowing gutter,Akosua Boateng,3,OPEN,3,2027-03-28T07:22:00,Security
4112,Repair broken intercom,Kofi Adjei,4,IN_PROGRESS,2,2027-03-28T08:55:00,Engineering
4113,Replace faulty projector,Adjoa Kufuor,4,ASSIGNED,4,2027-03-28T10:37:00,Engineering
4114,Service elevator,Kofi Adjei,3,OPEN,3,2027-03-28T12:09:00,Estates
4115,Repair broken cabinet,Adjoa Kufuor,5,IN_PROGRESS,5,2027-03-28T14:38:00,Security
4116,Replace worn carpet,Yaa Asantewaa,1,OPEN,4,2027-03-28T17:00:00,ICT
4117,Replace burnt out bulb,Fiifi Ansah,4,OPEN,5,2027-03-28T19:37:00,Security
4118,Fix damaged ceiling tile,Kofi Adjei,1,OPEN,3,2027-03-28T21:03:00,Estates
4119,Clean overflowing gutter,Kofi Adjei,5,IN_PROGRESS,3,2027-03-28T22:07:00,Security
4120,Fix broken chair,Kojo Boakye,2,ASSIGNED,1,2027-03-28T22:21:00,ICT
4121,Fix loose handrail,Yaa Asantewaa,4,CLOSED,5,2027-03-28T23:21:00,Estates
4122,Service fire extinguisher,Kofi Adjei,4,CLOSED,2,2027-03-29T01:16:00,ICT
4123,Service fire extinguisher,Kobina Quaye,1,OPEN,2,2027-03-29T03:34:00,ICT
4124,Repair damaged floor tile,Fiifi Ansah,3,CLOSED,3,2027-03-29T05:03:00,Security
4125,Repair broken cabinet,Kwame Owusu,5,ASSIGNED,2,2027-03-29T05:29:00,ICT
4126,Service elevator,Yaw Asante,4,ASSIGNED,5,2027-03-29T08:02:00,Estates
4127,Replace worn carpet,Ama Mensah,5,IN_PROGRESS,2,2027-03-29T10:12:00,ICT
4128,Repair broken lock,Afia Agyeman,1,ASSIGNED,5,2027-03-29T12:03:00,Estates
4129,Clear blocked drainage,Kwame Owusu,2,IN_PROGRESS,5,2027-03-29T12:43:00,Estates
4130,Address pest issue,Esi Danquah,4,OPEN,3,2027-03-29T13:34:00,Security
4131,Repair broken fan,Ama Mensah,3,ASSIGNED,1,2027-03-29T14:20:00,Estates
4132,Repair leaking tap,Ama Mensah,1,IN_PROGRESS,5,2027-03-29T16:05:00,Estates
4133,Fix electrical fault,Afia Agyeman,4,IN_PROGRESS,3,2027-03-29T16:33:00,Security
4134,Fix damaged ceiling tile,Kofi Adjei,4,ASSIGNED,1,2027-03-29T18:37:00,ICT
4135,Fix broken window,Yaw Asante,4,ASSIGNED,2,2027-03-29T18:52:00,ICT
4136,Replace burnt out bulb,Kobina Quaye,1,ASSIGNED,5,2027-03-29T21:25:00,Security
4137,Repair broken cabinet,Kwabena Osei,4,IN_PROGRESS,4,2027-03-29T22:05:00,Engineering
4138,Repair leaking tap,Abena Darko,2,CLOSED,1,2027-03-29T23:02:00,ICT
4139,Repair squeaky door hinge,Kwaku Appiah,4,CLOSED,3,2027-03-29T23:48:00,Estates
4140,Fix flickering light,Adwoa Frimpong,4,ASSIGNED,4,2027-03-30T01:59:00,ICT
4141,Repair broken intercom,Kofi Adjei,3,OPEN,5,2027-03-30T03:01:00,Estates
4142,Service elevator,Adjoa Kufuor,5,ASSIGNED,3,2027-03-30T03:50:00,Security
4143,Repair broken lock,Yaa Asantewaa,4,CLOSED,5,2027-03-30T06:04:00,Security
4144,Repair broken fan,Akua Nyarko,4,ASSIGNED,3,2027-03-30T07:42:00,Security
4145,Clear blocked drainage,Kobina Quaye,2,OPEN,4,2027-03-30T09:25:00,ICT
4146,Repair damaged floor tile,Adjoa Kufuor,2,CLOSED,4,2027-03-30T10:42:00,Engineering
4147,Repair damaged floor tile,Yaa Asantewaa,2,OPEN,5,2027-03-30T11:15:00,Estates
4148,Address pest issue,Yaw Asante,1,IN_PROGRESS,5,2027-03-30T12:18:00,Estates
4149,Unclog toilet,Akosua Boateng,3,OPEN,4,2027-03-30T13:29:00,ICT
4150,Fix broken chair,Kwaku Appiah,4,IN_PROGRESS,4,2027-03-30T15:31:00,ICT
4151,Repair broken cabinet,Akosua Boateng,1,OPEN,5,2027-03-30T18:29:00,Estates
4152,Fix water leak in ceiling,Esi Danquah,5,CLOSED,5,2027-03-30T19:24:00,Estates
4153,Clean overflowing gutter,Fiifi Ansah,5,IN_PROGRESS,1,2027-03-30T22:24:00,ICT
4154,Repair leaking tap,Akua Nyarko,1,IN_PROGRESS,4,2027-03-30T23:18:00,ICT
4155,Fix broken chair,Kojo Boakye,2,OPEN,3,2027-03-31T01:44:00,Security
4156,Unclog toilet,Afia Agyeman,3,OPEN,1,2027-03-31T02:47:00,ICT
4157,Fix electrical fault,Kwabena Osei,1,OPEN,4,2027-03-31T03:26:00,ICT
4158,Fix jammed window,Fiifi Ansah,2,IN_PROGRESS,3,2027-03-31T04:35:00,Estates
4159,Replace faulty projector,Adjoa Kufuor,4,IN_PROGRESS,5,2027-03-31T07:24:00,Estates
4160,Repair broken paving,Adwoa Frimpong,4,CLOSED,4,2027-03-31T08:01:00,ICT
4161,Repair leaking tap,Yaa Asantewaa,5,OPEN,1,2027-03-31T10:17:00,Estates
4162,Service air conditioner,Akua Nyarko,3,IN_PROGRESS,4,2027-03-31T10:36:00,ICT
4163,Fix broken chair,Akosua Boateng,2,OPEN,2,2027-03-31T12:25:00,ICT
4164,Repair damaged door,Aba Gyasi,3,IN_PROGRESS,4,2027-03-31T14:00:00,ICT
4165,Repair broken paving,Akua Nyarko,1,ASSIGNED,5,2027-03-31T15:00:00,Estates
4166,Repair broken intercom,Kofi Adjei,2,IN_PROGRESS,2,2027-03-31T15:11:00,ICT
4167,Replace burnt out bulb,Akosua Boateng,5,OPEN,4,2027-03-31T15:42:00,Engineering
4168,Fix flickering light,Fiifi Ansah,1,OPEN,2,2027-03-31T17:03:00,ICT
4169,Service fire extinguisher,Akua Nyarko,3,ASSIGNED,5,2027-03-31T19:06:00,Estates
4170,Service fire extinguisher,Abena Darko,2,IN_PROGRESS,4,2027-03-31T20:30:00,Engineering
4171,Repair damaged door,Akosua Boateng,5,IN_PROGRESS,2,2027-03-31T21:28:00,ICT
4172,Replace worn carpet,Adwoa Frimpong,5,ASSIGNED,2,2027-03-31T23:17:00,Engineering
4173,Unclog toilet,Kojo Boakye,5,ASSIGNED,3,2027-04-01T01:41:00,Estates
4174,Replace worn carpet,Kwaku Appiah,3,ASSIGNED,4,2027-04-01T02:26:00,Engineering
4175,Fix water leak in ceiling,Yaw Asante,2,ASSIGNED,3,2027-04-01T03:12:00,Security
4176,Repair damaged floor tile,Aba Gyasi,5,OPEN,2,2027-04-01T04:38:00,Engineering
4177,Replace faulty projector,Kojo Boakye,4,CLOSED,5,2027-04-01T07:22:00,Security
4178,Repair broken fan,Abena Darko,1,CLOSED,1,2027-04-01T09:31:00,ICT
4179,Repair damaged floor tile,Akua Nyarko,5,CLOSED,2,2027-04-01T10:55:00,Engineering
4180,Unclog toilet,Adwoa Frimpong,3,ASSIGNED,5,2027-04-01T11:50:00,Estates
4181,Repair broken cabinet,Fiifi Ansah,3,IN_PROGRESS,2,2027-04-01T12:36:00,ICT
4182,Fix broken chair,Kobina Quaye,2,IN_PROGRESS,1,2027-04-01T14:43:00,Estates
4183,Repair damaged door,Efua Sarpong,1,OPEN,1,2027-04-01T15:13:00,Estates
4184,Service air conditioner,Efua Sarpong,5,ASSIGNED,1,2027-04-01T18:10:00,ICT
4185,Unclog toilet,Kwame Owusu,3,OPEN,2,2027-04-01T20:30:00,Engineering
4186,Fix broken window,Kwabena Osei,4,OPEN,1,2027-04-01T22:04:00,ICT
4187,Fix water leak in ceiling,Yaa Asantewaa,1,IN_PROGRESS,5,2027-04-02T00:21:00,Estates
4188,Fix broken window,Afia Agyeman,1,ASSIGNED,1,2027-04-02T01:16:00,Estates
4189,Repair broken cabinet,Kwesi Amponsah,2,OPEN,3,2027-04-02T03:36:00,Security
4190,Fix broken chair,Afia Agyeman,3,CLOSED,4,2027-04-02T06:02:00,ICT
4191,Repair broken intercom,Abena Darko,2,OPEN,2,2027-04-02T06:27:00,ICT
4192,Repair squeaky door hinge,Kwaku Appiah,4,CLOSED,2,2027-04-02T07:42:00,Engineering
4193,Repair broken cabinet,Yaa Asantewaa,5,ASSIGNED,4,2027-04-02T08:06:00,Engineering
4194,Service elevator,Adwoa Frimpong,3,IN_PROGRESS,2,2027-04-02T10:54:00,ICT
4195,Repair damaged door,Efua Sarpong,3,OPEN,5,2027-04-02T13:23:00,Estates
4196,Fix electrical fault,Yaa Asantewaa,5,ASSIGNED,2,2027-04-02T14:11:00,ICT
4197,Fix broken window,Abena Darko,1,ASSIGNED,5,2027-04-02T16:58:00,Security
4198,Repair damaged door,Akua Nyarko,4,OPEN,1,2027-04-02T17:36:00,ICT
4199,Repair broken lock,Esi Danquah,5,IN_PROGRESS,4,2027-04-02T18:00:00,ICT
4200,Fix damaged ceiling tile,Akua Nyarko,3,IN_PROGRESS,2,2027-04-02T19:14:00,Engineering
4201,Fix flickering light,Kwaku Appiah,1,OPEN,4,2027-04-02T22:11:00,ICT
4202,Fix loose handrail,Fiifi Ansah,4,OPEN,1,2027-04-03T00:07:00,ICT
4203,Fix broken window,Kojo Boakye,3,ASSIGNED,1,2027-04-03T01:33:00,Estates
4204,Unclog toilet,Afia Agyeman,5,OPEN,4,2027-04-03T04:09:00,Engineering
4205,Fix loose handrail,Ama Mensah,5,OPEN,5,2027-04-03T04:44:00,Security
4206,Fix jammed window,Esi Danquah,2,ASSIGNED,3,2027-04-03T07:02:00,Security
4207,Replace faulty projector,Kofi Adjei,4,IN_PROGRESS,2,2027-04-03T08:41:00,Engineering
4208,Fix broken chair,Kofi Adjei,1,IN_PROGRESS,5,2027-04-03T10:30:00,Security
4209,Clear clogged sink,Kwaku Appiah,2,CLOSED,2,2027-04-03T13:00:00,ICT
4210,Repair squeaky door hinge,Afia Agyeman,4,CLOSED,5,2027-04-03T15:15:00,Security
4211,Repair damaged floor tile,Aba Gyasi,3,IN_PROGRESS,3,2027-04-03T15:35:00,Security
4212,Service air conditioner,Kobina Quaye,4,IN_PROGRESS,5,2027-04-03T18:26:00,Security
4213,Fix jammed window,Kwabena Osei,3,ASSIGNED,3,2027-04-03T21:25:00,Estates
4214,Fix broken window,Akosua Boateng,1,CLOSED,2,2027-04-03T21:41:00,Engineering
4215,Service fire extinguisher,Kwame Owusu,1,OPEN,5,2027-04-03T21:52:00,Estates
4216,Replace faulty projector,Yaa Asantewaa,2,OPEN,2,2027-04-03T22:34:00,ICT
4217,Replace worn carpet,Kwabena Osei,5,IN_PROGRESS,2,2027-04-04T01:02:00,ICT
4218,Replace worn carpet,Fiifi Ansah,1,OPEN,4,2027-04-04T03:27:00,Engineering
4219,Service air conditioner,Ama Mensah,1,OPEN,4,2027-04-04T05:31:00,Engineering
4220,Fix loose handrail,Kwaku Appiah,3,CLOSED,5,2027-04-04T06:48:00,Security
4221,Fix damaged ceiling tile,Esi Danquah,2,IN_PROGRESS,5,2027-04-04T07:29:00,Security
4222,Replace faulty projector,Kojo Boakye,5,ASSIGNED,4,2027-04-04T09:01:00,ICT
4223,Fix jammed window,Afia Agyeman,1,OPEN,5,2027-04-04T11:09:00,Estates
4224,Repair leaking tap,Kwabena Osei,3,OPEN,2,2027-04-04T13:07:00,ICT
4225,Repair damaged floor tile,Abena Darko,2,IN_PROGRESS,3,2027-04-04T13:20:00,Security
4226,Service backup generator,Adwoa Frimpong,1,IN_PROGRESS,1,2027-04-04T14:09:00,ICT
4227,Repair broken cabinet,Akua Nyarko,4,CLOSED,4,2027-04-04T17:01:00,ICT
4228,Repair broken lock,Kojo Boakye,3,ASSIGNED,4,2027-04-04T18:47:00,ICT
4229,Fix jammed window,Fiifi Ansah,3,OPEN,1,2027-04-04T19:39:00,ICT
4230,Replace burnt out bulb,Kwaku Appiah,3,OPEN,1,2027-04-04T20:17:00,Estates
4231,Repair broken cabinet,Yaw Asante,1,IN_PROGRESS,5,2027-04-04T22:32:00,Estates
4232,Fix broken window,Efua Sarpong,3,CLOSED,2,2027-04-04T23:30:00,ICT
4233,Fix water leak in ceiling,Afia Agyeman,2,IN_PROGRESS,5,2027-04-05T00:37:00,Security
4234,Unclog toilet,Akua Nyarko,1,OPEN,2,2027-04-05T01:47:00,ICT
4235,Fix water leak in ceiling,Kojo Boakye,3,ASSIGNED,3,2027-04-05T03:57:00,Estates
4236,Replace faulty projector,Kwame Owusu,1,OPEN,4,2027-04-05T04:27:00,ICT
4237,Repair broken fan,Kojo Boakye,2,IN_PROGRESS,3,2027-04-05T05:08:00,Estates
4238,Clear clogged sink,Kwabena Osei,5,OPEN,3,2027-04-05T07:53:00,Security
4239,Service fire extinguisher,Kobina Quaye,1,OPEN,2,2027-04-05T10:13:00,Engineering
4240,Repair cracked wall,Kojo Boakye,2,OPEN,2,2027-04-05T12:53:00,Engineering
4241,Fix electrical fault,Fiifi Ansah,1,IN_PROGRESS,3,2027-04-05T15:45:00,Security
4242,Fix water leak in ceiling,Akua Nyarko,4,ASSIGNED,5,2027-04-05T17:29:00,Estates
4243,Repair broken paving,Kwabena Osei,5,OPEN,2,2027-04-05T19:49:00,ICT
4244,Service fire extinguisher,Adjoa Kufuor,3,OPEN,2,2027-04-05T20:12:00,Engineering
4245,Service air conditioner,Abena Darko,5,OPEN,4,2027-04-05T20:26:00,ICT
4246,Service backup generator,Yaw Asante,5,CLOSED,5,2027-04-05T21:52:00,Estates
4247,Repair damaged floor tile,Adwoa Frimpong,3,ASSIGNED,2,2027-04-05T22:43:00,ICT
4248,Repair squeaky door hinge,Kwabena Osei,4,IN_PROGRESS,1,2027-04-06T00:47:00,ICT
4249,Fix electrical fault,Abena Darko,4,OPEN,1,2027-04-06T02:45:00,Estates
4250,Fix broken window,Esi Danquah,5,OPEN,3,2027-04-06T03:16:00,Security
4251,Fix broken window,Esi Danquah,4,ASSIGNED,1,2027-04-06T05:05:00,Estates
4252,Fix jammed window,Ama Mensah,3,OPEN,5,2027-04-06T07:06:00,Security
4253,Fix flickering light,Yaa Asantewaa,4,ASSIGNED,4,2027-04-06T07:18:00,ICT
4254,Fix broken window,Adjoa Kufuor,5,OPEN,1,2027-04-06T09:50:00,Estates
4255,Address pest issue,Fiifi Ansah,4,ASSIGNED,1,2027-04-06T12:03:00,Estates
4256,Replace worn carpet,Esi Danquah,3,OPEN,3,2027-04-06T12:18:00,Estates
4257,Service air conditioner,Adwoa Frimpong,5,CLOSED,2,2027-04-06T13:18:00,Engineering
4258,Service air conditioner,Fiifi Ansah,4,OPEN,2,2027-04-06T15:56:00,Engineering
4259,Repair damaged floor tile,Adjoa Kufuor,4,OPEN,4,2027-04-06T18:51:00,ICT
4260,Repair damaged floor tile,Adwoa Frimpong,2,OPEN,3,2027-04-06T21:32:00,Security
4261,Clear clogged sink,Akua Nyarko,5,IN_PROGRESS,4,2027-04-06T23:08:00,Engineering
4262,Fix loose handrail,Yaa Asantewaa,5,OPEN,1,2027-04-07T00:08:00,Estates
4263,Repair damaged floor tile,Kwabena Osei,3,IN_PROGRESS,5,2027-04-07T01:52:00,Estates
4264,Repair broken fan,Fiifi Ansah,3,CLOSED,5,2027-04-07T02:12:00,Security
4265,Fix damaged ceiling tile,Aba Gyasi,2,ASSIGNED,3,2027-04-07T02:43:00,Estates
4266,Repair broken fan,Abena Darko,3,OPEN,2,2027-04-07T04:46:00,Engineering
4267,Repair broken fan,Akosua Boateng,5,OPEN,5,2027-04-07T05:31:00,Security
4268,Repair broken lock,Yaw Asante,1,OPEN,4,2027-04-07T07:46:00,Engineering
4269,Replace faulty projector,Esi Danquah,2,ASSIGNED,3,2027-04-07T08:40:00,Estates
4270,Repair broken lock,Adwoa Frimpong,1,ASSIGNED,4,2027-04-07T10:11:00,ICT
4271,Unclog toilet,Fiifi Ansah,1,OPEN,5,2027-04-07T12:29:00,Security
4272,Fix damaged ceiling tile,Akosua Boateng,2,OPEN,1,2027-04-07T12:42:00,Estates
4273,Repair broken intercom,Adjoa Kufuor,5,OPEN,2,2027-04-07T14:02:00,ICT
4274,Repair broken cabinet,Kwabena Osei,5,OPEN,1,2027-04-07T14:35:00,Estates
4275,Repair damaged door,Kwaku Appiah,4,CLOSED,3,2027-04-07T17:13:00,Estates
4276,Repair cracked wall,Kwaku Appiah,4,CLOSED,3,2027-04-07T18:26:00,Security
4277,Repair broken fan,Kwesi Amponsah,4,IN_PROGRESS,3,2027-04-07T18:55:00,Security
4278,Clean overflowing gutter,Abena Darko,2,CLOSED,1,2027-04-07T21:47:00,ICT
4279,Fix water leak in ceiling,Kwame Owusu,5,OPEN,3,2027-04-07T23:16:00,Security
4280,Fix flickering light,Kofi Adjei,5,IN_PROGRESS,5,2027-04-07T23:56:00,Estates
4281,Repair broken fan,Efua Sarpong,4,ASSIGNED,5,2027-04-08T01:03:00,Security
4282,Repair cracked wall,Kobina Quaye,4,ASSIGNED,1,2027-04-08T03:29:00,ICT
4283,Repair damaged floor tile,Afia Agyeman,5,IN_PROGRESS,1,2027-04-08T05:15:00,Estates
4284,Service backup generator,Kwaku Appiah,1,IN_PROGRESS,4,2027-04-08T07:22:00,Engineering
4285,Fix electrical fault,Kwaku Appiah,3,CLOSED,5,2027-04-08T09:08:00,Estates
4286,Repair broken lock,Kwaku Appiah,3,IN_PROGRESS,4,2027-04-08T11:50:00,ICT
4287,Fix water leak in ceiling,Abena Darko,5,OPEN,4,2027-04-08T13:51:00,ICT
4288,Repair broken cabinet,Afia Agyeman,5,OPEN,4,2027-04-08T14:09:00,ICT
4289,Repair broken intercom,Kwabena Osei,5,OPEN,2,2027-04-08T15:19:00,Engineering
4290,Repair broken paving,Kofi Adjei,4,ASSIGNED,4,2027-04-08T15:52:00,ICT
4291,Repair broken lock,Kwame Owusu,4,OPEN,5,2027-04-08T17:28:00,Estates
4292,Repair broken intercom,Kojo Boakye,1,IN_PROGRESS,5,2027-04-08T18:44:00,Estates
4293,Repair broken lock,Abena Darko,2,OPEN,3,2027-04-08T19:14:00,Estates
4294,Address pest issue,Fiifi Ansah,4,IN_PROGRESS,2,2027-04-08T22:07:00,ICT
4295,Repair broken fan,Fiifi Ansah,1,CLOSED,5,2027-04-09T00:57:00,Security
4296,Clear clogged sink,Esi Danquah,4,IN_PROGRESS,2,2027-04-09T02:32:00,Engineering
4297,Repair broken fan,Adjoa Kufuor,2,ASSIGNED,2,2027-04-09T04:53:00,ICT
4298,Repair broken cabinet,Kobina Quaye,1,CLOSED,1,2027-04-09T07:36:00,ICT
4299,Repair damaged door,Abena Darko,1,ASSIGNED,5,2027-04-09T09:32:00,Security
4300,Fix broken chair,Aba Gyasi,1,IN_PROGRESS,3,2027-04-09T11:00:00,Estates
4301,Repair leaking tap,Adjoa Kufuor,3,ASSIGNED,4,2027-04-09T13:06:00,ICT
4302,Service air conditioner,Kwaku Appiah,2,OPEN,4,2027-04-09T13:47:00,ICT
4303,Repair damaged floor tile,Kwabena Osei,3,OPEN,5,2027-04-09T16:26:00,Estates
4304,Unclog toilet,Yaw Asante,4,CLOSED,3,2027-04-09T19:13:00,Estates
4305,Unclog toilet,Ama Mensah,5,IN_PROGRESS,4,2027-04-09T20:08:00,ICT
4306,Clear blocked drainage,Kwabena Osei,2,CLOSED,2,2027-04-09T20:32:00,Engineering
4307,Repair broken lock,Kwame Owusu,1,IN_PROGRESS,3,2027-04-09T22:30:00,Security
4308,Repair broken lock,Yaw Asante,4,OPEN,5,2027-04-10T00:50:00,Security
4309,Replace worn carpet,Aba Gyasi,2,IN_PROGRESS,3,2027-04-10T03:36:00,Security
4310,Repair broken paving,Fiifi Ansah,5,IN_PROGRESS,1,2027-04-10T04:06:00,ICT
4311,Clear blocked drainage,Kwabena Osei,1,CLOSED,1,2027-04-10T05:00:00,Estates
4312,Address pest issue,Kwame Owusu,2,CLOSED,5,2027-04-10T05:18:00,Estates
4313,Clear blocked drainage,Esi Danquah,2,OPEN,4,2027-04-10T08:10:00,Engineering
4314,Unclog toilet,Afia Agyeman,3,ASSIGNED,4,2027-04-10T08:42:00,ICT
4315,Repair squeaky door hinge,Abena Darko,3,ASSIGNED,3,2027-04-10T09:38:00,Estates
4316,Repair broken cabinet,Aba Gyasi,1,ASSIGNED,1,2027-04-10T11:05:00,ICT
4317,Repair leaking tap,Abena Darko,4,OPEN,4,2027-04-10T12:04:00,ICT
4318,Repair broken fan,Kojo Boakye,3,OPEN,5,2027-04-10T13:32:00,Estates
4319,Replace burnt out bulb,Akua Nyarko,2,CLOSED,4,2027-04-10T14:49:00,ICT
4320,Replace worn carpet,Akosua Boateng,4,ASSIGNED,3,2027-04-10T15:15:00,Estates
4321,Repair leaking tap,Kojo Boakye,4,IN_PROGRESS,4,2027-04-10T17:23:00,ICT
4322,Repair cracked wall,Yaw Asante,2,OPEN,4,2027-04-10T19:42:00,ICT
4323,Unclog toilet,Adwoa Frimpong,5,CLOSED,3,2027-04-10T20:30:00,Security
4324,Replace burnt out bulb,Yaa Asantewaa,1,IN_PROGRESS,3,2027-04-10T22:00:00,Estates
4325,Repair broken cabinet,Akosua Boateng,5,OPEN,3,2027-04-10T23:39:00,Estates
4326,Repair damaged door,Aba Gyasi,3,IN_PROGRESS,4,2027-04-11T02:22:00,Engineering
4327,Clear clogged sink,Abena Darko,2,CLOSED,4,2027-04-11T02:57:00,ICT
4328,Fix broken chair,Aba Gyasi,5,OPEN,1,2027-04-11T03:15:00,Estates
4329,Clear clogged sink,Kwabena Osei,5,OPEN,2,2027-04-11T04:36:00,Engineering
4330,Clean overflowing gutter,Yaw Asante,5,CLOSED,4,2027-04-11T07:22:00,Engineering
4331,Repair broken paving,Aba Gyasi,1,CLOSED,1,2027-04-11T07:44:00,ICT
4332,Service fire extinguisher,Efua Sarpong,2,CLOSED,2,2027-04-11T10:19:00,ICT
4333,Replace worn carpet,Kwabena Osei,2,CLOSED,4,2027-04-11T11:50:00,Engineering
4334,Repair broken cabinet,Yaw Asante,1,CLOSED,4,2027-04-11T14:05:00,ICT
4335,Replace worn carpet,Yaw Asante,2,ASSIGNED,5,2027-04-11T15:30:00,Security
4336,Service elevator,Kofi Adjei,2,IN_PROGRESS,2,2027-04-11T15:46:00,ICT
4337,Fix flickering light,Kofi Adjei,3,ASSIGNED,1,2027-04-11T18:43:00,Estates
4338,Clear blocked drainage,Esi Danquah,4,ASSIGNED,4,2027-04-11T21:19:00,ICT
4339,Fix water leak in ceiling,Aba Gyasi,1,OPEN,5,2027-04-11T21:31:00,Estates
4340,Repair squeaky door hinge,Akua Nyarko,5,OPEN,2,2027-04-11T22:41:00,ICT
4341,Clear blocked drainage,Yaa Asantewaa,2,ASSIGNED,2,2027-04-11T23:43:00,Engineering
4342,Fix jammed window,Kwesi Amponsah,3,IN_PROGRESS,2,2027-04-12T00:28:00,Engineering
4343,Replace worn carpet,Adwoa Frimpong,1,OPEN,1,2027-04-12T00:45:00,ICT
4344,Clear clogged sink,Afia Agyeman,5,OPEN,4,2027-04-12T01:18:00,ICT
4345,Clean overflowing gutter,Efua Sarpong,3,OPEN,5,2027-04-12T01:47:00,Security
4346,Repair damaged floor tile,Abena Darko,4,OPEN,5,2027-04-12T02:21:00,Security
4347,Repair broken fan,Afia Agyeman,3,IN_PROGRESS,4,2027-04-12T03:25:00,Engineering
4348,Fix jammed window,Kofi Adjei,2,CLOSED,4,2027-04-12T04:11:00,Engineering
4349,Service backup generator,Afia Agyeman,2,ASSIGNED,2,2027-04-12T05:01:00,Engineering
4350,Repair broken fan,Akosua Boateng,2,ASSIGNED,5,2027-04-12T06:51:00,Security
4351,Repair damaged door,Fiifi Ansah,4,CLOSED,1,2027-04-12T08:28:00,ICT
4352,Fix electrical fault,Aba Gyasi,1,OPEN,5,2027-04-12T10:40:00,Estates
4353,Repair broken lock,Afia Agyeman,3,OPEN,4,2027-04-12T11:13:00,ICT
4354,Fix electrical fault,Kwaku Appiah,5,OPEN,3,2027-04-12T11:23:00,Estates
4355,Fix broken window,Yaa Asantewaa,2,OPEN,1,2027-04-12T12:55:00,ICT
4356,Fix broken chair,Adwoa Frimpong,5,IN_PROGRESS,2,2027-04-12T14:13:00,ICT
4357,Replace worn carpet,Kobina Quaye,3,ASSIGNED,3,2027-04-12T14:53:00,Security
4358,Address pest issue,Adwoa Frimpong,4,OPEN,1,2027-04-12T17:06:00,ICT
4359,Service fire extinguisher,Kwaku Appiah,1,CLOSED,5,2027-04-12T18:38:00,Security
4360,Fix loose handrail,Ama Mensah,1,IN_PROGRESS,4,2027-04-12T20:16:00,Engineering
4361,Fix broken chair,Abena Darko,4,ASSIGNED,2,2027-04-12T20:32:00,ICT
4362,Service backup generator,Kwesi Amponsah,5,CLOSED,1,2027-04-12T23:18:00,ICT
4363,Unclog toilet,Kobina Quaye,2,ASSIGNED,2,2027-04-13T01:40:00,Engineering
4364,Service backup generator,Kwabena Osei,1,ASSIGNED,3,2027-04-13T04:02:00,Estates
4365,Service backup generator,Adjoa Kufuor,1,ASSIGNED,4,2027-04-13T04:25:00,Engineering
4366,Repair broken fan,Ama Mensah,5,ASSIGNED,1,2027-04-13T07:19:00,ICT
4367,Replace worn carpet,Efua Sarpong,3,OPEN,2,2027-04-13T07:38:00,ICT
4368,Fix jammed window,Kobina Quaye,3,IN_PROGRESS,1,2027-04-13T10:33:00,Estates
4369,Fix water leak in ceiling,Kobina Quaye,1,OPEN,2,2027-04-13T11:49:00,Engineering
4370,Repair damaged door,Kobina Quaye,5,OPEN,2,2027-04-13T14:27:00,Engineering
4371,Repair leaking tap,Kofi Adjei,2,ASSIGNED,3,2027-04-13T14:42:00,Estates
4372,Repair broken intercom,Kwaku Appiah,5,CLOSED,5,2027-04-13T16:24:00,Security
4373,Fix loose handrail,Aba Gyasi,3,CLOSED,5,2027-04-13T17:59:00,Security
4374,Repair squeaky door hinge,Kofi Adjei,2,OPEN,2,2027-04-13T18:17:00,Engineering
4375,Repair broken lock,Esi Danquah,1,OPEN,5,2027-04-13T21:13:00,Security
4376,Service air conditioner,Yaa Asantewaa,1,CLOSED,4,2027-04-13T23:28:00,Engineering
4377,Fix broken chair,Kojo Boakye,1,ASSIGNED,5,2027-04-14T00:15:00,Estates
4378,Fix broken window,Kwame Owusu,5,ASSIGNED,5,2027-04-14T02:52:00,Estates
4379,Repair damaged door,Fiifi Ansah,4,CLOSED,3,2027-04-14T03:49:00,Estates
4380,Replace worn carpet,Aba Gyasi,4,CLOSED,1,2027-04-14T06:25:00,Estates
4381,Service air conditioner,Kwaku Appiah,1,ASSIGNED,3,2027-04-14T07:03:00,Security
4382,Repair damaged floor tile,Kwesi Amponsah,5,IN_PROGRESS,5,2027-04-14T08:13:00,Security
4383,Fix jammed window,Yaa Asantewaa,5,IN_PROGRESS,2,2027-04-14T08:55:00,Engineering
4384,Address pest issue,Aba Gyasi,5,ASSIGNED,1,2027-04-14T09:42:00,Estates
4385,Clear clogged sink,Kwabena Osei,2,CLOSED,3,2027-04-14T11:00:00,Estates
4386,Fix water leak in ceiling,Akosua Boateng,3,ASSIGNED,4,2027-04-14T13:50:00,ICT
4387,Repair broken paving,Aba Gyasi,3,CLOSED,2,2027-04-14T16:38:00,Engineering
4388,Service fire extinguisher,Esi Danquah,1,OPEN,1,2027-04-14T18:40:00,ICT
4389,Fix jammed window,Kwame Owusu,2,ASSIGNED,1,2027-04-14T21:34:00,Estates
4390,Fix damaged ceiling tile,Yaa Asantewaa,5,OPEN,2,2027-04-14T22:41:00,Engineering
4391,Unclog toilet,Ama Mensah,3,IN_PROGRESS,4,2027-04-14T23:42:00,Engineering
4392,Clean overflowing gutter,Adjoa Kufuor,4,ASSIGNED,1,2027-04-15T01:14:00,ICT
4393,Repair squeaky door hinge,Adjoa Kufuor,4,OPEN,1,2027-04-15T04:14:00,ICT
4394,Fix broken chair,Efua Sarpong,1,OPEN,1,2027-04-15T05:51:00,Estates
4395,Unclog toilet,Aba Gyasi,1,IN_PROGRESS,5,2027-04-15T08:37:00,Estates
4396,Address pest issue,Yaw Asante,4,OPEN,4,2027-04-15T11:15:00,ICT
4397,Fix broken chair,Adjoa Kufuor,1,OPEN,4,2027-04-15T13:13:00,ICT
4398,Fix damaged ceiling tile,Adwoa Frimpong,1,CLOSED,1,2027-04-15T15:18:00,Estates
4399,Clean overflowing gutter,Kwame Owusu,1,CLOSED,1,2027-04-15T17:53:00,Estates
4400,Clean overflowing gutter,Kofi Adjei,2,OPEN,1,2027-04-15T19:06:00,ICT
4401,Repair damaged floor tile,Yaa Asantewaa,3,CLOSED,3,2027-04-15T19:56:00,Estates
4402,Service fire extinguisher,Fiifi Ansah,5,IN_PROGRESS,5,2027-04-15T20:26:00,Estates
4403,Replace worn carpet,Esi Danquah,5,IN_PROGRESS,5,2027-04-15T23:20:00,Security
4404,Repair broken lock,Aba Gyasi,1,ASSIGNED,3,2027-04-15T23:46:00,Security
4405,Clean overflowing gutter,Kwame Owusu,2,OPEN,2,2027-04-16T02:24:00,Engineering
4406,Fix flickering light,Abena Darko,1,CLOSED,5,2027-04-16T04:50:00,Estates
4407,Repair broken fan,Kwame Owusu,5,CLOSED,3,2027-04-16T05:12:00,Security
4408,Replace worn carpet,Akua Nyarko,4,IN_PROGRESS,1,2027-04-16T07:08:00,Estates
4409,Repair broken paving,Abena Darko,1,ASSIGNED,1,2027-04-16T08:06:00,Estates
4410,Fix loose handrail,Kojo Boakye,3,OPEN,5,2027-04-16T09:55:00,Security
4411,Fix electrical fault,Ama Mensah,3,IN_PROGRESS,2,2027-04-16T11:59:00,ICT
4412,Service elevator,Adwoa Frimpong,1,ASSIGNED,5,2027-04-16T14:56:00,Security
4413,Service air conditioner,Kwame Owusu,5,OPEN,1,2027-04-16T17:00:00,ICT
4414,Service air conditioner,Ama Mensah,3,IN_PROGRESS,5,2027-04-16T18:44:00,Estates
4415,Replace burnt out bulb,Esi Danquah,3,IN_PROGRESS,1,2027-04-16T20:18:00,ICT
4416,Replace burnt out bulb,Aba Gyasi,2,OPEN,3,2027-04-16T22:44:00,Security
4417,Repair broken cabinet,Akua Nyarko,3,CLOSED,3,2027-04-17T00:32:00,Security
4418,Repair broken fan,Yaw Asante,2,IN_PROGRESS,2,2027-04-17T02:40:00,Engineering
4419,Fix water leak in ceiling,Adjoa Kufuor,4,CLOSED,4,2027-04-17T02:51:00,Engineering
4420,Clear blocked drainage,Aba Gyasi,4,OPEN,2,2027-04-17T03:16:00,ICT
4421,Repair cracked wall,Fiifi Ansah,1,ASSIGNED,2,2027-04-17T05:31:00,ICT
4422,Fix jammed window,Kofi Adjei,3,ASSIGNED,4,2027-04-17T06:44:00,Engineering
4423,Repair cracked wall,Aba Gyasi,1,OPEN,5,2027-04-17T07:15:00,Security
4424,Service air conditioner,Yaa Asantewaa,1,ASSIGNED,4,2027-04-17T09:12:00,ICT
4425,Repair damaged door,Adwoa Frimpong,4,ASSIGNED,4,2027-04-17T10:41:00,ICT
4426,Service backup generator,Efua Sarpong,3,IN_PROGRESS,1,2027-04-17T11:56:00,Estates
4427,Clear blocked drainage,Kofi Adjei,3,OPEN,4,2027-04-17T14:13:00,ICT
4428,Replace worn carpet,Yaa Asantewaa,1,IN_PROGRESS,3,2027-04-17T16:15:00,Security
4429,Service backup generator,Aba Gyasi,1,CLOSED,1,2027-04-17T18:51:00,ICT
4430,Fix jammed window,Kobina Quaye,1,ASSIGNED,1,2027-04-17T19:08:00,ICT
4431,Service elevator,Kofi Adjei,3,OPEN,3,2027-04-17T21:44:00,Security
4432,Repair squeaky door hinge,Adjoa Kufuor,5,ASSIGNED,1,2027-04-17T23:23:00,ICT
4433,Fix damaged ceiling tile,Kojo Boakye,4,IN_PROGRESS,2,2027-04-18T01:30:00,ICT
4434,Service backup generator,Adwoa Frimpong,3,OPEN,4,2027-04-18T02:18:00,ICT
4435,Fix water leak in ceiling,Kobina Quaye,5,ASSIGNED,2,2027-04-18T03:50:00,ICT
4436,Clear blocked drainage,Yaw Asante,2,OPEN,4,2027-04-18T06:22:00,ICT
4437,Clean overflowing gutter,Kwabena Osei,4,OPEN,1,2027-04-18T08:24:00,ICT
4438,Replace faulty projector,Yaw Asante,5,OPEN,1,2027-04-18T10:44:00,ICT
4439,Clear clogged sink,Afia Agyeman,4,OPEN,2,2027-04-18T11:24:00,Engineering
4440,Fix broken window,Afia Agyeman,1,OPEN,5,2027-04-18T13:05:00,Security
4441,Address pest issue,Akua Nyarko,5,OPEN,4,2027-04-18T15:01:00,Engineering
4442,Service air conditioner,Abena Darko,3,IN_PROGRESS,2,2027-04-18T17:02:00,ICT
4443,Repair broken paving,Ama Mensah,1,IN_PROGRESS,3,2027-04-18T19:07:00,Estates
4444,Replace burnt out bulb,Efua Sarpong,1,OPEN,5,2027-04-18T20:11:00,Security
4445,Unclog toilet,Kojo Boakye,4,IN_PROGRESS,3,2027-04-18T20:32:00,Estates
4446,Clean overflowing gutter,Yaa Asantewaa,2,OPEN,1,2027-04-18T21:06:00,ICT
4447,Fix broken chair,Fiifi Ansah,2,ASSIGNED,1,2027-04-18T22:59:00,ICT
4448,Fix damaged ceiling tile,Kwaku Appiah,3,OPEN,4,2027-04-19T01:31:00,Engineering
4449,Repair broken paving,Kwabena Osei,2,ASSIGNED,1,2027-04-19T03:59:00,ICT
4450,Fix electrical fault,Efua Sarpong,5,ASSIGNED,5,2027-04-19T04:37:00,Security
4451,Repair damaged floor tile,Kojo Boakye,2,IN_PROGRESS,3,2027-04-19T05:03:00,Security
4452,Repair damaged door,Kofi Adjei,1,ASSIGNED,2,2027-04-19T06:06:00,ICT
4453,Repair leaking tap,Yaw Asante,5,OPEN,5,2027-04-19T08:15:00,Security
4454,Fix water leak in ceiling,Adwoa Frimpong,1,CLOSED,1,2027-04-19T09:51:00,ICT
4455,Service air conditioner,Adjoa Kufuor,5,OPEN,3,2027-04-19T10:46:00,Estates
4456,Service backup generator,Akosua Boateng,4,IN_PROGRESS,2,2027-04-19T10:59:00,Engineering
4457,Fix jammed window,Akua Nyarko,3,CLOSED,1,2027-04-19T12:17:00,ICT
4458,Clear clogged sink,Kojo Boakye,2,ASSIGNED,4,2027-04-19T14:55:00,ICT
4459,Service air conditioner,Esi Danquah,1,IN_PROGRESS,4,2027-04-19T15:31:00,ICT
4460,Fix electrical fault,Esi Danquah,3,OPEN,1,2027-04-19T16:59:00,Estates
4461,Fix electrical fault,Aba Gyasi,2,OPEN,4,2027-04-19T18:46:00,ICT
4462,Fix broken window,Kwesi Amponsah,2,OPEN,1,2027-04-19T19:29:00,Estates
4463,Repair damaged floor tile,Kwesi Amponsah,2,CLOSED,4,2027-04-19T21:22:00,Engineering
4464,Fix loose handrail,Aba Gyasi,5,IN_PROGRESS,2,2027-04-19T21:53:00,Engineering
4465,Clear blocked drainage,Akua Nyarko,2,CLOSED,2,2027-04-19T22:19:00,ICT
4466,Clear clogged sink,Ama Mensah,5,CLOSED,5,2027-04-20T00:22:00,Security
4467,Service elevator,Esi Danquah,4,IN_PROGRESS,5,2027-04-20T00:46:00,Security
4468,Fix jammed window,Yaw Asante,1,ASSIGNED,2,2027-04-20T03:38:00,ICT
4469,Clear blocked drainage,Kwame Owusu,5,CLOSED,2,2027-04-20T03:58:00,ICT
4470,Replace faulty projector,Kwame Owusu,3,OPEN,1,2027-04-20T05:48:00,ICT
4471,Address pest issue,Kojo Boakye,4,ASSIGNED,1,2027-04-20T08:27:00,ICT
4472,Repair leaking tap,Abena Darko,5,CLOSED,4,2027-04-20T08:59:00,ICT
4473,Service fire extinguisher,Kofi Adjei,2,ASSIGNED,3,2027-04-20T11:09:00,Estates
4474,Fix damaged ceiling tile,Kofi Adjei,5,OPEN,5,2027-04-20T13:45:00,Security
4475,Fix broken chair,Adwoa Frimpong,5,ASSIGNED,3,2027-04-20T14:41:00,Estates
4476,Fix flickering light,Afia Agyeman,3,ASSIGNED,1,2027-04-20T16:35:00,ICT
4477,Replace burnt out bulb,Kobina Quaye,3,CLOSED,4,2027-04-20T18:04:00,ICT
4478,Service elevator,Kwabena Osei,1,OPEN,2,2027-04-20T19:19:00,ICT
4479,Unclog toilet,Kwaku Appiah,3,IN_PROGRESS,3,2027-04-20T20:29:00,Security
4480,Replace faulty projector,Fiifi Ansah,3,IN_PROGRESS,1,2027-04-20T22:22:00,Estates
4481,Fix broken window,Efua Sarpong,2,OPEN,4,2027-04-21T00:54:00,Engineering
4482,Replace worn carpet,Kwesi Amponsah,3,ASSIGNED,3,2027-04-21T03:46:00,Security
4483,Fix electrical fault,Kojo Boakye,5,IN_PROGRESS,3,2027-04-21T06:10:00,Security
4484,Clear blocked drainage,Adwoa Frimpong,2,OPEN,3,2027-04-21T07:44:00,Security
4485,Fix flickering light,Kobina Quaye,1,OPEN,3,2027-04-21T08:29:00,Security
4486,Clear blocked drainage,Kwabena Osei,2,IN_PROGRESS,4,2027-04-21T10:41:00,Engineering
4487,Fix damaged ceiling tile,Adjoa Kufuor,2,ASSIGNED,1,2027-04-21T11:50:00,ICT
4488,Clear clogged sink,Efua Sarpong,2,IN_PROGRESS,3,2027-04-21T12:29:00,Security
4489,Fix electrical fault,Efua Sarpong,3,IN_PROGRESS,3,2027-04-21T13:46:00,Security
4490,Fix broken window,Ama Mensah,4,IN_PROGRESS,1,2027-04-21T15:49:00,Estates
4491,Fix flickering light,Kwaku Appiah,5,OPEN,4,2027-04-21T16:14:00,Engineering
4492,Repair damaged floor tile,Adjoa Kufuor,4,OPEN,5,2027-04-21T17:29:00,Security
4493,Replace worn carpet,Yaw Asante,5,OPEN,4,2027-04-21T18:33:00,ICT
4494,Repair broken paving,Kofi Adjei,5,CLOSED,5,2027-04-21T21:03:00,Security
4495,Repair broken intercom,Abena Darko,3,OPEN,5,2027-04-21T23:23:00,Security
4496,Repair cracked wall,Akua Nyarko,3,OPEN,2,2027-04-22T01:49:00,Engineering
4497,Service air conditioner,Yaa Asantewaa,1,IN_PROGRESS,1,2027-04-22T04:09:00,ICT
4498,Repair broken lock,Fiifi Ansah,3,ASSIGNED,3,2027-04-22T04:53:00,Security
4499,Fix water leak in ceiling,Kojo Boakye,2,IN_PROGRESS,4,2027-04-22T05:21:00,Engineering
4500,Repair broken intercom,Fiifi Ansah,1,CLOSED,2,2027-04-22T06:29:00,Engineering
4501,Service elevator,Yaa Asantewaa,1,IN_PROGRESS,3,2027-04-22T08:11:00,Security
4502,Replace burnt out bulb,Kwame Owusu,1,OPEN,3,2027-04-22T09:48:00,Security
4503,Clean overflowing gutter,Adwoa Frimpong,3,ASSIGNED,4,2027-04-22T11:00:00,Engineering
4504,Repair damaged door,Efua Sarpong,2,OPEN,3,2027-04-22T11:32:00,Estates
4505,Service air conditioner,Abena Darko,1,OPEN,5,2027-04-22T14:05:00,Estates
4506,Repair squeaky door hinge,Kwame Owusu,5,IN_PROGRESS,1,2027-04-22T16:50:00,ICT
4507,Replace worn carpet,Efua Sarpong,2,OPEN,5,2027-04-22T17:06:00,Security
4508,Fix damaged ceiling tile,Akosua Boateng,4,ASSIGNED,1,2027-04-22T18:35:00,Estates
4509,Repair broken intercom,Kojo Boakye,5,OPEN,5,2027-04-22T18:56:00,Estates
4510,Fix broken window,Kojo Boakye,4,ASSIGNED,5,2027-04-22T21:27:00,Security
4511,Repair leaking tap,Aba Gyasi,4,ASSIGNED,1,2027-04-23T00:27:00,Estates
4512,Service fire extinguisher,Afia Agyeman,2,ASSIGNED,3,2027-04-23T03:05:00,Security
4513,Repair leaking tap,Yaw Asante,2,OPEN,5,2027-04-23T05:46:00,Estates
4514,Replace faulty projector,Yaw Asante,2,ASSIGNED,3,2027-04-23T06:44:00,Security
4515,Repair broken cabinet,Adwoa Frimpong,4,ASSIGNED,3,2027-04-23T08:44:00,Estates
4516,Service elevator,Esi Danquah,3,CLOSED,2,2027-04-23T09:09:00,Engineering
4517,Replace burnt out bulb,Akosua Boateng,3,ASSIGNED,3,2027-04-23T09:24:00,Security
4518,Fix flickering light,Adwoa Frimpong,3,CLOSED,2,2027-04-23T09:52:00,ICT
4519,Fix damaged ceiling tile,Yaa Asantewaa,3,ASSIGNED,4,2027-04-23T10:06:00,Engineering
4520,Repair damaged floor tile,Adjoa Kufuor,3,CLOSED,2,2027-04-23T10:41:00,ICT
4521,Repair damaged door,Kojo Boakye,5,OPEN,3,2027-04-23T10:51:00,Security
4522,Repair broken fan,Abena Darko,4,OPEN,3,2027-04-23T12:31:00,Estates
4523,Repair broken fan,Kwesi Amponsah,5,IN_PROGRESS,2,2027-04-23T15:04:00,ICT
4524,Repair cracked wall,Adjoa Kufuor,4,CLOSED,5,2027-04-23T17:30:00,Security
4525,Repair leaking tap,Kojo Boakye,3,CLOSED,5,2027-04-23T18:05:00,Security
4526,Fix broken chair,Abena Darko,1,ASSIGNED,2,2027-04-23T19:27:00,Engineering
4527,Unclog toilet,Yaw Asante,4,CLOSED,2,2027-04-23T20:03:00,Engineering
4528,Repair broken lock,Kofi Adjei,4,CLOSED,2,2027-04-23T20:17:00,Engineering
4529,Service backup generator,Yaa Asantewaa,1,OPEN,2,2027-04-23T20:38:00,ICT
4530,Fix damaged ceiling tile,Kwaku Appiah,5,IN_PROGRESS,5,2027-04-23T20:49:00,Estates
4531,Repair broken cabinet,Adjoa Kufuor,5,CLOSED,2,2027-04-23T23:00:00,Engineering
4532,Fix electrical fault,Kobina Quaye,1,CLOSED,1,2027-04-24T01:20:00,ICT
4533,Service backup generator,Adwoa Frimpong,2,CLOSED,5,2027-04-24T03:01:00,Security
4534,Fix broken chair,Kwame Owusu,3,OPEN,3,2027-04-24T05:24:00,Security
4535,Unclog toilet,Ama Mensah,5,CLOSED,3,2027-04-24T06:00:00,Security
4536,Repair broken intercom,Kobina Quaye,3,CLOSED,5,2027-04-24T08:14:00,Estates
4537,Fix flickering light,Kobina Quaye,2,OPEN,1,2027-04-24T10:06:00,ICT
4538,Repair cracked wall,Kobina Quaye,1,IN_PROGRESS,1,2027-04-24T12:12:00,Estates
4539,Fix broken chair,Esi Danquah,4,IN_PROGRESS,4,2027-04-24T12:25:00,ICT
4540,Fix jammed window,Kobina Quaye,3,ASSIGNED,2,2027-04-24T15:14:00,ICT
4541,Service air conditioner,Akua Nyarko,5,OPEN,5,2027-04-24T16:42:00,Security
4542,Repair broken lock,Kojo Boakye,4,CLOSED,5,2027-04-24T17:27:00,Estates
4543,Service elevator,Akua Nyarko,2,IN_PROGRESS,4,2027-04-24T18:03:00,ICT
4544,Clear clogged sink,Kwaku Appiah,5,ASSIGNED,3,2027-04-24T19:49:00,Security
4545,Service air conditioner,Kojo Boakye,3,OPEN,4,2027-04-24T21:52:00,Engineering
4546,Repair damaged floor tile,Fiifi Ansah,3,IN_PROGRESS,1,2027-04-24T22:26:00,Estates
4547,Clear blocked drainage,Esi Danquah,1,ASSIGNED,3,2027-04-24T23:55:00,Estates
4548,Clean overflowing gutter,Kofi Adjei,3,ASSIGNED,4,2027-04-25T02:10:00,ICT
4549,Fix broken window,Akua Nyarko,1,OPEN,2,2027-04-25T03:12:00,Engineering
4550,Service fire extinguisher,Adjoa Kufuor,5,OPEN,1,2027-04-25T04:04:00,Estates
4551,Service fire extinguisher,Akosua Boateng,3,OPEN,1,2027-04-25T06:40:00,ICT
4552,Replace faulty projector,Akosua Boateng,4,CLOSED,1,2027-04-25T07:23:00,Estates
4553,Clear blocked drainage,Akua Nyarko,4,IN_PROGRESS,4,2027-04-25T09:56:00,ICT
4554,Replace burnt out bulb,Fiifi Ansah,1,OPEN,1,2027-04-25T10:39:00,ICT
4555,Address pest issue,Adjoa Kufuor,2,OPEN,1,2027-04-25T11:54:00,Estates
4556,Repair leaking tap,Esi Danquah,1,IN_PROGRESS,4,2027-04-25T14:14:00,Engineering
4557,Unclog toilet,Abena Darko,4,IN_PROGRESS,4,2027-04-25T16:18:00,ICT
4558,Fix broken window,Kwesi Amponsah,4,OPEN,2,2027-04-25T17:38:00,Engineering
4559,Fix damaged ceiling tile,Yaw Asante,3,CLOSED,2,2027-04-25T20:27:00,Engineering
4560,Service elevator,Aba Gyasi,2,CLOSED,3,2027-04-25T22:20:00,Security
4561,Replace worn carpet,Kwaku Appiah,2,OPEN,1,2027-04-25T23:14:00,ICT
4562,Repair cracked wall,Kwaku Appiah,1,ASSIGNED,2,2027-04-26T01:37:00,ICT
4563,Repair broken intercom,Kwesi Amponsah,3,ASSIGNED,4,2027-04-26T02:40:00,Engineering
4564,Service backup generator,Kwame Owusu,5,OPEN,5,2027-04-26T04:22:00,Estates
4565,Repair broken cabinet,Akua Nyarko,4,IN_PROGRESS,1,2027-04-26T06:43:00,Estates
4566,Clean overflowing gutter,Kwesi Amponsah,3,OPEN,5,2027-04-26T07:28:00,Security
4567,Replace burnt out bulb,Afia Agyeman,2,IN_PROGRESS,2,2027-04-26T09:50:00,Engineering
4568,Fix damaged ceiling tile,Kwesi Amponsah,1,IN_PROGRESS,5,2027-04-26T12:38:00,Estates
4569,Replace faulty projector,Adwoa Frimpong,3,ASSIGNED,3,2027-04-26T15:21:00,Security
4570,Fix damaged ceiling tile,Esi Danquah,5,OPEN,1,2027-04-26T16:31:00,ICT
4571,Fix damaged ceiling tile,Adjoa Kufuor,2,OPEN,1,2027-04-26T16:46:00,ICT
4572,Service fire extinguisher,Ama Mensah,1,IN_PROGRESS,5,2027-04-26T16:58:00,Security
4573,Repair leaking tap,Afia Agyeman,4,IN_PROGRESS,2,2027-04-26T19:25:00,Engineering
4574,Unclog toilet,Afia Agyeman,3,IN_PROGRESS,5,2027-04-26T22:15:00,Security
4575,Repair damaged door,Efua Sarpong,2,CLOSED,2,2027-04-27T01:01:00,ICT
4576,Clean overflowing gutter,Yaw Asante,4,IN_PROGRESS,1,2027-04-27T03:22:00,Estates
4577,Repair broken intercom,Abena Darko,2,IN_PROGRESS,2,2027-04-27T05:49:00,Engineering
4578,Fix water leak in ceiling,Efua Sarpong,2,ASSIGNED,2,2027-04-27T06:41:00,ICT
4579,Fix damaged ceiling tile,Kojo Boakye,1,ASSIGNED,2,2027-04-27T07:09:00,Engineering
4580,Clear clogged sink,Adjoa Kufuor,5,IN_PROGRESS,5,2027-04-27T08:24:00,Security
4581,Replace burnt out bulb,Abena Darko,2,OPEN,3,2027-04-27T09:16:00,Estates
4582,Service air conditioner,Aba Gyasi,5,IN_PROGRESS,3,2027-04-27T11:07:00,Security
4583,Fix jammed window,Yaw Asante,5,ASSIGNED,1,2027-04-27T13:27:00,Estates
4584,Repair cracked wall,Kwabena Osei,4,CLOSED,2,2027-04-27T14:38:00,ICT
4585,Clear clogged sink,Adwoa Frimpong,3,IN_PROGRESS,3,2027-04-27T15:08:00,Estates
4586,Repair damaged door,Efua Sarpong,4,OPEN,3,2027-04-27T17:12:00,Security
4587,Repair broken paving,Aba Gyasi,5,CLOSED,1,2027-04-27T19:34:00,ICT
4588,Repair broken paving,Kofi Adjei,3,IN_PROGRESS,3,2027-04-27T20:26:00,Security
4589,Replace burnt out bulb,Esi Danquah,3,ASSIGNED,4,2027-04-27T20:44:00,Engineering
4590,Replace burnt out bulb,Kwaku Appiah,3,CLOSED,3,2027-04-27T23:08:00,Estates
4591,Repair damaged floor tile,Ama Mensah,5,OPEN,2,2027-04-27T23:31:00,ICT
4592,Service elevator,Kojo Boakye,4,IN_PROGRESS,4,2027-04-28T00:43:00,ICT
4593,Repair broken fan,Kwaku Appiah,4,CLOSED,5,2027-04-28T03:21:00,Estates
4594,Repair squeaky door hinge,Kwabena Osei,3,CLOSED,3,2027-04-28T04:30:00,Security
4595,Clear clogged sink,Kobina Quaye,1,OPEN,5,2027-04-28T06:47:00,Security
4596,Address pest issue,Afia Agyeman,5,IN_PROGRESS,5,2027-04-28T07:11:00,Estates
4597,Fix flickering light,Kofi Adjei,4,CLOSED,4,2027-04-28T07:47:00,ICT
4598,Repair broken cabinet,Kwame Owusu,4,IN_PROGRESS,5,2027-04-28T08:36:00,Security
4599,Clean overflowing gutter,Kwame Owusu,5,IN_PROGRESS,4,2027-04-28T09:57:00,Engineering
4600,Unclog toilet,Efua Sarpong,4,ASSIGNED,3,2027-04-28T10:47:00,Estates
4601,Fix damaged ceiling tile,Kwaku Appiah,2,OPEN,1,2027-04-28T11:59:00,ICT
4602,Service air conditioner,Kwaku Appiah,3,IN_PROGRESS,4,2027-04-28T12:25:00,Engineering
4603,Repair broken lock,Kwesi Amponsah,4,OPEN,3,2027-04-28T14:31:00,Security
4604,Repair broken lock,Kwesi Amponsah,3,OPEN,1,2027-04-28T16:28:00,Estates
4605,Service air conditioner,Kojo Boakye,4,IN_PROGRESS,5,2027-04-28T18:43:00,Security
4606,Repair leaking tap,Kofi Adjei,3,CLOSED,5,2027-04-28T19:53:00,Security
4607,Service fire extinguisher,Ama Mensah,1,IN_PROGRESS,5,2027-04-28T20:59:00,Security
4608,Fix damaged ceiling tile,Adjoa Kufuor,4,CLOSED,2,2027-04-28T21:39:00,Engineering
4609,Fix loose handrail,Ama Mensah,2,IN_PROGRESS,1,2027-04-28T23:09:00,ICT
4610,Repair broken fan,Ama Mensah,2,IN_PROGRESS,2,2027-04-29T00:17:00,ICT
4611,Repair broken intercom,Kwabena Osei,4,IN_PROGRESS,3,2027-04-29T00:53:00,Estates
4612,Fix electrical fault,Ama Mensah,3,IN_PROGRESS,1,2027-04-29T03:29:00,Estates
4613,Clean overflowing gutter,Esi Danquah,3,IN_PROGRESS,5,2027-04-29T06:16:00,Security
4614,Repair damaged door,Kofi Adjei,5,OPEN,5,2027-04-29T07:24:00,Estates
4615,Replace worn carpet,Efua Sarpong,5,OPEN,4,2027-04-29T10:13:00,Engineering
4616,Service backup generator,Kobina Quaye,1,IN_PROGRESS,5,2027-04-29T11:16:00,Estates
4617,Unclog toilet,Afia Agyeman,4,IN_PROGRESS,4,2027-04-29T11:33:00,Engineering
4618,Clean overflowing gutter,Akosua Boateng,4,IN_PROGRESS,2,2027-04-29T12:39:00,ICT
4619,Repair damaged floor tile,Esi Danquah,1,ASSIGNED,5,2027-04-29T15:08:00,Estates
4620,Unclog toilet,Adwoa Frimpong,5,OPEN,4,2027-04-29T16:23:00,ICT
4621,Replace faulty projector,Yaw Asante,3,OPEN,5,2027-04-29T16:53:00,Estates
4622,Address pest issue,Akua Nyarko,4,OPEN,2,2027-04-29T17:47:00,Engineering
4623,Fix water leak in ceiling,Efua Sarpong,3,ASSIGNED,1,2027-04-29T20:11:00,Estates
4624,Repair damaged door,Kofi Adjei,4,CLOSED,2,2027-04-29T20:25:00,ICT
4625,Fix broken window,Yaw Asante,3,CLOSED,2,2027-04-29T22:10:00,Engineering
4626,Repair damaged door,Kwabena Osei,1,CLOSED,2,2027-04-30T01:10:00,Engineering
4627,Clear blocked drainage,Kojo Boakye,4,CLOSED,3,2027-04-30T02:33:00,Estates
4628,Repair broken lock,Kwaku Appiah,3,IN_PROGRESS,2,2027-04-30T04:29:00,ICT
4629,Repair broken lock,Kwaku Appiah,1,IN_PROGRESS,4,2027-04-30T06:38:00,Engineering
4630,Repair leaking tap,Yaa Asantewaa,2,IN_PROGRESS,5,2027-04-30T08:32:00,Estates
4631,Repair cracked wall,Kwaku Appiah,3,CLOSED,3,2027-04-30T10:06:00,Security
4632,Repair squeaky door hinge,Adwoa Frimpong,5,CLOSED,1,2027-04-30T12:33:00,ICT
4633,Service elevator,Kwesi Amponsah,4,IN_PROGRESS,5,2027-04-30T13:07:00,Estates
4634,Clear blocked drainage,Esi Danquah,4,IN_PROGRESS,5,2027-04-30T15:41:00,Security
4635,Repair squeaky door hinge,Aba Gyasi,1,CLOSED,4,2027-04-30T17:14:00,Engineering
4636,Fix loose handrail,Ama Mensah,1,OPEN,5,2027-04-30T17:45:00,Security
4637,Repair broken intercom,Fiifi Ansah,2,IN_PROGRESS,4,2027-04-30T18:24:00,Engineering
4638,Unclog toilet,Akosua Boateng,5,ASSIGNED,2,2027-04-30T21:17:00,Engineering
4639,Fix broken window,Akua Nyarko,1,IN_PROGRESS,1,2027-04-30T22:13:00,Estates
4640,Fix flickering light,Efua Sarpong,2,ASSIGNED,1,2027-04-30T23:22:00,Estates
4641,Unclog toilet,Yaa Asantewaa,3,IN_PROGRESS,3,2027-05-01T01:06:00,Security
4642,Repair broken fan,Esi Danquah,5,CLOSED,4,2027-05-01T03:09:00,Engineering
4643,Repair broken intercom,Kwaku Appiah,1,ASSIGNED,3,2027-05-01T05:11:00,Security
4644,Clean overflowing gutter,Kojo Boakye,4,IN_PROGRESS,1,2027-05-01T07:01:00,ICT
4645,Service backup generator,Ama Mensah,4,OPEN,5,2027-05-01T07:43:00,Estates
4646,Clean overflowing gutter,Kofi Adjei,2,ASSIGNED,4,2027-05-01T10:28:00,ICT
4647,Repair broken cabinet,Aba Gyasi,2,CLOSED,1,2027-05-01T11:59:00,Estates
4648,Service backup generator,Esi Danquah,5,OPEN,5,2027-05-01T14:21:00,Estates
4649,Clear blocked drainage,Kofi Adjei,1,CLOSED,1,2027-05-01T16:39:00,Estates
4650,Fix loose handrail,Adjoa Kufuor,1,ASSIGNED,4,2027-05-01T18:09:00,Engineering
4651,Fix broken window,Kojo Boakye,2,OPEN,4,2027-05-01T18:27:00,Engineering
4652,Replace burnt out bulb,Abena Darko,3,ASSIGNED,3,2027-05-01T21:12:00,Estates
4653,Repair squeaky door hinge,Esi Danquah,2,IN_PROGRESS,5,2027-05-01T22:36:00,Estates
4654,Repair broken cabinet,Yaw Asante,2,ASSIGNED,2,2027-05-01T22:53:00,Engineering
4655,Unclog toilet,Kwabena Osei,2,OPEN,2,2027-05-01T23:14:00,ICT
4656,Clear clogged sink,Yaw Asante,2,OPEN,1,2027-05-02T01:32:00,Estates
4657,Service elevator,Afia Agyeman,4,ASSIGNED,5,2027-05-02T04:30:00,Estates
4658,Fix water leak in ceiling,Kofi Adjei,5,IN_PROGRESS,1,2027-05-02T05:04:00,Estates
4659,Fix electrical fault,Akosua Boateng,2,ASSIGNED,1,2027-05-02T07:15:00,Estates
4660,Service air conditioner,Kwesi Amponsah,1,IN_PROGRESS,5,2027-05-02T09:40:00,Estates
4661,Fix flickering light,Yaw Asante,5,OPEN,4,2027-05-02T12:14:00,ICT
4662,Repair damaged door,Ama Mensah,5,IN_PROGRESS,3,2027-05-02T15:03:00,Estates
4663,Repair squeaky door hinge,Fiifi Ansah,3,OPEN,3,2027-05-02T16:42:00,Security
4664,Fix electrical fault,Kojo Boakye,5,OPEN,5,2027-05-02T17:02:00,Estates
4665,Replace faulty projector,Yaw Asante,1,CLOSED,3,2027-05-02T18:16:00,Estates
4666,Repair broken lock,Aba Gyasi,5,ASSIGNED,3,2027-05-02T20:46:00,Estates
4667,Fix loose handrail,Akua Nyarko,1,OPEN,2,2027-05-02T22:56:00,Engineering
4668,Repair squeaky door hinge,Yaw Asante,2,CLOSED,2,2027-05-03T01:43:00,Engineering
4669,Fix electrical fault,Adwoa Frimpong,3,IN_PROGRESS,2,2027-05-03T02:36:00,Engineering
4670,Repair cracked wall,Ama Mensah,2,IN_PROGRESS,5,2027-05-03T04:06:00,Estates
4671,Repair damaged door,Akua Nyarko,3,IN_PROGRESS,4,2027-05-03T06:35:00,ICT
4672,Repair squeaky door hinge,Aba Gyasi,4,ASSIGNED,4,2027-05-03T07:23:00,ICT
4673,Repair leaking tap,Kwaku Appiah,3,CLOSED,4,2027-05-03T09:57:00,Engineering
4674,Repair leaking tap,Kojo Boakye,4,OPEN,4,2027-05-03T12:26:00,Engineering
4675,Fix flickering light,Kobina Quaye,1,ASSIGNED,4,2027-05-03T12:39:00,ICT
4676,Fix flickering light,Yaw Asante,4,ASSIGNED,4,2027-05-03T13:32:00,Engineering
4677,Repair damaged floor tile,Akosua Boateng,3,IN_PROGRESS,5,2027-05-03T14:37:00,Security
4678,Repair leaking tap,Kofi Adjei,5,OPEN,3,2027-05-03T15:51:00,Security
4679,Address pest issue,Ama Mensah,3,IN_PROGRESS,5,2027-05-03T17:38:00,Estates
4680,Repair cracked wall,Adwoa Frimpong,5,OPEN,3,2027-05-03T18:06:00,Security
4681,Fix jammed window,Kojo Boakye,1,IN_PROGRESS,2,2027-05-03T19:39:00,ICT
4682,Fix damaged ceiling tile,Akosua Boateng,1,IN_PROGRESS,2,2027-05-03T21:20:00,ICT
4683,Service elevator,Aba Gyasi,2,CLOSED,3,2027-05-03T22:18:00,Security
4684,Unclog toilet,Kojo Boakye,1,ASSIGNED,1,2027-05-04T00:45:00,ICT
4685,Service fire extinguisher,Yaw Asante,4,ASSIGNED,3,2027-05-04T02:21:00,Estates
4686,Fix broken window,Afia Agyeman,1,CLOSED,2,2027-05-04T04:23:00,ICT
4687,Repair damaged floor tile,Abena Darko,1,IN_PROGRESS,1,2027-05-04T05:56:00,ICT
4688,Repair damaged floor tile,Yaw Asante,2,ASSIGNED,3,2027-05-04T08:37:00,Security
4689,Address pest issue,Fiifi Ansah,3,OPEN,1,2027-05-04T10:19:00,ICT
4690,Repair broken paving,Fiifi Ansah,1,ASSIGNED,4,2027-05-04T12:46:00,ICT
4691,Repair damaged floor tile,Akua Nyarko,1,OPEN,4,2027-05-04T15:35:00,Engineering
4692,Repair cracked wall,Kwesi Amponsah,4,OPEN,5,2027-05-04T16:58:00,Estates
4693,Repair cracked wall,Kwaku Appiah,5,IN_PROGRESS,2,2027-05-04T19:09:00,ICT
4694,Fix broken chair,Esi Danquah,4,OPEN,3,2027-05-04T21:17:00,Security
4695,Clean overflowing gutter,Fiifi Ansah,2,ASSIGNED,1,2027-05-04T22:53:00,ICT
4696,Clear clogged sink,Kwabena Osei,2,CLOSED,3,2027-05-05T00:15:00,Security
4697,Clear blocked drainage,Akua Nyarko,4,ASSIGNED,3,2027-05-05T00:46:00,Security
4698,Repair broken paving,Akosua Boateng,3,CLOSED,4,2027-05-05T01:09:00,ICT
4699,Repair damaged floor tile,Aba Gyasi,5,ASSIGNED,4,2027-05-05T02:58:00,Engineering
4700,Repair damaged door,Kwaku Appiah,5,OPEN,5,2027-05-05T04:42:00,Security
4701,Repair damaged floor tile,Kwabena Osei,1,ASSIGNED,1,2027-05-05T05:57:00,ICT
4702,Repair damaged floor tile,Kojo Boakye,3,IN_PROGRESS,3,2027-05-05T06:17:00,Security
4703,Fix water leak in ceiling,Akua Nyarko,3,IN_PROGRESS,2,2027-05-05T07:28:00,ICT
4704,Repair broken fan,Abena Darko,2,OPEN,5,2027-05-05T09:49:00,Security
4705,Repair squeaky door hinge,Efua Sarpong,3,CLOSED,1,2027-05-05T12:27:00,ICT
4706,Service fire extinguisher,Kofi Adjei,5,CLOSED,5,2027-05-05T15:04:00,Estates
4707,Service elevator,Afia Agyeman,3,OPEN,2,2027-05-05T16:54:00,ICT
4708,Replace faulty projector,Kobina Quaye,1,OPEN,4,2027-05-05T17:26:00,ICT
4709,Replace faulty projector,Ama Mensah,2,CLOSED,5,2027-05-05T17:36:00,Security
4710,Service backup generator,Akosua Boateng,4,IN_PROGRESS,4,2027-05-05T19:30:00,ICT
4711,Fix broken chair,Aba Gyasi,5,CLOSED,5,2027-05-05T20:45:00,Estates
4712,Fix jammed window,Esi Danquah,4,ASSIGNED,4,2027-05-05T23:01:00,Engineering
4713,Fix electrical fault,Kwame Owusu,1,OPEN,2,2027-05-05T23:52:00,Engineering
4714,Replace burnt out bulb,Yaa Asantewaa,2,ASSIGNED,5,2027-05-06T01:34:00,Security
4715,Clear blocked drainage,Kobina Quaye,4,CLOSED,5,2027-05-06T03:47:00,Security
4716,Fix broken window,Kwesi Amponsah,2,IN_PROGRESS,4,2027-05-06T05:33:00,Engineering
4717,Repair leaking tap,Yaw Asante,1,IN_PROGRESS,2,2027-05-06T07:58:00,ICT
4718,Repair broken lock,Kwaku Appiah,3,ASSIGNED,4,2027-05-06T08:37:00,Engineering
4719,Clean overflowing gutter,Kojo Boakye,3,IN_PROGRESS,1,2027-05-06T10:02:00,Estates
4720,Repair broken lock,Adjoa Kufuor,2,OPEN,4,2027-05-06T10:14:00,ICT
4721,Service air conditioner,Akua Nyarko,2,OPEN,2,2027-05-06T11:20:00,ICT
4722,Service air conditioner,Esi Danquah,3,OPEN,4,2027-05-06T12:14:00,ICT
4723,Fix electrical fault,Yaw Asante,3,OPEN,1,2027-05-06T14:19:00,Estates
4724,Repair broken fan,Kobina Quaye,5,OPEN,3,2027-05-06T16:07:00,Security
4725,Repair cracked wall,Efua Sarpong,4,ASSIGNED,2,2027-05-06T17:06:00,Engineering
4726,Fix broken chair,Aba Gyasi,4,OPEN,1,2027-05-06T19:30:00,Estates
4727,Repair cracked wall,Ama Mensah,1,OPEN,3,2027-05-06T21:11:00,Security
4728,Repair broken paving,Kobina Quaye,5,ASSIGNED,5,2027-05-06T22:28:00,Security
4729,Replace worn carpet,Yaa Asantewaa,2,CLOSED,3,2027-05-07T00:04:00,Estates
4730,Unclog toilet,Kobina Quaye,4,OPEN,1,2027-05-07T01:47:00,ICT
4731,Fix electrical fault,Kobina Quaye,5,OPEN,5,2027-05-07T03:02:00,Estates
4732,Repair leaking tap,Efua Sarpong,1,IN_PROGRESS,3,2027-05-07T03:30:00,Estates
4733,Repair cracked wall,Kwaku Appiah,1,OPEN,2,2027-05-07T03:40:00,Engineering
4734,Repair damaged door,Akosua Boateng,2,CLOSED,4,2027-05-07T05:03:00,Engineering
4735,Fix broken chair,Afia Agyeman,5,ASSIGNED,1,2027-05-07T05:21:00,Estates
4736,Clear blocked drainage,Kwame Owusu,1,ASSIGNED,4,2027-05-07T06:07:00,ICT
4737,Fix broken chair,Kofi Adjei,3,IN_PROGRESS,5,2027-05-07T07:37:00,Estates
4738,Repair damaged floor tile,Efua Sarpong,2,OPEN,3,2027-05-07T09:59:00,Security
4739,Fix broken chair,Yaw Asante,4,OPEN,1,2027-05-07T11:17:00,ICT
4740,Replace burnt out bulb,Aba Gyasi,2,IN_PROGRESS,3,2027-05-07T13:34:00,Security
4741,Repair leaking tap,Kojo Boakye,3,IN_PROGRESS,4,2027-05-07T15:43:00,Engineering
4742,Address pest issue,Fiifi Ansah,2,CLOSED,4,2027-05-07T16:54:00,Engineering
4743,Repair broken lock,Yaa Asantewaa,2,OPEN,5,2027-05-07T17:25:00,Estates
4744,Replace faulty projector,Kwesi Amponsah,5,OPEN,4,2027-05-07T17:40:00,ICT
4745,Repair damaged door,Kwaku Appiah,2,CLOSED,1,2027-05-07T19:30:00,ICT
4746,Clean overflowing gutter,Kofi Adjei,4,CLOSED,3,2027-05-07T20:34:00,Security
4747,Repair squeaky door hinge,Efua Sarpong,4,IN_PROGRESS,3,2027-05-07T23:06:00,Estates
4748,Replace faulty projector,Afia Agyeman,2,ASSIGNED,2,2027-05-08T00:42:00,ICT
4749,Fix damaged ceiling tile,Efua Sarpong,2,CLOSED,2,2027-05-08T01:52:00,Engineering
4750,Unclog toilet,Afia Agyeman,4,ASSIGNED,1,2027-05-08T03:47:00,ICT
4751,Replace faulty projector,Aba Gyasi,3,IN_PROGRESS,1,2027-05-08T06:12:00,Estates
4752,Replace faulty projector,Abena Darko,5,ASSIGNED,1,2027-05-08T07:04:00,ICT
4753,Unclog toilet,Adwoa Frimpong,2,OPEN,1,2027-05-08T07:19:00,Estates
4754,Clean overflowing gutter,Kwame Owusu,5,IN_PROGRESS,3,2027-05-08T09:58:00,Estates
4755,Service fire extinguisher,Kobina Quaye,4,IN_PROGRESS,2,2027-05-08T10:18:00,Engineering
4756,Repair broken fan,Kwesi Amponsah,5,ASSIGNED,1,2027-05-08T12:11:00,ICT
4757,Fix broken window,Yaa Asantewaa,2,CLOSED,3,2027-05-08T13:00:00,Security
4758,Fix electrical fault,Kwaku Appiah,3,ASSIGNED,4,2027-05-08T15:23:00,ICT
4759,Repair damaged door,Kobina Quaye,2,ASSIGNED,4,2027-05-08T16:52:00,ICT
4760,Fix flickering light,Abena Darko,2,CLOSED,3,2027-05-08T17:24:00,Estates
4761,Fix broken chair,Aba Gyasi,3,OPEN,2,2027-05-08T19:26:00,Engineering
4762,Service elevator,Kojo Boakye,1,IN_PROGRESS,2,2027-05-08T19:59:00,ICT
4763,Repair broken fan,Yaw Asante,3,IN_PROGRESS,3,2027-05-08T20:57:00,Estates
4764,Fix broken window,Ama Mensah,2,IN_PROGRESS,4,2027-05-08T22:20:00,Engineering
4765,Fix flickering light,Kwabena Osei,1,OPEN,4,2027-05-09T00:25:00,ICT
4766,Repair squeaky door hinge,Fiifi Ansah,4,IN_PROGRESS,1,2027-05-09T03:05:00,ICT
4767,Clear clogged sink,Kwabena Osei,1,CLOSED,2,2027-05-09T03:52:00,Engineering
4768,Replace burnt out bulb,Kwaku Appiah,2,IN_PROGRESS,3,2027-05-09T04:54:00,Security
4769,Service elevator,Abena Darko,1,CLOSED,4,2027-05-09T07:50:00,ICT
4770,Fix electrical fault,Fiifi Ansah,2,ASSIGNED,4,2027-05-09T10:17:00,ICT
4771,Repair broken paving,Kojo Boakye,5,IN_PROGRESS,4,2027-05-09T11:43:00,ICT
4772,Fix damaged ceiling tile,Adjoa Kufuor,5,ASSIGNED,1,2027-05-09T14:36:00,ICT
4773,Clear clogged sink,Fiifi Ansah,3,CLOSED,1,2027-05-09T16:51:00,Estates
4774,Fix broken chair,Efua Sarpong,5,ASSIGNED,1,2027-05-09T19:45:00,ICT
4775,Repair broken lock,Afia Agyeman,1,IN_PROGRESS,2,2027-05-09T22:11:00,Engineering
4776,Address pest issue,Kojo Boakye,1,OPEN,4,2027-05-09T22:27:00,ICT
4777,Fix loose handrail,Yaw Asante,1,ASSIGNED,3,2027-05-10T00:10:00,Security
4778,Repair broken fan,Kojo Boakye,5,CLOSED,3,2027-05-10T02:43:00,Estates
4779,Clean overflowing gutter,Fiifi Ansah,5,OPEN,1,2027-05-10T04:28:00,Estates
4780,Repair broken lock,Efua Sarpong,5,ASSIGNED,4,2027-05-10T06:46:00,Engineering
4781,Fix damaged ceiling tile,Afia Agyeman,5,OPEN,1,2027-05-10T07:43:00,Estates
4782,Fix broken window,Adwoa Frimpong,2,OPEN,1,2027-05-10T09:36:00,ICT
4783,Fix damaged ceiling tile,Akosua Boateng,1,ASSIGNED,1,2027-05-10T12:29:00,ICT
4784,Repair leaking tap,Akua Nyarko,3,OPEN,4,2027-05-10T15:15:00,ICT
4785,Fix loose handrail,Efua Sarpong,1,IN_PROGRESS,2,2027-05-10T17:46:00,Engineering
4786,Replace worn carpet,Ama Mensah,2,IN_PROGRESS,3,2027-05-10T18:17:00,Security
4787,Replace faulty projector,Esi Danquah,2,OPEN,2,2027-05-10T18:53:00,Engineering
4788,Repair broken intercom,Efua Sarpong,1,CLOSED,4,2027-05-10T21:42:00,ICT
4789,Service backup generator,Kwesi Amponsah,5,IN_PROGRESS,2,2027-05-10T22:43:00,ICT
4790,Fix jammed window,Adwoa Frimpong,2,CLOSED,1,2027-05-11T00:37:00,ICT
4791,Clear clogged sink,Akosua Boateng,1,IN_PROGRESS,1,2027-05-11T01:22:00,ICT
4792,Clear clogged sink,Akosua Boateng,1,ASSIGNED,3,2027-05-11T02:25:00,Security
4793,Repair cracked wall,Akosua Boateng,5,ASSIGNED,4,2027-05-11T02:39:00,ICT
4794,Repair leaking tap,Akua Nyarko,3,CLOSED,5,2027-05-11T04:18:00,Security
4795,Clean overflowing gutter,Yaw Asante,2,CLOSED,3,2027-05-11T04:55:00,Estates
4796,Fix damaged ceiling tile,Kwaku Appiah,1,CLOSED,2,2027-05-11T06:19:00,Engineering
4797,Unclog toilet,Yaw Asante,2,ASSIGNED,5,2027-05-11T07:18:00,Estates
4798,Fix jammed window,Ama Mensah,4,CLOSED,1,2027-05-11T08:39:00,ICT
4799,Service air conditioner,Adjoa Kufuor,4,IN_PROGRESS,4,2027-05-11T10:52:00,ICT
4800,Service elevator,Adjoa Kufuor,1,OPEN,5,2027-05-11T11:51:00,Estates
4801,Clear clogged sink,Aba Gyasi,3,IN_PROGRESS,3,2027-05-11T13:00:00,Security
4802,Clear clogged sink,Ama Mensah,4,IN_PROGRESS,1,2027-05-11T13:44:00,ICT
4803,Repair broken fan,Adwoa Frimpong,3,ASSIGNED,3,2027-05-11T16:44:00,Security
4804,Fix broken window,Kwaku Appiah,4,CLOSED,1,2027-05-11T17:27:00,Estates
4805,Clean overflowing gutter,Kwame Owusu,4,IN_PROGRESS,1,2027-05-11T18:01:00,Estates
4806,Fix broken window,Kwaku Appiah,5,OPEN,4,2027-05-11T19:36:00,Engineering
4807,Fix electrical fault,Yaw Asante,5,OPEN,3,2027-05-11T20:55:00,Security
4808,Repair cracked wall,Efua Sarpong,1,IN_PROGRESS,4,2027-05-11T22:21:00,ICT
4809,Service elevator,Abena Darko,3,OPEN,1,2027-05-11T22:34:00,Estates
4810,Service fire extinguisher,Fiifi Ansah,3,OPEN,4,2027-05-11T22:48:00,Engineering
4811,Fix broken window,Kwabena Osei,4,CLOSED,4,2027-05-12T00:07:00,ICT
4812,Replace worn carpet,Kwaku Appiah,2,CLOSED,3,2027-05-12T01:23:00,Estates
4813,Fix flickering light,Fiifi Ansah,2,OPEN,5,2027-05-12T03:46:00,Estates
4814,Repair leaking tap,Kofi Adjei,2,ASSIGNED,3,2027-05-12T05:22:00,Estates
4815,Repair damaged floor tile,Kobina Quaye,1,OPEN,4,2027-05-12T08:18:00,ICT
4816,Service backup generator,Yaw Asante,2,CLOSED,5,2027-05-12T10:33:00,Estates
4817,Fix damaged ceiling tile,Esi Danquah,4,IN_PROGRESS,1,2027-05-12T12:58:00,ICT
4818,Fix loose handrail,Akosua Boateng,2,CLOSED,2,2027-05-12T13:54:00,ICT
4819,Repair leaking tap,Efua Sarpong,2,IN_PROGRESS,1,2027-05-12T15:22:00,Estates
4820,Replace burnt out bulb,Kwabena Osei,5,ASSIGNED,3,2027-05-12T15:44:00,Estates
4821,Repair broken paving,Abena Darko,3,CLOSED,2,2027-05-12T17:29:00,Engineering
4822,Address pest issue,Afia Agyeman,2,ASSIGNED,1,2027-05-12T18:03:00,Estates
4823,Replace worn carpet,Adwoa Frimpong,2,ASSIGNED,4,2027-05-12T19:59:00,ICT
4824,Repair broken paving,Kwesi Amponsah,5,OPEN,3,2027-05-12T22:48:00,Security
4825,Fix jammed window,Akua Nyarko,1,CLOSED,5,2027-05-13T01:16:00,Estates
4826,Repair broken cabinet,Akua Nyarko,2,IN_PROGRESS,3,2027-05-13T02:46:00,Security
4827,Fix water leak in ceiling,Abena Darko,4,CLOSED,5,2027-05-13T05:03:00,Estates
4828,Clean overflowing gutter,Abena Darko,1,ASSIGNED,5,2027-05-13T05:52:00,Estates
4829,Repair damaged floor tile,Afia Agyeman,4,OPEN,5,2027-05-13T06:29:00,Estates
4830,Fix loose handrail,Kwame Owusu,5,OPEN,3,2027-05-13T08:50:00,Estates
4831,Repair damaged floor tile,Fiifi Ansah,2,OPEN,3,2027-05-13T09:28:00,Security
4832,Clear clogged sink,Yaa Asantewaa,3,IN_PROGRESS,4,2027-05-13T09:39:00,ICT
4833,Fix damaged ceiling tile,Kwame Owusu,4,ASSIGNED,1,2027-05-13T10:55:00,Estates
4834,Fix electrical fault,Yaw Asante,2,CLOSED,3,2027-05-13T12:46:00,Security
4835,Fix loose handrail,Adwoa Frimpong,5,CLOSED,4,2027-05-13T15:39:00,ICT
4836,Fix electrical fault,Yaw Asante,2,ASSIGNED,4,2027-05-13T16:46:00,ICT
4837,Fix broken window,Kobina Quaye,2,OPEN,3,2027-05-13T18:41:00,Security
4838,Service backup generator,Akua Nyarko,1,ASSIGNED,5,2027-05-13T20:39:00,Estates
4839,Fix jammed window,Abena Darko,1,IN_PROGRESS,5,2027-05-13T21:28:00,Security
4840,Replace faulty projector,Akua Nyarko,5,ASSIGNED,3,2027-05-13T23:20:00,Security
4841,Clear blocked drainage,Kofi Adjei,3,IN_PROGRESS,4,2027-05-14T01:20:00,ICT
4842,Clear clogged sink,Kwesi Amponsah,3,OPEN,5,2027-05-14T02:28:00,Security
4843,Repair broken intercom,Kojo Boakye,5,IN_PROGRESS,4,2027-05-14T05:06:00,ICT
4844,Service fire extinguisher,Kofi Adjei,5,OPEN,2,2027-05-14T06:51:00,ICT
4845,Replace burnt out bulb,Akua Nyarko,2,IN_PROGRESS,3,2027-05-14T09:02:00,Estates
4846,Clear clogged sink,Akosua Boateng,4,IN_PROGRESS,5,2027-05-14T09:33:00,Security
4847,Fix jammed window,Adwoa Frimpong,3,IN_PROGRESS,5,2027-05-14T11:37:00,Estates
4848,Repair broken paving,Kwaku Appiah,2,OPEN,4,2027-05-14T14:01:00,ICT
4849,Clear blocked drainage,Yaw Asante,4,IN_PROGRESS,4,2027-05-14T16:27:00,Engineering
4850,Clean overflowing gutter,Efua Sarpong,4,IN_PROGRESS,3,2027-05-14T19:26:00,Estates
4851,Fix jammed window,Kwaku Appiah,1,IN_PROGRESS,4,2027-05-14T21:45:00,Engineering
4852,Clean overflowing gutter,Kwaku Appiah,3,CLOSED,3,2027-05-15T00:21:00,Estates
4853,Clear blocked drainage,Kobina Quaye,1,IN_PROGRESS,1,2027-05-15T01:40:00,ICT
4854,Clean overflowing gutter,Akua Nyarko,1,CLOSED,5,2027-05-15T04:24:00,Estates
4855,Repair damaged floor tile,Akosua Boateng,3,OPEN,4,2027-05-15T05:17:00,ICT
4856,Fix broken chair,Yaa Asantewaa,1,CLOSED,4,2027-05-15T05:34:00,ICT
4857,Replace worn carpet,Abena Darko,4,OPEN,2,2027-05-15T07:52:00,Engineering
4858,Fix electrical fault,Kwaku Appiah,3,OPEN,1,2027-05-15T09:02:00,Estates
4859,Repair leaking tap,Kwesi Amponsah,5,CLOSED,1,2027-05-15T09:21:00,Estates
4860,Repair broken intercom,Yaw Asante,2,ASSIGNED,3,2027-05-15T09:40:00,Security
4861,Repair cracked wall,Kobina Quaye,5,IN_PROGRESS,3,2027-05-15T12:40:00,Security
4862,Clear clogged sink,Kwabena Osei,1,IN_PROGRESS,4,2027-05-15T14:32:00,Engineering
4863,Clean overflowing gutter,Afia Agyeman,4,ASSIGNED,1,2027-05-15T14:44:00,Estates
4864,Repair broken cabinet,Kobina Quaye,3,CLOSED,1,2027-05-15T15:27:00,ICT
4865,Address pest issue,Adwoa Frimpong,1,CLOSED,4,2027-05-15T16:31:00,Engineering
4866,Repair broken cabinet,Fiifi Ansah,2,OPEN,4,2027-05-15T17:19:00,ICT
4867,Repair broken fan,Esi Danquah,4,CLOSED,3,2027-05-15T19:45:00,Security
4868,Clear clogged sink,Fiifi Ansah,3,OPEN,1,2027-05-15T21:07:00,ICT
4869,Repair squeaky door hinge,Kwesi Amponsah,5,ASSIGNED,2,2027-05-15T21:55:00,ICT
4870,Replace faulty projector,Kojo Boakye,2,ASSIGNED,3,2027-05-16T00:12:00,Estates
4871,Repair damaged floor tile,Adwoa Frimpong,2,ASSIGNED,2,2027-05-16T00:57:00,Engineering
4872,Fix loose handrail,Adjoa Kufuor,4,OPEN,1,2027-05-16T03:19:00,Estates
4873,Fix damaged ceiling tile,Afia Agyeman,2,CLOSED,3,2027-05-16T03:55:00,Security
4874,Repair broken cabinet,Yaa Asantewaa,3,ASSIGNED,5,2027-05-16T06:12:00,Estates
4875,Service elevator,Adwoa Frimpong,4,OPEN,1,2027-05-16T08:47:00,Estates
4876,Repair squeaky door hinge,Fiifi Ansah,3,ASSIGNED,4,2027-05-16T11:08:00,ICT
4877,Fix loose handrail,Afia Agyeman,5,ASSIGNED,1,2027-05-16T13:09:00,Estates
4878,Repair broken fan,Aba Gyasi,3,OPEN,4,2027-05-16T15:11:00,ICT
4879,Repair broken lock,Akua Nyarko,2,IN_PROGRESS,2,2027-05-16T17:59:00,Engineering
4880,Repair damaged floor tile,Akosua Boateng,5,IN_PROGRESS,1,2027-05-16T20:53:00,Estates
4881,Repair broken cabinet,Ama Mensah,2,IN_PROGRESS,2,2027-05-16T22:39:00,ICT
4882,Fix electrical fault,Kwaku Appiah,3,CLOSED,4,2027-05-17T01:30:00,Engineering
4883,Replace burnt out bulb,Kwaku Appiah,5,OPEN,2,2027-05-17T03:56:00,Engineering
4884,Repair broken lock,Akosua Boateng,5,ASSIGNED,2,2027-05-17T04:26:00,Engineering
4885,Fix broken chair,Kojo Boakye,1,IN_PROGRESS,5,2027-05-17T06:32:00,Security
4886,Address pest issue,Kwesi Amponsah,3,ASSIGNED,1,2027-05-17T08:27:00,ICT
4887,Fix jammed window,Kojo Boakye,2,ASSIGNED,4,2027-05-17T09:33:00,ICT
4888,Repair broken paving,Aba Gyasi,2,IN_PROGRESS,5,2027-05-17T10:36:00,Security
4889,Service backup generator,Kwame Owusu,3,CLOSED,2,2027-05-17T11:39:00,ICT
4890,Repair squeaky door hinge,Esi Danquah,5,IN_PROGRESS,2,2027-05-17T12:03:00,ICT
4891,Fix broken chair,Adjoa Kufuor,4,IN_PROGRESS,5,2027-05-17T12:20:00,Security
4892,Repair broken paving,Akosua Boateng,2,OPEN,2,2027-05-17T12:41:00,Engineering
4893,Fix loose handrail,Abena Darko,4,IN_PROGRESS,3,2027-05-17T15:16:00,Security
4894,Fix broken window,Aba Gyasi,2,IN_PROGRESS,3,2027-05-17T15:46:00,Estates
4895,Repair damaged door,Ama Mensah,1,OPEN,5,2027-05-17T18:34:00,Security
4896,Address pest issue,Esi Danquah,3,IN_PROGRESS,4,2027-05-17T19:57:00,Engineering
4897,Repair broken paving,Esi Danquah,3,IN_PROGRESS,5,2027-05-17T20:19:00,Estates
4898,Fix flickering light,Efua Sarpong,5,OPEN,1,2027-05-17T21:26:00,Estates
4899,Fix flickering light,Kwabena Osei,5,CLOSED,4,2027-05-17T22:55:00,ICT
4900,Repair squeaky door hinge,Adjoa Kufuor,1,IN_PROGRESS,4,2027-05-17T23:27:00,Engineering
4901,Replace burnt out bulb,Kwabena Osei,4,IN_PROGRESS,2,2027-05-18T02:00:00,ICT
4902,Fix broken chair,Kwame Owusu,3,ASSIGNED,2,2027-05-18T02:27:00,Engineering
4903,Fix broken chair,Yaa Asantewaa,4,OPEN,4,2027-05-18T05:12:00,Engineering
4904,Service air conditioner,Akosua Boateng,1,ASSIGNED,3,2027-05-18T07:31:00,Estates
4905,Fix damaged ceiling tile,Efua Sarpong,5,OPEN,5,2027-05-18T10:30:00,Estates
4906,Fix water leak in ceiling,Fiifi Ansah,5,IN_PROGRESS,2,2027-05-18T13:18:00,ICT
4907,Repair cracked wall,Efua Sarpong,1,OPEN,3,2027-05-18T16:12:00,Estates
4908,Fix water leak in ceiling,Kofi Adjei,2,OPEN,1,2027-05-18T16:23:00,Estates
4909,Repair broken cabinet,Kwaku Appiah,5,OPEN,2,2027-05-18T17:49:00,Engineering
4910,Fix damaged ceiling tile,Kwesi Amponsah,3,OPEN,1,2027-05-18T20:38:00,Estates
4911,Clear clogged sink,Adwoa Frimpong,3,OPEN,5,2027-05-18T22:06:00,Security
4912,Repair damaged door,Adwoa Frimpong,5,IN_PROGRESS,2,2027-05-18T23:30:00,Engineering
4913,Address pest issue,Adjoa Kufuor,3,ASSIGNED,1,2027-05-19T01:48:00,ICT
4914,Replace burnt out bulb,Kobina Quaye,2,ASSIGNED,4,2027-05-19T02:37:00,Engineering
4915,Fix flickering light,Akosua Boateng,3,ASSIGNED,2,2027-05-19T03:01:00,ICT
4916,Fix broken chair,Kwabena Osei,5,ASSIGNED,1,2027-05-19T03:13:00,Estates
4917,Fix broken chair,Akosua Boateng,1,IN_PROGRESS,5,2027-05-19T04:24:00,Security
4918,Fix electrical fault,Kwame Owusu,3,IN_PROGRESS,2,2027-05-19T05:10:00,Engineering
4919,Replace faulty projector,Kojo Boakye,2,ASSIGNED,4,2027-05-19T05:47:00,Engineering
4920,Fix damaged ceiling tile,Akosua Boateng,5,ASSIGNED,5,2027-05-19T07:09:00,Estates
4921,Fix flickering light,Afia Agyeman,1,IN_PROGRESS,4,2027-05-19T09:37:00,ICT
4922,Replace worn carpet,Afia Agyeman,2,IN_PROGRESS,4,2027-05-19T10:34:00,ICT
4923,Clear clogged sink,Kobina Quaye,4,ASSIGNED,1,2027-05-19T11:27:00,ICT
4924,Clear blocked drainage,Kwesi Amponsah,1,OPEN,5,2027-05-19T11:51:00,Security
4925,Repair broken paving,Kobina Quaye,2,OPEN,1,2027-05-19T13:29:00,Estates
4926,Service air conditioner,Esi Danquah,4,IN_PROGRESS,4,2027-05-19T14:03:00,ICT
4927,Fix damaged ceiling tile,Efua Sarpong,5,ASSIGNED,3,2027-05-19T15:34:00,Estates
4928,Repair broken paving,Afia Agyeman,1,CLOSED,1,2027-05-19T18:19:00,ICT
4929,Repair leaking tap,Yaa Asantewaa,1,ASSIGNED,3,2027-05-19T20:53:00,Security
4930,Clear blocked drainage,Esi Danquah,1,CLOSED,5,2027-05-19T23:51:00,Estates
4931,Fix water leak in ceiling,Abena Darko,1,CLOSED,2,2027-05-20T01:13:00,ICT
4932,Repair broken paving,Efua Sarpong,4,OPEN,4,2027-05-20T02:47:00,ICT
4933,Service air conditioner,Kwabena Osei,2,IN_PROGRESS,2,2027-05-20T04:12:00,Engineering
4934,Service fire extinguisher,Akosua Boateng,1,OPEN,3,2027-05-20T05:06:00,Estates
4935,Repair damaged door,Kwabena Osei,2,ASSIGNED,4,2027-05-20T05:23:00,Engineering
4936,Fix loose handrail,Ama Mensah,4,OPEN,2,2027-05-20T06:57:00,ICT
4937,Fix water leak in ceiling,Kwame Owusu,5,CLOSED,3,2027-05-20T08:41:00,Estates
4938,Repair broken fan,Kojo Boakye,1,OPEN,5,2027-05-20T09:33:00,Security
4939,Repair squeaky door hinge,Akua Nyarko,3,OPEN,4,2027-05-20T11:02:00,Engineering
4940,Fix jammed window,Fiifi Ansah,5,OPEN,3,2027-05-20T13:57:00,Estates
4941,Address pest issue,Kwaku Appiah,3,IN_PROGRESS,3,2027-05-20T16:57:00,Security
4942,Repair squeaky door hinge,Kwame Owusu,3,CLOSED,3,2027-05-20T17:57:00,Estates
4943,Service fire extinguisher,Akua Nyarko,5,IN_PROGRESS,2,2027-05-20T20:57:00,ICT
4944,Service fire extinguisher,Fiifi Ansah,3,OPEN,5,2027-05-20T22:39:00,Security
4945,Fix flickering light,Efua Sarpong,3,CLOSED,1,2027-05-20T23:21:00,ICT
4946,Fix loose handrail,Aba Gyasi,3,IN_PROGRESS,5,2027-05-21T02:03:00,Security
4947,Repair broken lock,Abena Darko,2,OPEN,5,2027-05-21T03:14:00,Estates
4948,Repair damaged floor tile,Yaa Asantewaa,3,ASSIGNED,2,2027-05-21T05:39:00,ICT
4949,Replace faulty projector,Kofi Adjei,2,OPEN,5,2027-05-21T08:37:00,Estates
4950,Replace burnt out bulb,Adjoa Kufuor,3,IN_PROGRESS,5,2027-05-21T10:22:00,Security
4951,Fix flickering light,Yaa Asantewaa,1,OPEN,5,2027-05-21T12:27:00,Security
4952,Address pest issue,Akosua Boateng,5,OPEN,2,2027-05-21T14:18:00,Engineering
4953,Service elevator,Yaw Asante,2,OPEN,3,2027-05-21T15:33:00,Estates
4954,Replace worn carpet,Fiifi Ansah,2,OPEN,3,2027-05-21T17:39:00,Estates
4955,Fix loose handrail,Akosua Boateng,4,IN_PROGRESS,1,2027-05-21T19:42:00,ICT
4956,Repair broken cabinet,Kwabena Osei,1,CLOSED,1,2027-05-21T22:15:00,Estates
4957,Repair broken intercom,Aba Gyasi,5,ASSIGNED,4,2027-05-21T23:44:00,Engineering
4958,Fix electrical fault,Kwabena Osei,2,CLOSED,2,2027-05-22T01:28:00,ICT
4959,Service air conditioner,Esi Danquah,3,OPEN,4,2027-05-22T02:29:00,ICT
4960,Fix loose handrail,Kofi Adjei,2,OPEN,5,2027-05-22T03:04:00,Estates
4961,Repair damaged door,Akua Nyarko,5,OPEN,1,2027-05-22T03:22:00,Estates
4962,Repair squeaky door hinge,Akua Nyarko,1,IN_PROGRESS,3,2027-05-22T05:48:00,Estates
4963,Fix water leak in ceiling,Adwoa Frimpong,1,CLOSED,2,2027-05-22T08:21:00,ICT
4964,Repair cracked wall,Esi Danquah,5,IN_PROGRESS,5,2027-05-22T10:06:00,Estates
4965,Clear blocked drainage,Adjoa Kufuor,1,IN_PROGRESS,2,2027-05-22T11:44:00,ICT
4966,Fix broken window,Yaw Asante,3,IN_PROGRESS,2,2027-05-22T13:13:00,Engineering
4967,Repair damaged floor tile,Kwabena Osei,3,CLOSED,5,2027-05-22T13:41:00,Estates
4968,Replace worn carpet,Kofi Adjei,4,IN_PROGRESS,4,2027-05-22T16:37:00,ICT
4969,Service fire extinguisher,Efua Sarpong,1,ASSIGNED,4,2027-05-22T19:25:00,Engineering
4970,Repair broken lock,Ama Mensah,3,CLOSED,1,2027-05-22T22:21:00,ICT
4971,Fix broken chair,Kwabena Osei,3,IN_PROGRESS,2,2027-05-22T22:33:00,ICT
4972,Fix damaged ceiling tile,Kobina Quaye,5,CLOSED,5,2027-05-23T00:15:00,Security
4973,Fix water leak in ceiling,Kwesi Amponsah,3,OPEN,2,2027-05-23T02:37:00,Engineering
4974,Unclog toilet,Ama Mensah,2,IN_PROGRESS,4,2027-05-23T03:15:00,Engineering
4975,Clean overflowing gutter,Yaw Asante,1,OPEN,2,2027-05-23T03:37:00,ICT
4976,Repair cracked wall,Kwesi Amponsah,1,ASSIGNED,1,2027-05-23T04:16:00,Estates
4977,Fix loose handrail,Afia Agyeman,2,OPEN,3,2027-05-23T06:43:00,Security
4978,Repair broken fan,Kwesi Amponsah,3,OPEN,4,2027-05-23T07:57:00,Engineering
4979,Fix broken chair,Adwoa Frimpong,4,CLOSED,1,2027-05-23T09:01:00,ICT
4980,Repair damaged door,Kwabena Osei,5,OPEN,3,2027-05-23T11:22:00,Estates
4981,Clear blocked drainage,Kwabena Osei,4,IN_PROGRESS,5,2027-05-23T13:12:00,Security
4982,Clean overflowing gutter,Ama Mensah,4,OPEN,5,2027-05-23T15:33:00,Estates
4983,Fix broken chair,Kojo Boakye,2,ASSIGNED,2,2027-05-23T16:14:00,Engineering
4984,Fix broken chair,Afia Agyeman,5,CLOSED,3,2027-05-23T18:40:00,Estates
4985,Replace faulty projector,Abena Darko,2,OPEN,2,2027-05-23T19:35:00,Engineering
4986,Fix water leak in ceiling,Kwame Owusu,3,IN_PROGRESS,2,2027-05-23T20:17:00,ICT
4987,Fix jammed window,Kwesi Amponsah,1,OPEN,2,2027-05-23T22:29:00,ICT
4988,Address pest issue,Aba Gyasi,2,OPEN,3,2027-05-24T00:59:00,Security
4989,Repair squeaky door hinge,Kwabena Osei,1,OPEN,5,2027-05-24T01:51:00,Security
4990,Unclog toilet,Adjoa Kufuor,1,CLOSED,1,2027-05-24T04:46:00,ICT
4991,Service fire extinguisher,Fiifi Ansah,5,IN_PROGRESS,1,2027-05-24T05:56:00,ICT
4992,Repair cracked wall,Adwoa Frimpong,5,OPEN,4,2027-05-24T08:10:00,Engineering
4993,Unclog toilet,Esi Danquah,1,ASSIGNED,5,2027-05-24T11:08:00,Estates
4994,Fix broken chair,Kwame Owusu,4,OPEN,1,2027-05-24T11:54:00,Estates
4995,Service air conditioner,Kwabena Osei,2,ASSIGNED,1,2027-05-24T13:48:00,ICT
4996,Fix water leak in ceiling,Kwame Owusu,2,CLOSED,4,2027-05-24T15:01:00,Engineering
4997,Clear clogged sink,Kojo Boakye,2,OPEN,3,2027-05-24T16:39:00,Security
4998,Service air conditioner,Yaa Asantewaa,4,CLOSED,5,2027-05-24T17:56:00,Security
4999,Repair broken paving,Adwoa Frimpong,5,OPEN,1,2027-05-24T20:01:00,Estates
5000,Fix electrical fault,Efua Sarpong,5,IN_PROGRESS,2,2027-05-24T21:57:00,Engineering
