request_id,source_location_id,destination_location_id,category,urgency,time_submitted,deadline,status
Q001,L019,L014,Security,4,2026-07-03T13:12,2026-07-03T15:00,DONE
Q002,L014,L011,Document,2,2026-07-08T11:57,2026-07-08T16:49,NEW
Q003,L030,L013,Maintenance,5,2026-07-13T15:29,2026-07-13T16:28,NEW
Q004,L019,L023,Delivery,5,2026-07-13T16:42,2026-07-13T17:20,IN_PROGRESS
Q005,L019,L032,Maintenance,4,2026-07-14T14:08,2026-07-14T15:23,DONE
Q006,L005,L033,Delivery,1,2026-07-10T18:00,2026-07-11T00:46,DONE
Q007,L038,L023,Security,5,2026-07-11T14:11,2026-07-11T15:05,DONE
Q008,L010,L035,IT_Support,2,2026-07-04T15:32,2026-07-04T19:45,DONE
Q009,L012,L042,Medical,4,2026-07-08T11:36,2026-07-08T12:52,NEW
Q010,L034,L006,Delivery,3,2026-07-12T12:04,2026-07-12T14:48,IN_PROGRESS
Q011,L006,L004,IT_Support,1,2026-07-07T07:35,2026-07-07T15:45,NEW
Q012,L008,L006,Maintenance,3,2026-07-02T18:38,2026-07-02T21:06,NEW
Q013,L024,L018,Delivery,1,2026-07-13T07:56,2026-07-13T15:12,NEW
Q014,L035,L033,Catering,4,2026-07-04T15:47,2026-07-04T17:08,NEW
Q015,L035,L016,Catering,1,2026-07-11T08:18,2026-07-11T16:47,NEW
Q016,L007,L041,Document,3,2026-07-06T10:01,2026-07-06T13:05,DONE
Q017,L029,L023,Delivery,3,2026-07-03T11:58,2026-07-03T15:17,DONE
Q018,L038,L041,Medical,4,2026-07-11T14:40,2026-07-11T16:05,NEW
Q019,L008,L003,IT_Support,3,2026-07-04T08:02,2026-07-04T11:29,NEW
Q020,L016,L040,Delivery,2,2026-07-12T08:54,2026-07-12T13:22,IN_PROGRESS
Q021,L023,L017,Maintenance,3,2026-07-13T12:32,2026-07-13T16:22,IN_PROGRESS
Q022,L014,L016,IT_Support,2,2026-07-12T12:45,2026-07-12T18:38,CANCELLED
Q023,L016,L045,Maintenance,3,2026-07-06T10:19,2026-07-06T13:51,NEW
Q024,L012,L018,Maintenance,2,2026-07-13T13:12,2026-07-13T18:49,NEW
Q025,L035,L017,Catering,2,2026-07-12T15:14,2026-07-12T22:04,NEW
Q026,L029,L028,Maintenance,4,2026-07-06T17:54,2026-07-06T19:10,IN_PROGRESS
Q027,L041,L045,Medical,5,2026-07-14T13:36,2026-07-14T14:32,NEW
Q028,L009,L039,IT_Support,5,2026-07-01T17:36,2026-07-01T18:33,NEW
Q029,L013,L034,Delivery,3,2026-07-02T14:29,2026-07-02T16:56,NEW
Q030,L006,L045,Document,2,2026-07-14T12:21,2026-07-14T16:52,DONE
Q031,L014,L016,Document,1,2026-07-01T15:41,2026-07-01T23:43,DONE
Q032,L014,L018,Maintenance,1,2026-07-04T13:44,2026-07-04T23:29,NEW
Q033,L017,L016,Maintenance,2,2026-07-08T15:06,2026-07-08T22:43,NEW
Q034,L015,L031,Maintenance,4,2026-07-02T17:19,2026-07-02T18:41,DONE
Q035,L036,L045,Catering,1,2026-07-06T13:35,2026-07-06T20:06,IN_PROGRESS
Q036,L010,L039,IT_Support,2,2026-07-09T10:09,2026-07-09T17:39,IN_PROGRESS
Q037,L036,L018,Catering,3,2026-07-12T10:50,2026-07-12T13:53,DONE
Q038,L041,L032,Medical,4,2026-07-13T08:02,2026-07-13T09:43,DONE
Q039,L014,L041,Maintenance,4,2026-07-04T17:36,2026-07-04T19:13,NEW
Q040,L029,L042,Medical,5,2026-07-14T16:44,2026-07-14T17:37,NEW
Q041,L012,L027,Document,2,2026-07-08T12:29,2026-07-08T19:17,NEW
Q042,L012,L022,IT_Support,3,2026-07-07T11:36,2026-07-07T14:26,DONE
Q043,L014,L017,Document,1,2026-07-09T14:32,2026-07-09T21:30,IN_PROGRESS
Q044,L013,L011,Maintenance,5,2026-07-12T18:17,2026-07-12T18:54,IN_PROGRESS
Q045,L017,L008,IT_Support,3,2026-07-04T15:29,2026-07-04T18:00,IN_PROGRESS
Q046,L041,L003,Medical,4,2026-07-07T13:48,2026-07-07T14:54,NEW
Q047,L031,L041,Medical,1,2026-07-10T09:18,2026-07-10T17:58,NEW
Q048,L015,L019,IT_Support,2,2026-07-02T16:07,2026-07-02T22:30,NEW
Q049,L003,L009,Security,4,2026-07-09T16:25,2026-07-09T18:19,NEW
Q050,L041,L007,Medical,5,2026-07-06T07:23,2026-07-06T08:09,IN_PROGRESS
Q051,L018,L036,Delivery,5,2026-07-14T11:34,2026-07-14T12:34,NEW
Q052,L026,L042,Medical,5,2026-07-07T15:34,2026-07-07T16:11,IN_PROGRESS
Q053,L006,L010,Document,3,2026-07-09T12:19,2026-07-09T16:10,NEW
Q054,L026,L028,Security,5,2026-07-11T18:25,2026-07-11T19:21,NEW
Q055,L033,L006,Maintenance,2,2026-07-02T15:12,2026-07-02T23:07,CANCELLED
Q056,L011,L014,Security,2,2026-07-03T13:55,2026-07-03T18:56,NEW
Q057,L003,L007,Document,2,2026-07-14T08:39,2026-07-14T13:09,IN_PROGRESS
Q058,L008,L013,IT_Support,3,2026-07-11T16:06,2026-07-11T19:32,NEW
Q059,L003,L045,Document,5,2026-07-10T14:59,2026-07-10T15:30,DONE
Q060,L007,L036,Maintenance,3,2026-07-12T17:09,2026-07-12T20:16,NEW
Q061,L012,L014,Document,3,2026-07-06T11:13,2026-07-06T14:28,IN_PROGRESS
Q062,L017,L045,Document,1,2026-07-14T17:03,2026-07-15T01:44,NEW
Q063,L041,L020,Medical,2,2026-07-14T09:28,2026-07-14T16:47,NEW
Q064,L043,L028,Delivery,4,2026-07-10T08:55,2026-07-10T10:50,DONE
Q065,L006,L019,Document,2,2026-07-04T09:45,2026-07-04T16:52,NEW
Q066,L012,L038,IT_Support,1,2026-07-07T11:19,2026-07-07T17:23,IN_PROGRESS
Q067,L015,L030,Document,1,2026-07-09T10:52,2026-07-09T18:06,NEW
Q068,L013,L034,Document,1,2026-07-14T07:24,2026-07-14T17:18,NEW
Q069,L003,L041,Medical,4,2026-07-07T15:44,2026-07-07T17:28,DONE
Q070,L018,L041,Delivery,2,2026-07-12T08:32,2026-07-12T13:32,DONE
Q071,L035,L042,Medical,3,2026-07-07T17:28,2026-07-07T20:46,NEW
Q072,L015,L012,IT_Support,1,2026-07-13T12:45,2026-07-13T20:03,IN_PROGRESS
Q073,L005,L011,IT_Support,2,2026-07-06T19:07,2026-07-07T01:01,NEW
Q074,L027,L031,Maintenance,1,2026-07-09T16:32,2026-07-09T22:47,DONE
Q075,L018,L006,Document,2,2026-07-10T16:28,2026-07-10T23:44,DONE
Q076,L032,L046,Maintenance,3,2026-07-11T08:57,2026-07-11T12:29,NEW
Q077,L042,L028,Medical,4,2026-07-07T08:14,2026-07-07T09:35,NEW
Q078,L010,L044,Document,1,2026-07-08T15:45,2026-07-08T21:47,IN_PROGRESS
Q079,L031,L045,Security,5,2026-07-02T18:14,2026-07-02T18:57,NEW
Q080,L017,L043,Maintenance,4,2026-07-09T16:29,2026-07-09T17:54,IN_PROGRESS
Q081,L027,L042,Medical,1,2026-07-13T12:01,2026-07-13T20:04,DONE
Q082,L016,L040,Document,2,2026-07-04T07:33,2026-07-04T11:51,IN_PROGRESS
Q083,L018,L001,Document,2,2026-07-12T10:03,2026-07-12T14:45,NEW
Q084,L041,L032,Medical,1,2026-07-13T09:39,2026-07-13T18:28,DONE
Q085,L036,L034,Catering,2,2026-07-11T11:43,2026-07-11T16:48,NEW
Q086,L024,L041,Medical,5,2026-07-11T12:45,2026-07-11T13:17,DONE
Q087,L009,L015,Document,2,2026-07-06T13:50,2026-07-06T21:42,NEW
Q088,L016,L042,Medical,2,2026-07-10T10:06,2026-07-10T16:22,DONE
Q089,L046,L002,Security,2,2026-07-09T15:07,2026-07-09T22:27,DONE
Q090,L024,L014,Maintenance,3,2026-07-14T13:10,2026-07-14T15:26,DONE
Q091,L013,L041,Medical,5,2026-07-02T11:43,2026-07-02T12:19,NEW
Q092,L009,L018,Document,4,2026-07-02T09:04,2026-07-02T10:38,NEW
Q093,L032,L002,Delivery,4,2026-07-10T10:57,2026-07-10T12:11,NEW
Q094,L022,L006,Maintenance,1,2026-07-09T09:57,2026-07-09T16:21,DONE
Q095,L036,L003,Delivery,2,2026-07-11T16:31,2026-07-11T23:46,IN_PROGRESS
Q096,L033,L041,Medical,5,2026-07-04T15:51,2026-07-04T16:31,DONE
Q097,L045,L041,Medical,5,2026-07-08T14:41,2026-07-08T15:38,IN_PROGRESS
Q098,L014,L019,Maintenance,2,2026-07-03T16:50,2026-07-03T21:51,NEW
Q099,L004,L041,Medical,4,2026-07-02T17:14,2026-07-02T18:28,NEW
Q100,L035,L010,Catering,2,2026-07-08T16:41,2026-07-08T22:42,NEW
Q101,L037,L042,Medical,5,2026-07-04T14:51,2026-07-04T15:23,IN_PROGRESS
Q102,L009,L045,IT_Support,1,2026-07-02T15:45,2026-07-03T00:49,CANCELLED
Q103,L003,L001,Document,2,2026-07-03T10:11,2026-07-03T14:43,DONE
Q104,L042,L026,Medical,3,2026-07-09T10:42,2026-07-09T13:56,NEW
Q105,L009,L042,Medical,4,2026-07-04T11:44,2026-07-04T12:59,NEW
Q106,L017,L009,Document,2,2026-07-04T16:11,2026-07-05T00:02,CANCELLED
Q107,L045,L034,Security,4,2026-07-11T17:19,2026-07-11T19:16,DONE
Q108,L024,L040,Maintenance,3,2026-07-05T16:42,2026-07-05T19:15,CANCELLED
Q109,L044,L041,Medical,4,2026-07-04T15:35,2026-07-04T17:04,NEW
Q110,L007,L036,Document,3,2026-07-02T11:18,2026-07-02T15:17,NEW
Q111,L011,L015,Delivery,1,2026-07-09T16:39,2026-07-10T01:35,NEW
Q112,L006,L030,Document,1,2026-07-06T10:30,2026-07-06T19:33,IN_PROGRESS
Q113,L016,L032,Document,2,2026-07-04T08:23,2026-07-04T13:47,DONE
Q114,L016,L037,Delivery,1,2026-07-02T12:01,2026-07-02T21:34,NEW
Q115,L023,L026,Maintenance,3,2026-07-02T07:42,2026-07-02T09:53,DONE
Q116,L003,L037,Document,1,2026-07-03T08:57,2026-07-03T16:11,NEW
Q117,L040,L041,Medical,3,2026-07-08T07:40,2026-07-08T11:05,IN_PROGRESS
Q118,L036,L015,Catering,3,2026-07-14T17:33,2026-07-14T21:24,NEW
Q119,L009,L022,Maintenance,4,2026-07-12T09:01,2026-07-12T10:44,IN_PROGRESS
Q120,L042,L015,Medical,3,2026-07-13T12:01,2026-07-13T14:51,NEW
Q121,L019,L030,Maintenance,3,2026-07-14T16:22,2026-07-14T18:44,NEW
Q122,L032,L042,Maintenance,5,2026-07-08T15:57,2026-07-08T16:29,NEW
Q123,L022,L007,Maintenance,4,2026-07-06T13:03,2026-07-06T15:03,NEW
Q124,L012,L035,IT_Support,1,2026-07-05T11:41,2026-07-05T19:49,NEW
Q125,L006,L027,Maintenance,1,2026-07-11T16:14,2026-07-12T00:38,NEW
Q126,L031,L014,Maintenance,2,2026-07-02T07:52,2026-07-02T15:32,NEW
Q127,L035,L007,Catering,3,2026-07-10T15:14,2026-07-10T18:36,DONE
Q128,L010,L027,Delivery,3,2026-07-04T16:34,2026-07-04T20:09,IN_PROGRESS
Q129,L009,L005,Document,1,2026-07-04T10:47,2026-07-04T18:49,DONE
Q130,L018,L005,IT_Support,2,2026-07-11T14:24,2026-07-11T19:15,IN_PROGRESS
Q131,L031,L041,Medical,1,2026-07-08T16:35,2026-07-09T00:29,NEW
Q132,L021,L005,Maintenance,4,2026-07-08T10:09,2026-07-08T11:09,NEW
Q133,L008,L027,Maintenance,2,2026-07-12T11:13,2026-07-12T17:36,IN_PROGRESS
Q134,L027,L003,Maintenance,2,2026-07-12T13:56,2026-07-12T20:55,IN_PROGRESS
Q135,L028,L042,Medical,5,2026-07-04T15:54,2026-07-04T16:29,IN_PROGRESS
Q136,L043,L018,Delivery,2,2026-07-13T10:04,2026-07-13T16:32,NEW
Q137,L036,L016,Delivery,1,2026-07-01T11:37,2026-07-01T20:33,DONE
Q138,L036,L011,Catering,2,2026-07-11T07:11,2026-07-11T12:20,NEW
Q139,L027,L047,Maintenance,5,2026-07-01T16:31,2026-07-01T17:28,DONE
Q140,L036,L034,Catering,2,2026-07-10T07:34,2026-07-10T11:39,NEW
Q141,L036,L011,Catering,3,2026-07-02T10:10,2026-07-02T12:38,IN_PROGRESS
Q142,L019,L017,IT_Support,2,2026-07-05T09:05,2026-07-05T15:16,DONE
Q143,L018,L040,Delivery,2,2026-07-14T17:18,2026-07-14T22:45,DONE
Q144,L036,L037,Catering,3,2026-07-12T08:48,2026-07-12T11:49,NEW
Q145,L030,L011,Maintenance,3,2026-07-02T11:11,2026-07-02T14:40,IN_PROGRESS
Q146,L042,L017,Medical,2,2026-07-09T09:33,2026-07-09T16:15,NEW
Q147,L033,L037,Maintenance,2,2026-07-01T10:03,2026-07-01T14:43,NEW
Q148,L007,L020,Document,4,2026-07-03T10:23,2026-07-03T11:26,IN_PROGRESS
Q149,L015,L045,Maintenance,1,2026-07-12T10:37,2026-07-12T20:14,IN_PROGRESS
Q150,L041,L039,Medical,3,2026-07-05T09:43,2026-07-05T11:46,NEW
Q151,L033,L009,Maintenance,2,2026-07-01T08:52,2026-07-01T14:45,NEW
Q152,L010,L006,Maintenance,2,2026-07-14T07:34,2026-07-14T13:06,NEW
Q153,L025,L048,Maintenance,4,2026-07-10T15:33,2026-07-10T16:48,NEW
Q154,L022,L035,Security,4,2026-07-13T10:38,2026-07-13T11:49,NEW
Q155,L020,L013,Security,1,2026-07-10T07:23,2026-07-10T14:30,IN_PROGRESS
Q156,L010,L038,Document,1,2026-07-14T09:20,2026-07-14T17:53,CANCELLED
Q157,L013,L006,Document,2,2026-07-07T15:19,2026-07-07T21:49,NEW
Q158,L017,L025,Security,3,2026-07-14T18:15,2026-07-14T21:50,NEW
Q159,L012,L041,Medical,4,2026-07-04T09:29,2026-07-04T11:17,NEW
Q160,L042,L045,Medical,5,2026-07-13T15:54,2026-07-13T16:28,NEW
Q161,L011,L044,Delivery,2,2026-07-04T15:22,2026-07-04T21:27,NEW
Q162,L015,L006,IT_Support,3,2026-07-08T17:15,2026-07-08T19:43,NEW
Q163,L017,L029,Security,2,2026-07-06T11:30,2026-07-06T19:09,NEW
Q164,L005,L010,IT_Support,2,2026-07-02T10:04,2026-07-02T16:00,CANCELLED
Q165,L015,L006,IT_Support,4,2026-07-01T15:11,2026-07-01T17:05,NEW
Q166,L019,L016,Security,3,2026-07-10T08:53,2026-07-10T11:58,NEW
Q167,L027,L041,Medical,5,2026-07-02T14:23,2026-07-02T15:15,IN_PROGRESS
Q168,L002,L006,Delivery,2,2026-07-11T07:37,2026-07-11T12:28,IN_PROGRESS
Q169,L021,L020,Maintenance,4,2026-07-12T14:40,2026-07-12T16:20,DONE
Q170,L024,L048,Delivery,3,2026-07-05T12:39,2026-07-05T15:48,NEW
Q171,L027,L036,Maintenance,4,2026-07-06T11:34,2026-07-06T12:53,DONE
Q172,L022,L036,Maintenance,3,2026-07-04T11:58,2026-07-04T15:05,NEW
Q173,L014,L012,IT_Support,1,2026-07-05T14:25,2026-07-05T21:55,DONE
Q174,L041,L012,Medical,5,2026-07-09T13:25,2026-07-09T14:04,NEW
Q175,L042,L014,Medical,2,2026-07-13T16:43,2026-07-13T23:49,IN_PROGRESS
Q176,L018,L008,Document,1,2026-07-08T13:30,2026-07-08T21:00,NEW
Q177,L022,L027,Security,5,2026-07-06T07:22,2026-07-06T08:05,DONE
Q178,L008,L042,IT_Support,1,2026-07-06T09:26,2026-07-06T17:38,NEW
Q179,L042,L032,Medical,4,2026-07-02T10:43,2026-07-02T11:55,CANCELLED
Q180,L024,L041,Medical,5,2026-07-02T17:04,2026-07-02T17:58,DONE
Q181,L010,L007,IT_Support,2,2026-07-12T18:09,2026-07-13T01:24,NEW
Q182,L031,L022,Delivery,4,2026-07-05T09:39,2026-07-05T10:56,NEW
Q183,L022,L015,Delivery,3,2026-07-13T11:24,2026-07-13T14:12,DONE
Q184,L042,L004,Medical,5,2026-07-13T12:26,2026-07-13T13:08,NEW
Q185,L023,L011,Delivery,3,2026-07-01T08:22,2026-07-01T11:26,NEW
Q186,L010,L038,IT_Support,5,2026-07-04T11:18,2026-07-04T12:13,NEW
Q187,L008,L018,IT_Support,2,2026-07-12T09:38,2026-07-12T14:22,NEW
Q188,L032,L033,Delivery,2,2026-07-04T17:15,2026-07-04T21:17,NEW
Q189,L018,L022,Maintenance,4,2026-07-04T10:55,2026-07-04T12:04,NEW
Q190,L006,L045,IT_Support,3,2026-07-09T18:59,2026-07-09T21:05,DONE
Q191,L032,L045,Delivery,1,2026-07-03T15:38,2026-07-04T00:04,DONE
Q192,L010,L035,Document,3,2026-07-05T14:48,2026-07-05T18:48,NEW
Q193,L010,L033,IT_Support,2,2026-07-10T16:43,2026-07-10T23:11,DONE
Q194,L032,L015,Delivery,3,2026-07-14T11:20,2026-07-14T14:48,DONE
Q195,L027,L011,Security,2,2026-07-06T16:00,2026-07-06T21:47,NEW
Q196,L030,L019,Maintenance,3,2026-07-01T19:14,2026-07-01T23:05,NEW
Q197,L016,L002,Document,1,2026-07-09T13:40,2026-07-09T23:06,NEW
Q198,L003,L009,Document,5,2026-07-12T14:11,2026-07-12T15:11,NEW
Q199,L021,L035,Maintenance,1,2026-07-05T09:16,2026-07-05T18:15,NEW
Q200,L012,L020,Document,3,2026-07-08T11:16,2026-07-08T14:02,NEW
Q201,L041,L035,Medical,4,2026-07-10T10:25,2026-07-10T11:42,NEW
Q202,L009,L018,Maintenance,2,2026-07-11T10:50,2026-07-11T15:22,DONE
Q203,L041,L019,Medical,5,2026-07-06T15:31,2026-07-06T16:20,DONE
Q204,L014,L027,Security,4,2026-07-04T19:32,2026-07-04T20:43,DONE
Q205,L034,L025,Maintenance,3,2026-07-06T10:17,2026-07-06T13:17,IN_PROGRESS
Q206,L034,L042,Medical,5,2026-07-13T10:32,2026-07-13T11:17,DONE
Q207,L042,L009,Medical,4,2026-07-09T14:01,2026-07-09T15:12,DONE
Q208,L017,L003,IT_Support,2,2026-07-03T09:22,2026-07-03T13:42,NEW
Q209,L007,L009,Maintenance,1,2026-07-11T17:12,2026-07-12T02:33,NEW
Q210,L027,L043,Maintenance,3,2026-07-03T07:26,2026-07-03T09:41,DONE
Q211,L003,L026,Document,4,2026-07-14T09:35,2026-07-14T11:14,NEW
Q212,L036,L019,Catering,3,2026-07-04T15:28,2026-07-04T18:23,IN_PROGRESS
Q213,L027,L038,Delivery,2,2026-07-05T09:07,2026-07-05T16:24,DONE
Q214,L019,L012,Maintenance,3,2026-07-11T15:32,2026-07-11T18:02,NEW
Q215,L035,L045,Delivery,3,2026-07-09T07:57,2026-07-09T11:19,NEW
Q216,L012,L017,IT_Support,1,2026-07-01T16:38,2026-07-02T00:38,NEW
Q217,L009,L040,Document,5,2026-07-12T17:09,2026-07-12T18:08,NEW
Q218,L008,L039,IT_Support,2,2026-07-03T18:24,2026-07-03T23:41,DONE
Q219,L016,L028,IT_Support,3,2026-07-02T13:41,2026-07-02T16:13,DONE
Q220,L034,L012,Delivery,1,2026-07-11T09:07,2026-07-11T16:26,NEW
Q221,L014,L015,Document,2,2026-07-03T16:09,2026-07-03T20:14,IN_PROGRESS
Q222,L003,L042,Delivery,2,2026-07-08T14:06,2026-07-08T19:17,DONE
Q223,L020,L024,Delivery,1,2026-07-07T09:53,2026-07-07T18:12,IN_PROGRESS
Q224,L019,L004,Document,2,2026-07-08T16:08,2026-07-08T20:39,NEW
Q225,L015,L031,Document,1,2026-07-04T10:08,2026-07-04T17:32,DONE
Q226,L010,L041,Medical,2,2026-07-14T15:28,2026-07-14T21:54,NEW
Q227,L007,L047,Delivery,1,2026-07-03T10:55,2026-07-03T20:21,IN_PROGRESS
Q228,L006,L004,IT_Support,1,2026-07-12T12:08,2026-07-12T18:13,NEW
Q229,L016,L008,IT_Support,2,2026-07-06T09:17,2026-07-06T15:44,NEW
Q230,L042,L024,Medical,5,2026-07-10T12:36,2026-07-10T13:33,DONE
Q231,L039,L010,Security,5,2026-07-02T13:39,2026-07-02T14:34,DONE
Q232,L030,L040,Maintenance,4,2026-07-08T09:28,2026-07-08T10:31,NEW
Q233,L012,L025,IT_Support,1,2026-07-02T18:16,2026-07-03T02:08,DONE
Q234,L003,L012,Delivery,1,2026-07-12T07:00,2026-07-12T14:38,NEW
Q235,L022,L011,Delivery,4,2026-07-09T07:58,2026-07-09T09:12,NEW
Q236,L041,L036,Medical,4,2026-07-14T16:12,2026-07-14T17:49,CANCELLED
Q237,L035,L045,Catering,2,2026-07-08T17:12,2026-07-08T21:51,CANCELLED
Q238,L012,L040,Maintenance,2,2026-07-08T16:52,2026-07-08T23:06,NEW
Q239,L012,L034,IT_Support,3,2026-07-05T19:12,2026-07-05T22:16,NEW
Q240,L007,L003,Document,3,2026-07-06T10:02,2026-07-06T13:42,DONE
Q241,L041,L015,Medical,4,2026-07-02T19:09,2026-07-02T20:31,DONE
Q242,L012,L022,IT_Support,3,2026-07-07T16:25,2026-07-07T19:52,NEW
Q243,L016,L022,IT_Support,4,2026-07-13T17:06,2026-07-13T18:43,NEW
Q244,L016,L007,Delivery,4,2026-07-14T17:42,2026-07-14T19:31,NEW
Q245,L046,L038,Security,4,2026-07-05T14:41,2026-07-05T16:05,DONE
Q246,L015,L009,IT_Support,4,2026-07-02T11:25,2026-07-02T12:39,IN_PROGRESS
Q247,L012,L029,Document,1,2026-07-11T08:47,2026-07-11T14:54,IN_PROGRESS
Q248,L010,L035,IT_Support,4,2026-07-10T10:54,2026-07-10T12:27,IN_PROGRESS
Q249,L005,L003,Document,3,2026-07-09T15:47,2026-07-09T17:50,NEW
Q250,L024,L036,Maintenance,2,2026-07-07T17:57,2026-07-07T23:26,NEW
Q251,L033,L013,Maintenance,4,2026-07-13T16:35,2026-07-13T17:54,IN_PROGRESS
Q252,L013,L033,Maintenance,1,2026-07-10T13:44,2026-07-10T22:17,DONE
Q253,L027,L047,Delivery,2,2026-07-05T09:16,2026-07-05T15:25,IN_PROGRESS
Q254,L042,L020,Medical,4,2026-07-14T17:52,2026-07-14T19:30,NEW
Q255,L007,L041,Medical,3,2026-07-03T09:16,2026-07-03T12:46,DONE
Q256,L014,L027,Security,5,2026-07-01T14:24,2026-07-01T15:08,DONE
Q257,L011,L012,Delivery,4,2026-07-11T17:18,2026-07-11T18:24,DONE
Q258,L041,L048,Medical,3,2026-07-05T17:21,2026-07-05T20:03,NEW
Q259,L008,L031,Document,1,2026-07-12T09:54,2026-07-12T16:44,NEW
Q260,L019,L041,Medical,5,2026-07-13T18:15,2026-07-13T19:15,NEW
Q261,L013,L023,Maintenance,1,2026-07-04T16:05,2026-07-04T22:08,NEW
Q262,L031,L032,Maintenance,2,2026-07-04T15:19,2026-07-04T21:49,NEW
Q263,L042,L040,Medical,3,2026-07-07T14:30,2026-07-07T18:22,CANCELLED
Q264,L013,L045,Security,5,2026-07-02T07:11,2026-07-02T07:50,DONE
Q265,L015,L041,Medical,3,2026-07-07T09:12,2026-07-07T12:28,DONE
Q266,L017,L039,Maintenance,4,2026-07-11T13:10,2026-07-11T14:33,DONE
Q267,L042,L024,Medical,2,2026-07-01T09:48,2026-07-01T15:11,NEW
Q268,L013,L040,IT_Support,4,2026-07-13T08:26,2026-07-13T10:08,DONE
Q269,L041,L017,Medical,5,2026-07-03T19:45,2026-07-03T20:39,NEW
Q270,L012,L041,Medical,4,2026-07-07T12:29,2026-07-07T14:22,NEW
Q271,L037,L043,Security,5,2026-07-07T15:22,2026-07-07T15:53,NEW
Q272,L032,L030,Maintenance,2,2026-07-11T09:57,2026-07-11T16:53,NEW
Q273,L023,L030,Maintenance,1,2026-07-12T12:48,2026-07-12T21:21,NEW
Q274,L019,L006,Maintenance,2,2026-07-05T08:24,2026-07-05T15:35,NEW
Q275,L037,L041,Medical,5,2026-07-05T12:45,2026-07-05T13:34,IN_PROGRESS
Q276,L022,L016,Security,5,2026-07-03T16:51,2026-07-03T17:26,NEW
Q277,L016,L033,IT_Support,5,2026-07-04T10:29,2026-07-04T11:04,IN_PROGRESS
Q278,L046,L042,Medical,5,2026-07-14T18:49,2026-07-14T19:25,DONE
Q279,L041,L021,Medical,2,2026-07-07T17:05,2026-07-07T21:49,NEW
Q280,L024,L044,Maintenance,4,2026-07-12T14:07,2026-07-12T15:35,DONE
Q281,L011,L024,Security,2,2026-07-01T15:32,2026-07-01T20:02,IN_PROGRESS
Q282,L032,L034,Delivery,3,2026-07-14T14:25,2026-07-14T16:33,DONE
Q283,L018,L009,Maintenance,2,2026-07-14T09:16,2026-07-14T16:12,NEW
Q284,L042,L032,Medical,1,2026-07-03T11:24,2026-07-03T19:17,NEW
Q285,L013,L027,Document,1,2026-07-06T13:15,2026-07-06T22:30,NEW
Q286,L041,L028,Medical,4,2026-07-05T10:45,2026-07-05T12:42,CANCELLED
Q287,L010,L042,Medical,5,2026-07-13T09:37,2026-07-13T10:29,DONE
Q288,L008,L012,Document,1,2026-07-13T13:20,2026-07-13T21:04,NEW
Q289,L009,L002,IT_Support,2,2026-07-01T08:45,2026-07-01T13:42,DONE
Q290,L036,L004,Delivery,2,2026-07-04T14:21,2026-07-04T20:05,NEW
Q291,L046,L041,Medical,5,2026-07-07T08:54,2026-07-07T09:53,IN_PROGRESS
Q292,L042,L013,Medical,3,2026-07-01T09:53,2026-07-01T12:16,DONE
Q293,L021,L037,Maintenance,3,2026-07-03T16:45,2026-07-03T18:52,DONE
Q294,L007,L008,Document,3,2026-07-01T11:23,2026-07-01T14:23,NEW
Q295,L012,L026,Document,1,2026-07-01T07:55,2026-07-01T16:12,CANCELLED
Q296,L033,L010,Maintenance,4,2026-07-13T09:56,2026-07-13T11:45,DONE
Q297,L041,L022,Medical,3,2026-07-06T08:43,2026-07-06T10:44,NEW
Q298,L030,L021,Delivery,4,2026-07-05T07:53,2026-07-05T08:56,NEW
Q299,L026,L032,Maintenance,3,2026-07-11T12:21,2026-07-11T15:09,IN_PROGRESS
Q300,L032,L029,Delivery,1,2026-07-10T15:02,2026-07-10T22:24,NEW
Q301,L041,L008,Maintenance,2,2026-07-14T19:12,2026-07-15T02:07,NEW
Q302,L048,L035,Maintenance,2,2026-07-14T19:44,2026-07-15T00:45,NEW
Q303,L033,L039,Maintenance,2,2026-07-14T20:58,2026-07-15T02:47,DONE
Q304,L015,L029,Document,4,2026-07-14T21:23,2026-07-14T23:07,NEW
Q305,L028,L022,Medical,2,2026-07-14T21:41,2026-07-15T02:06,DONE
Q306,L025,L007,Medical,2,2026-07-14T21:51,2026-07-15T04:59,NEW
Q307,L030,L035,Maintenance,5,2026-07-14T22:33,2026-07-14T23:30,NEW
Q308,L041,L040,Security,2,2026-07-14T22:46,2026-07-15T02:59,NEW
Q309,L043,L015,IT_Support,5,2026-07-14T23:03,2026-07-14T23:46,IN_PROGRESS
Q310,L018,L030,Delivery,2,2026-07-14T23:34,2026-07-15T06:27,NEW
Q311,L018,L045,Security,3,2026-07-15T00:00,2026-07-15T03:09,DONE
Q312,L047,L016,Maintenance,2,2026-07-15T01:26,2026-07-15T08:24,CANCELLED
Q313,L036,L015,Delivery,4,2026-07-15T02:00,2026-07-15T03:52,DONE
Q314,L003,L021,Medical,1,2026-07-15T03:17,2026-07-15T13:03,IN_PROGRESS
Q315,L046,L021,Maintenance,3,2026-07-15T04:44,2026-07-15T07:43,IN_PROGRESS
Q316,L010,L017,Maintenance,4,2026-07-15T06:03,2026-07-15T07:30,DONE
Q317,L038,L026,Medical,5,2026-07-15T07:11,2026-07-15T07:44,NEW
Q318,L004,L008,Maintenance,1,2026-07-15T08:32,2026-07-15T14:50,DONE
Q319,L025,L039,Catering,3,2026-07-15T08:38,2026-07-15T12:06,CANCELLED
Q320,L047,L008,Delivery,3,2026-07-15T10:05,2026-07-15T12:49,NEW
Q321,L008,L019,Document,3,2026-07-15T10:43,2026-07-15T13:48,IN_PROGRESS
Q322,L012,L033,Security,5,2026-07-15T12:09,2026-07-15T12:56,NEW
Q323,L039,L013,Maintenance,4,2026-07-15T13:21,2026-07-15T15:19,DONE
Q324,L001,L039,Medical,1,2026-07-15T14:05,2026-07-15T21:08,IN_PROGRESS
Q325,L004,L016,Security,5,2026-07-15T15:12,2026-07-15T16:09,NEW
Q326,L005,L035,IT_Support,1,2026-07-15T16:27,2026-07-15T23:11,NEW
Q327,L017,L034,IT_Support,2,2026-07-15T17:41,2026-07-16T00:56,NEW
Q328,L047,L045,Maintenance,2,2026-07-15T19:09,2026-07-16T00:46,CANCELLED
Q329,L029,L034,Document,2,2026-07-15T19:16,2026-07-16T01:48,NEW
Q330,L036,L015,Document,1,2026-07-15T19:28,2026-07-16T02:28,DONE
Q331,L005,L003,IT_Support,1,2026-07-15T20:58,2026-07-16T05:04,NEW
Q332,L014,L035,Maintenance,5,2026-07-15T22:03,2026-07-15T22:41,DONE
Q333,L031,L027,Maintenance,1,2026-07-15T23:02,2026-07-16T06:49,NEW
Q334,L030,L047,Maintenance,3,2026-07-15T23:14,2026-07-16T02:06,DONE
Q335,L047,L022,IT_Support,1,2026-07-16T00:27,2026-07-16T08:23,NEW
Q336,L009,L028,Maintenance,3,2026-07-16T00:41,2026-07-16T03:38,IN_PROGRESS
Q337,L036,L007,Maintenance,5,2026-07-16T00:57,2026-07-16T01:57,IN_PROGRESS
Q338,L016,L011,Medical,3,2026-07-16T01:09,2026-07-16T03:31,IN_PROGRESS
Q339,L025,L001,Catering,2,2026-07-16T02:12,2026-07-16T07:27,IN_PROGRESS
Q340,L028,L045,Catering,5,2026-07-16T03:19,2026-07-16T03:54,DONE
Q341,L013,L019,Medical,1,2026-07-16T03:31,2026-07-16T12:44,DONE
Q342,L021,L004,Maintenance,3,2026-07-16T04:43,2026-07-16T07:04,IN_PROGRESS
Q343,L004,L033,Maintenance,1,2026-07-16T05:18,2026-07-16T13:03,DONE
Q344,L008,L037,Medical,3,2026-07-16T06:16,2026-07-16T09:41,DONE
Q345,L038,L037,Document,5,2026-07-16T07:01,2026-07-16T07:39,NEW
Q346,L017,L026,Maintenance,3,2026-07-16T07:15,2026-07-16T09:17,NEW
Q347,L030,L040,Catering,5,2026-07-16T07:47,2026-07-16T08:34,NEW
Q348,L017,L009,Security,5,2026-07-16T08:39,2026-07-16T09:19,IN_PROGRESS
Q349,L011,L029,IT_Support,4,2026-07-16T10:07,2026-07-16T11:40,DONE
Q350,L001,L043,IT_Support,2,2026-07-16T10:29,2026-07-16T15:38,DONE
Q351,L008,L007,IT_Support,1,2026-07-16T11:00,2026-07-16T20:05,NEW
Q352,L022,L014,Delivery,5,2026-07-16T11:37,2026-07-16T12:36,NEW
Q353,L004,L006,Delivery,4,2026-07-16T12:24,2026-07-16T14:13,NEW
Q354,L009,L041,Catering,1,2026-07-16T13:23,2026-07-16T21:48,NEW
Q355,L001,L008,Maintenance,5,2026-07-16T14:37,2026-07-16T15:09,IN_PROGRESS
Q356,L024,L038,Document,2,2026-07-16T15:28,2026-07-16T23:20,NEW
Q357,L003,L023,Maintenance,2,2026-07-16T16:44,2026-07-17T00:32,NEW
Q358,L027,L040,IT_Support,5,2026-07-16T17:09,2026-07-16T18:05,NEW
Q359,L012,L027,Maintenance,4,2026-07-16T18:06,2026-07-16T19:57,NEW
Q360,L043,L048,IT_Support,2,2026-07-16T18:24,2026-07-17T00:03,IN_PROGRESS
Q361,L003,L031,Medical,4,2026-07-16T19:08,2026-07-16T21:00,NEW
Q362,L015,L002,Delivery,2,2026-07-16T19:21,2026-07-17T02:40,NEW
Q363,L018,L023,Delivery,2,2026-07-16T20:34,2026-07-17T02:00,CANCELLED
Q364,L002,L008,Security,2,2026-07-16T21:12,2026-07-17T01:23,DONE
Q365,L007,L039,Document,4,2026-07-16T22:34,2026-07-17T00:06,NEW
Q366,L008,L025,Security,2,2026-07-16T23:34,2026-07-17T03:36,NEW
Q367,L034,L035,Delivery,5,2026-07-17T00:04,2026-07-17T00:46,DONE
Q368,L028,L005,Security,5,2026-07-17T01:33,2026-07-17T02:31,DONE
Q369,L008,L047,Security,3,2026-07-17T02:19,2026-07-17T05:11,DONE
Q370,L045,L019,Document,2,2026-07-17T03:12,2026-07-17T10:07,DONE
Q371,L048,L012,Delivery,2,2026-07-17T03:17,2026-07-17T08:36,DONE
Q372,L019,L014,Medical,3,2026-07-17T04:21,2026-07-17T07:18,DONE
Q373,L029,L044,Maintenance,3,2026-07-17T04:47,2026-07-17T08:12,IN_PROGRESS
Q374,L006,L019,Document,3,2026-07-17T05:22,2026-07-17T08:49,NEW
Q375,L020,L015,IT_Support,1,2026-07-17T06:27,2026-07-17T15:05,NEW
Q376,L005,L030,Medical,3,2026-07-17T07:21,2026-07-17T10:25,NEW
Q377,L026,L016,Maintenance,4,2026-07-17T07:39,2026-07-17T09:28,IN_PROGRESS
Q378,L028,L015,Maintenance,5,2026-07-17T07:50,2026-07-17T08:38,DONE
Q379,L016,L008,Document,4,2026-07-17T09:06,2026-07-17T10:44,DONE
Q380,L021,L029,Delivery,4,2026-07-17T10:21,2026-07-17T11:49,NEW
Q381,L011,L048,IT_Support,3,2026-07-17T11:47,2026-07-17T14:23,DONE
Q382,L034,L032,Delivery,2,2026-07-17T12:28,2026-07-17T17:30,NEW
Q383,L018,L022,Medical,3,2026-07-17T13:02,2026-07-17T15:52,NEW
Q384,L045,L010,Delivery,1,2026-07-17T14:16,2026-07-17T22:17,NEW
Q385,L027,L004,Maintenance,2,2026-07-17T15:35,2026-07-17T22:35,IN_PROGRESS
Q386,L002,L037,Medical,1,2026-07-17T16:29,2026-07-18T02:09,NEW
Q387,L027,L035,IT_Support,3,2026-07-17T17:02,2026-07-17T20:05,DONE
Q388,L015,L018,Document,1,2026-07-17T17:58,2026-07-18T03:05,NEW
Q389,L011,L030,Security,5,2026-07-17T18:53,2026-07-17T19:42,DONE
Q390,L037,L043,Maintenance,3,2026-07-17T19:57,2026-07-17T22:21,NEW
Q391,L004,L017,Medical,2,2026-07-17T20:50,2026-07-18T02:03,NEW
Q392,L027,L017,IT_Support,3,2026-07-17T21:01,2026-07-17T23:46,DONE
Q393,L015,L042,Maintenance,5,2026-07-17T21:09,2026-07-17T21:47,NEW
Q394,L013,L002,Delivery,2,2026-07-17T21:28,2026-07-18T03:54,NEW
Q395,L014,L030,Delivery,4,2026-07-17T22:50,2026-07-18T00:37,NEW
Q396,L046,L008,IT_Support,1,2026-07-18T00:09,2026-07-18T06:17,NEW
Q397,L020,L037,Delivery,5,2026-07-18T00:39,2026-07-18T01:12,NEW
Q398,L038,L045,IT_Support,2,2026-07-18T01:22,2026-07-18T09:01,DONE
Q399,L044,L039,IT_Support,4,2026-07-18T01:32,2026-07-18T02:54,DONE
Q400,L035,L028,Delivery,1,2026-07-18T01:38,2026-07-18T11:17,DONE
Q401,L027,L032,Maintenance,5,2026-07-18T02:41,2026-07-18T03:34,DONE
Q402,L010,L028,Maintenance,3,2026-07-18T04:04,2026-07-18T07:48,DONE
Q403,L035,L031,Document,4,2026-07-18T04:50,2026-07-18T06:44,DONE
Q404,L016,L006,Medical,3,2026-07-18T06:07,2026-07-18T09:26,DONE
Q405,L043,L025,Medical,3,2026-07-18T07:14,2026-07-18T09:42,NEW
Q406,L023,L017,Medical,5,2026-07-18T07:54,2026-07-18T08:42,DONE
Q407,L001,L034,Security,1,2026-07-18T09:01,2026-07-18T17:25,DONE
Q408,L016,L045,Document,4,2026-07-18T09:08,2026-07-18T10:13,NEW
Q409,L019,L015,Medical,2,2026-07-18T10:00,2026-07-18T16:03,DONE
Q410,L036,L034,Medical,5,2026-07-18T10:50,2026-07-18T11:43,DONE
Q411,L030,L018,Medical,2,2026-07-18T11:35,2026-07-18T16:07,DONE
Q412,L048,L035,Catering,4,2026-07-18T12:41,2026-07-18T13:58,NEW
Q413,L047,L038,Catering,3,2026-07-18T12:58,2026-07-18T16:45,NEW
Q414,L013,L019,Medical,1,2026-07-18T14:11,2026-07-18T20:45,NEW
Q415,L018,L003,Catering,3,2026-07-18T14:32,2026-07-18T17:54,DONE
Q416,L032,L007,IT_Support,3,2026-07-18T15:33,2026-07-18T18:17,NEW
Q417,L012,L004,Medical,5,2026-07-18T15:46,2026-07-18T16:29,NEW
Q418,L032,L005,Document,4,2026-07-18T17:03,2026-07-18T19:03,NEW
Q419,L020,L006,Catering,1,2026-07-18T18:25,2026-07-19T02:59,DONE
Q420,L040,L015,IT_Support,2,2026-07-18T19:08,2026-07-19T02:50,IN_PROGRESS
Q421,L038,L028,Medical,3,2026-07-18T19:25,2026-07-18T23:03,DONE
Q422,L014,L041,Maintenance,4,2026-07-18T19:52,2026-07-18T21:27,NEW
Q423,L005,L011,Maintenance,3,2026-07-18T20:34,2026-07-18T22:39,DONE
Q424,L015,L019,Delivery,4,2026-07-18T21:08,2026-07-18T23:07,NEW
Q425,L017,L041,Document,4,2026-07-18T21:27,2026-07-18T23:01,NEW
Q426,L015,L042,Maintenance,2,2026-07-18T21:39,2026-07-19T02:23,NEW
Q427,L020,L039,IT_Support,3,2026-07-18T21:59,2026-07-19T00:59,NEW
Q428,L045,L020,Delivery,5,2026-07-18T23:07,2026-07-18T23:52,NEW
Q429,L006,L039,Maintenance,2,2026-07-18T23:44,2026-07-19T03:52,NEW
Q430,L006,L015,Catering,4,2026-07-18T23:51,2026-07-19T01:39,DONE
Q431,L044,L018,Document,4,2026-07-19T01:02,2026-07-19T02:43,NEW
Q432,L029,L018,Maintenance,3,2026-07-19T02:09,2026-07-19T04:21,DONE
Q433,L031,L023,Medical,2,2026-07-19T02:34,2026-07-19T08:00,NEW
Q434,L027,L045,Document,4,2026-07-19T03:49,2026-07-19T04:51,NEW
Q435,L030,L006,Medical,2,2026-07-19T04:45,2026-07-19T12:28,CANCELLED
Q436,L033,L001,Delivery,3,2026-07-19T05:14,2026-07-19T08:21,NEW
Q437,L024,L040,IT_Support,3,2026-07-19T05:45,2026-07-19T08:20,DONE
Q438,L036,L009,Security,2,2026-07-19T06:05,2026-07-19T10:14,DONE
Q439,L041,L039,IT_Support,4,2026-07-19T06:11,2026-07-19T07:46,NEW
Q440,L027,L006,Medical,4,2026-07-19T06:31,2026-07-19T08:12,NEW
Q441,L010,L032,Security,2,2026-07-19T07:29,2026-07-19T15:04,DONE
Q442,L031,L016,Document,1,2026-07-19T08:50,2026-07-19T17:02,NEW
Q443,L048,L009,IT_Support,2,2026-07-19T09:48,2026-07-19T15:17,IN_PROGRESS
Q444,L033,L018,IT_Support,2,2026-07-19T11:08,2026-07-19T17:38,NEW
Q445,L043,L032,IT_Support,2,2026-07-19T11:55,2026-07-19T18:18,NEW
Q446,L035,L025,Document,2,2026-07-19T12:30,2026-07-19T18:58,NEW
Q447,L025,L015,IT_Support,2,2026-07-19T13:35,2026-07-19T20:37,NEW
Q448,L025,L043,IT_Support,3,2026-07-19T13:44,2026-07-19T16:01,NEW
Q449,L033,L038,Medical,1,2026-07-19T14:01,2026-07-19T22:17,IN_PROGRESS
Q450,L030,L001,Delivery,2,2026-07-19T14:25,2026-07-19T18:46,DONE
Q451,L031,L017,Medical,4,2026-07-19T15:12,2026-07-19T17:06,DONE
Q452,L044,L035,Medical,2,2026-07-19T16:19,2026-07-20T00:04,DONE
Q453,L035,L003,Delivery,2,2026-07-19T17:00,2026-07-19T22:00,DONE
Q454,L048,L006,Document,1,2026-07-19T17:17,2026-07-20T01:12,DONE
Q455,L011,L045,Medical,1,2026-07-19T17:29,2026-07-20T00:46,NEW
Q456,L023,L024,Medical,2,2026-07-19T17:57,2026-07-19T22:42,NEW
Q457,L012,L006,Delivery,2,2026-07-19T19:05,2026-07-20T03:00,DONE
Q458,L038,L010,Medical,3,2026-07-19T20:35,2026-07-19T22:37,NEW
Q459,L030,L019,Delivery,1,2026-07-19T21:24,2026-07-20T05:56,NEW
Q460,L020,L041,Catering,4,2026-07-19T22:07,2026-07-19T23:19,NEW
Q461,L025,L031,Maintenance,2,2026-07-19T22:49,2026-07-20T05:50,NEW
Q462,L019,L002,Catering,3,2026-07-20T00:06,2026-07-20T03:57,NEW
Q463,L044,L048,Catering,5,2026-07-20T00:47,2026-07-20T01:42,DONE
Q464,L015,L039,IT_Support,2,2026-07-20T01:24,2026-07-20T08:19,NEW
Q465,L047,L043,Delivery,1,2026-07-20T02:49,2026-07-20T11:36,NEW
Q466,L003,L020,IT_Support,1,2026-07-20T03:10,2026-07-20T09:35,NEW
Q467,L019,L021,IT_Support,1,2026-07-20T04:24,2026-07-20T14:10,NEW
Q468,L024,L034,Document,2,2026-07-20T05:30,2026-07-20T12:58,NEW
Q469,L019,L048,IT_Support,4,2026-07-20T05:44,2026-07-20T06:53,NEW
Q470,L015,L044,Delivery,5,2026-07-20T07:00,2026-07-20T07:42,CANCELLED
Q471,L006,L026,Maintenance,3,2026-07-20T07:38,2026-07-20T10:53,NEW
Q472,L025,L041,Security,1,2026-07-20T07:46,2026-07-20T16:26,NEW
Q473,L036,L021,Security,2,2026-07-20T08:50,2026-07-20T16:44,NEW
Q474,L045,L020,Delivery,1,2026-07-20T08:59,2026-07-20T16:18,NEW
Q475,L032,L008,Maintenance,5,2026-07-20T10:02,2026-07-20T10:44,NEW
Q476,L043,L048,Delivery,3,2026-07-20T10:26,2026-07-20T14:20,DONE
Q477,L027,L042,Maintenance,3,2026-07-20T11:06,2026-07-20T13:11,NEW
Q478,L045,L024,Medical,2,2026-07-20T11:57,2026-07-20T16:24,NEW
Q479,L044,L024,Document,5,2026-07-20T12:52,2026-07-20T13:31,NEW
Q480,L013,L008,Security,4,2026-07-20T13:24,2026-07-20T15:05,NEW
Q481,L041,L039,Catering,1,2026-07-20T13:45,2026-07-20T23:08,NEW
Q482,L037,L014,Maintenance,4,2026-07-20T14:17,2026-07-20T16:09,NEW
Q483,L015,L022,IT_Support,4,2026-07-20T14:57,2026-07-20T16:51,DONE
Q484,L010,L009,Document,4,2026-07-20T15:05,2026-07-20T16:13,NEW
Q485,L001,L023,IT_Support,2,2026-07-20T15:32,2026-07-20T20:41,NEW
Q486,L004,L009,IT_Support,3,2026-07-20T16:37,2026-07-20T19:35,DONE
Q487,L024,L033,Delivery,3,2026-07-20T18:00,2026-07-20T20:06,NEW
Q488,L047,L043,Document,3,2026-07-20T18:12,2026-07-20T21:14,CANCELLED
Q489,L026,L028,Delivery,3,2026-07-20T18:26,2026-07-20T22:22,IN_PROGRESS
Q490,L006,L021,Delivery,1,2026-07-20T19:52,2026-07-21T04:23,NEW
Q491,L036,L046,Medical,5,2026-07-20T20:55,2026-07-20T21:42,DONE
Q492,L039,L028,Maintenance,4,2026-07-20T22:23,2026-07-21T00:19,IN_PROGRESS
Q493,L036,L047,IT_Support,2,2026-07-20T23:20,2026-07-21T04:48,IN_PROGRESS
Q494,L030,L026,Medical,1,2026-07-21T00:50,2026-07-21T07:57,NEW
Q495,L024,L010,Delivery,3,2026-07-21T01:05,2026-07-21T03:17,NEW
Q496,L028,L007,IT_Support,2,2026-07-21T01:17,2026-07-21T07:49,NEW
Q497,L036,L022,Delivery,2,2026-07-21T02:16,2026-07-21T10:00,IN_PROGRESS
Q498,L047,L004,Catering,3,2026-07-21T03:34,2026-07-21T06:39,NEW
Q499,L014,L010,Delivery,2,2026-07-21T04:50,2026-07-21T10:26,NEW
Q500,L008,L018,Document,4,2026-07-21T06:14,2026-07-21T07:53,IN_PROGRESS
Q501,L044,L042,Document,3,2026-07-21T06:53,2026-07-21T08:57,DONE
Q502,L012,L018,Delivery,2,2026-07-21T06:58,2026-07-21T11:46,NEW
Q503,L010,L037,Delivery,1,2026-07-21T07:06,2026-07-21T13:31,DONE
Q504,L048,L034,Maintenance,2,2026-07-21T07:58,2026-07-21T13:19,NEW
Q505,L047,L021,IT_Support,3,2026-07-21T08:09,2026-07-21T10:29,NEW
Q506,L011,L040,Maintenance,1,2026-07-21T09:08,2026-07-21T17:14,NEW
Q507,L039,L029,Medical,2,2026-07-21T09:57,2026-07-21T15:49,NEW
Q508,L008,L019,Delivery,3,2026-07-21T10:41,2026-07-21T12:47,DONE
Q509,L015,L026,Catering,1,2026-07-21T11:13,2026-07-21T20:31,NEW
Q510,L009,L017,Medical,1,2026-07-21T12:13,2026-07-21T18:59,NEW
Q511,L009,L025,Document,2,2026-07-21T13:43,2026-07-21T21:11,DONE
Q512,L023,L005,Medical,4,2026-07-21T14:46,2026-07-21T16:44,NEW
Q513,L005,L021,Document,3,2026-07-21T15:44,2026-07-21T18:22,DONE
Q514,L008,L026,Maintenance,2,2026-07-21T17:08,2026-07-21T23:07,IN_PROGRESS
Q515,L045,L024,Maintenance,4,2026-07-21T18:28,2026-07-21T19:53,NEW
Q516,L034,L006,Medical,2,2026-07-21T19:15,2026-07-22T02:36,NEW
Q517,L011,L005,Document,1,2026-07-21T20:04,2026-07-22T03:35,NEW
Q518,L047,L042,IT_Support,2,2026-07-21T20:34,2026-07-22T01:20,NEW
Q519,L039,L010,IT_Support,3,2026-07-21T21:59,2026-07-22T01:03,NEW
Q520,L030,L037,IT_Support,3,2026-07-21T23:16,2026-07-22T02:39,IN_PROGRESS
Q521,L041,L040,Medical,5,2026-07-22T00:17,2026-07-22T00:50,NEW
Q522,L031,L029,Delivery,4,2026-07-22T01:07,2026-07-22T02:39,DONE
Q523,L005,L020,Document,1,2026-07-22T01:48,2026-07-22T08:09,NEW
Q524,L042,L006,Delivery,3,2026-07-22T03:03,2026-07-22T06:45,NEW
Q525,L048,L003,Document,4,2026-07-22T03:49,2026-07-22T05:27,DONE
Q526,L031,L033,Maintenance,1,2026-07-22T04:37,2026-07-22T13:41,NEW
Q527,L006,L033,Delivery,1,2026-07-22T05:38,2026-07-22T13:54,DONE
Q528,L034,L040,Maintenance,2,2026-07-22T06:35,2026-07-22T13:55,NEW
Q529,L022,L044,Delivery,4,2026-07-22T06:48,2026-07-22T08:09,DONE
Q530,L007,L036,Delivery,2,2026-07-22T08:17,2026-07-22T16:11,DONE
Q531,L039,L010,Medical,3,2026-07-22T09:06,2026-07-22T11:46,NEW
Q532,L042,L045,Delivery,1,2026-07-22T09:21,2026-07-22T16:42,DONE
Q533,L036,L025,Delivery,2,2026-07-22T10:33,2026-07-22T14:58,NEW
Q534,L042,L043,Medical,2,2026-07-22T11:01,2026-07-22T15:57,NEW
Q535,L022,L032,Maintenance,5,2026-07-22T11:43,2026-07-22T12:41,NEW
Q536,L007,L033,IT_Support,4,2026-07-22T11:52,2026-07-22T13:34,IN_PROGRESS
Q537,L022,L040,Maintenance,2,2026-07-22T13:16,2026-07-22T20:45,NEW
Q538,L011,L047,Document,2,2026-07-22T13:51,2026-07-22T19:46,DONE
Q539,L040,L019,IT_Support,4,2026-07-22T14:26,2026-07-22T15:45,NEW
Q540,L031,L013,Medical,5,2026-07-22T15:30,2026-07-22T16:25,CANCELLED
Q541,L019,L025,Document,2,2026-07-22T16:00,2026-07-22T23:27,NEW
Q542,L039,L009,IT_Support,1,2026-07-22T16:52,2026-07-23T01:15,NEW
Q543,L007,L046,IT_Support,5,2026-07-22T17:17,2026-07-22T17:56,NEW
Q544,L029,L033,Maintenance,2,2026-07-22T17:50,2026-07-23T01:21,IN_PROGRESS
Q545,L029,L023,Security,2,2026-07-22T18:42,2026-07-22T23:44,NEW
Q546,L025,L006,Medical,1,2026-07-22T20:10,2026-07-23T03:37,IN_PROGRESS
Q547,L010,L009,Maintenance,5,2026-07-22T20:32,2026-07-22T21:27,NEW
Q548,L046,L031,Document,1,2026-07-22T21:09,2026-07-23T04:06,NEW
Q549,L010,L036,Security,3,2026-07-22T21:50,2026-07-23T00:21,NEW
Q550,L020,L008,Maintenance,2,2026-07-22T22:53,2026-07-23T03:11,IN_PROGRESS
Q551,L008,L032,Delivery,1,2026-07-22T23:28,2026-07-23T08:33,DONE
Q552,L010,L019,Medical,3,2026-07-23T00:26,2026-07-23T02:50,NEW
Q553,L043,L006,Document,2,2026-07-23T01:40,2026-07-23T07:51,IN_PROGRESS
Q554,L033,L036,Maintenance,5,2026-07-23T02:34,2026-07-23T03:16,NEW
Q555,L017,L048,Maintenance,4,2026-07-23T04:03,2026-07-23T05:43,NEW
Q556,L007,L038,IT_Support,2,2026-07-23T05:17,2026-07-23T10:45,NEW
Q557,L042,L012,IT_Support,4,2026-07-23T06:23,2026-07-23T08:03,CANCELLED
Q558,L012,L009,Maintenance,4,2026-07-23T07:05,2026-07-23T08:17,NEW
Q559,L003,L013,Security,2,2026-07-23T08:00,2026-07-23T15:30,NEW
Q560,L035,L031,Medical,4,2026-07-23T08:50,2026-07-23T10:45,NEW
Q561,L004,L042,Medical,1,2026-07-23T09:46,2026-07-23T18:58,NEW
Q562,L029,L025,Medical,1,2026-07-23T10:38,2026-07-23T20:04,DONE
Q563,L034,L018,IT_Support,4,2026-07-23T12:00,2026-07-23T13:52,NEW
Q564,L012,L035,Medical,1,2026-07-23T12:42,2026-07-23T20:02,NEW
Q565,L029,L039,Delivery,1,2026-07-23T13:44,2026-07-23T19:56,NEW
Q566,L047,L023,Delivery,2,2026-07-23T13:56,2026-07-23T18:17,DONE
Q567,L043,L041,Medical,3,2026-07-23T14:21,2026-07-23T16:25,DONE
Q568,L010,L039,Delivery,2,2026-07-23T14:56,2026-07-23T22:17,NEW
Q569,L042,L024,Medical,5,2026-07-23T15:20,2026-07-23T16:12,NEW
Q570,L029,L024,Medical,4,2026-07-23T16:32,2026-07-23T17:55,DONE
Q571,L026,L021,Delivery,2,2026-07-23T17:00,2026-07-23T23:09,NEW
Q572,L034,L025,Security,1,2026-07-23T18:02,2026-07-24T00:58,DONE
Q573,L040,L019,Delivery,5,2026-07-23T18:24,2026-07-23T19:22,NEW
Q574,L005,L029,Maintenance,4,2026-07-23T19:09,2026-07-23T20:51,CANCELLED
Q575,L023,L046,Maintenance,3,2026-07-23T19:34,2026-07-23T23:06,IN_PROGRESS
Q576,L046,L045,Delivery,4,2026-07-23T19:54,2026-07-23T21:06,NEW
Q577,L009,L016,IT_Support,1,2026-07-23T20:46,2026-07-24T04:47,DONE
Q578,L036,L009,Delivery,1,2026-07-23T21:52,2026-07-24T06:08,NEW
Q579,L027,L037,Maintenance,5,2026-07-23T22:54,2026-07-23T23:39,DONE
Q580,L044,L034,Medical,5,2026-07-24T00:20,2026-07-24T01:09,IN_PROGRESS
Q581,L012,L009,Medical,5,2026-07-24T00:40,2026-07-24T01:27,NEW
Q582,L010,L020,Maintenance,2,2026-07-24T01:29,2026-07-24T07:43,DONE
Q583,L019,L006,Medical,3,2026-07-24T01:50,2026-07-24T05:11,DONE
Q584,L020,L040,Document,3,2026-07-24T03:09,2026-07-24T05:29,NEW
Q585,L011,L043,Delivery,5,2026-07-24T04:26,2026-07-24T04:58,NEW
Q586,L002,L006,Maintenance,3,2026-07-24T05:54,2026-07-24T08:21,DONE
Q587,L037,L027,Delivery,1,2026-07-24T07:08,2026-07-24T14:24,IN_PROGRESS
Q588,L042,L020,Document,4,2026-07-24T07:51,2026-07-24T09:20,DONE
Q589,L005,L045,Maintenance,2,2026-07-24T08:22,2026-07-24T13:51,NEW
Q590,L039,L010,Medical,4,2026-07-24T09:11,2026-07-24T10:36,DONE
Q591,L009,L024,Document,1,2026-07-24T09:31,2026-07-24T16:41,NEW
Q592,L029,L016,Maintenance,1,2026-07-24T10:54,2026-07-24T18:43,IN_PROGRESS
Q593,L016,L011,IT_Support,5,2026-07-24T11:23,2026-07-24T12:18,DONE
Q594,L011,L032,Catering,3,2026-07-24T12:31,2026-07-24T14:34,IN_PROGRESS
Q595,L006,L026,Document,5,2026-07-24T13:21,2026-07-24T13:53,NEW
Q596,L004,L019,Document,5,2026-07-24T14:26,2026-07-24T15:06,DONE
Q597,L035,L001,IT_Support,2,2026-07-24T15:17,2026-07-24T22:34,IN_PROGRESS
Q598,L026,L024,Maintenance,1,2026-07-24T16:08,2026-07-25T00:31,DONE
Q599,L019,L005,Medical,3,2026-07-24T17:32,2026-07-24T21:00,DONE
Q600,L040,L008,Maintenance,1,2026-07-24T18:20,2026-07-25T02:44,NEW
Q601,L024,L010,Maintenance,3,2026-07-24T18:30,2026-07-24T20:35,NEW
Q602,L009,L046,Medical,3,2026-07-24T19:52,2026-07-24T23:47,NEW
Q603,L033,L009,Medical,3,2026-07-24T21:15,2026-07-25T00:50,NEW
Q604,L020,L038,Medical,4,2026-07-24T22:32,2026-07-24T23:51,DONE
Q605,L031,L002,Medical,4,2026-07-24T23:51,2026-07-25T01:10,CANCELLED
Q606,L047,L045,Delivery,3,2026-07-25T01:19,2026-07-25T05:00,NEW
Q607,L038,L037,Medical,1,2026-07-25T02:31,2026-07-25T11:14,NEW
Q608,L047,L040,IT_Support,2,2026-07-25T03:07,2026-07-25T07:17,IN_PROGRESS
Q609,L037,L045,Maintenance,1,2026-07-25T03:31,2026-07-25T11:18,NEW
Q610,L045,L014,Medical,4,2026-07-25T03:43,2026-07-25T05:28,IN_PROGRESS
Q611,L009,L034,Maintenance,2,2026-07-25T04:55,2026-07-25T10:33,DONE
Q612,L021,L012,Document,3,2026-07-25T06:22,2026-07-25T10:05,DONE
Q613,L045,L017,Delivery,2,2026-07-25T07:38,2026-07-25T12:56,NEW
Q614,L015,L020,IT_Support,4,2026-07-25T08:45,2026-07-25T10:05,DONE
Q615,L031,L023,Document,5,2026-07-25T09:26,2026-07-25T10:00,DONE
Q616,L037,L044,Document,5,2026-07-25T10:15,2026-07-25T11:10,NEW
Q617,L010,L019,Maintenance,5,2026-07-25T11:16,2026-07-25T12:07,NEW
Q618,L017,L048,Document,2,2026-07-25T12:32,2026-07-25T19:32,DONE
Q619,L018,L009,Maintenance,4,2026-07-25T12:43,2026-07-25T14:25,NEW
Q620,L034,L015,Delivery,1,2026-07-25T13:48,2026-07-25T20:15,NEW
Q621,L044,L009,Maintenance,3,2026-07-25T14:45,2026-07-25T18:09,IN_PROGRESS
Q622,L031,L042,Maintenance,5,2026-07-25T16:12,2026-07-25T16:44,NEW
Q623,L006,L042,Document,3,2026-07-25T16:21,2026-07-25T20:18,DONE
Q624,L012,L027,Security,1,2026-07-25T17:16,2026-07-26T02:39,IN_PROGRESS
Q625,L032,L012,Security,5,2026-07-25T17:25,2026-07-25T17:56,IN_PROGRESS
Q626,L020,L037,Delivery,5,2026-07-25T18:28,2026-07-25T19:19,NEW
Q627,L035,L034,Document,5,2026-07-25T19:32,2026-07-25T20:11,IN_PROGRESS
Q628,L013,L008,Medical,4,2026-07-25T20:00,2026-07-25T21:00,DONE
Q629,L048,L022,IT_Support,3,2026-07-25T20:27,2026-07-25T23:46,DONE
Q630,L041,L026,IT_Support,3,2026-07-25T21:57,2026-07-26T00:10,NEW
Q631,L012,L009,Document,5,2026-07-25T22:51,2026-07-25T23:29,NEW
Q632,L029,L018,Catering,2,2026-07-25T22:57,2026-07-26T04:05,DONE
Q633,L042,L024,Delivery,1,2026-07-25T23:41,2026-07-26T06:23,NEW
Q634,L026,L044,Document,5,2026-07-26T00:25,2026-07-26T01:18,DONE
Q635,L008,L041,Security,2,2026-07-26T00:58,2026-07-26T05:34,DONE
Q636,L031,L010,Document,5,2026-07-26T02:13,2026-07-26T03:13,NEW
Q637,L031,L035,IT_Support,4,2026-07-26T03:34,2026-07-26T05:29,DONE
Q638,L006,L034,Document,4,2026-07-26T04:51,2026-07-26T05:58,NEW
Q639,L004,L036,Security,2,2026-07-26T05:17,2026-07-26T10:42,DONE
Q640,L034,L029,Maintenance,2,2026-07-26T05:33,2026-07-26T13:25,DONE
Q641,L033,L029,IT_Support,3,2026-07-26T06:36,2026-07-26T09:49,NEW
Q642,L004,L036,Document,4,2026-07-26T07:31,2026-07-26T08:47,DONE
Q643,L001,L048,Medical,1,2026-07-26T07:44,2026-07-26T16:04,NEW
Q644,L004,L005,Catering,3,2026-07-26T08:12,2026-07-26T11:51,NEW
Q645,L009,L042,Catering,3,2026-07-26T09:05,2026-07-26T12:03,NEW
Q646,L025,L006,Delivery,4,2026-07-26T10:33,2026-07-26T12:28,DONE
Q647,L023,L008,Maintenance,3,2026-07-26T11:06,2026-07-26T14:53,DONE
Q648,L001,L002,Catering,3,2026-07-26T12:05,2026-07-26T15:14,DONE
Q649,L025,L015,Medical,2,2026-07-26T12:24,2026-07-26T16:34,NEW
Q650,L043,L027,Delivery,5,2026-07-26T12:59,2026-07-26T13:36,IN_PROGRESS
Q651,L005,L007,Delivery,2,2026-07-26T13:10,2026-07-26T18:14,DONE
Q652,L048,L003,Medical,2,2026-07-26T13:22,2026-07-26T17:59,NEW
Q653,L033,L019,Medical,5,2026-07-26T14:40,2026-07-26T15:30,DONE
Q654,L044,L021,Medical,5,2026-07-26T15:51,2026-07-26T16:29,CANCELLED
Q655,L027,L020,Medical,3,2026-07-26T16:18,2026-07-26T19:39,DONE
Q656,L044,L028,Document,1,2026-07-26T17:45,2026-07-27T02:38,NEW
Q657,L025,L034,Medical,2,2026-07-26T18:38,2026-07-26T23:27,NEW
Q658,L035,L031,Medical,2,2026-07-26T19:01,2026-07-27T02:29,IN_PROGRESS
Q659,L030,L004,Document,5,2026-07-26T19:23,2026-07-26T20:06,DONE
Q660,L016,L017,Maintenance,3,2026-07-26T20:15,2026-07-26T22:27,IN_PROGRESS
Q661,L035,L047,IT_Support,1,2026-07-26T21:37,2026-07-27T06:13,NEW
Q662,L003,L005,Maintenance,4,2026-07-26T22:53,2026-07-27T00:06,DONE
Q663,L031,L014,IT_Support,2,2026-07-26T22:59,2026-07-27T03:55,CANCELLED
Q664,L013,L048,Maintenance,5,2026-07-26T23:35,2026-07-27T00:28,NEW
Q665,L039,L046,Maintenance,5,2026-07-27T00:16,2026-07-27T00:59,DONE
Q666,L030,L035,Delivery,2,2026-07-27T01:24,2026-07-27T07:25,NEW
Q667,L007,L047,Document,4,2026-07-27T02:16,2026-07-27T03:36,IN_PROGRESS
Q668,L027,L003,Document,2,2026-07-27T02:54,2026-07-27T09:17,NEW
Q669,L038,L047,Medical,1,2026-07-27T03:47,2026-07-27T12:14,NEW
Q670,L016,L032,Document,5,2026-07-27T04:54,2026-07-27T05:48,NEW
Q671,L042,L048,Document,1,2026-07-27T05:20,2026-07-27T11:57,IN_PROGRESS
Q672,L047,L035,Document,5,2026-07-27T06:47,2026-07-27T07:19,DONE
Q673,L034,L003,IT_Support,1,2026-07-27T06:58,2026-07-27T16:15,IN_PROGRESS
Q674,L001,L027,Maintenance,3,2026-07-27T07:22,2026-07-27T09:24,NEW
Q675,L014,L033,Document,1,2026-07-27T08:45,2026-07-27T16:50,DONE
Q676,L043,L032,Maintenance,3,2026-07-27T08:52,2026-07-27T12:00,NEW
Q677,L047,L018,Document,2,2026-07-27T09:52,2026-07-27T17:20,NEW
Q678,L012,L007,Security,3,2026-07-27T11:16,2026-07-27T14:24,NEW
Q679,L017,L023,Medical,2,2026-07-27T12:12,2026-07-27T18:11,NEW
Q680,L037,L016,Catering,2,2026-07-27T12:27,2026-07-27T19:16,DONE
Q681,L042,L003,Maintenance,2,2026-07-27T12:39,2026-07-27T19:24,DONE
Q682,L001,L045,Maintenance,3,2026-07-27T13:26,2026-07-27T16:39,NEW
Q683,L007,L034,Security,2,2026-07-27T14:43,2026-07-27T20:46,IN_PROGRESS
Q684,L018,L003,Security,4,2026-07-27T15:57,2026-07-27T17:33,NEW
Q685,L043,L003,Maintenance,5,2026-07-27T16:28,2026-07-27T17:17,NEW
Q686,L010,L046,IT_Support,5,2026-07-27T17:45,2026-07-27T18:23,NEW
Q687,L037,L025,Delivery,3,2026-07-27T18:07,2026-07-27T21:49,NEW
Q688,L045,L047,Maintenance,4,2026-07-27T18:24,2026-07-27T19:51,NEW
Q689,L015,L005,Medical,4,2026-07-27T19:19,2026-07-27T21:08,IN_PROGRESS
Q690,L021,L002,Delivery,4,2026-07-27T19:53,2026-07-27T21:15,NEW
Q691,L036,L025,Medical,4,2026-07-27T20:08,2026-07-27T21:57,DONE
Q692,L040,L019,IT_Support,4,2026-07-27T20:32,2026-07-27T21:56,NEW
Q693,L046,L041,Maintenance,2,2026-07-27T20:48,2026-07-28T00:51,NEW
Q694,L020,L029,Medical,2,2026-07-27T21:16,2026-07-28T03:08,NEW
Q695,L029,L036,Document,2,2026-07-27T22:06,2026-07-28T04:29,NEW
Q696,L006,L039,Delivery,2,2026-07-27T22:48,2026-07-28T04:35,NEW
Q697,L025,L006,Delivery,3,2026-07-27T23:24,2026-07-28T02:38,CANCELLED
Q698,L034,L011,Delivery,1,2026-07-28T00:03,2026-07-28T08:11,NEW
Q699,L010,L005,Maintenance,2,2026-07-28T00:17,2026-07-28T05:51,NEW
Q700,L017,L016,Delivery,3,2026-07-28T01:20,2026-07-28T03:34,DONE
Q701,L009,L020,Maintenance,2,2026-07-28T02:13,2026-07-28T09:40,IN_PROGRESS
Q702,L022,L029,Medical,4,2026-07-28T03:34,2026-07-28T04:42,IN_PROGRESS
Q703,L020,L021,Delivery,4,2026-07-28T04:01,2026-07-28T05:26,NEW
Q704,L021,L019,IT_Support,3,2026-07-28T04:37,2026-07-28T07:19,CANCELLED
Q705,L025,L018,IT_Support,2,2026-07-28T05:54,2026-07-28T10:47,NEW
Q706,L038,L035,Maintenance,4,2026-07-28T06:58,2026-07-28T08:58,NEW
Q707,L046,L014,Document,2,2026-07-28T07:55,2026-07-28T14:49,DONE
Q708,L032,L009,Delivery,2,2026-07-28T08:54,2026-07-28T16:18,DONE
Q709,L025,L005,Document,3,2026-07-28T10:07,2026-07-28T13:12,DONE
Q710,L045,L027,Document,4,2026-07-28T11:20,2026-07-28T12:58,NEW
Q711,L041,L006,Maintenance,2,2026-07-28T11:46,2026-07-28T18:33,DONE
Q712,L040,L003,Document,3,2026-07-28T12:33,2026-07-28T16:15,DONE
Q713,L028,L007,Maintenance,2,2026-07-28T13:44,2026-07-28T20:08,NEW
Q714,L038,L045,Document,2,2026-07-28T15:04,2026-07-28T22:02,NEW
Q715,L033,L010,Medical,1,2026-07-28T16:02,2026-07-28T22:25,NEW
Q716,L008,L047,Maintenance,2,2026-07-28T16:33,2026-07-28T22:48,NEW
Q717,L031,L023,Document,2,2026-07-28T17:18,2026-07-28T21:37,DONE
Q718,L020,L003,IT_Support,1,2026-07-28T18:45,2026-07-29T01:14,IN_PROGRESS
Q719,L044,L011,Security,4,2026-07-28T20:00,2026-07-28T21:10,DONE
Q720,L022,L036,Medical,3,2026-07-28T21:25,2026-07-28T23:49,IN_PROGRESS
Q721,L012,L041,Delivery,2,2026-07-28T21:55,2026-07-29T03:52,DONE
Q722,L038,L028,Medical,4,2026-07-28T22:08,2026-07-28T23:44,NEW
Q723,L007,L035,Maintenance,2,2026-07-28T22:46,2026-07-29T05:39,NEW
Q724,L032,L034,Catering,2,2026-07-28T23:41,2026-07-29T06:13,NEW
Q725,L008,L023,Medical,3,2026-07-29T00:24,2026-07-29T04:22,NEW
Q726,L040,L038,Maintenance,1,2026-07-29T01:08,2026-07-29T07:39,NEW
Q727,L012,L024,Delivery,3,2026-07-29T01:30,2026-07-29T04:44,NEW
Q728,L025,L028,Maintenance,3,2026-07-29T02:57,2026-07-29T06:57,DONE
Q729,L012,L036,Maintenance,2,2026-07-29T03:59,2026-07-29T10:39,NEW
Q730,L004,L023,Catering,3,2026-07-29T04:53,2026-07-29T08:05,NEW
Q731,L033,L042,Document,4,2026-07-29T05:54,2026-07-29T07:25,NEW
Q732,L011,L006,Document,4,2026-07-29T06:03,2026-07-29T07:20,NEW
Q733,L015,L035,Medical,4,2026-07-29T07:11,2026-07-29T08:46,DONE
Q734,L033,L008,Document,2,2026-07-29T08:02,2026-07-29T14:22,DONE
Q735,L003,L047,Document,2,2026-07-29T09:30,2026-07-29T16:44,NEW
Q736,L016,L020,Security,1,2026-07-29T09:46,2026-07-29T17:40,NEW
Q737,L008,L016,Maintenance,4,2026-07-29T11:09,2026-07-29T12:49,DONE
Q738,L028,L011,Delivery,4,2026-07-29T11:21,2026-07-29T12:57,IN_PROGRESS
Q739,L023,L035,Medical,3,2026-07-29T12:03,2026-07-29T14:41,NEW
Q740,L037,L018,Catering,3,2026-07-29T12:20,2026-07-29T14:38,IN_PROGRESS
Q741,L027,L004,Catering,5,2026-07-29T12:41,2026-07-29T13:19,NEW
Q742,L010,L046,Medical,2,2026-07-29T13:36,2026-07-29T19:43,IN_PROGRESS
Q743,L010,L037,Delivery,3,2026-07-29T13:50,2026-07-29T17:12,NEW
Q744,L006,L026,Document,2,2026-07-29T14:42,2026-07-29T20:40,IN_PROGRESS
Q745,L032,L021,Document,5,2026-07-29T14:58,2026-07-29T15:52,IN_PROGRESS
Q746,L030,L041,Delivery,2,2026-07-29T16:11,2026-07-29T21:54,NEW
Q747,L014,L028,IT_Support,3,2026-07-29T16:52,2026-07-29T19:36,NEW
Q748,L036,L037,Maintenance,5,2026-07-29T17:03,2026-07-29T17:35,IN_PROGRESS
Q749,L007,L041,IT_Support,3,2026-07-29T17:28,2026-07-29T20:25,NEW
Q750,L030,L001,Catering,2,2026-07-29T17:49,2026-07-30T01:36,CANCELLED
Q751,L042,L020,Maintenance,5,2026-07-29T19:17,2026-07-29T19:59,NEW
Q752,L017,L006,Medical,5,2026-07-29T20:12,2026-07-29T21:03,NEW
Q753,L020,L047,Delivery,2,2026-07-29T20:29,2026-07-30T00:31,DONE
Q754,L014,L031,Maintenance,3,2026-07-29T21:30,2026-07-29T23:32,DONE
Q755,L001,L045,Medical,1,2026-07-29T21:51,2026-07-30T05:55,IN_PROGRESS
Q756,L005,L015,Medical,4,2026-07-29T22:36,2026-07-29T23:59,NEW
Q757,L020,L009,Medical,4,2026-07-30T00:03,2026-07-30T01:46,IN_PROGRESS
Q758,L010,L005,Document,1,2026-07-30T01:04,2026-07-30T08:35,DONE
Q759,L047,L014,Delivery,1,2026-07-30T02:05,2026-07-30T11:47,NEW
Q760,L014,L006,Security,1,2026-07-30T02:59,2026-07-30T10:30,NEW
Q761,L028,L021,IT_Support,2,2026-07-30T03:35,2026-07-30T09:58,DONE
Q762,L039,L047,Delivery,4,2026-07-30T05:04,2026-07-30T07:00,DONE
Q763,L020,L014,Document,3,2026-07-30T05:46,2026-07-30T09:09,DONE
Q764,L004,L016,Document,1,2026-07-30T07:07,2026-07-30T13:27,NEW
Q765,L034,L001,Catering,5,2026-07-30T08:24,2026-07-30T09:08,NEW
Q766,L024,L035,Delivery,4,2026-07-30T08:38,2026-07-30T09:39,IN_PROGRESS
Q767,L038,L005,Maintenance,2,2026-07-30T09:33,2026-07-30T15:44,IN_PROGRESS
Q768,L019,L041,Delivery,4,2026-07-30T10:29,2026-07-30T11:34,NEW
Q769,L041,L035,Document,1,2026-07-30T10:44,2026-07-30T18:56,NEW
Q770,L014,L010,Document,2,2026-07-30T12:12,2026-07-30T19:08,DONE
Q771,L042,L005,Medical,2,2026-07-30T12:47,2026-07-30T17:03,IN_PROGRESS
Q772,L016,L006,Security,1,2026-07-30T12:59,2026-07-30T20:20,DONE
Q773,L043,L048,Delivery,1,2026-07-30T13:21,2026-07-30T22:22,NEW
Q774,L001,L011,Document,2,2026-07-30T13:59,2026-07-30T18:43,DONE
Q775,L024,L009,IT_Support,5,2026-07-30T14:19,2026-07-30T15:14,DONE
Q776,L002,L022,IT_Support,2,2026-07-30T15:37,2026-07-30T22:19,NEW
Q777,L005,L032,Document,2,2026-07-30T16:54,2026-07-30T21:38,NEW
Q778,L024,L011,Medical,1,2026-07-30T17:13,2026-07-31T00:13,DONE
Q779,L048,L033,Maintenance,5,2026-07-30T17:23,2026-07-30T18:09,NEW
Q780,L024,L025,Security,1,2026-07-30T17:32,2026-07-31T01:55,CANCELLED
Q781,L046,L048,Delivery,2,2026-07-30T18:17,2026-07-30T23:28,NEW
Q782,L005,L037,Medical,3,2026-07-30T18:44,2026-07-30T21:13,IN_PROGRESS
Q783,L034,L003,Catering,1,2026-07-30T19:25,2026-07-31T04:45,NEW
Q784,L020,L021,Maintenance,3,2026-07-30T20:07,2026-07-30T23:20,NEW
Q785,L020,L048,Delivery,3,2026-07-30T21:15,2026-07-31T00:54,DONE
Q786,L013,L047,Security,4,2026-07-30T21:20,2026-07-30T23:19,NEW
Q787,L027,L002,Medical,2,2026-07-30T21:26,2026-07-31T02:53,IN_PROGRESS
Q788,L001,L043,Medical,4,2026-07-30T21:57,2026-07-30T23:30,NEW
Q789,L016,L027,Document,1,2026-07-30T22:37,2026-07-31T05:02,CANCELLED
Q790,L003,L015,Security,3,2026-07-30T23:29,2026-07-31T02:28,DONE
Q791,L048,L006,Document,3,2026-07-31T00:24,2026-07-31T02:34,DONE
Q792,L038,L037,Maintenance,4,2026-07-31T01:06,2026-07-31T02:22,NEW
Q793,L021,L026,Delivery,4,2026-07-31T01:45,2026-07-31T02:59,NEW
Q794,L005,L013,Maintenance,4,2026-07-31T02:03,2026-07-31T03:13,NEW
Q795,L029,L030,Medical,1,2026-07-31T02:34,2026-07-31T10:31,NEW
Q796,L020,L030,Medical,1,2026-07-31T03:17,2026-07-31T12:50,NEW
Q797,L046,L045,Delivery,2,2026-07-31T03:40,2026-07-31T08:05,IN_PROGRESS
Q798,L046,L016,Catering,2,2026-07-31T04:23,2026-07-31T09:31,NEW
Q799,L012,L002,Catering,5,2026-07-31T05:38,2026-07-31T06:16,DONE
Q800,L007,L030,Maintenance,4,2026-07-31T05:50,2026-07-31T07:43,NEW
Q801,L015,L009,Maintenance,2,2026-07-31T07:17,2026-07-31T11:40,DONE
Q802,L038,L017,Security,1,2026-07-31T07:47,2026-07-31T17:40,CANCELLED
Q803,L042,L029,IT_Support,1,2026-07-31T08:34,2026-07-31T15:07,IN_PROGRESS
Q804,L003,L030,Maintenance,5,2026-07-31T09:29,2026-07-31T10:15,NEW
Q805,L002,L025,Delivery,1,2026-07-31T09:57,2026-07-31T17:09,NEW
Q806,L018,L029,Security,1,2026-07-31T10:33,2026-07-31T19:20,DONE
Q807,L019,L032,Medical,3,2026-07-31T11:13,2026-07-31T14:03,NEW
Q808,L009,L027,Maintenance,5,2026-07-31T12:38,2026-07-31T13:34,DONE
Q809,L035,L002,Catering,4,2026-07-31T13:52,2026-07-31T15:42,NEW
Q810,L032,L023,Security,3,2026-07-31T14:20,2026-07-31T16:24,NEW
Q811,L021,L039,Medical,5,2026-07-31T14:32,2026-07-31T15:28,DONE
Q812,L031,L034,Medical,3,2026-07-31T14:57,2026-07-31T17:10,NEW
Q813,L016,L043,Medical,3,2026-07-31T15:09,2026-07-31T18:47,IN_PROGRESS
Q814,L015,L037,IT_Support,4,2026-07-31T15:36,2026-07-31T16:47,NEW
Q815,L016,L038,Medical,4,2026-07-31T16:56,2026-07-31T17:57,NEW
Q816,L046,L045,Medical,3,2026-07-31T17:25,2026-07-31T21:13,NEW
Q817,L032,L035,Medical,3,2026-07-31T17:59,2026-07-31T21:17,NEW
Q818,L015,L002,Document,1,2026-07-31T18:29,2026-08-01T03:57,IN_PROGRESS
Q819,L009,L022,Delivery,5,2026-07-31T19:15,2026-07-31T19:47,IN_PROGRESS
Q820,L002,L010,Document,5,2026-07-31T20:27,2026-07-31T21:25,DONE
Q821,L024,L005,Medical,5,2026-07-31T20:44,2026-07-31T21:25,NEW
Q822,L020,L021,Maintenance,1,2026-07-31T22:10,2026-08-01T06:16,IN_PROGRESS
Q823,L042,L021,Maintenance,5,2026-07-31T23:33,2026-08-01T00:29,DONE
Q824,L023,L015,Delivery,4,2026-08-01T00:15,2026-08-01T01:23,NEW
Q825,L012,L047,Maintenance,4,2026-08-01T01:32,2026-08-01T02:34,DONE
Q826,L012,L039,Medical,4,2026-08-01T02:58,2026-08-01T04:34,DONE
Q827,L007,L032,Maintenance,4,2026-08-01T03:43,2026-08-01T04:53,NEW
Q828,L041,L006,IT_Support,4,2026-08-01T04:30,2026-08-01T05:58,DONE
Q829,L001,L017,Maintenance,4,2026-08-01T04:48,2026-08-01T06:34,NEW
Q830,L001,L004,Medical,4,2026-08-01T05:45,2026-08-01T07:16,CANCELLED
Q831,L025,L023,Document,1,2026-08-01T07:03,2026-08-01T15:51,NEW
Q832,L044,L015,Maintenance,1,2026-08-01T07:45,2026-08-01T13:52,IN_PROGRESS
Q833,L021,L017,Catering,1,2026-08-01T08:38,2026-08-01T15:21,NEW
Q834,L047,L005,Document,5,2026-08-01T09:59,2026-08-01T10:49,NEW
Q835,L031,L046,Maintenance,5,2026-08-01T10:59,2026-08-01T11:35,NEW
Q836,L004,L007,Medical,5,2026-08-01T12:14,2026-08-01T13:08,NEW
Q837,L047,L035,Medical,2,2026-08-01T12:25,2026-08-01T18:07,NEW
Q838,L037,L036,IT_Support,1,2026-08-01T13:24,2026-08-01T19:48,NEW
Q839,L019,L043,Delivery,3,2026-08-01T13:55,2026-08-01T16:17,NEW
Q840,L041,L019,Catering,3,2026-08-01T14:50,2026-08-01T17:51,NEW
Q841,L032,L043,Medical,3,2026-08-01T15:42,2026-08-01T19:36,NEW
Q842,L025,L024,Maintenance,1,2026-08-01T16:20,2026-08-01T23:19,NEW
Q843,L018,L037,Maintenance,4,2026-08-01T16:35,2026-08-01T18:17,DONE
Q844,L023,L035,Medical,4,2026-08-01T16:47,2026-08-01T18:40,NEW
Q845,L025,L034,Medical,3,2026-08-01T17:52,2026-08-01T21:06,IN_PROGRESS
Q846,L016,L031,Medical,2,2026-08-01T18:01,2026-08-02T00:11,IN_PROGRESS
Q847,L037,L034,IT_Support,4,2026-08-01T18:21,2026-08-01T20:21,DONE
Q848,L029,L012,Security,1,2026-08-01T18:50,2026-08-02T01:24,NEW
Q849,L003,L028,Maintenance,4,2026-08-01T20:15,2026-08-01T21:24,NEW
Q850,L039,L017,Medical,4,2026-08-01T20:31,2026-08-01T21:55,IN_PROGRESS
Q851,L036,L026,Document,5,2026-08-01T20:37,2026-08-01T21:33,DONE
Q852,L045,L040,Document,4,2026-08-01T21:01,2026-08-01T22:10,NEW
Q853,L037,L038,Document,5,2026-08-01T21:19,2026-08-01T22:08,NEW
Q854,L007,L019,IT_Support,5,2026-08-01T21:57,2026-08-01T22:40,IN_PROGRESS
Q855,L042,L032,Document,3,2026-08-01T22:53,2026-08-02T01:12,NEW
Q856,L040,L039,Delivery,2,2026-08-01T23:40,2026-08-02T06:38,NEW
Q857,L016,L004,IT_Support,5,2026-08-01T23:47,2026-08-02T00:28,IN_PROGRESS
Q858,L020,L018,IT_Support,5,2026-08-02T00:21,2026-08-02T00:56,DONE
Q859,L020,L048,Document,4,2026-08-02T01:19,2026-08-02T02:57,NEW
Q860,L042,L006,Maintenance,2,2026-08-02T02:26,2026-08-02T09:42,IN_PROGRESS
Q861,L034,L024,IT_Support,3,2026-08-02T03:10,2026-08-02T06:41,NEW
Q862,L033,L026,Maintenance,5,2026-08-02T03:18,2026-08-02T03:54,IN_PROGRESS
Q863,L013,L004,Medical,3,2026-08-02T03:48,2026-08-02T06:24,IN_PROGRESS
Q864,L024,L030,Document,3,2026-08-02T03:56,2026-08-02T06:27,NEW
Q865,L024,L032,Delivery,1,2026-08-02T05:16,2026-08-02T13:39,IN_PROGRESS
Q866,L023,L011,IT_Support,2,2026-08-02T05:32,2026-08-02T10:46,IN_PROGRESS
Q867,L002,L025,Maintenance,5,2026-08-02T06:04,2026-08-02T07:02,DONE
Q868,L015,L042,Medical,2,2026-08-02T07:14,2026-08-02T11:21,DONE
Q869,L044,L001,Document,1,2026-08-02T07:20,2026-08-02T14:19,NEW
Q870,L017,L039,IT_Support,2,2026-08-02T08:47,2026-08-02T13:59,CANCELLED
Q871,L028,L025,IT_Support,3,2026-08-02T09:30,2026-08-02T12:57,NEW
Q872,L034,L040,Medical,1,2026-08-02T10:59,2026-08-02T20:36,NEW
Q873,L024,L036,Delivery,3,2026-08-02T11:17,2026-08-02T14:19,NEW
Q874,L005,L022,Catering,3,2026-08-02T11:55,2026-08-02T15:19,IN_PROGRESS
Q875,L046,L042,Medical,1,2026-08-02T12:07,2026-08-02T21:35,DONE
Q876,L039,L026,Delivery,4,2026-08-02T13:35,2026-08-02T15:06,DONE
Q877,L019,L017,Security,2,2026-08-02T14:54,2026-08-02T21:57,DONE
Q878,L037,L013,Medical,4,2026-08-02T16:20,2026-08-02T18:10,DONE
Q879,L031,L043,Medical,2,2026-08-02T17:49,2026-08-03T01:35,NEW
Q880,L036,L012,Medical,3,2026-08-02T19:05,2026-08-02T22:43,DONE
Q881,L012,L044,Security,3,2026-08-02T19:38,2026-08-02T23:14,NEW
Q882,L020,L027,IT_Support,2,2026-08-02T20:20,2026-08-03T02:20,NEW
Q883,L008,L031,Maintenance,3,2026-08-02T21:44,2026-08-02T23:54,DONE
Q884,L031,L013,Document,5,2026-08-02T22:27,2026-08-02T23:11,NEW
Q885,L004,L010,Maintenance,2,2026-08-02T23:44,2026-08-03T07:34,NEW
Q886,L030,L010,Medical,4,2026-08-03T00:51,2026-08-03T02:12,DONE
Q887,L041,L012,Medical,1,2026-08-03T01:22,2026-08-03T10:38,NEW
Q888,L011,L037,IT_Support,3,2026-08-03T01:38,2026-08-03T03:55,DONE
Q889,L040,L028,Delivery,2,2026-08-03T02:32,2026-08-03T06:35,CANCELLED
Q890,L003,L035,Maintenance,2,2026-08-03T03:18,2026-08-03T10:33,NEW
Q891,L034,L013,Maintenance,1,2026-08-03T03:51,2026-08-03T12:50,DONE
Q892,L023,L020,Maintenance,2,2026-08-03T04:17,2026-08-03T08:35,DONE
Q893,L003,L020,Security,3,2026-08-03T05:29,2026-08-03T08:13,DONE
Q894,L028,L044,Catering,2,2026-08-03T06:19,2026-08-03T13:33,IN_PROGRESS
Q895,L013,L011,Security,5,2026-08-03T06:53,2026-08-03T07:31,NEW
Q896,L047,L009,Maintenance,1,2026-08-03T07:13,2026-08-03T14:48,NEW
Q897,L046,L042,IT_Support,2,2026-08-03T08:26,2026-08-03T15:07,DONE
Q898,L004,L039,Catering,4,2026-08-03T08:33,2026-08-03T09:36,DONE
Q899,L045,L008,Medical,2,2026-08-03T09:38,2026-08-03T16:39,DONE
Q900,L010,L014,Delivery,3,2026-08-03T11:07,2026-08-03T13:20,NEW
Q901,L043,L034,Medical,3,2026-08-03T11:25,2026-08-03T14:31,NEW
Q902,L047,L040,Maintenance,1,2026-08-03T11:55,2026-08-03T20:32,NEW
Q903,L013,L017,IT_Support,5,2026-08-03T12:52,2026-08-03T13:32,NEW
Q904,L011,L003,Document,5,2026-08-03T13:58,2026-08-03T14:39,DONE
Q905,L016,L001,Maintenance,1,2026-08-03T15:16,2026-08-04T00:09,NEW
Q906,L032,L010,Security,4,2026-08-03T15:33,2026-08-03T17:30,NEW
Q907,L017,L042,Medical,5,2026-08-03T16:37,2026-08-03T17:09,NEW
Q908,L007,L012,Security,5,2026-08-03T17:22,2026-08-03T18:06,NEW
Q909,L048,L008,Maintenance,4,2026-08-03T17:44,2026-08-03T19:26,NEW
Q910,L042,L011,Medical,5,2026-08-03T18:23,2026-08-03T19:22,IN_PROGRESS
Q911,L047,L006,Medical,2,2026-08-03T19:19,2026-08-04T01:17,NEW
Q912,L018,L025,Delivery,3,2026-08-03T19:45,2026-08-03T22:00,NEW
Q913,L009,L045,Delivery,5,2026-08-03T20:03,2026-08-03T20:47,IN_PROGRESS
Q914,L038,L031,IT_Support,4,2026-08-03T20:56,2026-08-03T22:45,NEW
Q915,L023,L040,Maintenance,4,2026-08-03T21:17,2026-08-03T22:47,IN_PROGRESS
Q916,L032,L008,Security,2,2026-08-03T22:45,2026-08-04T04:07,NEW
Q917,L001,L046,IT_Support,3,2026-08-04T00:02,2026-08-04T02:31,DONE
Q918,L043,L022,Document,4,2026-08-04T01:02,2026-08-04T02:44,DONE
Q919,L047,L016,Document,4,2026-08-04T01:26,2026-08-04T03:19,DONE
Q920,L036,L040,Maintenance,3,2026-08-04T02:31,2026-08-04T06:21,NEW
Q921,L032,L011,Maintenance,3,2026-08-04T03:11,2026-08-04T05:18,NEW
Q922,L033,L015,Document,2,2026-08-04T03:26,2026-08-04T09:25,IN_PROGRESS
Q923,L029,L037,Document,5,2026-08-04T03:46,2026-08-04T04:32,NEW
Q924,L048,L042,Maintenance,2,2026-08-04T05:01,2026-08-04T09:03,NEW
Q925,L006,L039,Catering,3,2026-08-04T06:17,2026-08-04T08:44,IN_PROGRESS
Q926,L042,L043,Document,2,2026-08-04T06:50,2026-08-04T14:28,IN_PROGRESS
Q927,L030,L022,Document,3,2026-08-04T08:19,2026-08-04T11:06,NEW
Q928,L046,L029,Maintenance,4,2026-08-04T09:07,2026-08-04T10:29,NEW
Q929,L041,L019,Document,2,2026-08-04T09:33,2026-08-04T15:41,NEW
Q930,L009,L046,IT_Support,2,2026-08-04T10:03,2026-08-04T14:53,NEW
Q931,L008,L026,Maintenance,4,2026-08-04T10:51,2026-08-04T11:57,NEW
Q932,L027,L003,Security,4,2026-08-04T11:53,2026-08-04T13:22,DONE
Q933,L043,L038,Catering,1,2026-08-04T13:05,2026-08-04T22:15,NEW
Q934,L004,L036,Security,4,2026-08-04T14:15,2026-08-04T16:04,NEW
Q935,L012,L045,Document,4,2026-08-04T15:09,2026-08-04T16:51,NEW
Q936,L039,L021,Document,2,2026-08-04T15:45,2026-08-04T20:57,CANCELLED
Q937,L026,L022,Catering,3,2026-08-04T16:42,2026-08-04T20:00,NEW
Q938,L045,L048,Document,4,2026-08-04T17:27,2026-08-04T19:12,DONE
Q939,L048,L036,Delivery,2,2026-08-04T18:09,2026-08-05T01:06,DONE
Q940,L023,L044,Maintenance,4,2026-08-04T18:36,2026-08-04T20:08,CANCELLED
Q941,L035,L045,Delivery,4,2026-08-04T19:52,2026-08-04T21:22,DONE
Q942,L038,L037,Security,4,2026-08-04T21:05,2026-08-04T22:23,DONE
Q943,L028,L001,Document,1,2026-08-04T22:35,2026-08-05T04:51,NEW
Q944,L013,L018,IT_Support,1,2026-08-04T23:12,2026-08-05T05:51,NEW
Q945,L004,L045,IT_Support,2,2026-08-05T00:02,2026-08-05T07:32,DONE
Q946,L029,L007,Delivery,4,2026-08-05T00:35,2026-08-05T02:22,DONE
Q947,L042,L036,Medical,3,2026-08-05T01:16,2026-08-05T04:45,IN_PROGRESS
Q948,L043,L004,Security,2,2026-08-05T02:01,2026-08-05T08:24,CANCELLED
Q949,L004,L001,IT_Support,2,2026-08-05T03:02,2026-08-05T10:36,IN_PROGRESS
Q950,L015,L041,Delivery,3,2026-08-05T04:16,2026-08-05T07:51,DONE
Q951,L039,L013,IT_Support,5,2026-08-05T04:43,2026-08-05T05:35,NEW
Q952,L005,L012,Catering,4,2026-08-05T04:53,2026-08-05T06:20,NEW
Q953,L018,L036,Medical,1,2026-08-05T04:58,2026-08-05T12:24,IN_PROGRESS
Q954,L030,L046,Security,1,2026-08-05T06:19,2026-08-05T12:34,IN_PROGRESS
Q955,L041,L040,IT_Support,2,2026-08-05T07:34,2026-08-05T13:07,IN_PROGRESS
Q956,L005,L046,Medical,2,2026-08-05T07:47,2026-08-05T15:10,NEW
Q957,L033,L011,Medical,3,2026-08-05T08:20,2026-08-05T12:14,NEW
Q958,L014,L043,Medical,2,2026-08-05T09:44,2026-08-05T16:01,NEW
Q959,L031,L036,IT_Support,5,2026-08-05T11:14,2026-08-05T11:56,NEW
Q960,L029,L016,Security,3,2026-08-05T11:24,2026-08-05T14:52,DONE
Q961,L021,L025,Security,5,2026-08-05T12:38,2026-08-05T13:32,NEW
Q962,L019,L002,Security,4,2026-08-05T13:48,2026-08-05T15:16,NEW
Q963,L032,L003,Medical,3,2026-08-05T14:03,2026-08-05T16:16,NEW
Q964,L011,L035,Document,3,2026-08-05T15:28,2026-08-05T19:08,NEW
Q965,L014,L044,Medical,1,2026-08-05T16:28,2026-08-06T01:15,DONE
Q966,L005,L048,Delivery,1,2026-08-05T16:37,2026-08-05T23:01,DONE
Q967,L005,L004,Maintenance,2,2026-08-05T17:11,2026-08-06T01:06,NEW
Q968,L017,L027,Medical,3,2026-08-05T17:18,2026-08-05T20:08,NEW
Q969,L044,L008,Document,3,2026-08-05T18:37,2026-08-05T20:43,DONE
Q970,L045,L005,Medical,3,2026-08-05T19:20,2026-08-05T22:38,NEW
Q971,L006,L019,IT_Support,2,2026-08-05T20:49,2026-08-06T00:58,NEW
Q972,L031,L011,Document,1,2026-08-05T22:03,2026-08-06T05:20,NEW
Q973,L041,L010,Medical,5,2026-08-05T23:30,2026-08-06T00:12,CANCELLED
Q974,L001,L036,Security,1,2026-08-06T00:48,2026-08-06T09:22,NEW
Q975,L026,L035,Document,1,2026-08-06T01:37,2026-08-06T08:33,NEW
Q976,L027,L042,IT_Support,1,2026-08-06T03:00,2026-08-06T12:35,NEW
Q977,L017,L013,Maintenance,4,2026-08-06T03:11,2026-08-06T05:05,DONE
Q978,L036,L030,Delivery,1,2026-08-06T03:48,2026-08-06T10:15,DONE
Q979,L013,L047,Document,5,2026-08-06T05:18,2026-08-06T06:09,NEW
Q980,L016,L007,Medical,1,2026-08-06T06:25,2026-08-06T14:22,NEW
Q981,L022,L040,Delivery,4,2026-08-06T07:42,2026-08-06T09:05,NEW
Q982,L021,L028,Maintenance,2,2026-08-06T09:09,2026-08-06T15:02,IN_PROGRESS
Q983,L018,L024,Maintenance,4,2026-08-06T10:13,2026-08-06T11:41,IN_PROGRESS
Q984,L023,L020,Document,1,2026-08-06T10:28,2026-08-06T20:05,DONE
Q985,L018,L009,Security,2,2026-08-06T11:53,2026-08-06T16:14,DONE
Q986,L047,L005,Security,4,2026-08-06T13:12,2026-08-06T14:49,DONE
Q987,L026,L038,Maintenance,1,2026-08-06T14:26,2026-08-06T22:28,NEW
Q988,L042,L010,Medical,2,2026-08-06T15:08,2026-08-06T19:44,DONE
Q989,L030,L033,Document,2,2026-08-06T16:37,2026-08-06T21:40,NEW
Q990,L040,L044,Maintenance,3,2026-08-06T17:04,2026-08-06T20:17,NEW
Q991,L037,L043,IT_Support,1,2026-08-06T17:54,2026-08-07T00:06,DONE
Q992,L015,L032,Medical,2,2026-08-06T19:24,2026-08-07T00:18,NEW
Q993,L034,L024,Medical,5,2026-08-06T19:34,2026-08-06T20:25,IN_PROGRESS
Q994,L021,L007,Delivery,3,2026-08-06T20:12,2026-08-06T23:27,IN_PROGRESS
Q995,L035,L037,Maintenance,3,2026-08-06T21:40,2026-08-07T01:35,NEW
Q996,L005,L034,Medical,5,2026-08-06T22:36,2026-08-06T23:18,NEW
Q997,L023,L032,IT_Support,5,2026-08-06T22:58,2026-08-06T23:43,NEW
Q998,L011,L015,Maintenance,3,2026-08-06T23:26,2026-08-07T01:47,NEW
Q999,L024,L039,Delivery,1,2026-08-07T00:13,2026-08-07T09:19,NEW
Q1000,L008,L031,Delivery,3,2026-08-07T01:40,2026-08-07T05:27,DONE
Q1001,L027,L002,Medical,1,2026-08-07T02:02,2026-08-07T10:45,DONE
Q1002,L033,L003,Security,1,2026-08-07T02:30,2026-08-07T10:44,NEW
Q1003,L026,L039,Catering,3,2026-08-07T03:59,2026-08-07T07:45,IN_PROGRESS
Q1004,L019,L006,Maintenance,3,2026-08-07T05:05,2026-08-07T07:27,NEW
Q1005,L015,L027,Delivery,4,2026-08-07T05:33,2026-08-07T07:12,IN_PROGRESS
Q1006,L043,L033,Medical,4,2026-08-07T06:36,2026-08-07T08:14,NEW
Q1007,L038,L005,Medical,2,2026-08-07T07:06,2026-08-07T13:21,NEW
Q1008,L033,L044,Medical,1,2026-08-07T08:11,2026-08-07T18:03,NEW
Q1009,L040,L039,Maintenance,4,2026-08-07T08:31,2026-08-07T09:36,NEW
Q1010,L031,L043,Maintenance,3,2026-08-07T09:59,2026-08-07T12:55,IN_PROGRESS
Q1011,L034,L027,Medical,1,2026-08-07T10:33,2026-08-07T20:00,DONE
Q1012,L031,L025,Medical,4,2026-08-07T11:51,2026-08-07T12:57,IN_PROGRESS
Q1013,L028,L009,Medical,4,2026-08-07T12:06,2026-08-07T13:24,IN_PROGRESS
Q1014,L039,L035,Medical,1,2026-08-07T12:11,2026-08-07T20:40,DONE
Q1015,L034,L008,Document,2,2026-08-07T12:56,2026-08-07T18:42,NEW
Q1016,L024,L007,Maintenance,3,2026-08-07T14:09,2026-08-07T17:04,NEW
Q1017,L037,L024,Delivery,5,2026-08-07T14:40,2026-08-07T15:24,NEW
Q1018,L036,L031,Maintenance,3,2026-08-07T15:24,2026-08-07T18:38,NEW
Q1019,L023,L046,Medical,1,2026-08-07T15:44,2026-08-08T00:57,IN_PROGRESS
Q1020,L015,L029,IT_Support,5,2026-08-07T16:54,2026-08-07T17:37,NEW
Q1021,L022,L036,Delivery,4,2026-08-07T17:48,2026-08-07T19:28,NEW
Q1022,L001,L006,IT_Support,3,2026-08-07T18:04,2026-08-07T20:13,DONE
Q1023,L017,L015,Medical,3,2026-08-07T19:00,2026-08-07T22:19,DONE
Q1024,L042,L034,Medical,5,2026-08-07T19:27,2026-08-07T20:18,NEW
Q1025,L032,L029,Maintenance,5,2026-08-07T20:38,2026-08-07T21:18,IN_PROGRESS
Q1026,L013,L003,IT_Support,3,2026-08-07T22:01,2026-08-08T00:23,DONE
Q1027,L044,L003,Medical,3,2026-08-07T22:17,2026-08-08T00:53,CANCELLED
Q1028,L026,L023,Delivery,2,2026-08-07T22:23,2026-08-08T05:33,NEW
Q1029,L046,L005,Security,3,2026-08-07T23:39,2026-08-08T03:37,DONE
Q1030,L038,L023,Medical,4,2026-08-08T00:08,2026-08-08T01:37,NEW
Q1031,L026,L037,Maintenance,1,2026-08-08T01:24,2026-08-08T07:44,NEW
Q1032,L033,L019,Medical,1,2026-08-08T02:01,2026-08-08T11:47,NEW
Q1033,L035,L037,Medical,2,2026-08-08T03:07,2026-08-08T10:26,NEW
Q1034,L016,L022,Catering,3,2026-08-08T04:27,2026-08-08T08:18,NEW
Q1035,L002,L031,Maintenance,1,2026-08-08T05:00,2026-08-08T13:55,DONE
Q1036,L045,L015,IT_Support,2,2026-08-08T06:13,2026-08-08T10:17,NEW
Q1037,L045,L017,Medical,1,2026-08-08T07:01,2026-08-08T13:22,DONE
Q1038,L036,L012,Document,2,2026-08-08T07:40,2026-08-08T12:28,IN_PROGRESS
Q1039,L048,L044,Security,2,2026-08-08T08:15,2026-08-08T15:25,DONE
Q1040,L016,L017,Maintenance,2,2026-08-08T09:39,2026-08-08T15:12,NEW
Q1041,L010,L007,Maintenance,1,2026-08-08T10:47,2026-08-08T19:26,IN_PROGRESS
Q1042,L001,L035,Catering,4,2026-08-08T11:32,2026-08-08T13:03,NEW
Q1043,L037,L018,Document,5,2026-08-08T12:12,2026-08-08T12:55,IN_PROGRESS
Q1044,L015,L037,Maintenance,3,2026-08-08T13:26,2026-08-08T15:31,NEW
Q1045,L033,L023,Medical,4,2026-08-08T13:46,2026-08-08T15:30,NEW
Q1046,L034,L030,Medical,1,2026-08-08T14:39,2026-08-08T23:09,DONE
Q1047,L007,L021,Medical,5,2026-08-08T15:17,2026-08-08T15:55,NEW
Q1048,L018,L031,Catering,2,2026-08-08T16:16,2026-08-08T21:11,NEW
Q1049,L027,L045,IT_Support,2,2026-08-08T17:18,2026-08-08T22:06,NEW
Q1050,L037,L009,Catering,4,2026-08-08T17:57,2026-08-08T19:48,IN_PROGRESS
Q1051,L016,L036,Medical,2,2026-08-08T18:21,2026-08-09T00:24,NEW
Q1052,L001,L012,Medical,1,2026-08-08T19:46,2026-08-09T04:00,IN_PROGRESS
Q1053,L035,L047,Medical,3,2026-08-08T21:03,2026-08-08T23:10,NEW
Q1054,L026,L007,Delivery,1,2026-08-08T22:08,2026-08-09T07:44,IN_PROGRESS
Q1055,L041,L007,Document,2,2026-08-08T23:24,2026-08-09T05:48,NEW
Q1056,L017,L023,Maintenance,1,2026-08-09T00:46,2026-08-09T07:38,IN_PROGRESS
Q1057,L037,L042,Delivery,1,2026-08-09T01:36,2026-08-09T09:01,IN_PROGRESS
Q1058,L044,L033,Document,4,2026-08-09T02:29,2026-08-09T04:08,IN_PROGRESS
Q1059,L019,L030,Delivery,1,2026-08-09T03:17,2026-08-09T11:06,NEW
Q1060,L041,L040,Document,4,2026-08-09T03:42,2026-08-09T05:03,NEW
Q1061,L015,L021,Medical,2,2026-08-09T05:09,2026-08-09T10:52,NEW
Q1062,L018,L029,IT_Support,5,2026-08-09T06:20,2026-08-09T07:05,DONE
Q1063,L027,L011,Maintenance,1,2026-08-09T07:49,2026-08-09T14:55,DONE
Q1064,L048,L045,IT_Support,2,2026-08-09T08:06,2026-08-09T12:24,NEW
Q1065,L031,L036,Maintenance,4,2026-08-09T08:21,2026-08-09T09:27,DONE
Q1066,L017,L040,Maintenance,3,2026-08-09T09:05,2026-08-09T11:35,IN_PROGRESS
Q1067,L016,L048,Medical,3,2026-08-09T09:31,2026-08-09T11:35,NEW
Q1068,L003,L043,Medical,5,2026-08-09T10:35,2026-08-09T11:33,IN_PROGRESS
Q1069,L035,L018,Document,1,2026-08-09T11:49,2026-08-09T18:36,IN_PROGRESS
Q1070,L038,L039,Document,4,2026-08-09T12:49,2026-08-09T14:22,IN_PROGRESS
Q1071,L041,L035,Medical,2,2026-08-09T13:05,2026-08-09T19:00,DONE
Q1072,L020,L024,Medical,1,2026-08-09T14:16,2026-08-09T23:46,NEW
Q1073,L009,L023,Medical,3,2026-08-09T15:23,2026-08-09T19:00,DONE
Q1074,L031,L020,Maintenance,2,2026-08-09T15:57,2026-08-09T23:22,NEW
Q1075,L001,L036,Medical,2,2026-08-09T16:52,2026-08-09T21:57,DONE
Q1076,L011,L046,IT_Support,2,2026-08-09T17:30,2026-08-09T21:52,NEW
Q1077,L028,L041,Medical,4,2026-08-09T18:09,2026-08-09T19:27,IN_PROGRESS
Q1078,L042,L048,Document,2,2026-08-09T18:22,2026-08-09T23:10,NEW
Q1079,L009,L019,Maintenance,3,2026-08-09T19:46,2026-08-09T22:49,NEW
Q1080,L013,L021,Maintenance,1,2026-08-09T20:14,2026-08-10T02:42,DONE
Q1081,L019,L018,Maintenance,2,2026-08-09T20:30,2026-08-10T01:10,NEW
Q1082,L001,L032,Medical,2,2026-08-09T21:38,2026-08-10T03:15,IN_PROGRESS
Q1083,L030,L045,IT_Support,2,2026-08-09T22:01,2026-08-10T02:17,IN_PROGRESS
Q1084,L018,L026,Maintenance,3,2026-08-09T22:38,2026-08-10T02:23,NEW
Q1085,L025,L001,Maintenance,4,2026-08-09T23:39,2026-08-10T00:54,NEW
Q1086,L048,L003,Maintenance,4,2026-08-10T01:09,2026-08-10T02:22,NEW
Q1087,L031,L025,Delivery,2,2026-08-10T02:34,2026-08-10T09:42,NEW
Q1088,L003,L048,Security,3,2026-08-10T04:00,2026-08-10T06:39,NEW
Q1089,L013,L024,Security,5,2026-08-10T04:19,2026-08-10T04:57,NEW
Q1090,L041,L028,Medical,1,2026-08-10T04:39,2026-08-10T12:22,NEW
Q1091,L016,L001,Catering,3,2026-08-10T06:00,2026-08-10T08:20,DONE
Q1092,L024,L006,Medical,3,2026-08-10T06:48,2026-08-10T10:48,DONE
Q1093,L041,L004,Maintenance,3,2026-08-10T07:06,2026-08-10T09:23,DONE
Q1094,L032,L015,Medical,3,2026-08-10T07:55,2026-08-10T11:39,DONE
Q1095,L029,L047,Maintenance,4,2026-08-10T08:17,2026-08-10T09:33,NEW
Q1096,L003,L032,Delivery,3,2026-08-10T09:24,2026-08-10T11:49,DONE
Q1097,L037,L012,Document,2,2026-08-10T10:45,2026-08-10T18:27,NEW
Q1098,L036,L011,Maintenance,1,2026-08-10T11:23,2026-08-10T19:43,NEW
Q1099,L024,L030,Maintenance,3,2026-08-10T11:51,2026-08-10T15:45,NEW
Q1100,L002,L040,IT_Support,4,2026-08-10T12:04,2026-08-10T13:46,NEW
Q1101,L035,L025,Maintenance,4,2026-08-10T12:28,2026-08-10T14:07,DONE
Q1102,L019,L021,Medical,2,2026-08-10T13:57,2026-08-10T18:16,NEW
Q1103,L003,L009,Maintenance,1,2026-08-10T14:26,2026-08-10T20:53,NEW
Q1104,L003,L037,Delivery,2,2026-08-10T15:50,2026-08-10T22:51,NEW
Q1105,L038,L017,Maintenance,2,2026-08-10T15:56,2026-08-10T20:51,DONE
Q1106,L042,L032,Security,4,2026-08-10T17:22,2026-08-10T18:25,NEW
Q1107,L024,L036,IT_Support,5,2026-08-10T17:34,2026-08-10T18:31,IN_PROGRESS
Q1108,L040,L018,Document,4,2026-08-10T17:48,2026-08-10T19:48,IN_PROGRESS
Q1109,L014,L034,Maintenance,4,2026-08-10T18:17,2026-08-10T19:29,DONE
Q1110,L034,L043,Medical,3,2026-08-10T19:33,2026-08-10T22:27,NEW
Q1111,L048,L007,IT_Support,3,2026-08-10T21:03,2026-08-10T23:58,DONE
Q1112,L007,L011,IT_Support,3,2026-08-10T22:32,2026-08-11T00:53,NEW
Q1113,L035,L039,Document,2,2026-08-10T23:18,2026-08-11T06:56,NEW
Q1114,L024,L027,IT_Support,2,2026-08-11T00:40,2026-08-11T05:43,DONE
Q1115,L037,L035,Maintenance,4,2026-08-11T01:17,2026-08-11T02:40,IN_PROGRESS
Q1116,L029,L026,Maintenance,1,2026-08-11T01:24,2026-08-11T09:38,NEW
Q1117,L009,L020,Maintenance,5,2026-08-11T02:09,2026-08-11T02:40,NEW
Q1118,L045,L018,Security,3,2026-08-11T03:27,2026-08-11T05:47,DONE
Q1119,L007,L003,Document,1,2026-08-11T04:46,2026-08-11T11:51,NEW
Q1120,L015,L017,IT_Support,1,2026-08-11T05:18,2026-08-11T14:27,NEW
Q1121,L005,L047,Medical,3,2026-08-11T06:36,2026-08-11T10:21,NEW
Q1122,L007,L039,Delivery,1,2026-08-11T07:29,2026-08-11T13:51,IN_PROGRESS
Q1123,L004,L022,Medical,4,2026-08-11T07:49,2026-08-11T09:44,NEW
Q1124,L015,L048,Delivery,3,2026-08-11T09:14,2026-08-11T12:03,NEW
Q1125,L004,L020,Document,2,2026-08-11T10:00,2026-08-11T16:10,DONE
Q1126,L045,L015,Maintenance,4,2026-08-11T11:02,2026-08-11T12:50,CANCELLED
Q1127,L039,L037,Document,2,2026-08-11T11:57,2026-08-11T16:36,NEW
Q1128,L009,L022,Maintenance,3,2026-08-11T12:53,2026-08-11T15:27,NEW
Q1129,L006,L026,Document,4,2026-08-11T13:15,2026-08-11T14:45,NEW
Q1130,L036,L013,Document,3,2026-08-11T14:38,2026-08-11T18:13,NEW
Q1131,L034,L016,Medical,2,2026-08-11T15:56,2026-08-11T20:20,NEW
Q1132,L008,L043,Medical,2,2026-08-11T16:45,2026-08-11T23:19,NEW
Q1133,L042,L002,IT_Support,1,2026-08-11T17:46,2026-08-12T02:27,NEW
Q1134,L010,L029,Maintenance,4,2026-08-11T18:38,2026-08-11T19:47,NEW
Q1135,L047,L006,Maintenance,1,2026-08-11T19:01,2026-08-12T04:45,IN_PROGRESS
Q1136,L019,L001,Medical,4,2026-08-11T20:06,2026-08-11T21:07,NEW
Q1137,L022,L014,IT_Support,2,2026-08-11T20:44,2026-08-12T03:06,DONE
Q1138,L031,L040,Delivery,1,2026-08-11T20:51,2026-08-12T04:29,DONE
Q1139,L038,L043,Document,2,2026-08-11T21:21,2026-08-12T04:45,NEW
Q1140,L045,L040,Medical,3,2026-08-11T21:34,2026-08-12T00:24,IN_PROGRESS
Q1141,L043,L018,Delivery,5,2026-08-11T21:52,2026-08-11T22:23,NEW
Q1142,L019,L042,Medical,5,2026-08-11T22:09,2026-08-11T23:08,NEW
Q1143,L021,L032,IT_Support,3,2026-08-11T23:18,2026-08-12T02:17,NEW
Q1144,L036,L046,Maintenance,2,2026-08-12T00:05,2026-08-12T06:12,DONE
Q1145,L026,L048,Maintenance,2,2026-08-12T01:30,2026-08-12T06:49,NEW
Q1146,L016,L033,Medical,1,2026-08-12T02:24,2026-08-12T12:13,NEW
Q1147,L002,L036,Security,2,2026-08-12T03:19,2026-08-12T10:09,NEW
Q1148,L009,L006,Delivery,3,2026-08-12T04:44,2026-08-12T08:12,DONE
Q1149,L015,L027,Medical,1,2026-08-12T06:06,2026-08-12T13:32,CANCELLED
Q1150,L029,L035,Maintenance,3,2026-08-12T06:36,2026-08-12T10:27,DONE
Q1151,L009,L020,Delivery,5,2026-08-12T07:36,2026-08-12T08:36,IN_PROGRESS
Q1152,L010,L042,Security,5,2026-08-12T08:52,2026-08-12T09:40,NEW
Q1153,L047,L008,Maintenance,4,2026-08-12T09:00,2026-08-12T10:48,NEW
Q1154,L021,L027,Catering,2,2026-08-12T10:26,2026-08-12T17:37,DONE
Q1155,L018,L010,IT_Support,1,2026-08-12T11:49,2026-08-12T20:28,NEW
Q1156,L018,L039,Document,2,2026-08-12T11:57,2026-08-12T17:30,NEW
Q1157,L006,L045,IT_Support,1,2026-08-12T13:02,2026-08-12T22:06,IN_PROGRESS
Q1158,L042,L024,Maintenance,2,2026-08-12T13:27,2026-08-12T18:18,NEW
Q1159,L015,L003,Medical,5,2026-08-12T14:24,2026-08-12T15:02,IN_PROGRESS
Q1160,L048,L043,Catering,4,2026-08-12T15:25,2026-08-12T17:20,NEW
Q1161,L040,L032,Delivery,5,2026-08-12T16:24,2026-08-12T17:07,IN_PROGRESS
Q1162,L003,L039,IT_Support,2,2026-08-12T17:47,2026-08-13T00:59,NEW
Q1163,L037,L039,Document,3,2026-08-12T17:56,2026-08-12T21:03,DONE
Q1164,L007,L029,Document,5,2026-08-12T18:32,2026-08-12T19:19,IN_PROGRESS
Q1165,L035,L026,Catering,1,2026-08-12T19:57,2026-08-13T02:11,NEW
Q1166,L013,L019,Document,5,2026-08-12T20:38,2026-08-12T21:23,DONE
Q1167,L011,L028,Medical,5,2026-08-12T21:01,2026-08-12T21:46,DONE
Q1168,L042,L029,Maintenance,3,2026-08-12T22:20,2026-08-13T02:15,NEW
Q1169,L045,L035,Maintenance,2,2026-08-12T22:47,2026-08-13T04:45,NEW
Q1170,L038,L046,Security,5,2026-08-12T23:33,2026-08-13T00:26,NEW
Q1171,L042,L046,IT_Support,4,2026-08-12T23:52,2026-08-13T01:37,NEW
Q1172,L029,L041,Medical,3,2026-08-13T01:02,2026-08-13T04:21,NEW
Q1173,L011,L025,Document,1,2026-08-13T01:49,2026-08-13T10:15,NEW
Q1174,L043,L010,Maintenance,1,2026-08-13T02:00,2026-08-13T09:49,DONE
Q1175,L020,L047,IT_Support,2,2026-08-13T02:20,2026-08-13T10:12,DONE
Q1176,L009,L013,Maintenance,4,2026-08-13T03:28,2026-08-13T05:22,NEW
Q1177,L032,L035,IT_Support,3,2026-08-13T04:00,2026-08-13T07:16,NEW
Q1178,L043,L031,Document,2,2026-08-13T04:05,2026-08-13T09:09,DONE
Q1179,L036,L018,Delivery,3,2026-08-13T04:16,2026-08-13T06:40,IN_PROGRESS
Q1180,L010,L004,Delivery,1,2026-08-13T05:46,2026-08-13T14:15,IN_PROGRESS
Q1181,L039,L020,Medical,1,2026-08-13T06:13,2026-08-13T12:56,NEW
Q1182,L044,L019,Delivery,4,2026-08-13T07:29,2026-08-13T08:40,DONE
Q1183,L030,L048,Document,5,2026-08-13T08:12,2026-08-13T08:53,NEW
Q1184,L024,L025,IT_Support,4,2026-08-13T08:25,2026-08-13T09:43,IN_PROGRESS
Q1185,L031,L009,Maintenance,5,2026-08-13T09:22,2026-08-13T10:09,NEW
Q1186,L014,L045,Maintenance,1,2026-08-13T10:47,2026-08-13T19:04,DONE
Q1187,L006,L031,Delivery,3,2026-08-13T11:28,2026-08-13T14:23,IN_PROGRESS
Q1188,L039,L021,Medical,3,2026-08-13T11:49,2026-08-13T15:08,DONE
Q1189,L037,L032,Document,3,2026-08-13T12:17,2026-08-13T16:11,NEW
Q1190,L040,L015,Delivery,5,2026-08-13T12:25,2026-08-13T13:10,NEW
Q1191,L041,L008,IT_Support,2,2026-08-13T13:23,2026-08-13T19:10,DONE
Q1192,L003,L022,Medical,4,2026-08-13T14:49,2026-08-13T16:01,NEW
Q1193,L045,L019,Medical,1,2026-08-13T16:04,2026-08-13T23:28,NEW
Q1194,L001,L008,Delivery,2,2026-08-13T17:27,2026-08-13T21:36,DONE
Q1195,L012,L013,Medical,2,2026-08-13T18:32,2026-08-14T01:58,DONE
Q1196,L003,L042,Maintenance,1,2026-08-13T19:45,2026-08-14T05:36,NEW
Q1197,L022,L030,IT_Support,2,2026-08-13T20:56,2026-08-14T02:14,DONE
Q1198,L037,L047,Delivery,3,2026-08-13T22:14,2026-08-14T01:42,NEW
Q1199,L022,L023,Maintenance,1,2026-08-13T23:02,2026-08-14T06:40,IN_PROGRESS
Q1200,L041,L035,IT_Support,3,2026-08-14T00:23,2026-08-14T02:38,NEW
Q1201,L020,L046,IT_Support,4,2026-08-14T00:39,2026-08-14T02:10,NEW
Q1202,L016,L024,Document,5,2026-08-14T01:22,2026-08-14T01:58,NEW
Q1203,L008,L024,IT_Support,4,2026-08-14T02:23,2026-08-14T03:55,IN_PROGRESS
Q1204,L002,L031,Security,1,2026-08-14T03:29,2026-08-14T12:38,NEW
Q1205,L034,L020,IT_Support,1,2026-08-14T04:40,2026-08-14T13:35,IN_PROGRESS
Q1206,L009,L014,Delivery,3,2026-08-14T05:51,2026-08-14T08:06,DONE
Q1207,L001,L020,Security,4,2026-08-14T06:07,2026-08-14T07:28,DONE
Q1208,L030,L003,Maintenance,4,2026-08-14T06:14,2026-08-14T07:50,DONE
Q1209,L020,L041,Security,2,2026-08-14T06:54,2026-08-14T13:12,NEW
Q1210,L021,L029,Delivery,2,2026-08-14T07:13,2026-08-14T11:18,NEW
Q1211,L040,L036,Document,2,2026-08-14T07:58,2026-08-14T13:09,NEW
Q1212,L010,L046,IT_Support,3,2026-08-14T08:42,2026-08-14T12:01,NEW
Q1213,L022,L035,Document,1,2026-08-14T08:53,2026-08-14T15:22,NEW
Q1214,L025,L004,Maintenance,2,2026-08-14T10:13,2026-08-14T16:56,DONE
Q1215,L045,L029,Delivery,2,2026-08-14T11:43,2026-08-14T19:12,IN_PROGRESS
Q1216,L035,L006,Catering,4,2026-08-14T12:04,2026-08-14T13:09,NEW
Q1217,L045,L030,Maintenance,2,2026-08-14T13:08,2026-08-14T19:10,DONE
Q1218,L015,L010,IT_Support,3,2026-08-14T14:03,2026-08-14T16:27,IN_PROGRESS
Q1219,L045,L043,Medical,5,2026-08-14T15:10,2026-08-14T15:41,NEW
Q1220,L005,L031,Maintenance,3,2026-08-14T15:51,2026-08-14T19:30,IN_PROGRESS
Q1221,L023,L039,Document,3,2026-08-14T16:09,2026-08-14T18:51,NEW
Q1222,L036,L042,Maintenance,2,2026-08-14T17:29,2026-08-14T23:16,NEW
Q1223,L016,L040,Medical,1,2026-08-14T17:42,2026-08-15T01:11,NEW
Q1224,L014,L045,Document,4,2026-08-14T18:30,2026-08-14T20:04,NEW
Q1225,L045,L016,Maintenance,4,2026-08-14T19:48,2026-08-14T21:41,DONE
Q1226,L032,L008,Document,3,2026-08-14T20:49,2026-08-14T23:12,DONE
Q1227,L020,L026,Maintenance,1,2026-08-14T21:42,2026-08-15T05:07,IN_PROGRESS
Q1228,L032,L042,Delivery,1,2026-08-14T23:01,2026-08-15T08:54,IN_PROGRESS
Q1229,L041,L001,IT_Support,4,2026-08-14T23:43,2026-08-15T01:07,NEW
Q1230,L040,L037,Document,2,2026-08-15T00:26,2026-08-15T06:53,IN_PROGRESS
Q1231,L044,L020,Security,5,2026-08-15T01:15,2026-08-15T01:48,DONE
Q1232,L038,L001,Delivery,3,2026-08-15T01:57,2026-08-15T04:05,IN_PROGRESS
Q1233,L024,L036,Catering,1,2026-08-15T02:47,2026-08-15T09:17,DONE
Q1234,L019,L002,Medical,4,2026-08-15T03:32,2026-08-15T05:17,NEW
Q1235,L025,L026,Medical,3,2026-08-15T04:37,2026-08-15T06:55,DONE
Q1236,L013,L036,Medical,5,2026-08-15T05:01,2026-08-15T05:41,IN_PROGRESS
Q1237,L043,L009,Maintenance,1,2026-08-15T06:08,2026-08-15T14:58,NEW
Q1238,L028,L009,Maintenance,3,2026-08-15T07:11,2026-08-15T11:06,NEW
Q1239,L045,L039,Security,3,2026-08-15T08:10,2026-08-15T11:21,NEW
Q1240,L029,L025,Medical,1,2026-08-15T09:28,2026-08-15T17:37,DONE
Q1241,L047,L016,Delivery,2,2026-08-15T10:46,2026-08-15T16:21,IN_PROGRESS
Q1242,L003,L037,Document,2,2026-08-15T11:01,2026-08-15T15:39,DONE
Q1243,L047,L034,Catering,5,2026-08-15T12:05,2026-08-15T12:52,DONE
Q1244,L006,L034,Security,1,2026-08-15T13:34,2026-08-15T22:27,NEW
Q1245,L005,L044,Delivery,4,2026-08-15T13:45,2026-08-15T15:42,NEW
Q1246,L022,L035,IT_Support,3,2026-08-15T14:50,2026-08-15T18:04,NEW
Q1247,L047,L022,Medical,5,2026-08-15T15:32,2026-08-15T16:08,IN_PROGRESS
Q1248,L003,L045,Security,4,2026-08-15T16:49,2026-08-15T18:05,DONE
Q1249,L004,L041,Document,1,2026-08-15T17:31,2026-08-16T03:00,NEW
Q1250,L048,L040,Maintenance,3,2026-08-15T17:45,2026-08-15T21:34,NEW
Q1251,L018,L017,Maintenance,2,2026-08-15T17:51,2026-08-16T01:02,IN_PROGRESS
Q1252,L008,L039,Maintenance,3,2026-08-15T18:53,2026-08-15T21:41,NEW
Q1253,L012,L017,IT_Support,2,2026-08-15T20:05,2026-08-16T03:47,NEW
Q1254,L003,L022,Catering,5,2026-08-15T20:29,2026-08-15T21:26,DONE
Q1255,L032,L027,IT_Support,2,2026-08-15T21:55,2026-08-16T02:39,NEW
Q1256,L014,L037,IT_Support,2,2026-08-15T22:14,2026-08-16T02:29,DONE
Q1257,L011,L030,Medical,2,2026-08-15T23:27,2026-08-16T04:28,DONE
Q1258,L025,L044,Delivery,3,2026-08-16T00:27,2026-08-16T02:29,NEW
Q1259,L019,L029,Medical,2,2026-08-16T00:37,2026-08-16T05:03,DONE
Q1260,L035,L041,Medical,4,2026-08-16T02:05,2026-08-16T03:59,DONE
Q1261,L018,L022,Medical,4,2026-08-16T03:24,2026-08-16T04:49,NEW
Q1262,L030,L044,IT_Support,4,2026-08-16T03:53,2026-08-16T05:26,DONE
Q1263,L022,L044,Delivery,1,2026-08-16T03:59,2026-08-16T13:33,DONE
Q1264,L005,L001,Medical,3,2026-08-16T04:48,2026-08-16T07:17,DONE
Q1265,L047,L019,Medical,1,2026-08-16T05:00,2026-08-16T13:34,DONE
Q1266,L043,L014,Catering,3,2026-08-16T05:20,2026-08-16T07:32,DONE
Q1267,L039,L009,Medical,4,2026-08-16T05:48,2026-08-16T07:45,DONE
Q1268,L008,L045,Maintenance,2,2026-08-16T06:02,2026-08-16T12:47,DONE
Q1269,L030,L018,IT_Support,4,2026-08-16T06:48,2026-08-16T08:04,DONE
Q1270,L011,L005,Medical,1,2026-08-16T07:00,2026-08-16T14:08,NEW
Q1271,L017,L012,Document,3,2026-08-16T08:23,2026-08-16T11:14,IN_PROGRESS
Q1272,L012,L042,Document,1,2026-08-16T08:55,2026-08-16T17:34,DONE
Q1273,L042,L007,Security,4,2026-08-16T09:09,2026-08-16T10:13,NEW
Q1274,L037,L047,Medical,2,2026-08-16T09:33,2026-08-16T16:22,IN_PROGRESS
Q1275,L041,L001,Security,4,2026-08-16T10:20,2026-08-16T12:17,NEW
Q1276,L026,L037,Maintenance,4,2026-08-16T11:26,2026-08-16T12:53,DONE
Q1277,L026,L047,IT_Support,4,2026-08-16T11:31,2026-08-16T12:55,DONE
Q1278,L045,L031,Maintenance,3,2026-08-16T12:18,2026-08-16T15:46,CANCELLED
Q1279,L020,L026,Maintenance,5,2026-08-16T13:09,2026-08-16T13:57,DONE
Q1280,L022,L006,IT_Support,4,2026-08-16T13:39,2026-08-16T14:50,NEW
Q1281,L036,L003,Catering,4,2026-08-16T14:33,2026-08-16T16:30,NEW
Q1282,L007,L041,Delivery,3,2026-08-16T15:34,2026-08-16T19:09,IN_PROGRESS
Q1283,L013,L009,Maintenance,1,2026-08-16T16:09,2026-08-17T00:16,CANCELLED
Q1284,L025,L005,IT_Support,3,2026-08-16T17:11,2026-08-16T19:14,NEW
Q1285,L003,L022,Maintenance,4,2026-08-16T17:31,2026-08-16T18:44,NEW
Q1286,L042,L043,Document,5,2026-08-16T18:44,2026-08-16T19:19,IN_PROGRESS
Q1287,L048,L038,Medical,1,2026-08-16T19:51,2026-08-17T04:40,DONE
Q1288,L002,L031,Security,3,2026-08-16T21:19,2026-08-16T23:36,NEW
Q1289,L001,L012,Delivery,5,2026-08-16T21:36,2026-08-16T22:21,IN_PROGRESS
Q1290,L040,L011,IT_Support,1,2026-08-16T21:55,2026-08-17T06:04,IN_PROGRESS
Q1291,L039,L040,Medical,4,2026-08-16T22:51,2026-08-17T00:11,NEW
Q1292,L008,L044,Document,1,2026-08-16T23:23,2026-08-17T08:40,IN_PROGRESS
Q1293,L003,L038,Maintenance,1,2026-08-17T00:21,2026-08-17T07:06,NEW
Q1294,L045,L024,Document,2,2026-08-17T00:31,2026-08-17T05:07,IN_PROGRESS
Q1295,L007,L041,Delivery,4,2026-08-17T01:38,2026-08-17T02:43,NEW
Q1296,L001,L012,Security,4,2026-08-17T02:19,2026-08-17T03:45,DONE
Q1297,L045,L031,Delivery,2,2026-08-17T03:30,2026-08-17T09:27,DONE
Q1298,L027,L016,Security,3,2026-08-17T03:58,2026-08-17T07:30,NEW
Q1299,L032,L040,Catering,3,2026-08-17T04:47,2026-08-17T07:41,IN_PROGRESS
Q1300,L001,L036,Medical,1,2026-08-17T05:04,2026-08-17T13:44,DONE
Q1301,L024,L035,Document,3,2026-08-17T05:35,2026-08-17T08:11,DONE
Q1302,L004,L013,Maintenance,1,2026-08-17T06:40,2026-08-17T14:49,IN_PROGRESS
Q1303,L012,L011,Delivery,1,2026-08-17T07:21,2026-08-17T14:16,DONE
Q1304,L028,L017,Medical,4,2026-08-17T07:31,2026-08-17T08:37,DONE
Q1305,L048,L004,Security,1,2026-08-17T08:38,2026-08-17T16:51,IN_PROGRESS
Q1306,L008,L005,Security,4,2026-08-17T09:24,2026-08-17T10:50,DONE
Q1307,L013,L048,Delivery,2,2026-08-17T10:10,2026-08-17T15:10,DONE
Q1308,L007,L016,IT_Support,5,2026-08-17T10:43,2026-08-17T11:16,NEW
Q1309,L031,L038,Document,5,2026-08-17T12:06,2026-08-17T12:51,NEW
Q1310,L012,L025,Medical,3,2026-08-17T12:56,2026-08-17T15:31,NEW
Q1311,L013,L022,Maintenance,4,2026-08-17T13:18,2026-08-17T14:25,NEW
Q1312,L030,L027,Maintenance,2,2026-08-17T14:40,2026-08-17T19:22,IN_PROGRESS
Q1313,L041,L040,Security,3,2026-08-17T15:14,2026-08-17T17:26,DONE
Q1314,L027,L034,Document,5,2026-08-17T16:18,2026-08-17T16:57,DONE
Q1315,L001,L047,Medical,5,2026-08-17T17:18,2026-08-17T18:07,NEW
Q1316,L015,L038,Security,5,2026-08-17T18:16,2026-08-17T18:48,IN_PROGRESS
Q1317,L003,L031,IT_Support,3,2026-08-17T19:11,2026-08-17T22:13,NEW
Q1318,L045,L007,Document,2,2026-08-17T19:17,2026-08-18T02:16,DONE
Q1319,L047,L027,Security,1,2026-08-17T20:44,2026-08-18T03:09,NEW
Q1320,L002,L031,Delivery,1,2026-08-17T22:02,2026-08-18T07:15,NEW
Q1321,L038,L002,Catering,3,2026-08-17T22:58,2026-08-18T01:22,NEW
Q1322,L024,L041,Document,3,2026-08-17T23:12,2026-08-18T02:02,IN_PROGRESS
Q1323,L045,L022,Document,2,2026-08-18T00:35,2026-08-18T06:55,DONE
Q1324,L037,L014,IT_Support,1,2026-08-18T00:47,2026-08-18T09:00,IN_PROGRESS
Q1325,L044,L024,Security,1,2026-08-18T02:11,2026-08-18T08:23,NEW
Q1326,L024,L012,Delivery,4,2026-08-18T02:42,2026-08-18T03:50,DONE
Q1327,L022,L016,Document,3,2026-08-18T04:01,2026-08-18T07:53,DONE
Q1328,L045,L014,IT_Support,4,2026-08-18T04:40,2026-08-18T06:12,NEW
Q1329,L044,L028,Medical,1,2026-08-18T05:47,2026-08-18T13:57,NEW
Q1330,L034,L008,Document,3,2026-08-18T06:29,2026-08-18T09:27,IN_PROGRESS
Q1331,L040,L024,IT_Support,5,2026-08-18T06:42,2026-08-18T07:19,IN_PROGRESS
Q1332,L030,L006,Maintenance,5,2026-08-18T06:56,2026-08-18T07:30,NEW
Q1333,L011,L018,Maintenance,1,2026-08-18T07:27,2026-08-18T15:42,NEW
Q1334,L041,L002,Medical,5,2026-08-18T07:48,2026-08-18T08:34,DONE
Q1335,L023,L027,Document,3,2026-08-18T08:01,2026-08-18T10:04,NEW
Q1336,L015,L034,Delivery,2,2026-08-18T09:28,2026-08-18T16:51,NEW
Q1337,L021,L032,Delivery,4,2026-08-18T10:29,2026-08-18T11:58,IN_PROGRESS
Q1338,L020,L037,Maintenance,4,2026-08-18T11:07,2026-08-18T12:21,NEW
Q1339,L031,L024,Catering,4,2026-08-18T11:57,2026-08-18T13:15,NEW
Q1340,L030,L011,Delivery,1,2026-08-18T12:25,2026-08-18T19:11,DONE
Q1341,L046,L045,Security,4,2026-08-18T12:44,2026-08-18T13:46,NEW
Q1342,L021,L037,Maintenance,2,2026-08-18T14:00,2026-08-18T21:03,NEW
Q1343,L003,L043,Medical,2,2026-08-18T15:14,2026-08-18T19:57,NEW
Q1344,L035,L020,Maintenance,1,2026-08-18T15:37,2026-08-18T23:36,IN_PROGRESS
Q1345,L021,L010,Maintenance,4,2026-08-18T16:24,2026-08-18T18:05,CANCELLED
Q1346,L046,L019,Document,2,2026-08-18T17:42,2026-08-19T00:34,IN_PROGRESS
Q1347,L010,L037,Delivery,5,2026-08-18T18:01,2026-08-18T18:55,NEW
Q1348,L031,L003,Maintenance,3,2026-08-18T18:57,2026-08-18T22:17,NEW
Q1349,L015,L029,Medical,2,2026-08-18T19:26,2026-08-19T01:57,DONE
Q1350,L034,L015,IT_Support,4,2026-08-18T19:41,2026-08-18T21:15,NEW
Q1351,L029,L044,Delivery,1,2026-08-18T20:10,2026-08-19T04:17,NEW
Q1352,L021,L039,Delivery,5,2026-08-18T21:01,2026-08-18T21:44,IN_PROGRESS
Q1353,L010,L046,IT_Support,2,2026-08-18T21:42,2026-08-19T03:12,NEW
Q1354,L023,L020,Catering,5,2026-08-18T22:43,2026-08-18T23:37,NEW
Q1355,L027,L029,Medical,4,2026-08-18T23:42,2026-08-19T01:28,CANCELLED
Q1356,L027,L009,IT_Support,3,2026-08-19T00:25,2026-08-19T03:26,NEW
Q1357,L034,L022,Maintenance,5,2026-08-19T00:41,2026-08-19T01:12,DONE
Q1358,L027,L041,Security,2,2026-08-19T01:58,2026-08-19T09:13,DONE
Q1359,L009,L013,Maintenance,2,2026-08-19T02:08,2026-08-19T09:40,DONE
Q1360,L020,L038,Medical,3,2026-08-19T02:16,2026-08-19T05:58,NEW
Q1361,L001,L010,Medical,5,2026-08-19T03:21,2026-08-19T03:55,IN_PROGRESS
Q1362,L042,L043,Security,2,2026-08-19T04:48,2026-08-19T09:52,NEW
Q1363,L002,L008,IT_Support,3,2026-08-19T06:09,2026-08-19T09:45,CANCELLED
Q1364,L024,L038,Document,2,2026-08-19T07:14,2026-08-19T14:13,NEW
Q1365,L008,L024,Document,3,2026-08-19T07:39,2026-08-19T10:54,IN_PROGRESS
Q1366,L004,L010,Medical,5,2026-08-19T08:04,2026-08-19T08:36,NEW
Q1367,L018,L024,Medical,5,2026-08-19T08:46,2026-08-19T09:26,NEW
Q1368,L034,L041,Security,3,2026-08-19T09:14,2026-08-19T12:52,DONE
Q1369,L007,L039,IT_Support,3,2026-08-19T09:57,2026-08-19T12:32,IN_PROGRESS
Q1370,L044,L045,Delivery,1,2026-08-19T10:20,2026-08-19T16:25,DONE
Q1371,L009,L034,Medical,4,2026-08-19T10:45,2026-08-19T11:51,NEW
Q1372,L014,L010,Document,4,2026-08-19T12:01,2026-08-19T13:40,IN_PROGRESS
Q1373,L045,L034,IT_Support,4,2026-08-19T12:20,2026-08-19T13:46,DONE
Q1374,L030,L005,Maintenance,1,2026-08-19T13:09,2026-08-19T20:30,NEW
Q1375,L045,L024,Maintenance,2,2026-08-19T14:20,2026-08-19T21:37,CANCELLED
Q1376,L022,L012,Delivery,1,2026-08-19T14:53,2026-08-19T21:27,IN_PROGRESS
Q1377,L045,L010,Delivery,2,2026-08-19T15:08,2026-08-19T20:58,NEW
Q1378,L045,L008,Maintenance,4,2026-08-19T15:18,2026-08-19T16:30,DONE
Q1379,L007,L003,IT_Support,3,2026-08-19T15:38,2026-08-19T19:35,NEW
Q1380,L017,L003,Maintenance,4,2026-08-19T15:58,2026-08-19T17:56,DONE
Q1381,L039,L014,Document,2,2026-08-19T16:06,2026-08-19T20:31,DONE
Q1382,L010,L048,Security,5,2026-08-19T16:31,2026-08-19T17:29,NEW
Q1383,L033,L047,Delivery,3,2026-08-19T17:50,2026-08-19T21:28,NEW
Q1384,L001,L034,Medical,2,2026-08-19T19:03,2026-08-19T23:06,NEW
Q1385,L047,L007,Security,5,2026-08-19T20:08,2026-08-19T20:50,IN_PROGRESS
Q1386,L045,L038,Maintenance,4,2026-08-19T20:58,2026-08-19T22:22,NEW
Q1387,L028,L014,Document,2,2026-08-19T21:43,2026-08-20T02:16,DONE
Q1388,L030,L008,Document,3,2026-08-19T22:24,2026-08-20T01:36,NEW
Q1389,L047,L003,Maintenance,3,2026-08-19T23:27,2026-08-20T02:44,NEW
Q1390,L048,L020,Delivery,4,2026-08-20T00:24,2026-08-20T01:42,NEW
Q1391,L028,L013,IT_Support,5,2026-08-20T01:16,2026-08-20T01:52,IN_PROGRESS
Q1392,L001,L044,Document,1,2026-08-20T02:45,2026-08-20T11:40,NEW
Q1393,L006,L008,Maintenance,2,2026-08-20T03:03,2026-08-20T10:14,DONE
Q1394,L011,L005,Medical,2,2026-08-20T03:59,2026-08-20T08:32,NEW
Q1395,L015,L028,Delivery,2,2026-08-20T05:18,2026-08-20T11:51,DONE
Q1396,L018,L042,Security,2,2026-08-20T06:14,2026-08-20T12:20,DONE
Q1397,L033,L018,Maintenance,3,2026-08-20T07:21,2026-08-20T10:25,NEW
Q1398,L015,L041,Security,1,2026-08-20T07:34,2026-08-20T15:43,DONE
Q1399,L044,L002,Catering,2,2026-08-20T07:58,2026-08-20T13:17,DONE
Q1400,L040,L007,IT_Support,4,2026-08-20T09:06,2026-08-20T10:56,DONE
Q1401,L030,L013,Medical,3,2026-08-20T10:20,2026-08-20T13:04,NEW
Q1402,L035,L002,Catering,1,2026-08-20T10:40,2026-08-20T18:20,NEW
Q1403,L029,L021,IT_Support,2,2026-08-20T11:07,2026-08-20T17:31,NEW
Q1404,L043,L020,Security,1,2026-08-20T11:51,2026-08-20T20:56,NEW
Q1405,L025,L032,IT_Support,3,2026-08-20T13:06,2026-08-20T16:34,NEW
Q1406,L035,L037,Document,3,2026-08-20T13:18,2026-08-20T16:09,NEW
Q1407,L017,L032,Document,2,2026-08-20T13:59,2026-08-20T19:23,DONE
Q1408,L004,L002,Document,1,2026-08-20T15:18,2026-08-20T21:26,NEW
Q1409,L041,L022,Medical,2,2026-08-20T16:15,2026-08-20T21:46,CANCELLED
Q1410,L004,L043,Medical,2,2026-08-20T16:30,2026-08-21T00:25,NEW
Q1411,L045,L005,IT_Support,1,2026-08-20T17:43,2026-08-21T01:08,NEW
Q1412,L003,L030,Delivery,2,2026-08-20T18:41,2026-08-20T23:51,DONE
Q1413,L002,L045,Document,1,2026-08-20T19:59,2026-08-21T03:40,NEW
Q1414,L021,L037,Maintenance,3,2026-08-20T20:30,2026-08-20T23:14,DONE
Q1415,L032,L033,IT_Support,4,2026-08-20T21:13,2026-08-20T22:36,NEW
Q1416,L028,L013,Document,4,2026-08-20T22:26,2026-08-20T23:39,IN_PROGRESS
Q1417,L019,L017,Maintenance,5,2026-08-20T22:59,2026-08-20T23:49,NEW
Q1418,L048,L006,Delivery,3,2026-08-20T23:38,2026-08-21T01:47,DONE
Q1419,L037,L034,Document,2,2026-08-21T01:06,2026-08-21T08:38,IN_PROGRESS
Q1420,L020,L033,IT_Support,2,2026-08-21T01:36,2026-08-21T07:24,DONE
Q1421,L026,L017,Delivery,3,2026-08-21T02:04,2026-08-21T05:57,DONE
Q1422,L002,L041,Delivery,5,2026-08-21T02:36,2026-08-21T03:28,DONE
Q1423,L048,L030,Medical,3,2026-08-21T03:36,2026-08-21T07:36,IN_PROGRESS
Q1424,L037,L047,Delivery,3,2026-08-21T03:59,2026-08-21T06:30,NEW
Q1425,L010,L048,Delivery,2,2026-08-21T04:44,2026-08-21T12:26,NEW
Q1426,L005,L041,Maintenance,2,2026-08-21T06:11,2026-08-21T10:54,IN_PROGRESS
Q1427,L017,L044,Delivery,2,2026-08-21T06:40,2026-08-21T10:49,NEW
Q1428,L016,L020,Document,3,2026-08-21T08:07,2026-08-21T12:03,NEW
Q1429,L003,L013,Maintenance,1,2026-08-21T08:47,2026-08-21T17:37,NEW
Q1430,L036,L012,Delivery,1,2026-08-21T08:54,2026-08-21T15:10,DONE
Q1431,L006,L021,Delivery,5,2026-08-21T09:51,2026-08-21T10:50,IN_PROGRESS
Q1432,L024,L043,Delivery,1,2026-08-21T10:13,2026-08-21T17:15,IN_PROGRESS
Q1433,L008,L037,IT_Support,5,2026-08-21T11:32,2026-08-21T12:27,DONE
Q1434,L034,L017,Document,1,2026-08-21T12:17,2026-08-21T19:43,DONE
Q1435,L038,L048,Medical,4,2026-08-21T13:16,2026-08-21T14:29,NEW
Q1436,L010,L007,Maintenance,5,2026-08-21T13:53,2026-08-21T14:51,NEW
Q1437,L038,L004,Document,2,2026-08-21T14:38,2026-08-21T20:59,IN_PROGRESS
Q1438,L028,L031,Delivery,5,2026-08-21T15:01,2026-08-21T15:43,IN_PROGRESS
Q1439,L031,L046,Medical,2,2026-08-21T16:23,2026-08-21T20:33,DONE
Q1440,L048,L043,IT_Support,1,2026-08-21T17:53,2026-08-22T00:56,IN_PROGRESS
Q1441,L017,L036,Medical,3,2026-08-21T18:13,2026-08-21T21:22,DONE
Q1442,L016,L029,Medical,5,2026-08-21T18:50,2026-08-21T19:30,NEW
Q1443,L006,L016,Medical,5,2026-08-21T19:51,2026-08-21T20:42,NEW
Q1444,L021,L042,Medical,1,2026-08-21T20:58,2026-08-22T05:00,IN_PROGRESS
Q1445,L048,L027,Security,2,2026-08-21T21:15,2026-08-22T04:48,NEW
Q1446,L011,L045,Medical,1,2026-08-21T22:30,2026-08-22T07:40,NEW
Q1447,L021,L030,Delivery,4,2026-08-21T22:58,2026-08-22T00:38,DONE
Q1448,L029,L042,Maintenance,2,2026-08-21T23:43,2026-08-22T06:12,DONE
Q1449,L006,L008,Maintenance,3,2026-08-22T01:11,2026-08-22T04:49,CANCELLED
Q1450,L009,L039,Delivery,4,2026-08-22T02:17,2026-08-22T04:12,NEW
Q1451,L048,L009,Medical,4,2026-08-22T02:58,2026-08-22T04:10,IN_PROGRESS
Q1452,L006,L027,Medical,2,2026-08-22T04:16,2026-08-22T09:15,NEW
Q1453,L002,L036,Delivery,3,2026-08-22T05:20,2026-08-22T07:46,IN_PROGRESS
Q1454,L017,L045,IT_Support,1,2026-08-22T06:41,2026-08-22T13:49,DONE
Q1455,L010,L006,Catering,1,2026-08-22T06:47,2026-08-22T15:52,DONE
Q1456,L034,L028,IT_Support,5,2026-08-22T07:55,2026-08-22T08:29,IN_PROGRESS
Q1457,L015,L046,Maintenance,5,2026-08-22T08:34,2026-08-22T09:14,IN_PROGRESS
Q1458,L048,L032,Medical,2,2026-08-22T09:06,2026-08-22T16:38,NEW
Q1459,L019,L047,Delivery,2,2026-08-22T09:29,2026-08-22T13:38,NEW
Q1460,L019,L017,Medical,3,2026-08-22T10:48,2026-08-22T14:16,NEW
Q1461,L042,L030,Maintenance,3,2026-08-22T11:43,2026-08-22T15:11,IN_PROGRESS
Q1462,L014,L046,Medical,2,2026-08-22T11:57,2026-08-22T16:23,DONE
Q1463,L036,L004,Maintenance,5,2026-08-22T12:47,2026-08-22T13:37,NEW
Q1464,L043,L039,Delivery,4,2026-08-22T13:56,2026-08-22T15:35,NEW
Q1465,L025,L020,Catering,4,2026-08-22T15:12,2026-08-22T16:14,NEW
Q1466,L038,L012,Medical,3,2026-08-22T16:16,2026-08-22T18:33,IN_PROGRESS
Q1467,L006,L021,Delivery,2,2026-08-22T17:01,2026-08-22T21:14,NEW
Q1468,L009,L032,IT_Support,4,2026-08-22T18:01,2026-08-22T19:19,DONE
Q1469,L017,L040,IT_Support,5,2026-08-22T19:01,2026-08-22T20:00,DONE
Q1470,L011,L021,IT_Support,3,2026-08-22T20:17,2026-08-23T00:07,IN_PROGRESS
Q1471,L043,L041,IT_Support,1,2026-08-22T20:51,2026-08-23T03:39,NEW
Q1472,L003,L031,Medical,4,2026-08-22T21:59,2026-08-22T23:01,NEW
Q1473,L029,L023,Catering,3,2026-08-22T22:18,2026-08-23T02:07,NEW
Q1474,L047,L010,Maintenance,1,2026-08-22T22:46,2026-08-23T08:21,IN_PROGRESS
Q1475,L011,L048,Document,2,2026-08-23T00:05,2026-08-23T05:01,IN_PROGRESS
Q1476,L038,L001,Document,3,2026-08-23T00:19,2026-08-23T02:51,NEW
Q1477,L032,L044,Maintenance,2,2026-08-23T00:39,2026-08-23T06:21,NEW
Q1478,L024,L038,Security,1,2026-08-23T00:47,2026-08-23T07:09,NEW
Q1479,L030,L046,Delivery,3,2026-08-23T02:08,2026-08-23T05:33,IN_PROGRESS
Q1480,L001,L022,Catering,3,2026-08-23T02:54,2026-08-23T06:28,IN_PROGRESS
Q1481,L047,L037,Maintenance,5,2026-08-23T03:35,2026-08-23T04:16,IN_PROGRESS
Q1482,L004,L048,Maintenance,5,2026-08-23T04:31,2026-08-23T05:10,NEW
Q1483,L012,L016,Catering,5,2026-08-23T05:02,2026-08-23T05:38,NEW
Q1484,L025,L026,Medical,4,2026-08-23T05:22,2026-08-23T06:41,DONE
Q1485,L032,L028,IT_Support,5,2026-08-23T06:44,2026-08-23T07:19,IN_PROGRESS
Q1486,L023,L043,Maintenance,2,2026-08-23T07:46,2026-08-23T15:34,NEW
Q1487,L025,L031,Medical,3,2026-08-23T08:45,2026-08-23T12:29,NEW
Q1488,L024,L040,Maintenance,3,2026-08-23T09:55,2026-08-23T12:39,NEW
Q1489,L030,L044,Medical,4,2026-08-23T11:03,2026-08-23T12:36,NEW
Q1490,L041,L042,Document,2,2026-08-23T12:09,2026-08-23T17:27,NEW
Q1491,L010,L009,Delivery,2,2026-08-23T13:08,2026-08-23T18:25,NEW
Q1492,L037,L004,Document,5,2026-08-23T14:18,2026-08-23T15:02,DONE
Q1493,L027,L007,Document,4,2026-08-23T15:08,2026-08-23T16:24,IN_PROGRESS
Q1494,L038,L006,IT_Support,1,2026-08-23T16:12,2026-08-23T22:59,DONE
Q1495,L012,L026,Maintenance,2,2026-08-23T16:57,2026-08-23T23:29,DONE
Q1496,L047,L030,IT_Support,3,2026-08-23T17:45,2026-08-23T21:43,IN_PROGRESS
Q1497,L012,L014,Maintenance,4,2026-08-23T18:03,2026-08-23T19:30,DONE
Q1498,L035,L002,Maintenance,1,2026-08-23T19:09,2026-08-24T03:08,NEW
Q1499,L045,L026,IT_Support,5,2026-08-23T20:16,2026-08-23T20:56,DONE
Q1500,L040,L024,Delivery,5,2026-08-23T20:59,2026-08-23T21:32,DONE
Q1501,L009,L001,Maintenance,4,2026-08-23T21:28,2026-08-23T23:22,DONE
Q1502,L002,L014,Document,1,2026-08-23T22:53,2026-08-24T08:34,NEW
Q1503,L035,L013,Maintenance,4,2026-08-23T23:52,2026-08-24T00:53,NEW
Q1504,L008,L011,Security,4,2026-08-24T00:59,2026-08-24T02:29,NEW
Q1505,L002,L029,Document,2,2026-08-24T01:54,2026-08-24T06:09,DONE
Q1506,L022,L001,Maintenance,4,2026-08-24T02:52,2026-08-24T04:46,NEW
Q1507,L032,L048,Document,4,2026-08-24T03:01,2026-08-24T04:32,CANCELLED
Q1508,L026,L032,Document,4,2026-08-24T04:08,2026-08-24T05:22,IN_PROGRESS
Q1509,L046,L004,Document,2,2026-08-24T04:21,2026-08-24T09:31,NEW
Q1510,L042,L027,Security,1,2026-08-24T05:48,2026-08-24T13:18,DONE
Q1511,L029,L045,Document,1,2026-08-24T06:53,2026-08-24T14:23,DONE
Q1512,L029,L015,Document,3,2026-08-24T08:15,2026-08-24T12:05,DONE
Q1513,L046,L043,Document,5,2026-08-24T09:09,2026-08-24T09:53,DONE
Q1514,L044,L042,IT_Support,4,2026-08-24T09:34,2026-08-24T11:13,IN_PROGRESS
Q1515,L014,L019,Delivery,1,2026-08-24T10:01,2026-08-24T16:54,NEW
Q1516,L011,L039,Document,4,2026-08-24T11:09,2026-08-24T12:28,IN_PROGRESS
Q1517,L016,L014,Document,5,2026-08-24T11:47,2026-08-24T12:29,NEW
Q1518,L044,L011,Maintenance,5,2026-08-24T12:00,2026-08-24T12:41,NEW
Q1519,L028,L008,Delivery,1,2026-08-24T12:38,2026-08-24T20:07,NEW
Q1520,L023,L003,IT_Support,3,2026-08-24T13:48,2026-08-24T17:06,IN_PROGRESS
Q1521,L043,L007,Delivery,5,2026-08-24T14:51,2026-08-24T15:48,NEW
Q1522,L008,L007,IT_Support,3,2026-08-24T15:09,2026-08-24T18:55,IN_PROGRESS
Q1523,L036,L003,Document,1,2026-08-24T15:40,2026-08-24T23:14,NEW
Q1524,L011,L047,Medical,2,2026-08-24T15:57,2026-08-24T20:38,NEW
Q1525,L042,L024,Medical,1,2026-08-24T16:58,2026-08-25T00:46,IN_PROGRESS
Q1526,L001,L016,IT_Support,3,2026-08-24T17:24,2026-08-24T19:35,NEW
Q1527,L018,L024,Delivery,2,2026-08-24T18:00,2026-08-24T22:40,DONE
Q1528,L034,L027,IT_Support,1,2026-08-24T18:57,2026-08-25T04:48,NEW
Q1529,L030,L034,IT_Support,2,2026-08-24T19:20,2026-08-25T02:39,NEW
Q1530,L001,L046,IT_Support,5,2026-08-24T20:05,2026-08-24T20:48,NEW
Q1531,L011,L028,Maintenance,4,2026-08-24T21:32,2026-08-24T22:41,DONE
Q1532,L037,L004,Catering,5,2026-08-24T22:43,2026-08-24T23:23,IN_PROGRESS
Q1533,L027,L026,Security,4,2026-08-24T23:28,2026-08-25T01:26,IN_PROGRESS
Q1534,L023,L001,IT_Support,5,2026-08-24T23:51,2026-08-25T00:44,DONE
Q1535,L026,L029,Delivery,5,2026-08-25T01:15,2026-08-25T02:06,DONE
Q1536,L029,L045,Medical,4,2026-08-25T01:45,2026-08-25T03:41,DONE
Q1537,L020,L006,Maintenance,2,2026-08-25T02:06,2026-08-25T08:21,DONE
Q1538,L035,L019,Maintenance,3,2026-08-25T02:54,2026-08-25T06:31,NEW
Q1539,L041,L011,Maintenance,5,2026-08-25T03:32,2026-08-25T04:10,DONE
Q1540,L020,L047,Medical,3,2026-08-25T04:24,2026-08-25T06:58,DONE
Q1541,L041,L033,Medical,1,2026-08-25T04:44,2026-08-25T12:40,DONE
Q1542,L020,L037,IT_Support,3,2026-08-25T06:03,2026-08-25T09:16,CANCELLED
Q1543,L046,L041,Delivery,4,2026-08-25T06:46,2026-08-25T08:04,NEW
Q1544,L043,L046,Document,1,2026-08-25T07:22,2026-08-25T13:50,NEW
Q1545,L021,L034,Document,4,2026-08-25T07:39,2026-08-25T08:48,NEW
Q1546,L046,L028,IT_Support,1,2026-08-25T08:00,2026-08-25T16:03,NEW
Q1547,L014,L029,Maintenance,4,2026-08-25T09:16,2026-08-25T10:49,NEW
Q1548,L026,L017,Document,3,2026-08-25T10:23,2026-08-25T13:57,CANCELLED
Q1549,L027,L011,Maintenance,1,2026-08-25T10:44,2026-08-25T19:46,DONE
Q1550,L033,L034,Maintenance,2,2026-08-25T11:09,2026-08-25T17:34,NEW
Q1551,L024,L008,Delivery,2,2026-08-25T12:27,2026-08-25T17:43,NEW
Q1552,L003,L034,Maintenance,2,2026-08-25T13:10,2026-08-25T18:27,CANCELLED
Q1553,L032,L002,IT_Support,1,2026-08-25T13:21,2026-08-25T23:11,DONE
Q1554,L020,L019,Maintenance,4,2026-08-25T13:41,2026-08-25T15:16,NEW
Q1555,L023,L005,IT_Support,2,2026-08-25T14:58,2026-08-25T20:55,DONE
Q1556,L022,L025,Document,4,2026-08-25T15:20,2026-08-25T16:52,DONE
Q1557,L041,L030,IT_Support,4,2026-08-25T16:06,2026-08-25T17:11,NEW
Q1558,L040,L043,Delivery,2,2026-08-25T16:54,2026-08-25T23:14,IN_PROGRESS
Q1559,L003,L043,Security,4,2026-08-25T17:20,2026-08-25T19:05,DONE
Q1560,L002,L037,Delivery,4,2026-08-25T18:47,2026-08-25T19:54,NEW
Q1561,L042,L036,Maintenance,5,2026-08-25T18:58,2026-08-25T19:47,DONE
Q1562,L034,L013,IT_Support,3,2026-08-25T20:27,2026-08-26T00:27,NEW
Q1563,L035,L012,Catering,2,2026-08-25T21:46,2026-08-26T03:41,NEW
Q1564,L006,L035,Delivery,2,2026-08-25T21:53,2026-08-26T03:22,NEW
Q1565,L028,L012,Medical,5,2026-08-25T22:30,2026-08-25T23:03,NEW
Q1566,L008,L007,Document,2,2026-08-25T22:46,2026-08-26T03:27,NEW
Q1567,L020,L027,Delivery,1,2026-08-25T23:14,2026-08-26T05:22,CANCELLED
Q1568,L046,L004,Medical,1,2026-08-26T00:00,2026-08-26T07:08,NEW
Q1569,L025,L008,Maintenance,2,2026-08-26T00:35,2026-08-26T06:43,DONE
Q1570,L033,L025,Security,2,2026-08-26T01:50,2026-08-26T07:36,NEW
Q1571,L005,L031,Maintenance,3,2026-08-26T01:57,2026-08-26T04:32,IN_PROGRESS
Q1572,L036,L038,Delivery,2,2026-08-26T02:18,2026-08-26T07:37,DONE
Q1573,L037,L027,Document,4,2026-08-26T02:41,2026-08-26T04:04,NEW
Q1574,L035,L011,IT_Support,3,2026-08-26T03:57,2026-08-26T06:55,NEW
Q1575,L003,L001,IT_Support,5,2026-08-26T05:25,2026-08-26T06:01,DONE
Q1576,L001,L004,Security,3,2026-08-26T06:18,2026-08-26T09:03,DONE
Q1577,L041,L014,Document,3,2026-08-26T07:31,2026-08-26T10:44,NEW
Q1578,L005,L020,Maintenance,4,2026-08-26T08:47,2026-08-26T10:04,IN_PROGRESS
Q1579,L028,L014,Delivery,5,2026-08-26T09:35,2026-08-26T10:26,NEW
Q1580,L017,L046,Document,2,2026-08-26T10:23,2026-08-26T15:18,CANCELLED
Q1581,L030,L039,Medical,5,2026-08-26T10:28,2026-08-26T11:18,NEW
Q1582,L031,L001,Security,4,2026-08-26T11:35,2026-08-26T13:23,NEW
Q1583,L026,L035,Maintenance,5,2026-08-26T12:48,2026-08-26T13:19,DONE
Q1584,L043,L029,Delivery,2,2026-08-26T14:09,2026-08-26T19:42,IN_PROGRESS
Q1585,L025,L012,IT_Support,4,2026-08-26T14:29,2026-08-26T15:58,CANCELLED
Q1586,L024,L013,Document,2,2026-08-26T15:09,2026-08-26T22:05,NEW
Q1587,L046,L023,Maintenance,4,2026-08-26T15:42,2026-08-26T16:56,DONE
Q1588,L032,L024,Maintenance,3,2026-08-26T17:04,2026-08-26T19:31,DONE
Q1589,L001,L013,Catering,3,2026-08-26T17:44,2026-08-26T20:57,NEW
Q1590,L033,L032,Maintenance,2,2026-08-26T19:06,2026-08-27T01:32,DONE
Q1591,L012,L005,Document,4,2026-08-26T20:23,2026-08-26T22:17,NEW
Q1592,L015,L034,Delivery,2,2026-08-26T20:30,2026-08-27T03:29,IN_PROGRESS
Q1593,L044,L035,Delivery,4,2026-08-26T20:35,2026-08-26T22:35,IN_PROGRESS
Q1594,L028,L042,Delivery,3,2026-08-26T21:21,2026-08-27T00:17,IN_PROGRESS
Q1595,L027,L018,Maintenance,3,2026-08-26T22:32,2026-08-27T02:10,NEW
Q1596,L003,L047,Medical,2,2026-08-26T23:34,2026-08-27T04:56,NEW
Q1597,L001,L026,Maintenance,1,2026-08-26T23:42,2026-08-27T08:52,DONE
Q1598,L015,L045,Medical,1,2026-08-27T00:08,2026-08-27T07:34,NEW
Q1599,L020,L005,Delivery,1,2026-08-27T00:16,2026-08-27T08:49,NEW
Q1600,L041,L022,IT_Support,2,2026-08-27T01:04,2026-08-27T08:39,NEW
Q1601,L004,L022,Document,2,2026-08-27T02:25,2026-08-27T09:05,NEW
Q1602,L029,L007,Delivery,3,2026-08-27T02:37,2026-08-27T06:35,NEW
Q1603,L003,L025,Medical,4,2026-08-27T02:58,2026-08-27T04:01,NEW
Q1604,L029,L004,Medical,3,2026-08-27T03:10,2026-08-27T06:22,NEW
Q1605,L004,L019,IT_Support,2,2026-08-27T04:07,2026-08-27T09:08,DONE
Q1606,L039,L043,Delivery,3,2026-08-27T05:06,2026-08-27T08:59,NEW
Q1607,L040,L007,Medical,5,2026-08-27T06:09,2026-08-27T06:56,IN_PROGRESS
Q1608,L022,L038,Maintenance,1,2026-08-27T06:22,2026-08-27T14:55,DONE
Q1609,L013,L037,Maintenance,3,2026-08-27T07:28,2026-08-27T11:01,NEW
Q1610,L040,L029,Maintenance,1,2026-08-27T07:49,2026-08-27T15:10,NEW
Q1611,L038,L028,Document,3,2026-08-27T09:08,2026-08-27T13:02,NEW
Q1612,L035,L010,Maintenance,2,2026-08-27T10:00,2026-08-27T14:04,NEW
Q1613,L034,L038,Delivery,1,2026-08-27T11:16,2026-08-27T20:57,NEW
Q1614,L004,L028,Medical,5,2026-08-27T11:46,2026-08-27T12:42,DONE
Q1615,L005,L022,Maintenance,3,2026-08-27T12:50,2026-08-27T16:07,DONE
Q1616,L045,L022,IT_Support,3,2026-08-27T13:33,2026-08-27T16:27,NEW
Q1617,L022,L011,Maintenance,5,2026-08-27T14:41,2026-08-27T15:19,IN_PROGRESS
Q1618,L001,L041,Medical,2,2026-08-27T15:16,2026-08-27T21:21,DONE
Q1619,L048,L022,IT_Support,2,2026-08-27T15:21,2026-08-27T20:55,NEW
Q1620,L001,L005,Medical,3,2026-08-27T16:22,2026-08-27T18:47,NEW
Q1621,L041,L038,Security,2,2026-08-27T16:52,2026-08-27T21:44,CANCELLED
Q1622,L019,L012,Medical,2,2026-08-27T18:07,2026-08-27T23:11,NEW
Q1623,L012,L013,Maintenance,4,2026-08-27T18:14,2026-08-27T20:07,IN_PROGRESS
Q1624,L044,L009,Medical,4,2026-08-27T18:45,2026-08-27T20:04,NEW
Q1625,L030,L016,Medical,2,2026-08-27T19:57,2026-08-28T03:23,NEW
Q1626,L040,L028,Security,1,2026-08-27T20:18,2026-08-28T05:43,NEW
Q1627,L013,L035,Medical,2,2026-08-27T21:44,2026-08-28T02:48,DONE
Q1628,L003,L040,Document,5,2026-08-27T22:08,2026-08-27T22:49,NEW
Q1629,L016,L004,Delivery,2,2026-08-27T23:18,2026-08-28T05:49,NEW
Q1630,L032,L014,Delivery,4,2026-08-28T00:41,2026-08-28T01:45,IN_PROGRESS
Q1631,L011,L033,Medical,5,2026-08-28T01:33,2026-08-28T02:19,DONE
Q1632,L034,L030,Maintenance,4,2026-08-28T02:39,2026-08-28T04:24,DONE
Q1633,L032,L031,Medical,2,2026-08-28T03:58,2026-08-28T10:46,IN_PROGRESS
Q1634,L003,L014,Medical,2,2026-08-28T04:53,2026-08-28T09:50,IN_PROGRESS
Q1635,L020,L028,Security,3,2026-08-28T05:45,2026-08-28T08:18,IN_PROGRESS
Q1636,L036,L006,Maintenance,1,2026-08-28T06:35,2026-08-28T13:35,NEW
Q1637,L038,L003,Document,3,2026-08-28T07:39,2026-08-28T10:35,NEW
Q1638,L027,L024,IT_Support,2,2026-08-28T08:06,2026-08-28T14:01,NEW
Q1639,L015,L017,Delivery,2,2026-08-28T09:15,2026-08-28T15:28,NEW
Q1640,L035,L042,Maintenance,2,2026-08-28T09:35,2026-08-28T13:55,NEW
Q1641,L024,L003,Document,2,2026-08-28T10:12,2026-08-28T15:31,DONE
Q1642,L048,L044,IT_Support,2,2026-08-28T10:34,2026-08-28T18:14,DONE
Q1643,L046,L048,Document,2,2026-08-28T11:15,2026-08-28T18:47,DONE
Q1644,L023,L026,Security,4,2026-08-28T11:21,2026-08-28T12:51,DONE
Q1645,L042,L033,Catering,5,2026-08-28T11:55,2026-08-28T12:33,IN_PROGRESS
Q1646,L047,L048,Maintenance,2,2026-08-28T13:10,2026-08-28T20:25,DONE
Q1647,L030,L047,IT_Support,2,2026-08-28T13:39,2026-08-28T19:30,NEW
Q1648,L045,L027,Maintenance,3,2026-08-28T14:31,2026-08-28T16:49,DONE
Q1649,L037,L009,Medical,4,2026-08-28T16:00,2026-08-28T17:53,NEW
Q1650,L023,L022,Medical,2,2026-08-28T17:13,2026-08-28T22:31,DONE
Q1651,L021,L038,Maintenance,4,2026-08-28T17:37,2026-08-28T19:37,IN_PROGRESS
Q1652,L022,L037,Delivery,3,2026-08-28T18:32,2026-08-28T21:21,DONE
Q1653,L014,L026,Maintenance,2,2026-08-28T19:19,2026-08-29T01:46,NEW
Q1654,L029,L041,Security,1,2026-08-28T20:34,2026-08-29T03:21,NEW
Q1655,L003,L045,Delivery,1,2026-08-28T21:28,2026-08-29T04:42,NEW
Q1656,L014,L015,Medical,3,2026-08-28T22:20,2026-08-29T01:27,NEW
Q1657,L001,L011,Medical,5,2026-08-28T22:39,2026-08-28T23:14,NEW
Q1658,L035,L027,Document,1,2026-08-28T23:10,2026-08-29T05:45,IN_PROGRESS
Q1659,L014,L020,Medical,4,2026-08-29T00:32,2026-08-29T02:08,NEW
Q1660,L020,L038,Maintenance,4,2026-08-29T01:02,2026-08-29T02:02,NEW
Q1661,L010,L029,Maintenance,2,2026-08-29T02:14,2026-08-29T07:40,IN_PROGRESS
Q1662,L037,L032,Document,3,2026-08-29T02:55,2026-08-29T06:18,DONE
Q1663,L030,L023,Delivery,4,2026-08-29T04:18,2026-08-29T06:10,NEW
Q1664,L012,L027,Medical,5,2026-08-29T05:21,2026-08-29T06:04,DONE
Q1665,L043,L012,Delivery,1,2026-08-29T05:31,2026-08-29T12:34,DONE
Q1666,L011,L018,Security,3,2026-08-29T05:44,2026-08-29T09:14,DONE
Q1667,L047,L014,Security,2,2026-08-29T06:04,2026-08-29T11:40,DONE
Q1668,L005,L007,Document,4,2026-08-29T06:30,2026-08-29T07:46,NEW
Q1669,L014,L033,Maintenance,1,2026-08-29T07:34,2026-08-29T15:13,DONE
Q1670,L022,L048,Medical,2,2026-08-29T08:11,2026-08-29T12:42,NEW
Q1671,L046,L009,Medical,4,2026-08-29T08:24,2026-08-29T09:29,NEW
Q1672,L036,L043,Medical,5,2026-08-29T09:04,2026-08-29T10:01,NEW
Q1673,L011,L002,Delivery,1,2026-08-29T09:59,2026-08-29T16:44,NEW
Q1674,L005,L043,IT_Support,4,2026-08-29T10:49,2026-08-29T12:00,NEW
Q1675,L014,L046,Maintenance,4,2026-08-29T11:00,2026-08-29T12:53,NEW
Q1676,L041,L034,Delivery,4,2026-08-29T11:54,2026-08-29T13:38,IN_PROGRESS
Q1677,L020,L029,Maintenance,1,2026-08-29T12:24,2026-08-29T19:29,DONE
Q1678,L024,L016,Maintenance,1,2026-08-29T12:30,2026-08-29T19:58,NEW
Q1679,L013,L044,Delivery,2,2026-08-29T14:00,2026-08-29T18:44,IN_PROGRESS
Q1680,L047,L011,Maintenance,3,2026-08-29T14:46,2026-08-29T17:58,IN_PROGRESS
Q1681,L041,L013,Delivery,5,2026-08-29T15:45,2026-08-29T16:19,NEW
Q1682,L015,L014,Maintenance,2,2026-08-29T17:13,2026-08-29T22:35,NEW
Q1683,L001,L025,Maintenance,2,2026-08-29T17:53,2026-08-30T00:41,DONE
Q1684,L040,L024,Maintenance,5,2026-08-29T19:14,2026-08-29T20:00,NEW
Q1685,L007,L046,Document,5,2026-08-29T19:40,2026-08-29T20:19,IN_PROGRESS
Q1686,L007,L039,Medical,3,2026-08-29T20:02,2026-08-29T22:45,NEW
Q1687,L012,L041,IT_Support,4,2026-08-29T21:32,2026-08-29T23:02,CANCELLED
Q1688,L005,L022,Maintenance,5,2026-08-29T22:42,2026-08-29T23:33,NEW
Q1689,L048,L015,Document,4,2026-08-29T22:49,2026-08-30T00:28,NEW
Q1690,L008,L020,Medical,2,2026-08-29T23:04,2026-08-30T03:21,NEW
Q1691,L009,L024,Document,2,2026-08-30T00:31,2026-08-30T04:42,NEW
Q1692,L016,L047,Delivery,5,2026-08-30T01:18,2026-08-30T01:53,DONE
Q1693,L018,L021,Delivery,4,2026-08-30T02:16,2026-08-30T03:57,DONE
Q1694,L019,L002,Medical,4,2026-08-30T02:47,2026-08-30T04:21,NEW
Q1695,L004,L043,Catering,4,2026-08-30T03:20,2026-08-30T04:58,DONE
Q1696,L025,L034,Medical,2,2026-08-30T04:27,2026-08-30T08:46,NEW
Q1697,L013,L004,Delivery,1,2026-08-30T04:43,2026-08-30T11:29,NEW
Q1698,L038,L036,IT_Support,5,2026-08-30T04:58,2026-08-30T05:42,NEW
Q1699,L047,L030,Medical,4,2026-08-30T05:25,2026-08-30T07:03,NEW
Q1700,L016,L020,Medical,3,2026-08-30T06:04,2026-08-30T09:55,DONE
Q1701,L031,L006,Catering,2,2026-08-30T07:09,2026-08-30T13:03,NEW
Q1702,L028,L033,Delivery,2,2026-08-30T08:15,2026-08-30T12:22,NEW
Q1703,L025,L028,IT_Support,4,2026-08-30T09:36,2026-08-30T11:10,IN_PROGRESS
Q1704,L010,L036,Delivery,2,2026-08-30T10:39,2026-08-30T15:53,NEW
Q1705,L025,L036,Delivery,1,2026-08-30T11:44,2026-08-30T18:36,NEW
Q1706,L010,L013,Maintenance,5,2026-08-30T12:36,2026-08-30T13:22,DONE
Q1707,L026,L027,Security,5,2026-08-30T13:43,2026-08-30T14:23,NEW
Q1708,L042,L038,Maintenance,5,2026-08-30T14:03,2026-08-30T14:46,CANCELLED
Q1709,L037,L011,Maintenance,2,2026-08-30T14:52,2026-08-30T21:04,NEW
Q1710,L046,L032,Delivery,2,2026-08-30T15:46,2026-08-30T21:36,NEW
Q1711,L048,L016,Medical,1,2026-08-30T17:11,2026-08-31T02:13,IN_PROGRESS
Q1712,L044,L002,Delivery,3,2026-08-30T18:14,2026-08-30T21:42,NEW
Q1713,L010,L017,Medical,3,2026-08-30T18:39,2026-08-30T20:41,DONE
Q1714,L008,L006,Delivery,5,2026-08-30T19:59,2026-08-30T20:58,NEW
Q1715,L006,L034,Security,5,2026-08-30T20:58,2026-08-30T21:37,NEW
Q1716,L045,L020,Document,3,2026-08-30T22:18,2026-08-31T00:58,IN_PROGRESS
Q1717,L047,L027,IT_Support,5,2026-08-30T22:36,2026-08-30T23:27,IN_PROGRESS
Q1718,L037,L023,IT_Support,2,2026-08-30T23:31,2026-08-31T06:31,NEW
Q1719,L020,L001,Catering,4,2026-08-30T23:44,2026-08-31T01:33,NEW
Q1720,L045,L027,Document,3,2026-08-31T00:10,2026-08-31T02:33,DONE
Q1721,L024,L012,Delivery,2,2026-08-31T00:29,2026-08-31T06:26,NEW
Q1722,L037,L014,Maintenance,1,2026-08-31T00:58,2026-08-31T08:06,NEW
Q1723,L027,L029,Delivery,3,2026-08-31T01:24,2026-08-31T03:35,IN_PROGRESS
Q1724,L019,L006,Medical,2,2026-08-31T02:43,2026-08-31T07:45,NEW
Q1725,L031,L032,Delivery,1,2026-08-31T02:48,2026-08-31T11:40,NEW
Q1726,L038,L003,Maintenance,3,2026-08-31T04:10,2026-08-31T07:17,NEW
Q1727,L018,L032,Document,2,2026-08-31T05:02,2026-08-31T11:58,NEW
Q1728,L022,L021,IT_Support,5,2026-08-31T05:55,2026-08-31T06:45,DONE
Q1729,L004,L023,IT_Support,4,2026-08-31T06:51,2026-08-31T08:37,NEW
Q1730,L009,L002,Delivery,5,2026-08-31T07:27,2026-08-31T08:09,NEW
Q1731,L029,L040,Delivery,5,2026-08-31T08:56,2026-08-31T09:33,DONE
Q1732,L001,L041,Catering,4,2026-08-31T09:47,2026-08-31T11:42,NEW
Q1733,L003,L048,Medical,2,2026-08-31T10:43,2026-08-31T17:54,DONE
Q1734,L040,L006,Medical,5,2026-08-31T11:48,2026-08-31T12:40,IN_PROGRESS
Q1735,L045,L007,IT_Support,2,2026-08-31T12:11,2026-08-31T19:55,NEW
Q1736,L034,L037,IT_Support,4,2026-08-31T13:19,2026-08-31T15:09,NEW
Q1737,L006,L020,IT_Support,5,2026-08-31T14:23,2026-08-31T14:59,CANCELLED
Q1738,L029,L008,Document,3,2026-08-31T14:49,2026-08-31T18:26,NEW
Q1739,L043,L045,Maintenance,2,2026-08-31T15:14,2026-08-31T20:39,DONE
Q1740,L025,L018,Medical,2,2026-08-31T16:44,2026-08-31T21:17,NEW
Q1741,L043,L009,Security,3,2026-08-31T17:31,2026-08-31T21:23,NEW
Q1742,L015,L037,IT_Support,3,2026-08-31T18:24,2026-08-31T22:21,DONE
Q1743,L046,L048,IT_Support,2,2026-08-31T19:40,2026-09-01T03:21,DONE
Q1744,L028,L015,Medical,1,2026-08-31T19:56,2026-09-01T03:25,NEW
Q1745,L048,L038,Security,4,2026-08-31T20:48,2026-08-31T21:56,NEW
Q1746,L021,L025,Document,1,2026-08-31T22:01,2026-09-01T04:51,NEW
Q1747,L025,L028,Medical,2,2026-08-31T22:22,2026-09-01T04:37,DONE
Q1748,L043,L039,Document,1,2026-08-31T23:25,2026-09-01T06:47,NEW
Q1749,L010,L019,IT_Support,3,2026-09-01T00:46,2026-09-01T03:23,NEW
Q1750,L010,L048,Delivery,4,2026-09-01T02:07,2026-09-01T03:27,DONE
Q1751,L020,L033,Catering,1,2026-09-01T03:25,2026-09-01T11:29,CANCELLED
Q1752,L041,L014,Document,4,2026-09-01T04:12,2026-09-01T05:21,NEW
Q1753,L046,L014,IT_Support,5,2026-09-01T04:23,2026-09-01T05:23,NEW
Q1754,L012,L032,Delivery,2,2026-09-01T04:48,2026-09-01T08:55,IN_PROGRESS
Q1755,L036,L026,Medical,4,2026-09-01T05:43,2026-09-01T07:08,CANCELLED
Q1756,L005,L034,Delivery,2,2026-09-01T06:58,2026-09-01T12:40,IN_PROGRESS
Q1757,L007,L009,Medical,4,2026-09-01T07:09,2026-09-01T09:03,IN_PROGRESS
Q1758,L046,L020,Document,1,2026-09-01T08:15,2026-09-01T15:31,NEW
Q1759,L010,L014,Medical,4,2026-09-01T08:21,2026-09-01T09:44,DONE
Q1760,L047,L037,Maintenance,4,2026-09-01T09:14,2026-09-01T11:14,IN_PROGRESS
Q1761,L028,L044,IT_Support,5,2026-09-01T10:19,2026-09-01T10:55,NEW
Q1762,L004,L008,Catering,3,2026-09-01T10:43,2026-09-01T14:04,DONE
Q1763,L047,L026,Medical,1,2026-09-01T11:26,2026-09-01T20:24,NEW
Q1764,L039,L012,Delivery,2,2026-09-01T12:56,2026-09-01T19:46,DONE
Q1765,L006,L030,IT_Support,3,2026-09-01T14:24,2026-09-01T17:21,NEW
Q1766,L024,L001,Maintenance,1,2026-09-01T15:54,2026-09-02T01:48,NEW
Q1767,L033,L015,Maintenance,3,2026-09-01T16:34,2026-09-01T20:03,DONE
Q1768,L048,L007,IT_Support,1,2026-09-01T18:01,2026-09-02T03:02,NEW
Q1769,L028,L020,Document,1,2026-09-01T19:14,2026-09-02T02:03,NEW
Q1770,L026,L045,Maintenance,3,2026-09-01T20:26,2026-09-01T23:29,DONE
Q1771,L005,L034,IT_Support,3,2026-09-01T21:54,2026-09-02T00:10,IN_PROGRESS
Q1772,L014,L043,Security,1,2026-09-01T22:22,2026-09-02T04:25,DONE
Q1773,L036,L029,IT_Support,1,2026-09-01T22:53,2026-09-02T07:42,NEW
Q1774,L011,L006,Document,5,2026-09-01T23:13,2026-09-02T00:00,NEW
Q1775,L020,L024,Catering,1,2026-09-02T00:42,2026-09-02T06:44,CANCELLED
Q1776,L016,L020,Maintenance,5,2026-09-02T01:24,2026-09-02T02:16,IN_PROGRESS
Q1777,L035,L029,Maintenance,3,2026-09-02T02:14,2026-09-02T05:32,NEW
Q1778,L035,L033,Maintenance,1,2026-09-02T02:49,2026-09-02T09:00,IN_PROGRESS
Q1779,L013,L010,Medical,4,2026-09-02T04:11,2026-09-02T05:46,CANCELLED
Q1780,L014,L038,Medical,1,2026-09-02T04:25,2026-09-02T12:47,DONE
Q1781,L017,L025,Delivery,1,2026-09-02T05:02,2026-09-02T13:57,NEW
Q1782,L028,L045,Maintenance,2,2026-09-02T05:41,2026-09-02T12:25,DONE
Q1783,L045,L042,Maintenance,2,2026-09-02T06:51,2026-09-02T13:27,DONE
Q1784,L011,L027,IT_Support,2,2026-09-02T07:44,2026-09-02T11:52,IN_PROGRESS
Q1785,L039,L016,Maintenance,1,2026-09-02T08:59,2026-09-02T16:45,NEW
Q1786,L005,L022,Delivery,2,2026-09-02T09:38,2026-09-02T14:17,NEW
Q1787,L015,L018,Maintenance,2,2026-09-02T10:31,2026-09-02T14:59,CANCELLED
Q1788,L008,L012,Document,5,2026-09-02T11:38,2026-09-02T12:12,DONE
Q1789,L034,L023,Delivery,5,2026-09-02T13:00,2026-09-02T13:34,DONE
Q1790,L004,L011,Medical,4,2026-09-02T14:13,2026-09-02T15:48,NEW
Q1791,L039,L026,Document,1,2026-09-02T15:23,2026-09-03T00:27,NEW
Q1792,L010,L043,Maintenance,2,2026-09-02T15:34,2026-09-02T22:41,DONE
Q1793,L041,L024,Delivery,2,2026-09-02T16:37,2026-09-02T21:25,DONE
Q1794,L029,L023,IT_Support,3,2026-09-02T17:36,2026-09-02T20:43,NEW
Q1795,L046,L015,Medical,5,2026-09-02T18:33,2026-09-02T19:28,IN_PROGRESS
Q1796,L021,L006,Delivery,1,2026-09-02T18:49,2026-09-03T01:33,NEW
Q1797,L037,L004,Maintenance,2,2026-09-02T18:55,2026-09-03T00:45,IN_PROGRESS
Q1798,L044,L033,Security,1,2026-09-02T20:08,2026-09-03T05:08,NEW
Q1799,L008,L026,Maintenance,2,2026-09-02T20:13,2026-09-03T03:17,IN_PROGRESS
Q1800,L028,L045,Document,2,2026-09-02T21:42,2026-09-03T05:14,CANCELLED
Q1801,L034,L044,Delivery,3,2026-09-02T22:54,2026-09-03T02:50,CANCELLED
Q1802,L015,L012,Maintenance,4,2026-09-02T23:05,2026-09-03T00:32,DONE
Q1803,L032,L025,Maintenance,5,2026-09-02T23:41,2026-09-03T00:38,NEW
Q1804,L035,L008,Medical,3,2026-09-02T23:46,2026-09-03T03:21,NEW
Q1805,L041,L037,Medical,5,2026-09-03T01:13,2026-09-03T02:00,IN_PROGRESS
Q1806,L003,L030,Security,4,2026-09-03T01:18,2026-09-03T02:57,NEW
Q1807,L030,L022,Medical,1,2026-09-03T01:46,2026-09-03T09:30,NEW
Q1808,L023,L001,Maintenance,3,2026-09-03T02:56,2026-09-03T06:52,NEW
Q1809,L010,L027,Maintenance,3,2026-09-03T04:25,2026-09-03T06:58,NEW
Q1810,L015,L031,Medical,2,2026-09-03T04:53,2026-09-03T11:12,NEW
Q1811,L018,L007,Catering,3,2026-09-03T05:15,2026-09-03T08:01,NEW
Q1812,L048,L028,Maintenance,5,2026-09-03T05:34,2026-09-03T06:11,DONE
Q1813,L019,L003,Maintenance,2,2026-09-03T05:43,2026-09-03T10:26,NEW
Q1814,L043,L013,Security,5,2026-09-03T06:03,2026-09-03T06:47,CANCELLED
Q1815,L032,L036,Document,4,2026-09-03T06:59,2026-09-03T08:31,NEW
Q1816,L047,L048,IT_Support,2,2026-09-03T07:17,2026-09-03T14:41,NEW
Q1817,L002,L009,Maintenance,3,2026-09-03T07:52,2026-09-03T09:59,DONE
Q1818,L044,L022,Medical,3,2026-09-03T08:58,2026-09-03T11:36,NEW
Q1819,L019,L032,Maintenance,2,2026-09-03T10:08,2026-09-03T14:57,DONE
Q1820,L016,L018,IT_Support,5,2026-09-03T10:44,2026-09-03T11:36,CANCELLED
Q1821,L028,L013,Document,4,2026-09-03T11:53,2026-09-03T13:32,NEW
Q1822,L012,L013,Catering,3,2026-09-03T12:27,2026-09-03T14:43,DONE
Q1823,L009,L026,Maintenance,5,2026-09-03T13:26,2026-09-03T13:57,IN_PROGRESS
Q1824,L040,L013,Maintenance,1,2026-09-03T14:10,2026-09-03T23:11,NEW
Q1825,L041,L015,Medical,2,2026-09-03T15:09,2026-09-03T21:55,NEW
Q1826,L004,L020,Maintenance,2,2026-09-03T16:07,2026-09-03T21:12,IN_PROGRESS
Q1827,L021,L004,Maintenance,1,2026-09-03T16:53,2026-09-03T23:49,DONE
Q1828,L019,L031,Medical,3,2026-09-03T17:30,2026-09-03T20:33,NEW
Q1829,L024,L022,Medical,1,2026-09-03T18:45,2026-09-04T04:04,NEW
Q1830,L009,L022,Medical,4,2026-09-03T20:05,2026-09-03T21:38,DONE
Q1831,L039,L024,Medical,2,2026-09-03T20:21,2026-09-04T04:10,DONE
Q1832,L007,L009,Delivery,3,2026-09-03T21:49,2026-09-04T01:34,NEW
Q1833,L013,L046,Document,1,2026-09-03T23:13,2026-09-04T06:42,IN_PROGRESS
Q1834,L020,L047,Document,4,2026-09-03T23:37,2026-09-04T00:39,DONE
Q1835,L009,L013,Medical,4,2026-09-04T00:53,2026-09-04T02:15,IN_PROGRESS
Q1836,L024,L029,Delivery,1,2026-09-04T01:59,2026-09-04T09:48,NEW
Q1837,L034,L033,IT_Support,1,2026-09-04T02:20,2026-09-04T09:36,NEW
Q1838,L003,L037,Maintenance,5,2026-09-04T03:15,2026-09-04T04:01,NEW
Q1839,L044,L035,IT_Support,5,2026-09-04T04:25,2026-09-04T05:08,NEW
Q1840,L036,L025,Medical,2,2026-09-04T04:50,2026-09-04T11:18,NEW
Q1841,L014,L038,Delivery,5,2026-09-04T05:53,2026-09-04T06:40,IN_PROGRESS
Q1842,L046,L047,Document,2,2026-09-04T06:32,2026-09-04T12:55,NEW
Q1843,L008,L011,Medical,3,2026-09-04T07:58,2026-09-04T10:17,NEW
Q1844,L018,L009,Medical,4,2026-09-04T08:34,2026-09-04T10:26,DONE
Q1845,L014,L035,Maintenance,3,2026-09-04T09:26,2026-09-04T12:08,DONE
Q1846,L006,L046,Security,2,2026-09-04T10:49,2026-09-04T16:06,NEW
Q1847,L021,L004,Delivery,1,2026-09-04T11:29,2026-09-04T18:16,NEW
Q1848,L017,L002,Document,5,2026-09-04T12:48,2026-09-04T13:22,DONE
Q1849,L047,L048,Delivery,5,2026-09-04T14:13,2026-09-04T15:04,NEW
Q1850,L039,L036,Maintenance,2,2026-09-04T14:44,2026-09-04T21:14,NEW
Q1851,L041,L026,Maintenance,2,2026-09-04T15:36,2026-09-04T20:15,DONE
Q1852,L031,L006,Document,3,2026-09-04T16:03,2026-09-04T18:28,IN_PROGRESS
Q1853,L037,L032,Security,1,2026-09-04T16:47,2026-09-04T23:30,NEW
Q1854,L012,L026,Delivery,1,2026-09-04T17:46,2026-09-05T00:50,NEW
Q1855,L030,L042,Catering,1,2026-09-04T17:52,2026-09-05T02:28,DONE
Q1856,L007,L025,Medical,1,2026-09-04T19:19,2026-09-05T01:32,NEW
Q1857,L009,L016,IT_Support,2,2026-09-04T20:40,2026-09-05T00:45,IN_PROGRESS
Q1858,L001,L007,Document,4,2026-09-04T20:55,2026-09-04T22:07,IN_PROGRESS
Q1859,L009,L031,IT_Support,5,2026-09-04T21:39,2026-09-04T22:20,IN_PROGRESS
Q1860,L031,L010,Medical,3,2026-09-04T22:53,2026-09-05T01:09,NEW
Q1861,L002,L003,Maintenance,2,2026-09-04T23:51,2026-09-05T04:29,NEW
Q1862,L001,L015,Maintenance,2,2026-09-05T01:19,2026-09-05T06:34,NEW
Q1863,L015,L044,Medical,5,2026-09-05T01:38,2026-09-05T02:24,IN_PROGRESS
Q1864,L011,L008,Medical,5,2026-09-05T01:52,2026-09-05T02:42,NEW
Q1865,L022,L008,Medical,5,2026-09-05T02:02,2026-09-05T02:52,NEW
Q1866,L010,L012,Medical,2,2026-09-05T03:01,2026-09-05T07:41,NEW
Q1867,L043,L044,Medical,4,2026-09-05T03:19,2026-09-05T04:36,NEW
Q1868,L032,L043,Medical,2,2026-09-05T03:33,2026-09-05T10:56,IN_PROGRESS
Q1869,L001,L010,IT_Support,1,2026-09-05T04:35,2026-09-05T13:41,NEW
Q1870,L031,L005,Maintenance,2,2026-09-05T04:58,2026-09-05T09:23,DONE
Q1871,L021,L009,Maintenance,2,2026-09-05T05:57,2026-09-05T12:02,NEW
Q1872,L045,L027,Delivery,3,2026-09-05T07:25,2026-09-05T11:23,NEW
Q1873,L016,L025,Medical,3,2026-09-05T08:38,2026-09-05T11:47,DONE
Q1874,L015,L025,Maintenance,4,2026-09-05T09:11,2026-09-05T10:55,DONE
Q1875,L006,L016,Medical,2,2026-09-05T10:02,2026-09-05T16:26,IN_PROGRESS
Q1876,L031,L009,Security,1,2026-09-05T10:24,2026-09-05T17:41,NEW
Q1877,L030,L010,IT_Support,3,2026-09-05T11:22,2026-09-05T13:54,IN_PROGRESS
Q1878,L014,L015,Maintenance,1,2026-09-05T11:45,2026-09-05T19:23,CANCELLED
Q1879,L047,L002,Delivery,2,2026-09-05T12:03,2026-09-05T18:54,NEW
Q1880,L038,L005,Document,3,2026-09-05T12:26,2026-09-05T15:13,NEW
Q1881,L010,L006,Medical,1,2026-09-05T13:24,2026-09-05T20:04,IN_PROGRESS
Q1882,L012,L031,IT_Support,4,2026-09-05T14:07,2026-09-05T15:37,DONE
Q1883,L027,L047,Medical,4,2026-09-05T14:48,2026-09-05T15:55,DONE
Q1884,L010,L004,Security,1,2026-09-05T15:57,2026-09-05T22:40,DONE
Q1885,L001,L026,IT_Support,4,2026-09-05T17:12,2026-09-05T18:57,IN_PROGRESS
Q1886,L017,L037,Document,4,2026-09-05T17:37,2026-09-05T18:54,NEW
Q1887,L006,L034,Medical,5,2026-09-05T18:33,2026-09-05T19:23,DONE
Q1888,L004,L015,Medical,4,2026-09-05T19:55,2026-09-05T21:48,CANCELLED
Q1889,L005,L045,Document,2,2026-09-05T20:48,2026-09-06T01:32,DONE
Q1890,L004,L024,Delivery,2,2026-09-05T21:02,2026-09-06T02:36,NEW
Q1891,L039,L022,Maintenance,2,2026-09-05T21:15,2026-09-06T02:11,DONE
Q1892,L039,L001,IT_Support,2,2026-09-05T22:41,2026-09-06T02:51,DONE
Q1893,L016,L018,Maintenance,3,2026-09-05T23:47,2026-09-06T01:53,NEW
Q1894,L004,L021,Maintenance,2,2026-09-06T00:28,2026-09-06T06:11,CANCELLED
Q1895,L033,L013,Medical,2,2026-09-06T00:49,2026-09-06T07:50,NEW
Q1896,L044,L007,Medical,5,2026-09-06T01:58,2026-09-06T02:54,NEW
Q1897,L010,L002,Document,2,2026-09-06T02:07,2026-09-06T07:23,DONE
Q1898,L011,L010,Delivery,1,2026-09-06T02:41,2026-09-06T12:29,DONE
Q1899,L014,L044,Delivery,4,2026-09-06T03:50,2026-09-06T05:23,NEW
Q1900,L047,L039,Delivery,5,2026-09-06T04:11,2026-09-06T04:52,NEW
Q1901,L019,L024,Delivery,5,2026-09-06T05:05,2026-09-06T05:43,NEW
Q1902,L014,L040,Delivery,5,2026-09-06T06:13,2026-09-06T06:47,DONE
Q1903,L001,L010,IT_Support,2,2026-09-06T06:29,2026-09-06T12:38,IN_PROGRESS
Q1904,L007,L030,Medical,5,2026-09-06T07:09,2026-09-06T07:58,NEW
Q1905,L024,L023,Maintenance,1,2026-09-06T07:47,2026-09-06T15:50,DONE
Q1906,L017,L029,Delivery,1,2026-09-06T09:04,2026-09-06T17:10,NEW
Q1907,L003,L024,IT_Support,2,2026-09-06T09:25,2026-09-06T15:19,IN_PROGRESS
Q1908,L024,L033,IT_Support,5,2026-09-06T10:22,2026-09-06T11:09,NEW
Q1909,L029,L017,Security,5,2026-09-06T11:49,2026-09-06T12:21,NEW
Q1910,L048,L016,Delivery,3,2026-09-06T12:07,2026-09-06T14:45,NEW
Q1911,L025,L011,Document,5,2026-09-06T13:11,2026-09-06T14:03,NEW
Q1912,L006,L023,Document,3,2026-09-06T14:15,2026-09-06T16:29,IN_PROGRESS
Q1913,L006,L012,Delivery,5,2026-09-06T15:15,2026-09-06T15:52,IN_PROGRESS
Q1914,L026,L022,Maintenance,2,2026-09-06T15:47,2026-09-06T22:48,DONE
Q1915,L048,L031,Maintenance,3,2026-09-06T16:52,2026-09-06T19:11,DONE
Q1916,L041,L014,Medical,1,2026-09-06T17:45,2026-09-07T00:02,DONE
Q1917,L024,L028,Catering,2,2026-09-06T17:52,2026-09-07T01:08,NEW
Q1918,L044,L028,Medical,3,2026-09-06T18:05,2026-09-06T20:41,NEW
Q1919,L026,L006,Medical,4,2026-09-06T19:17,2026-09-06T20:30,IN_PROGRESS
Q1920,L043,L017,Maintenance,1,2026-09-06T20:16,2026-09-07T03:45,IN_PROGRESS
Q1921,L020,L011,Maintenance,5,2026-09-06T21:29,2026-09-06T22:22,NEW
Q1922,L011,L045,Document,5,2026-09-06T21:35,2026-09-06T22:23,DONE
Q1923,L039,L013,Maintenance,4,2026-09-06T22:21,2026-09-07T00:03,DONE
Q1924,L047,L048,IT_Support,4,2026-09-06T23:24,2026-09-07T01:23,NEW
Q1925,L010,L032,IT_Support,1,2026-09-07T00:21,2026-09-07T07:30,CANCELLED
Q1926,L034,L047,Maintenance,3,2026-09-07T00:42,2026-09-07T04:04,IN_PROGRESS
Q1927,L029,L041,Catering,1,2026-09-07T01:11,2026-09-07T09:00,NEW
Q1928,L045,L035,IT_Support,3,2026-09-07T01:42,2026-09-07T04:07,NEW
Q1929,L044,L037,Catering,2,2026-09-07T02:25,2026-09-07T10:16,NEW
Q1930,L020,L033,IT_Support,1,2026-09-07T03:28,2026-09-07T11:15,NEW
Q1931,L027,L023,Medical,3,2026-09-07T04:15,2026-09-07T06:30,DONE
Q1932,L012,L030,Medical,1,2026-09-07T05:29,2026-09-07T13:22,DONE
Q1933,L025,L019,IT_Support,4,2026-09-07T06:10,2026-09-07T07:54,NEW
Q1934,L040,L007,Catering,4,2026-09-07T07:38,2026-09-07T08:39,NEW
Q1935,L040,L027,Maintenance,4,2026-09-07T08:52,2026-09-07T09:58,DONE
Q1936,L041,L029,Document,4,2026-09-07T09:50,2026-09-07T11:03,DONE
Q1937,L015,L030,Document,1,2026-09-07T10:10,2026-09-07T17:41,IN_PROGRESS
Q1938,L030,L027,Security,3,2026-09-07T11:05,2026-09-07T13:06,IN_PROGRESS
Q1939,L024,L015,Document,2,2026-09-07T11:49,2026-09-07T19:25,DONE
Q1940,L027,L044,Medical,5,2026-09-07T11:55,2026-09-07T12:26,NEW
Q1941,L010,L024,IT_Support,3,2026-09-07T12:40,2026-09-07T15:23,DONE
Q1942,L011,L037,Catering,2,2026-09-07T13:09,2026-09-07T19:48,CANCELLED
Q1943,L042,L026,IT_Support,4,2026-09-07T13:30,2026-09-07T15:30,DONE
Q1944,L041,L025,Catering,1,2026-09-07T14:41,2026-09-07T21:23,IN_PROGRESS
Q1945,L028,L015,Maintenance,4,2026-09-07T16:06,2026-09-07T17:42,NEW
Q1946,L026,L041,Security,4,2026-09-07T16:52,2026-09-07T18:05,NEW
Q1947,L006,L002,Document,3,2026-09-07T17:00,2026-09-07T20:20,DONE
Q1948,L046,L035,Security,1,2026-09-07T17:21,2026-09-08T01:19,NEW
Q1949,L041,L023,Maintenance,3,2026-09-07T17:50,2026-09-07T20:59,NEW
Q1950,L016,L047,IT_Support,4,2026-09-07T19:19,2026-09-07T20:22,DONE
Q1951,L018,L006,Security,3,2026-09-07T20:38,2026-09-08T00:29,DONE
Q1952,L007,L008,Document,3,2026-09-07T21:19,2026-09-07T23:53,NEW
Q1953,L012,L006,Maintenance,4,2026-09-07T21:50,2026-09-07T23:15,IN_PROGRESS
Q1954,L007,L032,IT_Support,2,2026-09-07T23:15,2026-09-08T03:36,NEW
Q1955,L014,L044,Medical,5,2026-09-08T00:17,2026-09-08T01:13,DONE
Q1956,L011,L012,Medical,5,2026-09-08T01:42,2026-09-08T02:32,DONE
Q1957,L003,L008,Catering,5,2026-09-08T03:05,2026-09-08T03:55,NEW
Q1958,L035,L001,Maintenance,4,2026-09-08T03:34,2026-09-08T05:12,IN_PROGRESS
Q1959,L002,L035,Maintenance,3,2026-09-08T04:25,2026-09-08T06:40,NEW
Q1960,L014,L002,Medical,2,2026-09-08T04:46,2026-09-08T09:56,DONE
Q1961,L018,L031,Maintenance,1,2026-09-08T06:14,2026-09-08T13:31,DONE
Q1962,L030,L048,IT_Support,2,2026-09-08T06:43,2026-09-08T11:49,IN_PROGRESS
Q1963,L012,L013,Delivery,5,2026-09-08T07:38,2026-09-08T08:12,NEW
Q1964,L038,L020,Maintenance,2,2026-09-08T08:38,2026-09-08T16:26,DONE
Q1965,L029,L028,Delivery,2,2026-09-08T08:56,2026-09-08T15:33,NEW
Q1966,L025,L028,Maintenance,2,2026-09-08T09:09,2026-09-08T15:06,IN_PROGRESS
Q1967,L011,L003,Catering,2,2026-09-08T10:31,2026-09-08T18:04,NEW
Q1968,L042,L034,Medical,1,2026-09-08T11:17,2026-09-08T19:08,NEW
Q1969,L012,L023,Medical,2,2026-09-08T11:40,2026-09-08T19:01,NEW
Q1970,L021,L008,Maintenance,4,2026-09-08T12:12,2026-09-08T13:41,DONE
Q1971,L037,L021,Security,3,2026-09-08T13:34,2026-09-08T16:02,NEW
Q1972,L034,L014,Maintenance,2,2026-09-08T15:04,2026-09-08T19:25,DONE
Q1973,L037,L042,Medical,4,2026-09-08T15:49,2026-09-08T17:01,NEW
Q1974,L013,L004,IT_Support,3,2026-09-08T16:47,2026-09-08T19:03,CANCELLED
Q1975,L008,L029,Maintenance,2,2026-09-08T18:05,2026-09-08T22:12,NEW
Q1976,L019,L002,Delivery,5,2026-09-08T19:09,2026-09-08T19:49,CANCELLED
Q1977,L009,L026,Maintenance,3,2026-09-08T19:57,2026-09-08T23:20,DONE
Q1978,L002,L005,Document,4,2026-09-08T20:40,2026-09-08T21:57,NEW
Q1979,L021,L023,Medical,3,2026-09-08T22:03,2026-09-09T00:10,NEW
Q1980,L026,L020,Delivery,3,2026-09-08T22:23,2026-09-09T02:11,IN_PROGRESS
Q1981,L024,L040,Maintenance,2,2026-09-08T22:45,2026-09-09T03:13,IN_PROGRESS
Q1982,L021,L045,Delivery,2,2026-09-08T23:37,2026-09-09T07:07,NEW
Q1983,L035,L001,Security,5,2026-09-08T23:47,2026-09-09T00:21,NEW
Q1984,L004,L020,Maintenance,2,2026-09-09T00:40,2026-09-09T05:51,DONE
Q1985,L045,L011,Security,3,2026-09-09T01:25,2026-09-09T05:16,NEW
Q1986,L010,L038,Security,5,2026-09-09T02:27,2026-09-09T03:19,NEW
Q1987,L008,L034,Document,3,2026-09-09T03:07,2026-09-09T05:49,DONE
Q1988,L047,L031,Medical,2,2026-09-09T03:22,2026-09-09T08:54,NEW
Q1989,L036,L016,Delivery,4,2026-09-09T03:36,2026-09-09T04:40,NEW
Q1990,L032,L004,Maintenance,4,2026-09-09T04:30,2026-09-09T05:42,NEW
Q1991,L032,L007,Medical,4,2026-09-09T05:40,2026-09-09T07:34,DONE
Q1992,L021,L020,Delivery,3,2026-09-09T05:58,2026-09-09T09:56,IN_PROGRESS
Q1993,L009,L015,Security,2,2026-09-09T07:22,2026-09-09T13:35,NEW
Q1994,L013,L026,Maintenance,2,2026-09-09T08:06,2026-09-09T15:50,NEW
Q1995,L037,L042,Maintenance,3,2026-09-09T08:25,2026-09-09T10:56,NEW
Q1996,L002,L030,Maintenance,1,2026-09-09T09:27,2026-09-09T16:59,DONE
Q1997,L017,L008,Security,1,2026-09-09T09:51,2026-09-09T17:34,NEW
Q1998,L033,L028,Document,1,2026-09-09T10:08,2026-09-09T16:22,NEW
Q1999,L042,L025,Delivery,2,2026-09-09T11:04,2026-09-09T15:51,NEW
Q2000,L039,L018,Document,3,2026-09-09T11:15,2026-09-09T14:38,NEW
Q2001,L016,L008,Medical,1,2026-09-09T11:54,2026-09-09T18:57,NEW
Q2002,L005,L035,Maintenance,2,2026-09-09T12:50,2026-09-09T18:32,DONE
Q2003,L026,L007,Medical,4,2026-09-09T13:58,2026-09-09T15:11,DONE
Q2004,L011,L014,Medical,2,2026-09-09T14:03,2026-09-09T18:29,DONE
Q2005,L012,L033,Security,3,2026-09-09T14:38,2026-09-09T17:00,DONE
Q2006,L021,L044,Maintenance,1,2026-09-09T15:01,2026-09-09T21:06,IN_PROGRESS
Q2007,L043,L031,Medical,1,2026-09-09T15:15,2026-09-09T22:00,CANCELLED
Q2008,L044,L001,Delivery,5,2026-09-09T16:22,2026-09-09T17:20,DONE
Q2009,L016,L031,Maintenance,4,2026-09-09T17:04,2026-09-09T18:57,DONE
Q2010,L015,L034,Document,4,2026-09-09T17:21,2026-09-09T18:40,DONE
Q2011,L048,L022,Document,4,2026-09-09T17:58,2026-09-09T19:40,CANCELLED
Q2012,L032,L017,Medical,1,2026-09-09T18:45,2026-09-10T04:35,NEW
Q2013,L034,L043,IT_Support,5,2026-09-09T19:04,2026-09-09T19:43,DONE
Q2014,L044,L034,Delivery,1,2026-09-09T19:37,2026-09-10T04:27,CANCELLED
Q2015,L010,L023,Document,2,2026-09-09T20:37,2026-09-10T02:11,DONE
Q2016,L014,L048,Maintenance,5,2026-09-09T20:55,2026-09-09T21:34,NEW
Q2017,L041,L044,Document,5,2026-09-09T22:07,2026-09-09T22:43,CANCELLED
Q2018,L017,L044,Medical,2,2026-09-09T22:47,2026-09-10T04:08,DONE
Q2019,L013,L003,Document,4,2026-09-09T23:07,2026-09-10T00:34,IN_PROGRESS
Q2020,L030,L037,Catering,4,2026-09-09T23:13,2026-09-10T00:44,NEW
Q2021,L044,L010,Document,1,2026-09-10T00:37,2026-09-10T09:01,CANCELLED
Q2022,L043,L011,Medical,2,2026-09-10T00:43,2026-09-10T06:41,IN_PROGRESS
Q2023,L003,L014,Medical,3,2026-09-10T01:27,2026-09-10T03:28,NEW
Q2024,L028,L023,Delivery,1,2026-09-10T02:16,2026-09-10T12:02,NEW
Q2025,L019,L033,Delivery,4,2026-09-10T02:32,2026-09-10T04:17,NEW
Q2026,L018,L010,Catering,2,2026-09-10T02:47,2026-09-10T08:03,DONE
Q2027,L015,L003,Document,2,2026-09-10T04:13,2026-09-10T09:53,IN_PROGRESS
Q2028,L028,L026,Catering,1,2026-09-10T04:56,2026-09-10T13:30,NEW
Q2029,L020,L012,Document,4,2026-09-10T06:15,2026-09-10T07:23,NEW
Q2030,L044,L013,Medical,2,2026-09-10T06:59,2026-09-10T11:22,NEW
Q2031,L020,L037,Security,3,2026-09-10T07:59,2026-09-10T10:12,NEW
Q2032,L009,L034,Document,2,2026-09-10T08:49,2026-09-10T14:50,IN_PROGRESS
Q2033,L023,L028,Document,5,2026-09-10T10:05,2026-09-10T10:36,NEW
Q2034,L027,L006,IT_Support,3,2026-09-10T10:41,2026-09-10T13:56,NEW
Q2035,L033,L024,Maintenance,3,2026-09-10T11:23,2026-09-10T13:30,DONE
Q2036,L026,L009,Medical,1,2026-09-10T12:34,2026-09-10T20:33,IN_PROGRESS
Q2037,L004,L006,Maintenance,4,2026-09-10T13:21,2026-09-10T14:59,DONE
Q2038,L007,L019,Document,4,2026-09-10T13:41,2026-09-10T15:28,IN_PROGRESS
Q2039,L038,L044,Document,4,2026-09-10T14:52,2026-09-10T16:01,DONE
Q2040,L036,L048,Catering,1,2026-09-10T16:18,2026-09-11T01:58,IN_PROGRESS
Q2041,L010,L020,Delivery,4,2026-09-10T17:25,2026-09-10T19:04,IN_PROGRESS
Q2042,L045,L013,Maintenance,1,2026-09-10T17:45,2026-09-11T02:00,DONE
Q2043,L007,L016,Maintenance,3,2026-09-10T18:46,2026-09-10T21:37,IN_PROGRESS
Q2044,L004,L008,Medical,3,2026-09-10T19:21,2026-09-10T23:09,NEW
Q2045,L035,L017,IT_Support,4,2026-09-10T20:44,2026-09-10T21:51,IN_PROGRESS
Q2046,L028,L010,Delivery,1,2026-09-10T22:13,2026-09-11T05:16,IN_PROGRESS
Q2047,L011,L033,IT_Support,3,2026-09-10T22:55,2026-09-11T01:33,NEW
Q2048,L043,L007,Catering,3,2026-09-10T23:50,2026-09-11T02:40,DONE
Q2049,L045,L007,Document,4,2026-09-11T00:31,2026-09-11T02:00,NEW
Q2050,L008,L037,Medical,3,2026-09-11T01:59,2026-09-11T05:54,NEW
Q2051,L043,L040,Document,5,2026-09-11T02:21,2026-09-11T03:06,NEW
Q2052,L047,L030,Medical,5,2026-09-11T03:30,2026-09-11T04:07,NEW
Q2053,L023,L046,Document,3,2026-09-11T03:54,2026-09-11T06:40,NEW
Q2054,L042,L047,Document,3,2026-09-11T04:16,2026-09-11T06:52,IN_PROGRESS
Q2055,L043,L020,Security,1,2026-09-11T05:22,2026-09-11T13:00,IN_PROGRESS
Q2056,L031,L039,Delivery,3,2026-09-11T06:51,2026-09-11T09:59,IN_PROGRESS
Q2057,L017,L009,Delivery,3,2026-09-11T08:10,2026-09-11T11:30,DONE
Q2058,L026,L005,Maintenance,5,2026-09-11T08:27,2026-09-11T09:19,NEW
Q2059,L007,L032,Security,3,2026-09-11T09:02,2026-09-11T11:16,DONE
Q2060,L012,L047,Security,4,2026-09-11T09:15,2026-09-11T10:18,NEW
Q2061,L040,L017,Maintenance,4,2026-09-11T10:07,2026-09-11T11:45,NEW
Q2062,L041,L002,Security,2,2026-09-11T11:00,2026-09-11T15:36,DONE
Q2063,L041,L037,Document,2,2026-09-11T11:41,2026-09-11T16:40,NEW
Q2064,L013,L048,Maintenance,4,2026-09-11T12:10,2026-09-11T13:15,IN_PROGRESS
Q2065,L038,L002,Delivery,4,2026-09-11T12:32,2026-09-11T14:29,NEW
Q2066,L001,L024,IT_Support,3,2026-09-11T13:20,2026-09-11T15:44,IN_PROGRESS
Q2067,L044,L047,Catering,4,2026-09-11T13:49,2026-09-11T15:42,DONE
Q2068,L014,L037,IT_Support,3,2026-09-11T15:05,2026-09-11T18:55,NEW
Q2069,L009,L005,Document,3,2026-09-11T16:22,2026-09-11T18:33,IN_PROGRESS
Q2070,L009,L034,Medical,1,2026-09-11T17:43,2026-09-12T02:03,NEW
Q2071,L022,L002,Medical,5,2026-09-11T18:20,2026-09-11T19:03,IN_PROGRESS
Q2072,L046,L023,Maintenance,5,2026-09-11T18:34,2026-09-11T19:22,CANCELLED
Q2073,L037,L016,IT_Support,5,2026-09-11T19:30,2026-09-11T20:20,NEW
Q2074,L004,L035,Delivery,1,2026-09-11T20:08,2026-09-12T04:57,NEW
Q2075,L002,L003,Medical,2,2026-09-11T20:20,2026-09-12T00:57,NEW
Q2076,L014,L036,IT_Support,2,2026-09-11T20:32,2026-09-12T01:34,DONE
Q2077,L032,L005,IT_Support,3,2026-09-11T20:41,2026-09-11T23:26,DONE
Q2078,L005,L027,Delivery,3,2026-09-11T21:56,2026-09-12T00:58,NEW
Q2079,L009,L018,Delivery,1,2026-09-11T22:29,2026-09-12T07:17,NEW
Q2080,L023,L028,Document,4,2026-09-11T23:03,2026-09-12T00:04,IN_PROGRESS
Q2081,L004,L002,IT_Support,4,2026-09-11T23:56,2026-09-12T01:39,DONE
Q2082,L044,L048,Maintenance,3,2026-09-12T00:49,2026-09-12T04:19,NEW
Q2083,L009,L028,Delivery,3,2026-09-12T01:09,2026-09-12T05:04,NEW
Q2084,L040,L024,Medical,2,2026-09-12T01:44,2026-09-12T06:45,IN_PROGRESS
Q2085,L006,L038,Maintenance,2,2026-09-12T02:57,2026-09-12T09:24,DONE
Q2086,L003,L001,IT_Support,2,2026-09-12T03:09,2026-09-12T07:43,NEW
Q2087,L029,L012,Medical,2,2026-09-12T03:45,2026-09-12T09:01,DONE
Q2088,L009,L039,Medical,3,2026-09-12T03:59,2026-09-12T06:32,DONE
Q2089,L035,L014,Document,4,2026-09-12T04:32,2026-09-12T06:00,NEW
Q2090,L046,L020,Security,4,2026-09-12T06:00,2026-09-12T07:15,NEW
Q2091,L034,L018,Medical,3,2026-09-12T06:49,2026-09-12T10:45,NEW
Q2092,L027,L046,Catering,3,2026-09-12T07:11,2026-09-12T10:59,NEW
Q2093,L034,L015,Medical,3,2026-09-12T07:34,2026-09-12T09:39,NEW
Q2094,L016,L045,Document,4,2026-09-12T07:41,2026-09-12T09:12,IN_PROGRESS
Q2095,L003,L018,Medical,2,2026-09-12T07:56,2026-09-12T12:13,IN_PROGRESS
Q2096,L018,L040,Medical,1,2026-09-12T08:57,2026-09-12T15:10,NEW
Q2097,L015,L014,Medical,3,2026-09-12T10:26,2026-09-12T13:06,DONE
Q2098,L003,L035,IT_Support,5,2026-09-12T11:14,2026-09-12T12:14,IN_PROGRESS
Q2099,L017,L038,Maintenance,1,2026-09-12T12:38,2026-09-12T20:31,DONE
Q2100,L028,L047,Security,4,2026-09-12T13:53,2026-09-12T15:17,IN_PROGRESS
Q2101,L047,L044,Medical,5,2026-09-12T14:52,2026-09-12T15:41,DONE
Q2102,L047,L037,IT_Support,2,2026-09-12T15:56,2026-09-12T23:08,CANCELLED
Q2103,L016,L009,Security,2,2026-09-12T16:36,2026-09-12T20:59,DONE
Q2104,L016,L035,Medical,3,2026-09-12T17:16,2026-09-12T20:03,NEW
Q2105,L018,L043,Medical,3,2026-09-12T17:22,2026-09-12T19:38,DONE
Q2106,L020,L037,Delivery,4,2026-09-12T18:23,2026-09-12T19:52,IN_PROGRESS
Q2107,L002,L029,Maintenance,1,2026-09-12T19:49,2026-09-13T05:27,NEW
Q2108,L036,L014,Medical,3,2026-09-12T21:12,2026-09-13T00:23,NEW
Q2109,L021,L005,Document,2,2026-09-12T21:50,2026-09-13T05:34,IN_PROGRESS
Q2110,L032,L009,Medical,1,2026-09-12T23:18,2026-09-13T05:32,IN_PROGRESS
Q2111,L015,L008,Delivery,1,2026-09-13T00:19,2026-09-13T08:49,NEW
Q2112,L021,L003,Document,2,2026-09-13T00:57,2026-09-13T06:04,IN_PROGRESS
Q2113,L002,L044,IT_Support,4,2026-09-13T01:07,2026-09-13T02:45,DONE
Q2114,L016,L023,Maintenance,3,2026-09-13T01:21,2026-09-13T03:52,NEW
Q2115,L014,L021,Document,4,2026-09-13T01:35,2026-09-13T03:16,DONE
Q2116,L028,L019,Maintenance,2,2026-09-13T02:22,2026-09-13T08:08,IN_PROGRESS
Q2117,L042,L024,Document,5,2026-09-13T02:47,2026-09-13T03:29,DONE
Q2118,L003,L019,Security,5,2026-09-13T04:09,2026-09-13T04:46,NEW
Q2119,L021,L033,Delivery,4,2026-09-13T04:58,2026-09-13T06:58,IN_PROGRESS
Q2120,L014,L025,IT_Support,1,2026-09-13T05:51,2026-09-13T15:08,DONE
Q2121,L042,L006,Catering,5,2026-09-13T07:08,2026-09-13T07:55,CANCELLED
Q2122,L037,L041,Document,2,2026-09-13T08:20,2026-09-13T15:46,DONE
Q2123,L004,L039,Document,3,2026-09-13T08:59,2026-09-13T11:24,NEW
Q2124,L037,L019,Security,2,2026-09-13T09:50,2026-09-13T14:51,IN_PROGRESS
Q2125,L030,L021,IT_Support,1,2026-09-13T10:47,2026-09-13T18:21,NEW
Q2126,L006,L023,Document,1,2026-09-13T11:53,2026-09-13T20:29,NEW
Q2127,L015,L029,IT_Support,2,2026-09-13T12:14,2026-09-13T18:33,IN_PROGRESS
Q2128,L016,L027,Delivery,4,2026-09-13T12:55,2026-09-13T14:16,DONE
Q2129,L021,L008,Maintenance,2,2026-09-13T14:13,2026-09-13T20:21,CANCELLED
Q2130,L041,L013,Security,5,2026-09-13T14:33,2026-09-13T15:17,NEW
Q2131,L017,L036,Delivery,3,2026-09-13T14:42,2026-09-13T18:29,NEW
Q2132,L028,L002,Delivery,5,2026-09-13T15:54,2026-09-13T16:54,NEW
Q2133,L025,L028,Medical,2,2026-09-13T16:36,2026-09-13T21:08,DONE
Q2134,L022,L038,Delivery,1,2026-09-13T16:50,2026-09-14T02:01,DONE
Q2135,L023,L029,Security,3,2026-09-13T17:50,2026-09-13T20:28,DONE
Q2136,L031,L045,Maintenance,1,2026-09-13T19:00,2026-09-14T01:23,DONE
Q2137,L010,L001,Delivery,2,2026-09-13T19:53,2026-09-14T01:17,DONE
Q2138,L029,L012,Document,3,2026-09-13T20:10,2026-09-13T22:40,IN_PROGRESS
Q2139,L020,L032,Medical,3,2026-09-13T21:29,2026-09-14T00:35,IN_PROGRESS
Q2140,L028,L019,Medical,2,2026-09-13T21:52,2026-09-14T02:04,NEW
Q2141,L048,L047,Maintenance,3,2026-09-13T23:15,2026-09-14T01:56,DONE
Q2142,L007,L023,Medical,1,2026-09-14T00:16,2026-09-14T07:15,NEW
Q2143,L011,L019,Security,2,2026-09-14T00:34,2026-09-14T05:35,DONE
Q2144,L043,L018,Maintenance,2,2026-09-14T01:00,2026-09-14T05:09,IN_PROGRESS
Q2145,L039,L003,Catering,3,2026-09-14T01:05,2026-09-14T04:08,IN_PROGRESS
Q2146,L002,L024,Maintenance,5,2026-09-14T02:06,2026-09-14T02:53,DONE
Q2147,L009,L030,Medical,1,2026-09-14T02:26,2026-09-14T10:21,DONE
Q2148,L028,L032,Medical,5,2026-09-14T03:56,2026-09-14T04:30,CANCELLED
Q2149,L023,L006,IT_Support,2,2026-09-14T04:21,2026-09-14T10:32,NEW
Q2150,L022,L018,Document,4,2026-09-14T04:35,2026-09-14T06:20,DONE
Q2151,L045,L021,Security,1,2026-09-14T05:46,2026-09-14T13:09,NEW
Q2152,L013,L036,Delivery,5,2026-09-14T07:12,2026-09-14T08:03,NEW
Q2153,L001,L016,Maintenance,2,2026-09-14T07:42,2026-09-14T12:51,IN_PROGRESS
Q2154,L031,L010,Document,1,2026-09-14T08:03,2026-09-14T14:55,NEW
Q2155,L041,L006,Catering,5,2026-09-14T08:08,2026-09-14T08:52,DONE
Q2156,L005,L032,Document,2,2026-09-14T09:06,2026-09-14T16:04,NEW
Q2157,L017,L040,Medical,3,2026-09-14T10:12,2026-09-14T13:20,DONE
Q2158,L043,L012,Security,4,2026-09-14T11:42,2026-09-14T13:13,IN_PROGRESS
Q2159,L032,L041,Medical,2,2026-09-14T11:59,2026-09-14T16:57,NEW
Q2160,L008,L019,Medical,3,2026-09-14T12:58,2026-09-14T15:13,NEW
Q2161,L012,L030,Catering,4,2026-09-14T13:53,2026-09-14T15:38,NEW
Q2162,L009,L031,IT_Support,5,2026-09-14T14:28,2026-09-14T14:59,DONE
Q2163,L019,L018,Document,5,2026-09-14T14:40,2026-09-14T15:28,IN_PROGRESS
Q2164,L021,L017,Delivery,2,2026-09-14T15:39,2026-09-14T21:23,IN_PROGRESS
Q2165,L017,L004,Medical,4,2026-09-14T15:49,2026-09-14T17:08,NEW
Q2166,L029,L027,Medical,5,2026-09-14T17:14,2026-09-14T17:48,DONE
Q2167,L040,L022,Maintenance,3,2026-09-14T17:21,2026-09-14T21:04,IN_PROGRESS
Q2168,L025,L006,IT_Support,2,2026-09-14T18:36,2026-09-14T22:54,NEW
Q2169,L042,L004,Document,2,2026-09-14T19:01,2026-09-15T02:37,NEW
Q2170,L035,L026,IT_Support,2,2026-09-14T19:53,2026-09-15T01:19,IN_PROGRESS
Q2171,L027,L014,Document,2,2026-09-14T20:00,2026-09-15T03:15,NEW
Q2172,L034,L007,Document,4,2026-09-14T20:41,2026-09-14T22:00,NEW
Q2173,L002,L015,Delivery,4,2026-09-14T21:01,2026-09-14T22:53,NEW
Q2174,L025,L042,Medical,4,2026-09-14T21:16,2026-09-14T22:20,IN_PROGRESS
Q2175,L005,L033,Delivery,4,2026-09-14T21:22,2026-09-14T23:09,NEW
Q2176,L035,L039,Security,1,2026-09-14T22:17,2026-09-15T05:08,DONE
Q2177,L039,L020,IT_Support,2,2026-09-14T23:00,2026-09-15T04:12,DONE
Q2178,L030,L013,Maintenance,5,2026-09-14T23:53,2026-09-15T00:33,DONE
Q2179,L028,L006,Medical,2,2026-09-15T00:34,2026-09-15T08:28,NEW
Q2180,L045,L035,Document,2,2026-09-15T01:29,2026-09-15T07:06,CANCELLED
Q2181,L035,L046,Maintenance,2,2026-09-15T02:24,2026-09-15T09:43,CANCELLED
Q2182,L015,L029,Medical,3,2026-09-15T03:11,2026-09-15T05:30,DONE
Q2183,L041,L006,Maintenance,1,2026-09-15T04:18,2026-09-15T12:51,IN_PROGRESS
Q2184,L016,L006,Maintenance,3,2026-09-15T05:35,2026-09-15T09:13,NEW
Q2185,L015,L004,IT_Support,2,2026-09-15T06:23,2026-09-15T13:58,NEW
Q2186,L010,L003,Medical,3,2026-09-15T06:28,2026-09-15T09:03,NEW
Q2187,L045,L014,IT_Support,4,2026-09-15T07:13,2026-09-15T08:54,DONE
Q2188,L016,L021,Document,3,2026-09-15T07:28,2026-09-15T11:26,DONE
Q2189,L007,L028,Delivery,2,2026-09-15T07:53,2026-09-15T14:08,DONE
Q2190,L048,L008,Maintenance,2,2026-09-15T08:02,2026-09-15T15:50,CANCELLED
Q2191,L028,L032,Maintenance,4,2026-09-15T09:17,2026-09-15T10:43,NEW
Q2192,L026,L001,Medical,2,2026-09-15T09:56,2026-09-15T16:11,NEW
Q2193,L021,L040,Security,3,2026-09-15T10:38,2026-09-15T13:45,NEW
Q2194,L044,L014,IT_Support,5,2026-09-15T12:00,2026-09-15T12:39,NEW
Q2195,L031,L030,Maintenance,2,2026-09-15T12:22,2026-09-15T17:06,DONE
Q2196,L034,L046,IT_Support,1,2026-09-15T12:46,2026-09-15T20:48,NEW
Q2197,L005,L001,Medical,1,2026-09-15T13:59,2026-09-15T21:58,DONE
Q2198,L022,L007,Maintenance,3,2026-09-15T14:48,2026-09-15T18:10,NEW
Q2199,L036,L015,Medical,1,2026-09-15T15:29,2026-09-16T01:01,NEW
Q2200,L028,L038,Delivery,2,2026-09-15T16:06,2026-09-15T22:31,DONE
Q2201,L035,L042,Delivery,1,2026-09-15T16:38,2026-09-15T23:51,NEW
Q2202,L012,L017,Document,1,2026-09-15T18:05,2026-09-16T03:23,DONE
Q2203,L025,L022,Document,5,2026-09-15T19:28,2026-09-15T20:20,DONE
Q2204,L031,L014,Maintenance,4,2026-09-15T19:44,2026-09-15T21:43,CANCELLED
Q2205,L040,L010,Maintenance,3,2026-09-15T19:58,2026-09-15T23:53,NEW
Q2206,L004,L009,Document,2,2026-09-15T20:44,2026-09-16T02:03,DONE
Q2207,L033,L008,Medical,2,2026-09-15T21:49,2026-09-16T03:21,DONE
Q2208,L020,L034,Medical,1,2026-09-15T22:21,2026-09-16T05:05,DONE
Q2209,L041,L018,Delivery,4,2026-09-15T23:28,2026-09-16T01:12,DONE
Q2210,L017,L044,Maintenance,5,2026-09-15T23:55,2026-09-16T00:26,DONE
Q2211,L024,L030,IT_Support,2,2026-09-16T01:18,2026-09-16T07:43,NEW
Q2212,L013,L025,Medical,5,2026-09-16T01:48,2026-09-16T02:33,CANCELLED
Q2213,L024,L034,Maintenance,3,2026-09-16T02:40,2026-09-16T06:38,NEW
Q2214,L017,L033,Security,3,2026-09-16T03:20,2026-09-16T06:43,NEW
Q2215,L031,L026,Maintenance,4,2026-09-16T04:45,2026-09-16T05:48,NEW
Q2216,L037,L002,IT_Support,5,2026-09-16T06:10,2026-09-16T06:55,CANCELLED
Q2217,L032,L012,Document,5,2026-09-16T06:28,2026-09-16T07:00,DONE
Q2218,L024,L002,Delivery,4,2026-09-16T06:55,2026-09-16T08:50,DONE
Q2219,L009,L006,Medical,4,2026-09-16T08:21,2026-09-16T10:06,NEW
Q2220,L004,L021,Maintenance,3,2026-09-16T08:50,2026-09-16T12:14,CANCELLED
Q2221,L040,L048,Maintenance,4,2026-09-16T09:35,2026-09-16T11:32,IN_PROGRESS
Q2222,L046,L011,Security,3,2026-09-16T10:46,2026-09-16T12:48,IN_PROGRESS
Q2223,L043,L026,Medical,4,2026-09-16T11:15,2026-09-16T13:07,NEW
Q2224,L033,L010,Delivery,1,2026-09-16T11:55,2026-09-16T20:32,NEW
Q2225,L013,L045,Document,1,2026-09-16T12:00,2026-09-16T19:21,DONE
Q2226,L018,L036,Medical,2,2026-09-16T12:16,2026-09-16T18:42,DONE
Q2227,L030,L006,Maintenance,1,2026-09-16T12:44,2026-09-16T20:07,DONE
Q2228,L038,L041,Catering,4,2026-09-16T13:16,2026-09-16T14:56,IN_PROGRESS
Q2229,L024,L030,Maintenance,4,2026-09-16T14:43,2026-09-16T16:43,NEW
Q2230,L013,L048,IT_Support,1,2026-09-16T15:24,2026-09-16T22:11,NEW
Q2231,L018,L009,Document,2,2026-09-16T16:03,2026-09-16T23:51,IN_PROGRESS
Q2232,L013,L012,Catering,2,2026-09-16T16:19,2026-09-16T22:26,NEW
Q2233,L023,L038,Medical,4,2026-09-16T17:44,2026-09-16T19:27,DONE
Q2234,L011,L003,Security,3,2026-09-16T19:01,2026-09-16T21:28,NEW
Q2235,L045,L028,Medical,4,2026-09-16T19:32,2026-09-16T20:53,IN_PROGRESS
Q2236,L045,L033,Document,4,2026-09-16T20:42,2026-09-16T22:31,NEW
Q2237,L014,L017,Medical,2,2026-09-16T21:53,2026-09-17T04:43,IN_PROGRESS
Q2238,L041,L012,Document,3,2026-09-16T23:10,2026-09-17T01:59,NEW
Q2239,L043,L038,Security,2,2026-09-17T00:00,2026-09-17T07:44,NEW
Q2240,L001,L011,Medical,2,2026-09-17T00:17,2026-09-17T05:06,DONE
Q2241,L023,L020,Maintenance,3,2026-09-17T01:18,2026-09-17T05:02,DONE
Q2242,L040,L030,Delivery,4,2026-09-17T02:23,2026-09-17T04:16,DONE
Q2243,L016,L017,Delivery,3,2026-09-17T03:19,2026-09-17T05:58,NEW
Q2244,L003,L015,IT_Support,5,2026-09-17T04:17,2026-09-17T05:01,NEW
Q2245,L018,L037,Medical,1,2026-09-17T05:00,2026-09-17T14:48,NEW
Q2246,L039,L045,Security,2,2026-09-17T05:22,2026-09-17T09:57,CANCELLED
Q2247,L043,L022,IT_Support,1,2026-09-17T05:45,2026-09-17T15:12,NEW
Q2248,L023,L030,Medical,3,2026-09-17T06:15,2026-09-17T10:09,DONE
Q2249,L012,L020,Medical,1,2026-09-17T07:15,2026-09-17T13:40,IN_PROGRESS
Q2250,L047,L016,Maintenance,3,2026-09-17T07:20,2026-09-17T10:22,DONE
Q2251,L011,L023,Maintenance,3,2026-09-17T07:52,2026-09-17T11:49,NEW
Q2252,L031,L043,Medical,3,2026-09-17T08:09,2026-09-17T10:59,NEW
Q2253,L009,L021,IT_Support,1,2026-09-17T08:50,2026-09-17T18:21,DONE
Q2254,L044,L047,IT_Support,3,2026-09-17T09:39,2026-09-17T12:42,DONE
Q2255,L043,L048,Catering,1,2026-09-17T10:06,2026-09-17T19:24,IN_PROGRESS
Q2256,L016,L024,Medical,3,2026-09-17T11:27,2026-09-17T15:04,NEW
Q2257,L026,L005,Delivery,1,2026-09-17T11:59,2026-09-17T19:18,NEW
Q2258,L028,L006,Medical,3,2026-09-17T12:40,2026-09-17T15:20,NEW
Q2259,L025,L044,IT_Support,1,2026-09-17T13:38,2026-09-17T20:25,CANCELLED
Q2260,L011,L026,Delivery,4,2026-09-17T13:53,2026-09-17T15:15,NEW
Q2261,L044,L047,Maintenance,5,2026-09-17T13:59,2026-09-17T14:35,IN_PROGRESS
Q2262,L021,L009,Document,2,2026-09-17T15:06,2026-09-17T21:55,NEW
Q2263,L043,L026,Medical,1,2026-09-17T16:32,2026-09-17T23:03,NEW
Q2264,L039,L029,Document,4,2026-09-17T17:45,2026-09-17T19:08,DONE
Q2265,L008,L012,Catering,3,2026-09-17T18:00,2026-09-17T20:20,NEW
Q2266,L001,L022,Security,4,2026-09-17T19:10,2026-09-17T21:02,NEW
Q2267,L040,L047,IT_Support,2,2026-09-17T19:20,2026-09-17T23:53,NEW
Q2268,L032,L030,Medical,5,2026-09-17T19:57,2026-09-17T20:41,DONE
Q2269,L022,L044,Medical,4,2026-09-17T20:24,2026-09-17T21:42,DONE
Q2270,L023,L027,Maintenance,2,2026-09-17T21:45,2026-09-18T02:15,DONE
Q2271,L023,L047,Maintenance,4,2026-09-17T22:00,2026-09-17T23:34,NEW
Q2272,L007,L009,Delivery,3,2026-09-17T22:40,2026-09-18T01:25,NEW
Q2273,L030,L045,Delivery,5,2026-09-17T23:52,2026-09-18T00:41,IN_PROGRESS
Q2274,L030,L003,Maintenance,2,2026-09-18T01:18,2026-09-18T08:47,NEW
Q2275,L007,L025,Document,4,2026-09-18T02:44,2026-09-18T04:31,NEW
Q2276,L020,L028,Medical,1,2026-09-18T04:12,2026-09-18T13:24,DONE
Q2277,L006,L028,Catering,4,2026-09-18T04:55,2026-09-18T06:34,DONE
Q2278,L033,L035,IT_Support,2,2026-09-18T05:47,2026-09-18T12:15,IN_PROGRESS
Q2279,L031,L014,IT_Support,2,2026-09-18T06:15,2026-09-18T11:27,DONE
Q2280,L033,L043,Maintenance,2,2026-09-18T06:56,2026-09-18T12:07,NEW
Q2281,L001,L027,Maintenance,4,2026-09-18T07:36,2026-09-18T08:53,DONE
Q2282,L030,L039,IT_Support,3,2026-09-18T08:09,2026-09-18T10:12,NEW
Q2283,L046,L021,Medical,3,2026-09-18T09:31,2026-09-18T13:17,DONE
Q2284,L030,L038,Medical,3,2026-09-18T10:36,2026-09-18T14:36,DONE
Q2285,L036,L001,Medical,2,2026-09-18T11:00,2026-09-18T17:00,IN_PROGRESS
Q2286,L048,L032,Maintenance,4,2026-09-18T11:37,2026-09-18T13:02,DONE
Q2287,L003,L043,IT_Support,5,2026-09-18T12:53,2026-09-18T13:35,DONE
Q2288,L006,L014,IT_Support,3,2026-09-18T13:38,2026-09-18T16:36,NEW
Q2289,L044,L030,Maintenance,3,2026-09-18T14:28,2026-09-18T17:41,NEW
Q2290,L028,L027,Catering,1,2026-09-18T15:44,2026-09-19T00:56,CANCELLED
Q2291,L032,L016,Medical,3,2026-09-18T16:04,2026-09-18T18:17,NEW
Q2292,L026,L014,Maintenance,1,2026-09-18T16:29,2026-09-19T01:47,NEW
Q2293,L048,L026,Document,2,2026-09-18T17:50,2026-09-18T23:03,NEW
Q2294,L021,L024,Delivery,4,2026-09-18T19:16,2026-09-18T21:04,DONE
Q2295,L041,L021,Document,3,2026-09-18T20:12,2026-09-18T23:16,NEW
Q2296,L030,L019,IT_Support,3,2026-09-18T20:39,2026-09-18T23:31,IN_PROGRESS
Q2297,L019,L001,Document,2,2026-09-18T21:06,2026-09-19T04:02,NEW
Q2298,L007,L025,Document,2,2026-09-18T21:35,2026-09-19T04:19,NEW
Q2299,L002,L040,Medical,3,2026-09-18T21:50,2026-09-19T01:07,NEW
Q2300,L037,L047,Medical,1,2026-09-18T22:16,2026-09-19T06:43,DONE
Q2301,L041,L031,Delivery,5,2026-09-18T23:37,2026-09-19T00:36,NEW
Q2302,L042,L025,Document,5,2026-09-19T00:02,2026-09-19T00:47,IN_PROGRESS
Q2303,L024,L047,Security,1,2026-09-19T00:32,2026-09-19T07:56,IN_PROGRESS
Q2304,L009,L019,Maintenance,1,2026-09-19T01:35,2026-09-19T08:39,DONE
Q2305,L044,L039,Document,2,2026-09-19T02:39,2026-09-19T08:49,NEW
Q2306,L042,L008,IT_Support,4,2026-09-19T03:04,2026-09-19T04:19,IN_PROGRESS
Q2307,L030,L047,Catering,1,2026-09-19T04:01,2026-09-19T13:44,NEW
Q2308,L034,L031,IT_Support,1,2026-09-19T04:39,2026-09-19T14:27,NEW
Q2309,L046,L035,Maintenance,4,2026-09-19T05:52,2026-09-19T07:37,DONE
Q2310,L002,L029,Document,4,2026-09-19T06:47,2026-09-19T08:40,NEW
Q2311,L047,L003,Medical,4,2026-09-19T08:15,2026-09-19T09:43,NEW
Q2312,L028,L008,Maintenance,4,2026-09-19T09:34,2026-09-19T11:22,DONE
Q2313,L008,L047,Maintenance,2,2026-09-19T10:10,2026-09-19T17:35,NEW
Q2314,L031,L014,Medical,2,2026-09-19T11:13,2026-09-19T19:05,DONE
Q2315,L046,L032,IT_Support,4,2026-09-19T12:14,2026-09-19T13:35,NEW
Q2316,L029,L045,Medical,2,2026-09-19T12:36,2026-09-19T17:15,NEW
Q2317,L034,L019,Maintenance,5,2026-09-19T13:18,2026-09-19T13:58,DONE
Q2318,L046,L011,Document,2,2026-09-19T14:00,2026-09-19T18:41,DONE
Q2319,L048,L045,Maintenance,3,2026-09-19T14:37,2026-09-19T17:59,IN_PROGRESS
Q2320,L015,L002,IT_Support,3,2026-09-19T14:43,2026-09-19T17:17,NEW
Q2321,L024,L047,Document,5,2026-09-19T15:49,2026-09-19T16:39,DONE
Q2322,L011,L023,Delivery,3,2026-09-19T17:00,2026-09-19T19:48,NEW
Q2323,L025,L032,Delivery,5,2026-09-19T18:06,2026-09-19T19:05,NEW
Q2324,L025,L001,Delivery,1,2026-09-19T18:37,2026-09-20T01:36,NEW
Q2325,L010,L018,Delivery,4,2026-09-19T19:07,2026-09-19T20:29,NEW
Q2326,L032,L030,Document,3,2026-09-19T20:19,2026-09-20T00:14,NEW
Q2327,L015,L048,Maintenance,4,2026-09-19T20:36,2026-09-19T22:36,NEW
Q2328,L022,L033,Maintenance,3,2026-09-19T21:49,2026-09-20T01:41,DONE
Q2329,L006,L004,Document,3,2026-09-19T22:17,2026-09-20T01:46,NEW
Q2330,L042,L016,Medical,4,2026-09-19T23:39,2026-09-20T00:56,NEW
Q2331,L036,L018,Maintenance,2,2026-09-19T23:52,2026-09-20T07:45,IN_PROGRESS
Q2332,L009,L034,Medical,2,2026-09-20T01:11,2026-09-20T07:15,NEW
Q2333,L030,L007,Document,4,2026-09-20T02:37,2026-09-20T03:41,NEW
Q2334,L013,L031,Maintenance,1,2026-09-20T03:51,2026-09-20T12:23,NEW
Q2335,L014,L039,Document,3,2026-09-20T04:10,2026-09-20T07:43,DONE
Q2336,L029,L042,Maintenance,4,2026-09-20T05:13,2026-09-20T06:13,DONE
Q2337,L017,L027,Delivery,3,2026-09-20T06:22,2026-09-20T09:24,NEW
Q2338,L033,L019,Catering,2,2026-09-20T06:58,2026-09-20T12:27,IN_PROGRESS
Q2339,L018,L044,Document,2,2026-09-20T07:26,2026-09-20T13:32,NEW
Q2340,L001,L021,Security,3,2026-09-20T07:53,2026-09-20T10:02,NEW
Q2341,L028,L044,Medical,5,2026-09-20T09:19,2026-09-20T10:11,NEW
Q2342,L035,L012,Maintenance,1,2026-09-20T10:03,2026-09-20T18:13,NEW
Q2343,L020,L021,IT_Support,3,2026-09-20T11:26,2026-09-20T13:53,DONE
Q2344,L037,L044,Maintenance,1,2026-09-20T11:52,2026-09-20T21:32,DONE
Q2345,L011,L040,Delivery,2,2026-09-20T12:57,2026-09-20T19:46,DONE
Q2346,L039,L027,IT_Support,2,2026-09-20T14:02,2026-09-20T21:43,IN_PROGRESS
Q2347,L020,L024,Maintenance,2,2026-09-20T14:47,2026-09-20T20:44,NEW
Q2348,L020,L028,Document,4,2026-09-20T15:43,2026-09-20T16:46,NEW
Q2349,L027,L023,Delivery,1,2026-09-20T16:23,2026-09-20T22:29,NEW
Q2350,L046,L013,Maintenance,4,2026-09-20T17:15,2026-09-20T18:16,NEW
Q2351,L021,L028,IT_Support,2,2026-09-20T17:45,2026-09-21T01:11,DONE
Q2352,L014,L040,Document,5,2026-09-20T18:21,2026-09-20T18:57,NEW
Q2353,L021,L047,Document,4,2026-09-20T18:31,2026-09-20T20:20,NEW
Q2354,L043,L025,Delivery,5,2026-09-20T19:11,2026-09-20T20:01,NEW
Q2355,L038,L025,Maintenance,1,2026-09-20T20:24,2026-09-21T04:00,NEW
Q2356,L029,L019,Maintenance,1,2026-09-20T21:10,2026-09-21T06:30,DONE
Q2357,L047,L027,IT_Support,5,2026-09-20T22:28,2026-09-20T23:05,DONE
Q2358,L036,L006,Document,2,2026-09-20T23:57,2026-09-21T05:05,DONE
Q2359,L036,L034,IT_Support,4,2026-09-21T00:10,2026-09-21T02:05,NEW
Q2360,L045,L046,IT_Support,5,2026-09-21T01:12,2026-09-21T02:06,NEW
Q2361,L014,L012,Medical,2,2026-09-21T01:42,2026-09-21T08:37,NEW
Q2362,L046,L017,Medical,4,2026-09-21T02:02,2026-09-21T03:43,NEW
Q2363,L027,L028,Medical,3,2026-09-21T03:14,2026-09-21T05:22,NEW
Q2364,L033,L024,Maintenance,2,2026-09-21T04:23,2026-09-21T12:08,NEW
Q2365,L021,L035,Document,3,2026-09-21T04:37,2026-09-21T07:50,DONE
Q2366,L006,L036,IT_Support,3,2026-09-21T04:53,2026-09-21T08:07,IN_PROGRESS
Q2367,L030,L040,Delivery,2,2026-09-21T05:53,2026-09-21T13:24,NEW
Q2368,L018,L030,Document,5,2026-09-21T07:21,2026-09-21T08:02,DONE
Q2369,L005,L012,Delivery,2,2026-09-21T08:21,2026-09-21T16:10,DONE
Q2370,L002,L026,Document,1,2026-09-21T08:28,2026-09-21T14:32,IN_PROGRESS
Q2371,L015,L021,Medical,2,2026-09-21T09:14,2026-09-21T15:32,NEW
Q2372,L030,L042,Delivery,4,2026-09-21T10:04,2026-09-21T12:01,DONE
Q2373,L046,L037,Maintenance,4,2026-09-21T10:32,2026-09-21T11:38,NEW
Q2374,L002,L035,Delivery,4,2026-09-21T11:46,2026-09-21T13:08,DONE
Q2375,L005,L021,IT_Support,5,2026-09-21T12:16,2026-09-21T12:56,DONE
Q2376,L011,L028,Catering,2,2026-09-21T13:06,2026-09-21T17:14,IN_PROGRESS
Q2377,L009,L029,Maintenance,5,2026-09-21T13:37,2026-09-21T14:20,NEW
Q2378,L004,L029,Document,2,2026-09-21T14:57,2026-09-21T22:27,DONE
Q2379,L008,L006,Catering,3,2026-09-21T16:08,2026-09-21T18:24,DONE
Q2380,L011,L014,Maintenance,3,2026-09-21T16:53,2026-09-21T19:47,DONE
Q2381,L013,L014,Catering,4,2026-09-21T17:30,2026-09-21T19:02,NEW
Q2382,L008,L030,Maintenance,2,2026-09-21T17:47,2026-09-21T23:19,NEW
Q2383,L024,L020,IT_Support,2,2026-09-21T18:30,2026-09-21T23:30,IN_PROGRESS
Q2384,L045,L006,Delivery,4,2026-09-21T18:37,2026-09-21T20:37,IN_PROGRESS
Q2385,L018,L047,Delivery,2,2026-09-21T19:13,2026-09-22T00:00,NEW
Q2386,L037,L001,Maintenance,1,2026-09-21T19:22,2026-09-22T01:39,DONE
Q2387,L039,L014,IT_Support,4,2026-09-21T20:20,2026-09-21T22:12,NEW
Q2388,L011,L027,Maintenance,5,2026-09-21T21:50,2026-09-21T22:26,CANCELLED
Q2389,L024,L008,IT_Support,1,2026-09-21T22:46,2026-09-22T07:28,NEW
Q2390,L024,L017,Delivery,1,2026-09-21T22:54,2026-09-22T08:43,NEW
Q2391,L031,L003,IT_Support,1,2026-09-22T00:08,2026-09-22T07:46,NEW
Q2392,L039,L047,Document,1,2026-09-22T00:41,2026-09-22T07:06,NEW
Q2393,L027,L005,Maintenance,3,2026-09-22T01:54,2026-09-22T04:51,CANCELLED
Q2394,L009,L039,IT_Support,1,2026-09-22T02:31,2026-09-22T09:05,NEW
Q2395,L021,L043,Document,5,2026-09-22T02:48,2026-09-22T03:34,DONE
Q2396,L032,L048,IT_Support,3,2026-09-22T03:58,2026-09-22T06:15,NEW
Q2397,L010,L015,Delivery,4,2026-09-22T04:39,2026-09-22T06:35,DONE
Q2398,L040,L007,Medical,2,2026-09-22T05:22,2026-09-22T10:48,DONE
Q2399,L046,L030,Delivery,3,2026-09-22T06:01,2026-09-22T09:39,DONE
Q2400,L009,L021,Medical,4,2026-09-22T06:10,2026-09-22T07:57,DONE
Q2401,L025,L041,Maintenance,2,2026-09-22T06:33,2026-09-22T13:17,NEW
Q2402,L003,L016,Maintenance,2,2026-09-22T07:39,2026-09-22T15:20,DONE
Q2403,L023,L013,Delivery,4,2026-09-22T08:41,2026-09-22T09:54,DONE
Q2404,L030,L040,Medical,2,2026-09-22T10:09,2026-09-22T17:27,DONE
Q2405,L033,L022,Medical,5,2026-09-22T11:16,2026-09-22T12:11,NEW
Q2406,L036,L030,Delivery,4,2026-09-22T12:27,2026-09-22T13:43,NEW
Q2407,L005,L024,Medical,1,2026-09-22T12:44,2026-09-22T19:44,DONE
Q2408,L030,L008,Maintenance,4,2026-09-22T13:33,2026-09-22T14:52,NEW
Q2409,L029,L028,Document,5,2026-09-22T14:42,2026-09-22T15:18,CANCELLED
Q2410,L026,L033,Maintenance,4,2026-09-22T14:49,2026-09-22T16:01,NEW
Q2411,L047,L048,Medical,3,2026-09-22T16:01,2026-09-22T19:09,NEW
Q2412,L004,L035,Medical,2,2026-09-22T17:13,2026-09-22T21:57,IN_PROGRESS
Q2413,L024,L011,Maintenance,1,2026-09-22T18:37,2026-09-23T01:36,DONE
Q2414,L046,L010,Document,5,2026-09-22T19:07,2026-09-22T19:46,NEW
Q2415,L004,L026,Medical,5,2026-09-22T20:12,2026-09-22T20:57,CANCELLED
Q2416,L021,L009,Delivery,2,2026-09-22T21:28,2026-09-23T04:21,NEW
Q2417,L020,L014,Security,3,2026-09-22T21:40,2026-09-23T01:17,CANCELLED
Q2418,L027,L009,Maintenance,4,2026-09-22T22:16,2026-09-22T23:41,DONE
Q2419,L011,L042,Medical,3,2026-09-22T23:05,2026-09-23T01:15,NEW
Q2420,L015,L018,Maintenance,2,2026-09-23T00:24,2026-09-23T07:18,DONE
Q2421,L010,L014,Document,4,2026-09-23T00:30,2026-09-23T02:10,DONE
Q2422,L008,L034,Medical,1,2026-09-23T01:35,2026-09-23T08:36,DONE
Q2423,L043,L029,Medical,1,2026-09-23T02:38,2026-09-23T09:19,DONE
Q2424,L005,L047,Medical,2,2026-09-23T03:31,2026-09-23T11:07,CANCELLED
Q2425,L017,L008,Delivery,2,2026-09-23T04:38,2026-09-23T11:54,NEW
Q2426,L019,L015,Document,1,2026-09-23T05:59,2026-09-23T15:42,DONE
Q2427,L024,L016,IT_Support,4,2026-09-23T06:59,2026-09-23T08:25,IN_PROGRESS
Q2428,L004,L041,Maintenance,4,2026-09-23T07:39,2026-09-23T09:36,IN_PROGRESS
Q2429,L017,L041,Document,2,2026-09-23T08:29,2026-09-23T12:52,IN_PROGRESS
Q2430,L001,L007,Delivery,3,2026-09-23T09:02,2026-09-23T12:18,DONE
Q2431,L028,L043,Medical,5,2026-09-23T10:09,2026-09-23T10:57,IN_PROGRESS
Q2432,L039,L037,Medical,3,2026-09-23T11:02,2026-09-23T13:08,IN_PROGRESS
Q2433,L039,L007,Document,4,2026-09-23T12:20,2026-09-23T13:26,IN_PROGRESS
Q2434,L008,L016,Medical,4,2026-09-23T13:18,2026-09-23T15:10,IN_PROGRESS
Q2435,L026,L046,IT_Support,2,2026-09-23T14:21,2026-09-23T20:49,IN_PROGRESS
Q2436,L034,L003,Security,4,2026-09-23T15:21,2026-09-23T17:03,DONE
Q2437,L002,L014,Document,1,2026-09-23T15:38,2026-09-23T22:54,IN_PROGRESS
Q2438,L027,L002,Delivery,4,2026-09-23T16:27,2026-09-23T17:49,NEW
Q2439,L016,L018,Document,1,2026-09-23T17:53,2026-09-24T01:02,NEW
Q2440,L011,L014,Document,5,2026-09-23T18:49,2026-09-23T19:44,DONE
Q2441,L023,L012,IT_Support,5,2026-09-23T20:12,2026-09-23T21:00,NEW
Q2442,L048,L015,Medical,2,2026-09-23T20:28,2026-09-24T03:13,IN_PROGRESS
Q2443,L026,L021,Delivery,3,2026-09-23T20:58,2026-09-23T23:32,DONE
Q2444,L046,L032,Medical,4,2026-09-23T21:23,2026-09-23T22:33,IN_PROGRESS
Q2445,L021,L002,Maintenance,3,2026-09-23T22:50,2026-09-24T02:02,IN_PROGRESS
Q2446,L019,L036,Document,2,2026-09-23T23:20,2026-09-24T03:45,DONE
Q2447,L006,L046,Delivery,5,2026-09-23T23:58,2026-09-24T00:33,NEW
Q2448,L046,L022,Document,2,2026-09-24T00:16,2026-09-24T07:54,IN_PROGRESS
Q2449,L048,L019,Delivery,5,2026-09-24T00:49,2026-09-24T01:34,NEW
Q2450,L003,L016,Document,4,2026-09-24T01:57,2026-09-24T03:11,NEW
Q2451,L045,L015,Medical,2,2026-09-24T02:29,2026-09-24T07:08,DONE
Q2452,L001,L019,Medical,1,2026-09-24T03:30,2026-09-24T11:18,DONE
Q2453,L036,L037,Maintenance,1,2026-09-24T04:26,2026-09-24T13:08,DONE
Q2454,L037,L025,IT_Support,4,2026-09-24T05:04,2026-09-24T06:31,CANCELLED
Q2455,L024,L016,Medical,2,2026-09-24T05:26,2026-09-24T10:50,CANCELLED
Q2456,L045,L016,IT_Support,3,2026-09-24T06:35,2026-09-24T10:06,NEW
Q2457,L031,L035,Medical,4,2026-09-24T07:24,2026-09-24T09:09,DONE
Q2458,L045,L042,Catering,4,2026-09-24T08:03,2026-09-24T09:39,NEW
Q2459,L004,L030,Delivery,3,2026-09-24T08:29,2026-09-24T10:32,NEW
Q2460,L036,L029,Document,1,2026-09-24T08:52,2026-09-24T15:10,NEW
Q2461,L044,L023,Maintenance,4,2026-09-24T09:00,2026-09-24T10:45,DONE
Q2462,L039,L032,Medical,4,2026-09-24T09:55,2026-09-24T11:08,NEW
Q2463,L043,L029,Medical,4,2026-09-24T10:29,2026-09-24T12:05,NEW
Q2464,L033,L027,Maintenance,3,2026-09-24T11:14,2026-09-24T15:05,DONE
Q2465,L001,L040,Maintenance,4,2026-09-24T11:28,2026-09-24T13:07,DONE
Q2466,L005,L034,Medical,1,2026-09-24T12:49,2026-09-24T22:09,NEW
Q2467,L012,L002,Delivery,3,2026-09-24T13:05,2026-09-24T15:18,NEW
Q2468,L026,L037,Delivery,4,2026-09-24T13:58,2026-09-24T15:42,IN_PROGRESS
Q2469,L031,L009,IT_Support,1,2026-09-24T14:25,2026-09-24T23:28,NEW
Q2470,L028,L017,Document,1,2026-09-24T14:59,2026-09-24T22:30,NEW
Q2471,L042,L041,Maintenance,3,2026-09-24T15:36,2026-09-24T17:39,NEW
Q2472,L039,L004,Catering,1,2026-09-24T16:02,2026-09-24T22:04,NEW
Q2473,L034,L001,Maintenance,2,2026-09-24T17:19,2026-09-24T23:45,NEW
Q2474,L024,L005,Catering,1,2026-09-24T17:47,2026-09-25T02:06,DONE
Q2475,L014,L023,Maintenance,4,2026-09-24T18:39,2026-09-24T20:15,NEW
Q2476,L012,L029,Delivery,5,2026-09-24T19:03,2026-09-24T20:00,NEW
Q2477,L029,L002,Delivery,5,2026-09-24T19:23,2026-09-24T20:19,IN_PROGRESS
Q2478,L020,L019,Maintenance,4,2026-09-24T19:49,2026-09-24T21:46,DONE
Q2479,L007,L032,Maintenance,1,2026-09-24T20:37,2026-09-25T04:35,DONE
Q2480,L043,L036,IT_Support,4,2026-09-24T22:07,2026-09-24T23:42,IN_PROGRESS
Q2481,L005,L022,Medical,1,2026-09-24T23:14,2026-09-25T06:04,CANCELLED
Q2482,L026,L003,Medical,5,2026-09-25T00:43,2026-09-25T01:36,IN_PROGRESS
Q2483,L038,L007,IT_Support,1,2026-09-25T01:55,2026-09-25T10:21,DONE
Q2484,L037,L045,Document,2,2026-09-25T02:25,2026-09-25T07:39,DONE
Q2485,L021,L009,Document,2,2026-09-25T03:24,2026-09-25T09:09,IN_PROGRESS
Q2486,L028,L025,Maintenance,1,2026-09-25T04:40,2026-09-25T12:45,NEW
Q2487,L040,L025,Medical,5,2026-09-25T04:52,2026-09-25T05:39,DONE
Q2488,L003,L013,Security,2,2026-09-25T06:10,2026-09-25T12:30,DONE
Q2489,L012,L042,Medical,1,2026-09-25T06:53,2026-09-25T14:33,NEW
Q2490,L013,L023,Catering,1,2026-09-25T07:53,2026-09-25T17:04,IN_PROGRESS
Q2491,L033,L034,IT_Support,3,2026-09-25T08:03,2026-09-25T12:00,DONE
Q2492,L014,L007,Document,1,2026-09-25T08:48,2026-09-25T15:08,NEW
Q2493,L046,L014,Document,3,2026-09-25T08:58,2026-09-25T12:57,DONE
Q2494,L025,L014,Security,1,2026-09-25T09:33,2026-09-25T18:23,NEW
Q2495,L022,L012,Catering,4,2026-09-25T10:29,2026-09-25T11:31,NEW
Q2496,L010,L039,Medical,4,2026-09-25T11:28,2026-09-25T13:11,IN_PROGRESS
Q2497,L037,L046,IT_Support,3,2026-09-25T12:56,2026-09-25T16:31,NEW
Q2498,L018,L027,Delivery,2,2026-09-25T13:36,2026-09-25T21:13,NEW
Q2499,L013,L032,Medical,1,2026-09-25T13:46,2026-09-25T22:46,DONE
Q2500,L029,L009,Delivery,2,2026-09-25T14:05,2026-09-25T18:47,DONE
Q2501,L032,L005,Maintenance,2,2026-09-25T14:42,2026-09-25T21:38,IN_PROGRESS
Q2502,L046,L045,Medical,3,2026-09-25T15:59,2026-09-25T18:33,NEW
Q2503,L007,L008,Medical,5,2026-09-25T16:15,2026-09-25T17:03,NEW
Q2504,L032,L013,Maintenance,5,2026-09-25T16:33,2026-09-25T17:07,NEW
Q2505,L015,L003,IT_Support,1,2026-09-25T16:46,2026-09-25T23:49,DONE
Q2506,L028,L040,Medical,4,2026-09-25T16:56,2026-09-25T18:38,NEW
Q2507,L033,L013,IT_Support,4,2026-09-25T17:02,2026-09-25T19:02,NEW
Q2508,L010,L022,IT_Support,2,2026-09-25T18:06,2026-09-25T22:59,NEW
Q2509,L042,L004,Medical,1,2026-09-25T18:19,2026-09-26T01:18,NEW
Q2510,L012,L041,Maintenance,3,2026-09-25T19:20,2026-09-25T21:29,NEW
Q2511,L016,L039,Document,3,2026-09-25T20:05,2026-09-25T22:13,NEW
Q2512,L008,L044,Maintenance,3,2026-09-25T20:31,2026-09-26T00:04,NEW
Q2513,L021,L024,Maintenance,5,2026-09-25T20:36,2026-09-25T21:19,DONE
Q2514,L001,L037,Maintenance,2,2026-09-25T21:09,2026-09-26T04:26,DONE
Q2515,L041,L003,Document,1,2026-09-25T22:14,2026-09-26T06:42,DONE
Q2516,L042,L025,Medical,3,2026-09-25T22:49,2026-09-26T02:17,NEW
Q2517,L032,L040,Medical,5,2026-09-25T23:55,2026-09-26T00:55,DONE
Q2518,L010,L030,Document,2,2026-09-26T01:21,2026-09-26T08:30,NEW
Q2519,L012,L025,Catering,5,2026-09-26T01:28,2026-09-26T02:12,NEW
Q2520,L020,L010,Maintenance,2,2026-09-26T02:02,2026-09-26T07:46,IN_PROGRESS
Q2521,L009,L041,Medical,5,2026-09-26T03:00,2026-09-26T03:45,NEW
Q2522,L047,L029,Document,2,2026-09-26T03:46,2026-09-26T10:38,NEW
Q2523,L026,L009,Delivery,2,2026-09-26T04:15,2026-09-26T10:42,NEW
Q2524,L013,L047,Delivery,3,2026-09-26T05:30,2026-09-26T09:21,IN_PROGRESS
Q2525,L027,L024,Delivery,2,2026-09-26T05:48,2026-09-26T12:08,NEW
Q2526,L042,L029,Medical,4,2026-09-26T07:12,2026-09-26T08:38,DONE
Q2527,L004,L013,Medical,3,2026-09-26T08:06,2026-09-26T12:06,NEW
Q2528,L034,L028,Maintenance,2,2026-09-26T09:00,2026-09-26T15:27,DONE
Q2529,L043,L012,Medical,4,2026-09-26T09:24,2026-09-26T11:05,DONE
Q2530,L026,L037,IT_Support,2,2026-09-26T10:28,2026-09-26T15:32,NEW
Q2531,L048,L009,IT_Support,3,2026-09-26T11:51,2026-09-26T14:59,DONE
Q2532,L048,L041,Security,4,2026-09-26T12:06,2026-09-26T13:07,IN_PROGRESS
Q2533,L001,L004,Medical,1,2026-09-26T12:56,2026-09-26T19:49,IN_PROGRESS
Q2534,L048,L010,Catering,2,2026-09-26T14:20,2026-09-26T22:14,NEW
Q2535,L021,L038,Security,2,2026-09-26T14:47,2026-09-26T20:03,NEW
Q2536,L020,L007,IT_Support,1,2026-09-26T15:12,2026-09-26T23:00,IN_PROGRESS
Q2537,L008,L035,Security,2,2026-09-26T16:37,2026-09-26T22:39,DONE
Q2538,L045,L018,Delivery,5,2026-09-26T18:06,2026-09-26T18:41,CANCELLED
Q2539,L029,L007,IT_Support,1,2026-09-26T18:59,2026-09-27T03:03,NEW
Q2540,L011,L002,Document,5,2026-09-26T20:00,2026-09-26T20:49,NEW
Q2541,L037,L012,Document,1,2026-09-26T21:30,2026-09-27T05:57,NEW
Q2542,L023,L022,Catering,5,2026-09-26T21:52,2026-09-26T22:42,NEW
Q2543,L020,L044,Medical,1,2026-09-26T23:22,2026-09-27T06:14,CANCELLED
Q2544,L041,L021,Medical,4,2026-09-27T00:12,2026-09-27T01:50,IN_PROGRESS
Q2545,L032,L002,Delivery,3,2026-09-27T01:03,2026-09-27T04:52,CANCELLED
Q2546,L017,L013,Document,5,2026-09-27T01:11,2026-09-27T01:57,IN_PROGRESS
Q2547,L021,L011,Maintenance,2,2026-09-27T02:13,2026-09-27T08:05,NEW
Q2548,L022,L003,Medical,5,2026-09-27T03:42,2026-09-27T04:15,DONE
Q2549,L022,L036,Maintenance,5,2026-09-27T03:48,2026-09-27T04:42,IN_PROGRESS
Q2550,L037,L002,Medical,2,2026-09-27T04:42,2026-09-27T08:53,NEW
Q2551,L045,L044,Medical,2,2026-09-27T05:52,2026-09-27T13:32,NEW
Q2552,L028,L027,Delivery,1,2026-09-27T06:30,2026-09-27T14:53,NEW
Q2553,L013,L032,Medical,1,2026-09-27T08:00,2026-09-27T14:23,NEW
Q2554,L043,L021,IT_Support,5,2026-09-27T08:21,2026-09-27T09:17,NEW
Q2555,L007,L016,Maintenance,2,2026-09-27T08:56,2026-09-27T16:17,NEW
Q2556,L006,L005,Maintenance,1,2026-09-27T10:20,2026-09-27T16:40,IN_PROGRESS
Q2557,L010,L038,Delivery,5,2026-09-27T11:07,2026-09-27T12:03,NEW
Q2558,L043,L007,Delivery,1,2026-09-27T11:22,2026-09-27T18:11,NEW
Q2559,L006,L046,Catering,1,2026-09-27T11:56,2026-09-27T18:51,IN_PROGRESS
Q2560,L004,L046,Maintenance,2,2026-09-27T13:01,2026-09-27T20:32,DONE
Q2561,L013,L046,Catering,3,2026-09-27T13:42,2026-09-27T17:16,NEW
Q2562,L044,L038,IT_Support,1,2026-09-27T13:47,2026-09-27T20:09,NEW
Q2563,L012,L013,Medical,5,2026-09-27T14:16,2026-09-27T15:09,DONE
Q2564,L008,L045,IT_Support,1,2026-09-27T14:50,2026-09-27T21:33,IN_PROGRESS
Q2565,L026,L041,IT_Support,2,2026-09-27T16:16,2026-09-27T21:31,NEW
Q2566,L014,L028,Medical,2,2026-09-27T16:21,2026-09-27T23:10,NEW
Q2567,L044,L017,Medical,1,2026-09-27T17:29,2026-09-28T00:59,NEW
Q2568,L047,L004,Delivery,4,2026-09-27T18:31,2026-09-27T19:31,NEW
Q2569,L048,L044,Maintenance,3,2026-09-27T19:22,2026-09-27T22:52,IN_PROGRESS
Q2570,L044,L039,Delivery,1,2026-09-27T20:07,2026-09-28T04:04,NEW
Q2571,L023,L048,IT_Support,2,2026-09-27T21:14,2026-09-28T02:36,NEW
Q2572,L035,L048,Maintenance,3,2026-09-27T22:04,2026-09-28T00:57,NEW
Q2573,L030,L021,Security,4,2026-09-27T23:08,2026-09-28T01:03,CANCELLED
Q2574,L030,L029,Maintenance,4,2026-09-27T23:16,2026-09-28T01:11,NEW
Q2575,L009,L021,Medical,5,2026-09-28T00:07,2026-09-28T00:38,NEW
Q2576,L028,L043,Security,1,2026-09-28T00:39,2026-09-28T07:05,IN_PROGRESS
Q2577,L002,L026,Document,2,2026-09-28T01:47,2026-09-28T07:29,NEW
Q2578,L011,L020,IT_Support,5,2026-09-28T02:16,2026-09-28T03:02,NEW
Q2579,L039,L047,Document,2,2026-09-28T03:23,2026-09-28T10:15,IN_PROGRESS
Q2580,L004,L023,Catering,1,2026-09-28T04:29,2026-09-28T13:06,NEW
Q2581,L019,L010,Medical,5,2026-09-28T05:27,2026-09-28T06:13,IN_PROGRESS
Q2582,L001,L020,Delivery,2,2026-09-28T06:51,2026-09-28T12:42,NEW
Q2583,L040,L008,Delivery,3,2026-09-28T07:43,2026-09-28T11:27,NEW
Q2584,L045,L009,Medical,5,2026-09-28T08:45,2026-09-28T09:27,NEW
Q2585,L027,L016,Maintenance,2,2026-09-28T09:30,2026-09-28T16:14,NEW
Q2586,L031,L018,Document,3,2026-09-28T09:59,2026-09-28T13:55,NEW
Q2587,L009,L021,IT_Support,3,2026-09-28T11:19,2026-09-28T14:38,IN_PROGRESS
Q2588,L016,L032,Document,5,2026-09-28T11:36,2026-09-28T12:19,NEW
Q2589,L010,L040,Medical,3,2026-09-28T12:15,2026-09-28T14:24,NEW
Q2590,L029,L025,IT_Support,4,2026-09-28T12:38,2026-09-28T14:01,NEW
Q2591,L004,L031,Medical,3,2026-09-28T14:02,2026-09-28T17:04,NEW
Q2592,L036,L010,IT_Support,5,2026-09-28T14:47,2026-09-28T15:37,NEW
Q2593,L035,L013,IT_Support,3,2026-09-28T16:08,2026-09-28T19:26,CANCELLED
Q2594,L008,L019,IT_Support,4,2026-09-28T17:17,2026-09-28T18:35,NEW
Q2595,L016,L025,Medical,4,2026-09-28T17:55,2026-09-28T19:08,NEW
Q2596,L010,L019,Maintenance,3,2026-09-28T18:10,2026-09-28T20:58,DONE
Q2597,L030,L010,Document,2,2026-09-28T19:11,2026-09-29T02:27,NEW
Q2598,L021,L007,Security,3,2026-09-28T20:33,2026-09-28T23:32,NEW
Q2599,L019,L011,Document,2,2026-09-28T20:44,2026-09-29T04:28,NEW
Q2600,L021,L036,Document,1,2026-09-28T21:37,2026-09-29T05:59,IN_PROGRESS
Q2601,L002,L041,Document,2,2026-09-28T23:00,2026-09-29T06:36,NEW
Q2602,L003,L042,Medical,3,2026-09-29T00:10,2026-09-29T02:18,DONE
Q2603,L047,L046,Delivery,3,2026-09-29T00:32,2026-09-29T02:52,IN_PROGRESS
Q2604,L007,L034,Maintenance,4,2026-09-29T01:23,2026-09-29T02:45,NEW
Q2605,L022,L006,Medical,4,2026-09-29T02:37,2026-09-29T03:40,NEW
Q2606,L034,L027,Delivery,2,2026-09-29T02:53,2026-09-29T10:23,NEW
Q2607,L014,L029,Maintenance,4,2026-09-29T03:27,2026-09-29T04:42,IN_PROGRESS
Q2608,L004,L042,Delivery,1,2026-09-29T04:00,2026-09-29T12:04,DONE
Q2609,L003,L015,IT_Support,5,2026-09-29T04:22,2026-09-29T05:09,IN_PROGRESS
Q2610,L021,L025,IT_Support,4,2026-09-29T05:04,2026-09-29T06:35,NEW
Q2611,L002,L043,Delivery,2,2026-09-29T05:34,2026-09-29T12:06,NEW
Q2612,L003,L014,Medical,3,2026-09-29T05:49,2026-09-29T09:04,NEW
Q2613,L024,L033,Security,1,2026-09-29T07:02,2026-09-29T13:05,NEW
Q2614,L041,L048,Delivery,2,2026-09-29T07:56,2026-09-29T12:38,NEW
Q2615,L013,L039,Medical,2,2026-09-29T08:51,2026-09-29T13:23,IN_PROGRESS
Q2616,L042,L019,Document,2,2026-09-29T10:21,2026-09-29T16:34,CANCELLED
Q2617,L026,L014,Maintenance,1,2026-09-29T10:52,2026-09-29T17:45,IN_PROGRESS
Q2618,L037,L048,IT_Support,4,2026-09-29T12:12,2026-09-29T14:04,DONE
Q2619,L020,L024,Document,3,2026-09-29T12:49,2026-09-29T15:17,NEW
Q2620,L033,L002,Medical,2,2026-09-29T13:36,2026-09-29T18:30,NEW
Q2621,L032,L047,Medical,2,2026-09-29T14:58,2026-09-29T22:12,CANCELLED
Q2622,L011,L032,Document,3,2026-09-29T16:28,2026-09-29T20:18,IN_PROGRESS
Q2623,L016,L005,Delivery,5,2026-09-29T17:52,2026-09-29T18:24,IN_PROGRESS
Q2624,L001,L018,Security,2,2026-09-29T19:09,2026-09-29T23:51,NEW
Q2625,L007,L004,Medical,3,2026-09-29T20:01,2026-09-29T22:11,CANCELLED
Q2626,L018,L027,Delivery,2,2026-09-29T20:21,2026-09-30T01:40,NEW
Q2627,L010,L017,Document,5,2026-09-29T20:52,2026-09-29T21:26,CANCELLED
Q2628,L041,L048,Catering,4,2026-09-29T21:57,2026-09-29T23:08,IN_PROGRESS
Q2629,L001,L008,Maintenance,2,2026-09-29T23:16,2026-09-30T06:15,IN_PROGRESS
Q2630,L036,L018,Medical,4,2026-09-29T23:40,2026-09-30T00:53,NEW
Q2631,L005,L026,Delivery,1,2026-09-30T00:44,2026-09-30T08:31,NEW
Q2632,L012,L001,Document,1,2026-09-30T01:24,2026-09-30T10:27,NEW
Q2633,L019,L047,Document,4,2026-09-30T02:03,2026-09-30T03:58,NEW
Q2634,L013,L016,Delivery,4,2026-09-30T02:13,2026-09-30T04:08,CANCELLED
Q2635,L037,L028,Document,4,2026-09-30T02:24,2026-09-30T03:42,IN_PROGRESS
Q2636,L024,L006,Delivery,3,2026-09-30T02:49,2026-09-30T05:37,NEW
Q2637,L043,L024,Delivery,3,2026-09-30T04:15,2026-09-30T07:00,NEW
Q2638,L027,L012,Document,2,2026-09-30T04:57,2026-09-30T09:36,CANCELLED
Q2639,L044,L032,Delivery,2,2026-09-30T05:13,2026-09-30T11:49,CANCELLED
Q2640,L017,L009,Medical,2,2026-09-30T06:27,2026-09-30T14:09,NEW
Q2641,L044,L011,Security,2,2026-09-30T07:52,2026-09-30T12:31,IN_PROGRESS
Q2642,L039,L022,Document,4,2026-09-30T09:10,2026-09-30T10:18,NEW
Q2643,L014,L045,Medical,4,2026-09-30T10:19,2026-09-30T11:53,IN_PROGRESS
Q2644,L003,L034,Maintenance,1,2026-09-30T11:49,2026-09-30T18:33,IN_PROGRESS
Q2645,L048,L015,Delivery,4,2026-09-30T12:35,2026-09-30T14:21,NEW
Q2646,L024,L036,Security,3,2026-09-30T13:08,2026-09-30T16:22,IN_PROGRESS
Q2647,L023,L048,Medical,4,2026-09-30T14:34,2026-09-30T16:15,NEW
Q2648,L030,L010,IT_Support,5,2026-09-30T14:39,2026-09-30T15:38,NEW
Q2649,L033,L007,Document,5,2026-09-30T15:23,2026-09-30T16:01,DONE
Q2650,L026,L020,IT_Support,3,2026-09-30T15:52,2026-09-30T17:56,NEW
Q2651,L002,L019,Maintenance,1,2026-09-30T16:06,2026-09-30T22:25,DONE
Q2652,L017,L029,Catering,2,2026-09-30T17:02,2026-09-30T21:06,NEW
Q2653,L045,L039,Medical,2,2026-09-30T18:01,2026-10-01T00:41,NEW
Q2654,L038,L031,Delivery,3,2026-09-30T18:10,2026-09-30T21:14,DONE
Q2655,L021,L023,Maintenance,4,2026-09-30T19:04,2026-09-30T20:52,IN_PROGRESS
Q2656,L035,L007,Medical,3,2026-09-30T20:11,2026-09-30T22:15,IN_PROGRESS
Q2657,L025,L003,Catering,4,2026-09-30T20:48,2026-09-30T22:22,NEW
Q2658,L006,L016,Delivery,4,2026-09-30T21:51,2026-09-30T23:15,IN_PROGRESS
Q2659,L048,L022,Medical,5,2026-09-30T22:35,2026-09-30T23:23,NEW
Q2660,L046,L029,Maintenance,2,2026-09-30T22:56,2026-10-01T05:29,NEW
Q2661,L044,L002,Security,2,2026-10-01T00:00,2026-10-01T05:12,NEW
Q2662,L045,L037,Medical,5,2026-10-01T00:11,2026-10-01T00:50,DONE
Q2663,L038,L008,Delivery,3,2026-10-01T00:53,2026-10-01T04:43,IN_PROGRESS
Q2664,L011,L003,Medical,2,2026-10-01T01:17,2026-10-01T08:53,NEW
Q2665,L005,L013,Document,2,2026-10-01T02:45,2026-10-01T10:38,NEW
Q2666,L012,L025,Maintenance,1,2026-10-01T04:04,2026-10-01T13:42,NEW
Q2667,L032,L015,Delivery,4,2026-10-01T04:23,2026-10-01T05:29,IN_PROGRESS
Q2668,L011,L009,Maintenance,5,2026-10-01T04:31,2026-10-01T05:16,DONE
Q2669,L032,L024,IT_Support,2,2026-10-01T05:23,2026-10-01T12:07,DONE
Q2670,L035,L007,Medical,1,2026-10-01T06:22,2026-10-01T12:41,NEW
Q2671,L005,L006,Medical,5,2026-10-01T07:18,2026-10-01T08:05,NEW
Q2672,L016,L009,Maintenance,1,2026-10-01T08:48,2026-10-01T15:40,DONE
Q2673,L029,L043,Catering,2,2026-10-01T09:01,2026-10-01T16:25,NEW
Q2674,L043,L012,Document,1,2026-10-01T09:31,2026-10-01T16:10,NEW
Q2675,L020,L009,IT_Support,2,2026-10-01T10:41,2026-10-01T18:04,NEW
Q2676,L001,L008,Document,2,2026-10-01T11:24,2026-10-01T19:11,DONE
Q2677,L009,L021,Security,5,2026-10-01T11:53,2026-10-01T12:45,IN_PROGRESS
Q2678,L031,L014,Maintenance,2,2026-10-01T13:07,2026-10-01T20:48,DONE
Q2679,L005,L010,Delivery,5,2026-10-01T13:20,2026-10-01T14:06,NEW
Q2680,L033,L005,Document,2,2026-10-01T14:45,2026-10-01T20:19,DONE
Q2681,L015,L017,Medical,4,2026-10-01T15:31,2026-10-01T17:20,NEW
Q2682,L026,L002,Maintenance,4,2026-10-01T16:33,2026-10-01T18:11,NEW
Q2683,L015,L048,Security,3,2026-10-01T17:43,2026-10-01T21:37,IN_PROGRESS
Q2684,L027,L042,IT_Support,3,2026-10-01T18:54,2026-10-01T21:31,NEW
Q2685,L032,L005,Medical,1,2026-10-01T19:09,2026-10-02T04:11,NEW
Q2686,L010,L042,Maintenance,2,2026-10-01T20:37,2026-10-02T04:05,NEW
Q2687,L022,L020,IT_Support,3,2026-10-01T21:42,2026-10-02T00:48,IN_PROGRESS
Q2688,L032,L025,IT_Support,4,2026-10-01T22:58,2026-10-02T00:57,DONE
Q2689,L044,L039,Delivery,4,2026-10-01T23:46,2026-10-02T00:51,NEW
Q2690,L045,L032,Catering,3,2026-10-01T23:59,2026-10-02T02:32,DONE
Q2691,L041,L018,Security,5,2026-10-02T00:33,2026-10-02T01:14,DONE
Q2692,L021,L016,Document,2,2026-10-02T01:20,2026-10-02T07:34,NEW
Q2693,L044,L027,Medical,3,2026-10-02T01:49,2026-10-02T05:28,DONE
Q2694,L040,L009,IT_Support,4,2026-10-02T02:40,2026-10-02T04:25,NEW
Q2695,L035,L036,Medical,4,2026-10-02T03:07,2026-10-02T04:14,DONE
Q2696,L047,L019,Delivery,2,2026-10-02T03:55,2026-10-02T08:43,IN_PROGRESS
Q2697,L042,L032,Medical,2,2026-10-02T05:12,2026-10-02T11:11,DONE
Q2698,L035,L022,Maintenance,3,2026-10-02T06:05,2026-10-02T09:50,NEW
Q2699,L036,L026,Maintenance,1,2026-10-02T07:13,2026-10-02T15:11,IN_PROGRESS
Q2700,L036,L038,IT_Support,3,2026-10-02T07:52,2026-10-02T09:59,NEW
Q2701,L028,L041,Catering,3,2026-10-02T08:46,2026-10-02T11:27,NEW
Q2702,L008,L009,Maintenance,2,2026-10-02T08:57,2026-10-02T13:09,IN_PROGRESS
Q2703,L005,L018,Maintenance,3,2026-10-02T09:14,2026-10-02T13:13,NEW
Q2704,L048,L044,Medical,1,2026-10-02T09:26,2026-10-02T15:30,DONE
Q2705,L008,L022,Catering,4,2026-10-02T10:01,2026-10-02T11:15,NEW
Q2706,L015,L040,Delivery,4,2026-10-02T10:51,2026-10-02T12:44,IN_PROGRESS
Q2707,L016,L010,Maintenance,3,2026-10-02T11:17,2026-10-02T15:01,DONE
Q2708,L025,L014,Document,1,2026-10-02T12:35,2026-10-02T21:46,NEW
Q2709,L040,L018,IT_Support,1,2026-10-02T13:32,2026-10-02T20:30,NEW
Q2710,L016,L030,Delivery,5,2026-10-02T14:12,2026-10-02T14:46,IN_PROGRESS
Q2711,L001,L016,Delivery,2,2026-10-02T15:06,2026-10-02T21:02,IN_PROGRESS
Q2712,L014,L015,Maintenance,1,2026-10-02T16:07,2026-10-02T22:47,DONE
Q2713,L048,L025,IT_Support,4,2026-10-02T16:46,2026-10-02T17:59,NEW
Q2714,L044,L032,Document,5,2026-10-02T16:53,2026-10-02T17:39,NEW
Q2715,L033,L040,Medical,2,2026-10-02T17:16,2026-10-03T00:18,NEW
Q2716,L005,L039,IT_Support,4,2026-10-02T18:12,2026-10-02T19:25,NEW
Q2717,L014,L021,Medical,2,2026-10-02T18:46,2026-10-03T00:25,DONE
Q2718,L039,L031,Catering,4,2026-10-02T20:13,2026-10-02T21:57,DONE
Q2719,L005,L029,Delivery,1,2026-10-02T21:04,2026-10-03T04:43,DONE
Q2720,L002,L032,Document,2,2026-10-02T22:04,2026-10-03T03:11,NEW
Q2721,L023,L015,Medical,5,2026-10-02T22:29,2026-10-02T23:05,NEW
Q2722,L015,L038,Delivery,3,2026-10-02T22:38,2026-10-03T01:27,IN_PROGRESS
Q2723,L024,L004,IT_Support,1,2026-10-02T22:54,2026-10-03T07:33,IN_PROGRESS
Q2724,L045,L036,Maintenance,1,2026-10-02T23:56,2026-10-03T06:36,IN_PROGRESS
Q2725,L019,L010,IT_Support,2,2026-10-03T00:30,2026-10-03T06:16,IN_PROGRESS
Q2726,L020,L011,Document,2,2026-10-03T00:41,2026-10-03T07:09,NEW
Q2727,L042,L048,Maintenance,3,2026-10-03T01:07,2026-10-03T03:38,IN_PROGRESS
Q2728,L002,L013,Delivery,1,2026-10-03T01:46,2026-10-03T11:17,DONE
Q2729,L012,L035,Maintenance,3,2026-10-03T02:13,2026-10-03T04:33,DONE
Q2730,L035,L012,Medical,1,2026-10-03T02:52,2026-10-03T11:05,IN_PROGRESS
Q2731,L002,L033,Document,1,2026-10-03T03:03,2026-10-03T11:05,NEW
Q2732,L010,L009,Medical,3,2026-10-03T03:43,2026-10-03T06:43,NEW
Q2733,L016,L030,Maintenance,1,2026-10-03T05:09,2026-10-03T13:46,NEW
Q2734,L003,L005,Catering,1,2026-10-03T06:21,2026-10-03T15:47,NEW
Q2735,L032,L044,IT_Support,3,2026-10-03T07:33,2026-10-03T10:33,DONE
Q2736,L042,L034,Medical,3,2026-10-03T08:29,2026-10-03T12:06,DONE
Q2737,L017,L034,Security,1,2026-10-03T08:50,2026-10-03T18:18,IN_PROGRESS
Q2738,L003,L014,Maintenance,5,2026-10-03T09:09,2026-10-03T09:59,IN_PROGRESS
Q2739,L027,L025,Medical,2,2026-10-03T09:39,2026-10-03T16:53,NEW
Q2740,L002,L014,Document,3,2026-10-03T10:59,2026-10-03T14:41,NEW
Q2741,L048,L009,Delivery,2,2026-10-03T11:06,2026-10-03T18:58,NEW
Q2742,L015,L029,Medical,2,2026-10-03T11:58,2026-10-03T19:45,DONE
Q2743,L014,L030,Maintenance,5,2026-10-03T12:21,2026-10-03T13:20,NEW
Q2744,L041,L007,Medical,1,2026-10-03T13:15,2026-10-03T23:04,NEW
Q2745,L042,L028,Maintenance,2,2026-10-03T14:30,2026-10-03T20:34,IN_PROGRESS
Q2746,L003,L031,Maintenance,2,2026-10-03T15:39,2026-10-03T20:23,NEW
Q2747,L001,L007,Maintenance,4,2026-10-03T15:47,2026-10-03T17:19,NEW
Q2748,L014,L041,Document,1,2026-10-03T17:10,2026-10-04T01:09,NEW
Q2749,L023,L040,Medical,2,2026-10-03T18:29,2026-10-03T23:02,IN_PROGRESS
Q2750,L029,L032,Document,3,2026-10-03T19:44,2026-10-03T23:18,DONE
Q2751,L048,L037,Document,5,2026-10-03T20:37,2026-10-03T21:18,NEW
Q2752,L043,L046,Document,4,2026-10-03T21:00,2026-10-03T22:48,NEW
Q2753,L013,L006,Delivery,2,2026-10-03T21:10,2026-10-04T02:29,NEW
Q2754,L001,L009,Maintenance,3,2026-10-03T21:34,2026-10-04T00:29,NEW
Q2755,L036,L037,Medical,5,2026-10-03T21:47,2026-10-03T22:23,NEW
Q2756,L003,L017,Delivery,4,2026-10-03T22:13,2026-10-04T00:12,NEW
Q2757,L044,L032,Maintenance,4,2026-10-03T23:01,2026-10-04T00:40,IN_PROGRESS
Q2758,L047,L024,IT_Support,5,2026-10-04T00:17,2026-10-04T01:05,NEW
Q2759,L048,L022,Delivery,2,2026-10-04T01:37,2026-10-04T07:52,NEW
Q2760,L044,L018,IT_Support,4,2026-10-04T01:44,2026-10-04T03:11,NEW
Q2761,L031,L018,Medical,3,2026-10-04T02:40,2026-10-04T04:47,NEW
Q2762,L038,L020,IT_Support,2,2026-10-04T03:56,2026-10-04T08:55,IN_PROGRESS
Q2763,L015,L016,Document,1,2026-10-04T05:10,2026-10-04T13:21,NEW
Q2764,L024,L027,IT_Support,2,2026-10-04T05:25,2026-10-04T10:29,NEW
Q2765,L011,L040,Document,5,2026-10-04T06:10,2026-10-04T07:10,NEW
Q2766,L004,L028,Medical,2,2026-10-04T06:18,2026-10-04T11:45,NEW
Q2767,L024,L008,Medical,3,2026-10-04T07:13,2026-10-04T10:29,CANCELLED
Q2768,L014,L026,Medical,2,2026-10-04T07:39,2026-10-04T13:07,NEW
Q2769,L011,L039,Medical,2,2026-10-04T07:54,2026-10-04T12:17,NEW
Q2770,L048,L001,Maintenance,2,2026-10-04T09:21,2026-10-04T14:01,IN_PROGRESS
Q2771,L004,L001,Document,1,2026-10-04T10:12,2026-10-04T19:07,NEW
Q2772,L044,L045,Medical,3,2026-10-04T10:56,2026-10-04T13:39,NEW
Q2773,L007,L003,Catering,1,2026-10-04T11:01,2026-10-04T20:33,NEW
Q2774,L013,L011,Security,4,2026-10-04T11:40,2026-10-04T13:17,NEW
Q2775,L019,L040,IT_Support,1,2026-10-04T12:02,2026-10-04T18:20,DONE
Q2776,L030,L039,IT_Support,1,2026-10-04T13:12,2026-10-04T19:38,DONE
Q2777,L032,L039,Medical,2,2026-10-04T14:00,2026-10-04T20:52,NEW
Q2778,L011,L045,Document,3,2026-10-04T14:44,2026-10-04T17:22,IN_PROGRESS
Q2779,L042,L046,IT_Support,2,2026-10-04T15:28,2026-10-04T22:20,IN_PROGRESS
Q2780,L021,L014,Medical,1,2026-10-04T15:43,2026-10-04T22:00,NEW
Q2781,L038,L008,Maintenance,5,2026-10-04T15:57,2026-10-04T16:37,NEW
Q2782,L022,L045,Medical,2,2026-10-04T16:54,2026-10-04T21:27,NEW
Q2783,L042,L043,Security,3,2026-10-04T17:25,2026-10-04T21:20,DONE
Q2784,L031,L042,Maintenance,1,2026-10-04T17:38,2026-10-04T23:52,NEW
Q2785,L003,L017,Medical,4,2026-10-04T18:33,2026-10-04T20:23,NEW
Q2786,L046,L021,Document,4,2026-10-04T19:32,2026-10-04T21:14,DONE
Q2787,L021,L037,IT_Support,1,2026-10-04T19:58,2026-10-05T03:04,IN_PROGRESS
Q2788,L027,L006,Document,5,2026-10-04T20:20,2026-10-04T20:58,NEW
Q2789,L033,L039,Document,2,2026-10-04T20:48,2026-10-05T02:36,NEW
Q2790,L003,L001,Delivery,4,2026-10-04T21:40,2026-10-04T23:01,IN_PROGRESS
Q2791,L001,L007,Document,4,2026-10-04T22:12,2026-10-04T23:21,NEW
Q2792,L022,L044,Delivery,4,2026-10-04T23:24,2026-10-05T00:49,NEW
Q2793,L034,L038,Delivery,3,2026-10-04T23:34,2026-10-05T02:33,NEW
Q2794,L047,L038,Document,3,2026-10-04T23:44,2026-10-05T02:21,DONE
Q2795,L022,L002,Medical,3,2026-10-05T00:49,2026-10-05T04:36,IN_PROGRESS
Q2796,L027,L030,Security,3,2026-10-05T01:34,2026-10-05T05:21,NEW
Q2797,L038,L015,Document,2,2026-10-05T01:43,2026-10-05T09:14,DONE
Q2798,L015,L043,Security,2,2026-10-05T02:55,2026-10-05T07:55,NEW
Q2799,L003,L015,Catering,3,2026-10-05T03:55,2026-10-05T06:02,NEW
Q2800,L005,L018,Document,5,2026-10-05T04:02,2026-10-05T04:49,IN_PROGRESS
Q2801,L047,L041,IT_Support,4,2026-10-05T05:10,2026-10-05T06:47,DONE
Q2802,L014,L035,Delivery,2,2026-10-05T05:45,2026-10-05T11:26,NEW
Q2803,L036,L047,Medical,3,2026-10-05T06:44,2026-10-05T08:55,NEW
Q2804,L022,L042,Medical,3,2026-10-05T07:22,2026-10-05T09:44,NEW
Q2805,L043,L019,Delivery,2,2026-10-05T07:53,2026-10-05T15:01,IN_PROGRESS
Q2806,L011,L024,Maintenance,5,2026-10-05T09:07,2026-10-05T10:00,NEW
Q2807,L036,L041,Maintenance,5,2026-10-05T09:12,2026-10-05T09:50,IN_PROGRESS
Q2808,L005,L018,Catering,1,2026-10-05T09:32,2026-10-05T17:42,NEW
Q2809,L035,L030,Document,3,2026-10-05T09:47,2026-10-05T12:33,DONE
Q2810,L006,L023,Maintenance,4,2026-10-05T10:24,2026-10-05T12:10,DONE
Q2811,L002,L040,IT_Support,4,2026-10-05T10:37,2026-10-05T11:47,NEW
Q2812,L010,L022,Maintenance,4,2026-10-05T11:43,2026-10-05T13:42,DONE
Q2813,L041,L023,Maintenance,5,2026-10-05T12:43,2026-10-05T13:17,IN_PROGRESS
Q2814,L033,L026,Maintenance,2,2026-10-05T14:03,2026-10-05T21:16,DONE
Q2815,L045,L005,Catering,4,2026-10-05T15:11,2026-10-05T16:46,IN_PROGRESS
Q2816,L030,L025,Medical,2,2026-10-05T15:20,2026-10-05T21:17,IN_PROGRESS
Q2817,L013,L001,Document,1,2026-10-05T16:12,2026-10-06T01:00,DONE
Q2818,L022,L027,IT_Support,1,2026-10-05T17:16,2026-10-05T23:39,NEW
Q2819,L009,L007,Delivery,3,2026-10-05T17:38,2026-10-05T20:39,NEW
Q2820,L032,L036,Catering,4,2026-10-05T19:02,2026-10-05T20:53,NEW
Q2821,L003,L041,Medical,2,2026-10-05T19:44,2026-10-05T23:55,IN_PROGRESS
Q2822,L007,L004,Security,4,2026-10-05T20:22,2026-10-05T22:14,CANCELLED
Q2823,L025,L010,Medical,4,2026-10-05T21:34,2026-10-05T22:57,CANCELLED
Q2824,L005,L032,Medical,2,2026-10-05T22:15,2026-10-06T03:40,NEW
Q2825,L012,L046,Maintenance,1,2026-10-05T23:36,2026-10-06T09:16,DONE
Q2826,L007,L024,Maintenance,5,2026-10-06T00:21,2026-10-06T01:20,DONE
Q2827,L008,L012,Document,3,2026-10-06T00:32,2026-10-06T03:08,NEW
Q2828,L020,L036,IT_Support,5,2026-10-06T01:47,2026-10-06T02:47,NEW
Q2829,L037,L045,Document,5,2026-10-06T02:04,2026-10-06T03:03,DONE
Q2830,L026,L003,Medical,5,2026-10-06T02:51,2026-10-06T03:30,NEW
Q2831,L048,L004,Maintenance,1,2026-10-06T02:56,2026-10-06T09:25,IN_PROGRESS
Q2832,L031,L003,Document,2,2026-10-06T03:34,2026-10-06T08:16,DONE
Q2833,L038,L036,Security,2,2026-10-06T04:02,2026-10-06T10:50,NEW
Q2834,L037,L045,IT_Support,3,2026-10-06T04:34,2026-10-06T08:08,NEW
Q2835,L046,L009,Maintenance,5,2026-10-06T05:44,2026-10-06T06:22,IN_PROGRESS
Q2836,L027,L001,Delivery,5,2026-10-06T06:13,2026-10-06T06:59,DONE
Q2837,L036,L016,Maintenance,2,2026-10-06T06:42,2026-10-06T14:15,DONE
Q2838,L034,L019,Medical,2,2026-10-06T08:01,2026-10-06T13:16,DONE
Q2839,L018,L016,Delivery,5,2026-10-06T08:38,2026-10-06T09:29,DONE
Q2840,L039,L032,Maintenance,1,2026-10-06T09:15,2026-10-06T18:13,DONE
Q2841,L009,L037,Maintenance,3,2026-10-06T10:45,2026-10-06T13:17,NEW
Q2842,L009,L046,Maintenance,5,2026-10-06T10:59,2026-10-06T11:51,DONE
Q2843,L026,L009,Catering,2,2026-10-06T11:04,2026-10-06T17:52,NEW
Q2844,L014,L046,Maintenance,4,2026-10-06T11:52,2026-10-06T13:05,NEW
Q2845,L029,L010,Maintenance,3,2026-10-06T12:44,2026-10-06T15:26,NEW
Q2846,L027,L025,Delivery,4,2026-10-06T13:14,2026-10-06T15:08,NEW
Q2847,L041,L010,Maintenance,2,2026-10-06T14:43,2026-10-06T19:47,IN_PROGRESS
Q2848,L032,L018,Document,2,2026-10-06T15:08,2026-10-06T19:25,NEW
Q2849,L004,L048,Document,2,2026-10-06T15:49,2026-10-06T20:27,NEW
Q2850,L019,L018,Maintenance,4,2026-10-06T17:01,2026-10-06T18:05,NEW
Q2851,L038,L030,Medical,3,2026-10-06T17:41,2026-10-06T21:29,NEW
Q2852,L031,L025,Medical,3,2026-10-06T18:03,2026-10-06T20:06,NEW
Q2853,L016,L042,Document,2,2026-10-06T19:13,2026-10-07T01:59,IN_PROGRESS
Q2854,L010,L008,Medical,2,2026-10-06T19:30,2026-10-07T00:41,NEW
Q2855,L043,L034,IT_Support,4,2026-10-06T20:47,2026-10-06T22:43,NEW
Q2856,L007,L016,Security,2,2026-10-06T22:17,2026-10-07T04:41,NEW
Q2857,L040,L037,IT_Support,3,2026-10-06T23:25,2026-10-07T02:33,NEW
Q2858,L001,L010,Catering,2,2026-10-07T00:40,2026-10-07T06:29,DONE
Q2859,L037,L022,Maintenance,2,2026-10-07T01:24,2026-10-07T08:30,NEW
Q2860,L028,L017,Delivery,2,2026-10-07T02:20,2026-10-07T09:13,NEW
Q2861,L039,L037,Document,1,2026-10-07T02:50,2026-10-07T12:39,NEW
Q2862,L016,L021,Maintenance,2,2026-10-07T03:25,2026-10-07T09:43,NEW
Q2863,L022,L032,Medical,5,2026-10-07T03:39,2026-10-07T04:13,NEW
Q2864,L037,L009,Medical,5,2026-10-07T04:36,2026-10-07T05:24,NEW
Q2865,L048,L005,Maintenance,5,2026-10-07T04:58,2026-10-07T05:36,DONE
Q2866,L048,L014,Medical,1,2026-10-07T06:18,2026-10-07T14:04,NEW
Q2867,L008,L018,Delivery,5,2026-10-07T06:34,2026-10-07T07:15,IN_PROGRESS
Q2868,L016,L040,Maintenance,4,2026-10-07T07:47,2026-10-07T09:34,IN_PROGRESS
Q2869,L041,L016,Maintenance,4,2026-10-07T09:16,2026-10-07T11:04,DONE
Q2870,L045,L047,Maintenance,4,2026-10-07T09:48,2026-10-07T11:38,IN_PROGRESS
Q2871,L027,L022,Maintenance,3,2026-10-07T11:06,2026-10-07T13:42,NEW
Q2872,L001,L028,Delivery,5,2026-10-07T12:22,2026-10-07T13:15,DONE
Q2873,L011,L002,IT_Support,5,2026-10-07T13:52,2026-10-07T14:31,DONE
Q2874,L013,L012,IT_Support,2,2026-10-07T14:19,2026-10-07T19:11,NEW
Q2875,L014,L013,Maintenance,3,2026-10-07T14:52,2026-10-07T18:12,DONE
Q2876,L009,L003,Maintenance,5,2026-10-07T16:17,2026-10-07T17:12,NEW
Q2877,L020,L044,Medical,4,2026-10-07T16:42,2026-10-07T18:12,IN_PROGRESS
Q2878,L025,L001,Maintenance,1,2026-10-07T17:40,2026-10-08T00:09,NEW
Q2879,L006,L011,Maintenance,1,2026-10-07T18:14,2026-10-08T03:15,NEW
Q2880,L011,L018,Delivery,4,2026-10-07T19:26,2026-10-07T21:26,IN_PROGRESS
Q2881,L038,L022,Security,1,2026-10-07T20:39,2026-10-08T05:30,CANCELLED
Q2882,L037,L014,Catering,2,2026-10-07T21:40,2026-10-08T02:53,DONE
Q2883,L021,L017,Delivery,5,2026-10-07T21:47,2026-10-07T22:24,IN_PROGRESS
Q2884,L026,L019,Medical,3,2026-10-07T23:06,2026-10-08T01:21,IN_PROGRESS
Q2885,L045,L009,Security,2,2026-10-07T23:25,2026-10-08T05:50,DONE
Q2886,L031,L026,Security,3,2026-10-07T23:47,2026-10-08T01:54,DONE
Q2887,L034,L012,Document,2,2026-10-07T23:58,2026-10-08T06:10,NEW
Q2888,L039,L035,Security,2,2026-10-08T00:46,2026-10-08T07:02,DONE
Q2889,L035,L006,Medical,2,2026-10-08T01:13,2026-10-08T05:26,NEW
Q2890,L028,L032,IT_Support,2,2026-10-08T01:46,2026-10-08T08:46,IN_PROGRESS
Q2891,L041,L006,Document,3,2026-10-08T03:12,2026-10-08T06:22,NEW
Q2892,L006,L048,IT_Support,3,2026-10-08T04:00,2026-10-08T06:04,DONE
Q2893,L003,L001,IT_Support,4,2026-10-08T04:08,2026-10-08T05:13,DONE
Q2894,L021,L011,IT_Support,4,2026-10-08T04:23,2026-10-08T06:07,DONE
Q2895,L013,L031,Catering,1,2026-10-08T05:36,2026-10-08T14:23,IN_PROGRESS
Q2896,L024,L004,IT_Support,4,2026-10-08T06:00,2026-10-08T07:22,DONE
Q2897,L021,L025,Delivery,4,2026-10-08T06:42,2026-10-08T08:30,NEW
Q2898,L019,L017,Maintenance,3,2026-10-08T08:12,2026-10-08T11:26,NEW
Q2899,L035,L031,Medical,3,2026-10-08T08:36,2026-10-08T10:59,DONE
Q2900,L019,L033,Delivery,1,2026-10-08T08:46,2026-10-08T16:57,NEW
Q2901,L028,L030,Maintenance,3,2026-10-08T09:24,2026-10-08T13:18,NEW
Q2902,L016,L025,Medical,2,2026-10-08T10:35,2026-10-08T15:47,NEW
Q2903,L034,L010,Medical,3,2026-10-08T10:59,2026-10-08T14:42,NEW
Q2904,L018,L033,Medical,2,2026-10-08T11:50,2026-10-08T17:11,DONE
Q2905,L011,L037,Medical,1,2026-10-08T13:15,2026-10-08T21:17,DONE
Q2906,L004,L027,Maintenance,2,2026-10-08T14:31,2026-10-08T20:30,IN_PROGRESS
Q2907,L040,L023,IT_Support,1,2026-10-08T15:57,2026-10-09T01:38,DONE
Q2908,L034,L012,Maintenance,1,2026-10-08T16:17,2026-10-09T02:00,IN_PROGRESS
Q2909,L026,L017,IT_Support,1,2026-10-08T17:29,2026-10-09T02:40,DONE
Q2910,L001,L017,Delivery,2,2026-10-08T17:56,2026-10-09T00:18,IN_PROGRESS
Q2911,L031,L032,Security,2,2026-10-08T18:25,2026-10-09T00:42,NEW
Q2912,L042,L005,Medical,2,2026-10-08T18:48,2026-10-09T01:48,DONE
Q2913,L026,L040,Delivery,4,2026-10-08T20:15,2026-10-08T21:57,DONE
Q2914,L043,L047,Medical,2,2026-10-08T21:13,2026-10-09T04:28,NEW
Q2915,L046,L009,Medical,4,2026-10-08T21:45,2026-10-08T22:51,DONE
Q2916,L020,L017,Maintenance,5,2026-10-08T22:27,2026-10-08T23:18,IN_PROGRESS
Q2917,L025,L011,Medical,4,2026-10-08T22:37,2026-10-08T23:48,DONE
Q2918,L026,L015,Delivery,2,2026-10-08T23:05,2026-10-09T04:22,DONE
Q2919,L013,L047,Maintenance,1,2026-10-09T00:02,2026-10-09T09:26,NEW
Q2920,L018,L019,Document,5,2026-10-09T00:09,2026-10-09T01:04,DONE
Q2921,L015,L047,Maintenance,2,2026-10-09T01:20,2026-10-09T06:07,DONE
Q2922,L018,L022,Delivery,1,2026-10-09T01:32,2026-10-09T10:26,DONE
Q2923,L045,L022,Maintenance,4,2026-10-09T02:14,2026-10-09T03:29,NEW
Q2924,L014,L023,Maintenance,3,2026-10-09T02:34,2026-10-09T05:25,DONE
Q2925,L047,L015,IT_Support,4,2026-10-09T03:55,2026-10-09T05:24,NEW
Q2926,L034,L030,Delivery,4,2026-10-09T05:17,2026-10-09T06:29,DONE
Q2927,L016,L038,Maintenance,4,2026-10-09T05:39,2026-10-09T07:04,NEW
Q2928,L042,L021,Catering,1,2026-10-09T05:48,2026-10-09T14:55,NEW
Q2929,L005,L006,Security,3,2026-10-09T06:34,2026-10-09T09:24,NEW
Q2930,L007,L030,Catering,5,2026-10-09T07:46,2026-10-09T08:45,DONE
Q2931,L001,L012,Maintenance,1,2026-10-09T09:06,2026-10-09T15:35,IN_PROGRESS
Q2932,L022,L027,Maintenance,1,2026-10-09T09:12,2026-10-09T16:16,DONE
Q2933,L045,L025,Medical,3,2026-10-09T09:53,2026-10-09T13:39,NEW
Q2934,L039,L008,Catering,5,2026-10-09T11:17,2026-10-09T12:09,IN_PROGRESS
Q2935,L014,L026,Medical,4,2026-10-09T11:29,2026-10-09T12:33,NEW
Q2936,L020,L039,Maintenance,1,2026-10-09T12:47,2026-10-09T20:02,DONE
Q2937,L007,L035,Medical,2,2026-10-09T13:35,2026-10-09T21:11,DONE
Q2938,L002,L038,Maintenance,5,2026-10-09T14:00,2026-10-09T14:37,NEW
Q2939,L039,L033,Maintenance,2,2026-10-09T14:48,2026-10-09T20:37,NEW
Q2940,L005,L006,Medical,1,2026-10-09T15:30,2026-10-09T22:05,DONE
Q2941,L034,L035,Medical,4,2026-10-09T16:55,2026-10-09T17:56,IN_PROGRESS
Q2942,L022,L016,Document,2,2026-10-09T17:05,2026-10-09T23:19,NEW
Q2943,L045,L007,Maintenance,1,2026-10-09T17:12,2026-10-09T23:24,IN_PROGRESS
Q2944,L013,L004,Document,2,2026-10-09T18:34,2026-10-09T22:58,NEW
Q2945,L002,L025,Maintenance,3,2026-10-09T19:06,2026-10-09T21:19,NEW
Q2946,L012,L014,Medical,2,2026-10-09T20:06,2026-10-10T02:18,NEW
Q2947,L036,L012,Document,1,2026-10-09T21:13,2026-10-10T05:03,DONE
Q2948,L036,L042,Security,3,2026-10-09T21:51,2026-10-10T00:29,CANCELLED
Q2949,L048,L003,Maintenance,2,2026-10-09T23:03,2026-10-10T04:59,DONE
Q2950,L013,L022,Medical,3,2026-10-10T00:18,2026-10-10T03:53,DONE
Q2951,L034,L009,Medical,2,2026-10-10T01:41,2026-10-10T08:48,DONE
Q2952,L008,L004,Maintenance,2,2026-10-10T01:48,2026-10-10T08:25,DONE
Q2953,L004,L033,Medical,3,2026-10-10T02:30,2026-10-10T05:07,DONE
Q2954,L037,L012,Security,4,2026-10-10T03:07,2026-10-10T04:44,NEW
Q2955,L011,L026,IT_Support,4,2026-10-10T04:32,2026-10-10T05:58,DONE
Q2956,L040,L037,IT_Support,5,2026-10-10T05:47,2026-10-10T06:38,DONE
Q2957,L039,L048,Delivery,4,2026-10-10T06:50,2026-10-10T07:55,CANCELLED
Q2958,L034,L019,Maintenance,4,2026-10-10T08:16,2026-10-10T10:16,DONE
Q2959,L037,L016,Maintenance,3,2026-10-10T09:25,2026-10-10T13:19,NEW
Q2960,L020,L037,Delivery,5,2026-10-10T09:52,2026-10-10T10:51,NEW
Q2961,L013,L007,Maintenance,4,2026-10-10T10:34,2026-10-10T12:23,IN_PROGRESS
Q2962,L010,L028,Medical,3,2026-10-10T11:31,2026-10-10T14:51,IN_PROGRESS
Q2963,L045,L002,Catering,3,2026-10-10T11:51,2026-10-10T14:50,NEW
Q2964,L027,L002,Delivery,1,2026-10-10T13:07,2026-10-10T22:14,NEW
Q2965,L015,L034,Delivery,2,2026-10-10T13:58,2026-10-10T20:46,DONE
Q2966,L016,L034,Maintenance,5,2026-10-10T14:39,2026-10-10T15:36,DONE
Q2967,L001,L023,Catering,5,2026-10-10T15:02,2026-10-10T16:01,NEW
Q2968,L045,L037,Delivery,2,2026-10-10T15:25,2026-10-10T21:10,DONE
Q2969,L038,L023,Document,1,2026-10-10T15:41,2026-10-11T01:03,DONE
Q2970,L036,L025,Document,2,2026-10-10T16:13,2026-10-10T20:18,DONE
Q2971,L036,L031,IT_Support,1,2026-10-10T16:36,2026-10-11T01:54,IN_PROGRESS
Q2972,L013,L034,Medical,2,2026-10-10T16:56,2026-10-10T22:02,IN_PROGRESS
Q2973,L013,L018,Medical,1,2026-10-10T17:40,2026-10-11T03:19,DONE
Q2974,L033,L018,Delivery,1,2026-10-10T18:06,2026-10-11T02:10,NEW
Q2975,L015,L001,Maintenance,5,2026-10-10T19:01,2026-10-10T20:01,NEW
Q2976,L025,L005,Catering,1,2026-10-10T19:55,2026-10-11T04:05,CANCELLED
Q2977,L013,L005,Maintenance,2,2026-10-10T20:03,2026-10-11T00:17,DONE
Q2978,L005,L025,Document,3,2026-10-10T20:45,2026-10-11T00:06,NEW
Q2979,L039,L005,IT_Support,2,2026-10-10T21:12,2026-10-11T04:54,NEW
Q2980,L041,L034,Maintenance,3,2026-10-10T22:09,2026-10-11T01:30,NEW
Q2981,L010,L004,Delivery,2,2026-10-10T22:16,2026-10-11T06:07,NEW
Q2982,L032,L029,Document,2,2026-10-10T23:18,2026-10-11T07:06,NEW
Q2983,L009,L047,Medical,5,2026-10-11T00:39,2026-10-11T01:14,DONE
Q2984,L023,L002,Document,1,2026-10-11T02:04,2026-10-11T11:37,IN_PROGRESS
Q2985,L031,L025,Security,5,2026-10-11T03:26,2026-10-11T03:59,DONE
Q2986,L017,L002,Medical,3,2026-10-11T03:39,2026-10-11T06:04,DONE
Q2987,L013,L030,Medical,5,2026-10-11T04:24,2026-10-11T05:06,IN_PROGRESS
Q2988,L046,L011,Maintenance,5,2026-10-11T05:28,2026-10-11T06:16,NEW
Q2989,L006,L030,Maintenance,4,2026-10-11T05:54,2026-10-11T07:37,IN_PROGRESS
Q2990,L007,L006,Delivery,1,2026-10-11T06:53,2026-10-11T13:55,NEW
Q2991,L033,L043,Medical,3,2026-10-11T07:42,2026-10-11T10:31,DONE
Q2992,L008,L013,Medical,1,2026-10-11T08:24,2026-10-11T15:44,DONE
Q2993,L017,L038,Maintenance,5,2026-10-11T09:10,2026-10-11T09:42,IN_PROGRESS
Q2994,L010,L026,Medical,1,2026-10-11T10:10,2026-10-11T17:22,IN_PROGRESS
Q2995,L019,L004,Medical,2,2026-10-11T10:28,2026-10-11T16:11,NEW
Q2996,L031,L035,Maintenance,1,2026-10-11T11:36,2026-10-11T20:28,NEW
Q2997,L033,L011,Security,1,2026-10-11T13:02,2026-10-11T19:27,IN_PROGRESS
Q2998,L032,L038,Document,1,2026-10-11T13:40,2026-10-11T21:54,DONE
Q2999,L027,L011,Document,2,2026-10-11T15:02,2026-10-11T20:56,IN_PROGRESS
Q3000,L015,L028,IT_Support,2,2026-10-11T15:38,2026-10-11T23:24,IN_PROGRESS
Q3001,L008,L033,Maintenance,4,2026-10-11T15:46,2026-10-11T17:07,NEW
Q3002,L015,L037,IT_Support,5,2026-10-11T17:06,2026-10-11T17:54,NEW
Q3003,L047,L041,Medical,4,2026-10-11T18:09,2026-10-11T19:39,CANCELLED
Q3004,L045,L004,Medical,5,2026-10-11T19:05,2026-10-11T19:52,NEW
Q3005,L010,L001,Medical,1,2026-10-11T19:20,2026-10-12T04:10,DONE
Q3006,L011,L012,Medical,2,2026-10-11T19:36,2026-10-12T01:18,DONE
Q3007,L044,L043,Medical,4,2026-10-11T20:38,2026-10-11T22:37,DONE
Q3008,L007,L044,Medical,3,2026-10-11T21:49,2026-10-12T01:13,DONE
Q3009,L012,L005,Catering,1,2026-10-11T22:52,2026-10-12T08:07,DONE
Q3010,L039,L003,Document,3,2026-10-11T23:27,2026-10-12T02:23,DONE
Q3011,L040,L039,Document,4,2026-10-11T23:52,2026-10-12T01:00,IN_PROGRESS
Q3012,L003,L022,IT_Support,5,2026-10-12T00:26,2026-10-12T01:18,DONE
Q3013,L035,L028,Catering,3,2026-10-12T01:35,2026-10-12T04:13,DONE
Q3014,L042,L009,Medical,3,2026-10-12T02:58,2026-10-12T06:04,IN_PROGRESS
Q3015,L036,L041,Maintenance,1,2026-10-12T04:23,2026-10-12T12:44,NEW
Q3016,L033,L030,Catering,4,2026-10-12T05:51,2026-10-12T07:19,NEW
Q3017,L006,L023,Security,2,2026-10-12T06:53,2026-10-12T12:34,DONE
Q3018,L031,L013,Document,5,2026-10-12T08:16,2026-10-12T09:01,NEW
Q3019,L018,L025,IT_Support,5,2026-10-12T09:41,2026-10-12T10:33,NEW
Q3020,L030,L032,Delivery,3,2026-10-12T11:05,2026-10-12T14:19,DONE
Q3021,L028,L033,Document,4,2026-10-12T11:26,2026-10-12T12:46,IN_PROGRESS
Q3022,L034,L037,Maintenance,5,2026-10-12T12:53,2026-10-12T13:41,NEW
Q3023,L021,L044,Document,2,2026-10-12T14:18,2026-10-12T21:42,NEW
Q3024,L016,L024,Maintenance,2,2026-10-12T15:09,2026-10-12T22:24,NEW
Q3025,L025,L047,Delivery,4,2026-10-12T15:17,2026-10-12T17:00,DONE
Q3026,L008,L011,Medical,3,2026-10-12T16:05,2026-10-12T19:55,DONE
Q3027,L024,L018,Medical,5,2026-10-12T17:25,2026-10-12T18:08,NEW
Q3028,L013,L009,Medical,4,2026-10-12T18:51,2026-10-12T20:06,NEW
Q3029,L041,L009,Delivery,4,2026-10-12T19:46,2026-10-12T21:39,IN_PROGRESS
Q3030,L015,L013,Document,5,2026-10-12T20:04,2026-10-12T20:45,DONE
Q3031,L026,L011,Medical,4,2026-10-12T20:32,2026-10-12T22:06,IN_PROGRESS
Q3032,L022,L047,Catering,3,2026-10-12T21:20,2026-10-13T00:10,IN_PROGRESS
Q3033,L011,L037,Maintenance,5,2026-10-12T21:53,2026-10-12T22:34,NEW
Q3034,L034,L039,IT_Support,2,2026-10-12T23:02,2026-10-13T03:31,NEW
Q3035,L036,L046,Medical,2,2026-10-13T00:09,2026-10-13T06:23,IN_PROGRESS
Q3036,L017,L025,Security,3,2026-10-13T00:55,2026-10-13T04:32,NEW
Q3037,L032,L044,Medical,2,2026-10-13T01:39,2026-10-13T08:21,NEW
Q3038,L040,L008,Security,5,2026-10-13T01:53,2026-10-13T02:53,IN_PROGRESS
Q3039,L008,L031,Delivery,1,2026-10-13T02:40,2026-10-13T11:10,NEW
Q3040,L016,L018,IT_Support,1,2026-10-13T03:35,2026-10-13T10:55,NEW
Q3041,L006,L021,Medical,1,2026-10-13T04:05,2026-10-13T10:34,IN_PROGRESS
Q3042,L014,L047,Maintenance,3,2026-10-13T05:03,2026-10-13T08:04,NEW
Q3043,L047,L034,Maintenance,4,2026-10-13T05:48,2026-10-13T06:50,NEW
Q3044,L002,L040,Medical,4,2026-10-13T07:15,2026-10-13T09:06,DONE
Q3045,L007,L019,Catering,4,2026-10-13T08:05,2026-10-13T09:16,NEW
Q3046,L030,L025,Delivery,5,2026-10-13T09:25,2026-10-13T10:12,NEW
Q3047,L031,L036,Maintenance,4,2026-10-13T10:31,2026-10-13T11:31,NEW
Q3048,L018,L024,Maintenance,4,2026-10-13T11:20,2026-10-13T12:45,DONE
Q3049,L011,L009,Security,3,2026-10-13T12:19,2026-10-13T15:13,IN_PROGRESS
Q3050,L004,L021,IT_Support,3,2026-10-13T13:21,2026-10-13T16:30,NEW
Q3051,L029,L018,Medical,1,2026-10-13T14:09,2026-10-13T22:21,NEW
Q3052,L022,L048,Security,2,2026-10-13T15:29,2026-10-13T21:19,DONE
Q3053,L024,L021,IT_Support,4,2026-10-13T16:38,2026-10-13T17:46,NEW
Q3054,L020,L040,Security,5,2026-10-13T17:37,2026-10-13T18:18,IN_PROGRESS
Q3055,L002,L009,Security,1,2026-10-13T18:01,2026-10-14T03:28,NEW
Q3056,L020,L024,Delivery,3,2026-10-13T18:15,2026-10-13T20:46,IN_PROGRESS
Q3057,L009,L042,Security,5,2026-10-13T19:01,2026-10-13T19:59,IN_PROGRESS
Q3058,L021,L005,Maintenance,2,2026-10-13T20:12,2026-10-14T01:06,NEW
Q3059,L041,L028,Document,1,2026-10-13T20:55,2026-10-14T04:09,NEW
Q3060,L034,L040,Medical,3,2026-10-13T22:02,2026-10-14T00:21,CANCELLED
Q3061,L032,L045,Catering,2,2026-10-13T23:28,2026-10-14T06:51,NEW
Q3062,L029,L047,Security,3,2026-10-13T23:33,2026-10-14T01:50,NEW
Q3063,L024,L033,Catering,4,2026-10-14T00:14,2026-10-14T01:27,IN_PROGRESS
Q3064,L005,L034,Medical,4,2026-10-14T00:32,2026-10-14T02:19,DONE
Q3065,L009,L013,IT_Support,1,2026-10-14T01:59,2026-10-14T08:02,DONE
Q3066,L041,L020,Delivery,1,2026-10-14T02:15,2026-10-14T10:30,DONE
Q3067,L016,L027,Medical,1,2026-10-14T03:19,2026-10-14T10:49,DONE
Q3068,L002,L035,Maintenance,3,2026-10-14T03:35,2026-10-14T07:01,DONE
Q3069,L030,L012,IT_Support,5,2026-10-14T04:21,2026-10-14T05:00,NEW
Q3070,L048,L024,Document,2,2026-10-14T04:45,2026-10-14T12:27,NEW
Q3071,L037,L003,Medical,3,2026-10-14T06:15,2026-10-14T09:50,NEW
Q3072,L030,L025,Security,3,2026-10-14T07:10,2026-10-14T09:17,DONE
Q3073,L036,L012,Delivery,5,2026-10-14T07:37,2026-10-14T08:10,DONE
Q3074,L030,L044,Maintenance,2,2026-10-14T08:09,2026-10-14T14:35,DONE
Q3075,L042,L038,Catering,5,2026-10-14T08:55,2026-10-14T09:31,IN_PROGRESS
Q3076,L012,L010,Document,3,2026-10-14T09:52,2026-10-14T13:45,DONE
Q3077,L011,L007,Delivery,4,2026-10-14T11:11,2026-10-14T12:15,DONE
Q3078,L041,L020,Medical,3,2026-10-14T11:37,2026-10-14T14:19,NEW
Q3079,L042,L024,Delivery,2,2026-10-14T12:51,2026-10-14T17:45,DONE
Q3080,L021,L036,Security,2,2026-10-14T14:18,2026-10-14T20:18,NEW
Q3081,L048,L032,Medical,4,2026-10-14T14:25,2026-10-14T16:01,NEW
Q3082,L022,L017,IT_Support,3,2026-10-14T15:33,2026-10-14T18:52,IN_PROGRESS
Q3083,L046,L047,Maintenance,5,2026-10-14T16:52,2026-10-14T17:37,DONE
Q3084,L001,L012,Document,2,2026-10-14T17:39,2026-10-14T22:44,NEW
Q3085,L043,L039,Document,3,2026-10-14T17:58,2026-10-14T20:26,NEW
Q3086,L032,L046,Security,2,2026-10-14T19:14,2026-10-15T01:28,DONE
Q3087,L016,L009,Maintenance,4,2026-10-14T19:31,2026-10-14T20:39,DONE
Q3088,L024,L026,Delivery,4,2026-10-14T20:00,2026-10-14T21:11,NEW
Q3089,L003,L017,IT_Support,3,2026-10-14T21:04,2026-10-15T00:11,IN_PROGRESS
Q3090,L033,L037,Document,4,2026-10-14T21:56,2026-10-14T23:38,DONE
Q3091,L033,L023,Maintenance,3,2026-10-14T22:08,2026-10-15T01:51,NEW
Q3092,L003,L013,Maintenance,5,2026-10-14T23:02,2026-10-14T23:53,NEW
Q3093,L006,L037,IT_Support,3,2026-10-14T23:15,2026-10-15T02:00,NEW
Q3094,L011,L014,IT_Support,3,2026-10-14T23:31,2026-10-15T01:34,IN_PROGRESS
Q3095,L010,L042,Document,4,2026-10-15T00:51,2026-10-15T02:38,DONE
Q3096,L023,L043,Maintenance,2,2026-10-15T02:19,2026-10-15T10:03,NEW
Q3097,L048,L033,Maintenance,3,2026-10-15T02:24,2026-10-15T05:38,NEW
Q3098,L027,L031,Maintenance,4,2026-10-15T03:46,2026-10-15T04:53,NEW
Q3099,L010,L026,Maintenance,1,2026-10-15T04:17,2026-10-15T10:59,NEW
Q3100,L008,L044,Security,5,2026-10-15T05:46,2026-10-15T06:21,NEW
Q3101,L004,L008,Delivery,4,2026-10-15T06:05,2026-10-15T07:29,NEW
Q3102,L026,L007,Maintenance,1,2026-10-15T06:14,2026-10-15T14:10,NEW
Q3103,L009,L047,Medical,4,2026-10-15T07:15,2026-10-15T09:14,DONE
Q3104,L016,L013,Security,4,2026-10-15T07:57,2026-10-15T09:33,NEW
Q3105,L013,L028,Medical,2,2026-10-15T08:24,2026-10-15T14:22,NEW
Q3106,L042,L043,IT_Support,4,2026-10-15T09:05,2026-10-15T10:16,NEW
Q3107,L007,L006,Medical,4,2026-10-15T10:30,2026-10-15T12:03,DONE
Q3108,L009,L022,IT_Support,3,2026-10-15T10:52,2026-10-15T13:12,NEW
Q3109,L039,L019,Medical,1,2026-10-15T11:21,2026-10-15T20:22,IN_PROGRESS
Q3110,L024,L023,Delivery,4,2026-10-15T12:49,2026-10-15T13:49,NEW
Q3111,L014,L046,Delivery,3,2026-10-15T14:08,2026-10-15T17:12,NEW
Q3112,L002,L007,Medical,3,2026-10-15T14:37,2026-10-15T17:32,NEW
Q3113,L023,L036,Medical,2,2026-10-15T14:58,2026-10-15T19:54,NEW
Q3114,L002,L017,Security,5,2026-10-15T15:06,2026-10-15T15:41,DONE
Q3115,L031,L004,Medical,2,2026-10-15T15:40,2026-10-15T22:04,NEW
Q3116,L032,L018,Maintenance,3,2026-10-15T15:55,2026-10-15T18:51,NEW
Q3117,L028,L038,Maintenance,2,2026-10-15T16:36,2026-10-15T22:53,NEW
Q3118,L042,L007,Medical,2,2026-10-15T18:01,2026-10-16T00:47,IN_PROGRESS
Q3119,L001,L015,Delivery,5,2026-10-15T18:13,2026-10-15T18:47,NEW
Q3120,L002,L040,Medical,5,2026-10-15T19:30,2026-10-15T20:30,IN_PROGRESS
Q3121,L041,L029,Medical,5,2026-10-15T19:43,2026-10-15T20:25,NEW
Q3122,L029,L038,Delivery,5,2026-10-15T20:42,2026-10-15T21:39,NEW
Q3123,L012,L016,Medical,4,2026-10-15T21:19,2026-10-15T22:48,NEW
Q3124,L028,L001,Maintenance,3,2026-10-15T22:29,2026-10-16T00:45,DONE
Q3125,L003,L014,Maintenance,5,2026-10-15T23:44,2026-10-16T00:22,IN_PROGRESS
Q3126,L007,L029,Medical,4,2026-10-16T00:09,2026-10-16T01:36,NEW
Q3127,L034,L003,Document,3,2026-10-16T01:39,2026-10-16T04:26,IN_PROGRESS
Q3128,L029,L007,Maintenance,1,2026-10-16T02:27,2026-10-16T11:29,DONE
Q3129,L004,L030,Maintenance,3,2026-10-16T02:45,2026-10-16T05:17,NEW
Q3130,L004,L030,Delivery,2,2026-10-16T03:26,2026-10-16T09:00,CANCELLED
Q3131,L034,L018,Document,2,2026-10-16T03:45,2026-10-16T10:47,NEW
Q3132,L013,L002,Maintenance,2,2026-10-16T04:57,2026-10-16T11:52,NEW
Q3133,L023,L029,Medical,2,2026-10-16T05:05,2026-10-16T09:59,NEW
Q3134,L008,L036,Maintenance,2,2026-10-16T05:35,2026-10-16T12:12,DONE
Q3135,L026,L011,IT_Support,5,2026-10-16T06:12,2026-10-16T07:09,NEW
Q3136,L028,L026,Document,1,2026-10-16T06:25,2026-10-16T14:41,NEW
Q3137,L016,L009,Delivery,3,2026-10-16T07:04,2026-10-16T09:56,NEW
Q3138,L027,L028,Maintenance,5,2026-10-16T07:12,2026-10-16T08:07,DONE
Q3139,L005,L008,Maintenance,3,2026-10-16T07:32,2026-10-16T11:29,DONE
Q3140,L017,L003,Maintenance,3,2026-10-16T08:46,2026-10-16T12:25,DONE
Q3141,L036,L005,IT_Support,3,2026-10-16T10:11,2026-10-16T13:41,DONE
Q3142,L018,L037,Maintenance,2,2026-10-16T10:24,2026-10-16T15:47,CANCELLED
Q3143,L012,L003,Medical,3,2026-10-16T11:44,2026-10-16T14:23,NEW
Q3144,L042,L039,IT_Support,5,2026-10-16T13:06,2026-10-16T13:53,NEW
Q3145,L032,L041,Medical,1,2026-10-16T14:07,2026-10-16T23:04,NEW
Q3146,L008,L027,Medical,3,2026-10-16T15:04,2026-10-16T19:01,NEW
Q3147,L025,L007,Maintenance,3,2026-10-16T16:11,2026-10-16T19:13,IN_PROGRESS
Q3148,L037,L018,Medical,4,2026-10-16T17:11,2026-10-16T18:22,DONE
Q3149,L014,L048,Delivery,3,2026-10-16T17:53,2026-10-16T21:08,DONE
Q3150,L037,L008,Catering,2,2026-10-16T18:31,2026-10-16T23:15,NEW
Q3151,L028,L043,Maintenance,2,2026-10-16T19:34,2026-10-17T03:05,NEW
Q3152,L035,L011,Maintenance,2,2026-10-16T21:03,2026-10-17T03:55,IN_PROGRESS
Q3153,L043,L002,Delivery,4,2026-10-16T22:17,2026-10-17T00:17,NEW
Q3154,L006,L016,Medical,4,2026-10-16T23:27,2026-10-17T01:05,DONE
Q3155,L033,L038,Document,1,2026-10-17T00:28,2026-10-17T06:35,NEW
Q3156,L047,L035,Document,3,2026-10-17T01:57,2026-10-17T05:03,NEW
Q3157,L002,L005,Catering,5,2026-10-17T02:40,2026-10-17T03:28,IN_PROGRESS
Q3158,L009,L011,IT_Support,3,2026-10-17T03:30,2026-10-17T06:37,IN_PROGRESS
Q3159,L033,L048,Security,3,2026-10-17T04:39,2026-10-17T07:27,NEW
Q3160,L029,L001,Document,1,2026-10-17T05:53,2026-10-17T12:06,NEW
Q3161,L027,L031,Medical,4,2026-10-17T06:21,2026-10-17T08:14,IN_PROGRESS
Q3162,L013,L025,Document,2,2026-10-17T07:48,2026-10-17T14:41,NEW
Q3163,L006,L011,Document,3,2026-10-17T08:27,2026-10-17T12:09,IN_PROGRESS
Q3164,L011,L039,Delivery,3,2026-10-17T09:31,2026-10-17T13:04,NEW
Q3165,L026,L038,Security,4,2026-10-17T11:01,2026-10-17T12:41,IN_PROGRESS
Q3166,L004,L018,Maintenance,2,2026-10-17T11:39,2026-10-17T19:32,DONE
Q3167,L006,L038,Medical,2,2026-10-17T12:54,2026-10-17T19:40,NEW
Q3168,L016,L012,Document,4,2026-10-17T14:09,2026-10-17T15:44,IN_PROGRESS
Q3169,L015,L022,Delivery,2,2026-10-17T15:12,2026-10-17T21:42,DONE
Q3170,L043,L042,Medical,2,2026-10-17T16:34,2026-10-17T22:23,NEW
Q3171,L045,L041,Medical,3,2026-10-17T17:10,2026-10-17T20:43,NEW
Q3172,L017,L040,Medical,2,2026-10-17T17:34,2026-10-17T21:52,NEW
Q3173,L029,L001,Maintenance,2,2026-10-17T17:59,2026-10-17T23:32,NEW
Q3174,L038,L016,IT_Support,2,2026-10-17T18:20,2026-10-17T22:22,DONE
Q3175,L033,L037,Catering,4,2026-10-17T19:16,2026-10-17T20:50,NEW
Q3176,L045,L033,Medical,1,2026-10-17T19:54,2026-10-18T03:37,NEW
Q3177,L031,L010,Catering,4,2026-10-17T21:12,2026-10-17T22:16,NEW
Q3178,L028,L002,Delivery,1,2026-10-17T21:44,2026-10-18T07:18,NEW
Q3179,L008,L038,Security,5,2026-10-17T23:13,2026-10-18T00:08,NEW
Q3180,L039,L041,IT_Support,5,2026-10-18T00:10,2026-10-18T00:44,IN_PROGRESS
Q3181,L015,L014,Document,2,2026-10-18T00:38,2026-10-18T05:43,NEW
Q3182,L003,L017,Medical,3,2026-10-18T00:45,2026-10-18T04:42,NEW
Q3183,L011,L024,Security,2,2026-10-18T01:08,2026-10-18T06:17,NEW
Q3184,L008,L040,Maintenance,2,2026-10-18T01:37,2026-10-18T08:37,NEW
Q3185,L019,L018,Maintenance,3,2026-10-18T01:50,2026-10-18T04:51,NEW
Q3186,L048,L031,Security,5,2026-10-18T03:01,2026-10-18T03:36,NEW
Q3187,L045,L017,Delivery,3,2026-10-18T03:11,2026-10-18T06:21,DONE
Q3188,L035,L047,Maintenance,2,2026-10-18T03:34,2026-10-18T08:00,IN_PROGRESS
Q3189,L018,L006,Document,2,2026-10-18T03:52,2026-10-18T11:15,IN_PROGRESS
Q3190,L015,L021,Delivery,5,2026-10-18T04:30,2026-10-18T05:18,DONE
Q3191,L028,L040,Delivery,3,2026-10-18T05:49,2026-10-18T08:40,IN_PROGRESS
Q3192,L045,L040,Document,2,2026-10-18T07:06,2026-10-18T12:27,NEW
Q3193,L045,L006,Medical,3,2026-10-18T08:35,2026-10-18T10:42,CANCELLED
Q3194,L008,L040,Maintenance,3,2026-10-18T09:41,2026-10-18T12:28,NEW
Q3195,L016,L045,Security,5,2026-10-18T10:00,2026-10-18T10:33,NEW
Q3196,L031,L006,Medical,4,2026-10-18T11:21,2026-10-18T12:55,NEW
Q3197,L036,L026,Maintenance,2,2026-10-18T12:48,2026-10-18T17:22,NEW
Q3198,L007,L033,Document,2,2026-10-18T13:41,2026-10-18T19:47,DONE
Q3199,L001,L004,Maintenance,3,2026-10-18T14:03,2026-10-18T16:42,DONE
Q3200,L034,L038,Medical,1,2026-10-18T14:56,2026-10-18T23:52,IN_PROGRESS
Q3201,L018,L048,IT_Support,3,2026-10-18T15:53,2026-10-18T18:00,NEW
Q3202,L021,L028,Medical,1,2026-10-18T16:37,2026-10-18T23:59,IN_PROGRESS
Q3203,L028,L024,Document,2,2026-10-18T16:45,2026-10-18T23:13,DONE
Q3204,L029,L020,IT_Support,5,2026-10-18T17:54,2026-10-18T18:50,NEW
Q3205,L039,L002,Medical,2,2026-10-18T18:32,2026-10-19T01:58,IN_PROGRESS
Q3206,L026,L025,IT_Support,5,2026-10-18T19:30,2026-10-18T20:11,NEW
Q3207,L045,L019,Maintenance,2,2026-10-18T20:52,2026-10-19T02:22,NEW
Q3208,L015,L004,Maintenance,5,2026-10-18T21:20,2026-10-18T21:54,NEW
Q3209,L012,L010,Medical,5,2026-10-18T22:19,2026-10-18T23:18,IN_PROGRESS
Q3210,L031,L045,Delivery,2,2026-10-18T23:04,2026-10-19T05:42,NEW
Q3211,L005,L025,Maintenance,1,2026-10-18T23:21,2026-10-19T05:46,NEW
Q3212,L024,L033,IT_Support,2,2026-10-19T00:47,2026-10-19T06:28,IN_PROGRESS
Q3213,L004,L001,IT_Support,5,2026-10-19T01:52,2026-10-19T02:41,NEW
Q3214,L034,L026,Document,3,2026-10-19T02:22,2026-10-19T06:14,DONE
Q3215,L006,L012,Document,5,2026-10-19T02:28,2026-10-19T03:28,NEW
Q3216,L018,L029,Maintenance,4,2026-10-19T02:54,2026-10-19T04:34,IN_PROGRESS
Q3217,L028,L005,Maintenance,1,2026-10-19T03:25,2026-10-19T11:42,NEW
Q3218,L017,L015,IT_Support,5,2026-10-19T04:25,2026-10-19T05:07,NEW
Q3219,L045,L038,Delivery,5,2026-10-19T05:29,2026-10-19T06:17,DONE
Q3220,L023,L041,Maintenance,5,2026-10-19T05:56,2026-10-19T06:36,IN_PROGRESS
Q3221,L009,L008,Delivery,4,2026-10-19T06:42,2026-10-19T08:38,NEW
Q3222,L017,L024,IT_Support,5,2026-10-19T06:51,2026-10-19T07:43,NEW
Q3223,L028,L017,Medical,2,2026-10-19T07:39,2026-10-19T14:50,DONE
Q3224,L010,L013,IT_Support,1,2026-10-19T08:08,2026-10-19T14:49,NEW
Q3225,L046,L029,Medical,3,2026-10-19T09:15,2026-10-19T12:43,DONE
Q3226,L040,L047,IT_Support,1,2026-10-19T10:10,2026-10-19T19:27,NEW
Q3227,L014,L016,Delivery,3,2026-10-19T10:36,2026-10-19T13:39,DONE
Q3228,L011,L002,Maintenance,4,2026-10-19T11:02,2026-10-19T12:54,DONE
Q3229,L005,L031,Medical,1,2026-10-19T11:15,2026-10-19T19:52,DONE
Q3230,L025,L016,IT_Support,2,2026-10-19T11:44,2026-10-19T15:54,DONE
Q3231,L025,L039,Catering,5,2026-10-19T12:58,2026-10-19T13:45,NEW
Q3232,L010,L018,Delivery,2,2026-10-19T13:42,2026-10-19T17:47,IN_PROGRESS
Q3233,L003,L045,IT_Support,4,2026-10-19T14:37,2026-10-19T16:05,DONE
Q3234,L031,L033,Medical,5,2026-10-19T15:26,2026-10-19T16:02,IN_PROGRESS
Q3235,L018,L017,Medical,4,2026-10-19T16:04,2026-10-19T17:31,NEW
Q3236,L004,L035,Maintenance,3,2026-10-19T16:17,2026-10-19T19:18,NEW
Q3237,L039,L040,Medical,4,2026-10-19T16:23,2026-10-19T18:04,DONE
Q3238,L044,L042,IT_Support,4,2026-10-19T16:58,2026-10-19T18:39,DONE
Q3239,L039,L008,Maintenance,3,2026-10-19T18:27,2026-10-19T21:00,NEW
Q3240,L035,L048,Medical,3,2026-10-19T19:47,2026-10-19T22:55,DONE
Q3241,L033,L010,Security,4,2026-10-19T20:31,2026-10-19T21:51,DONE
Q3242,L031,L038,Delivery,4,2026-10-19T21:33,2026-10-19T23:16,NEW
Q3243,L009,L017,Medical,1,2026-10-19T22:54,2026-10-20T07:14,NEW
Q3244,L048,L025,Delivery,1,2026-10-19T23:25,2026-10-20T08:59,NEW
Q3245,L036,L042,Medical,3,2026-10-20T00:00,2026-10-20T03:13,DONE
Q3246,L007,L010,Catering,5,2026-10-20T01:08,2026-10-20T01:39,DONE
Q3247,L026,L011,Security,3,2026-10-20T02:19,2026-10-20T06:10,CANCELLED
Q3248,L033,L004,Delivery,3,2026-10-20T02:42,2026-10-20T04:58,NEW
Q3249,L003,L008,Maintenance,2,2026-10-20T02:49,2026-10-20T07:07,IN_PROGRESS
Q3250,L045,L034,Medical,2,2026-10-20T02:57,2026-10-20T09:09,NEW
Q3251,L041,L039,Delivery,3,2026-10-20T04:03,2026-10-20T07:35,IN_PROGRESS
Q3252,L025,L008,Maintenance,1,2026-10-20T04:55,2026-10-20T12:35,NEW
Q3253,L006,L019,Maintenance,4,2026-10-20T05:37,2026-10-20T07:36,IN_PROGRESS
Q3254,L021,L042,Medical,5,2026-10-20T05:48,2026-10-20T06:44,DONE
Q3255,L031,L018,Medical,4,2026-10-20T07:15,2026-10-20T08:23,IN_PROGRESS
Q3256,L013,L021,Medical,5,2026-10-20T07:32,2026-10-20T08:04,DONE
Q3257,L001,L013,IT_Support,5,2026-10-20T08:28,2026-10-20T09:28,NEW
Q3258,L012,L001,Medical,4,2026-10-20T09:48,2026-10-20T11:12,IN_PROGRESS
Q3259,L029,L005,Medical,5,2026-10-20T10:48,2026-10-20T11:47,NEW
Q3260,L043,L025,Medical,1,2026-10-20T12:15,2026-10-20T19:57,NEW
Q3261,L024,L020,IT_Support,4,2026-10-20T12:48,2026-10-20T14:06,DONE
Q3262,L001,L029,Document,1,2026-10-20T14:08,2026-10-20T21:18,DONE
Q3263,L040,L031,Maintenance,3,2026-10-20T15:24,2026-10-20T19:02,NEW
Q3264,L013,L028,Medical,2,2026-10-20T16:17,2026-10-20T22:35,DONE
Q3265,L047,L037,Document,2,2026-10-20T17:20,2026-10-21T00:42,NEW
Q3266,L001,L034,Medical,2,2026-10-20T18:46,2026-10-21T01:12,DONE
Q3267,L008,L031,Document,4,2026-10-20T20:09,2026-10-20T21:13,DONE
Q3268,L024,L002,Medical,3,2026-10-20T21:12,2026-10-21T01:01,NEW
Q3269,L005,L037,Document,2,2026-10-20T21:47,2026-10-21T02:21,DONE
Q3270,L002,L006,Maintenance,5,2026-10-20T22:37,2026-10-20T23:22,DONE
Q3271,L041,L034,Document,4,2026-10-20T22:43,2026-10-21T00:02,NEW
Q3272,L006,L036,IT_Support,4,2026-10-21T00:01,2026-10-21T01:24,CANCELLED
Q3273,L009,L005,IT_Support,2,2026-10-21T00:21,2026-10-21T06:20,NEW
Q3274,L032,L030,Medical,1,2026-10-21T01:28,2026-10-21T08:45,DONE
Q3275,L025,L039,Maintenance,1,2026-10-21T02:55,2026-10-21T11:18,DONE
Q3276,L010,L018,Maintenance,4,2026-10-21T03:17,2026-10-21T04:44,NEW
Q3277,L018,L012,Maintenance,3,2026-10-21T04:27,2026-10-21T07:43,NEW
Q3278,L005,L029,Maintenance,4,2026-10-21T05:05,2026-10-21T06:51,CANCELLED
Q3279,L047,L024,Medical,1,2026-10-21T05:54,2026-10-21T14:50,IN_PROGRESS
Q3280,L019,L024,Document,4,2026-10-21T07:03,2026-10-21T08:11,NEW
Q3281,L001,L037,Maintenance,4,2026-10-21T07:08,2026-10-21T08:53,NEW
Q3282,L037,L002,Security,1,2026-10-21T07:41,2026-10-21T16:43,DONE
Q3283,L022,L027,Medical,1,2026-10-21T08:03,2026-10-21T15:16,NEW
Q3284,L031,L012,Document,5,2026-10-21T08:43,2026-10-21T09:14,DONE
Q3285,L004,L006,Document,3,2026-10-21T09:54,2026-10-21T12:18,IN_PROGRESS
Q3286,L011,L045,Medical,3,2026-10-21T10:52,2026-10-21T13:02,NEW
Q3287,L025,L035,Security,4,2026-10-21T11:58,2026-10-21T13:02,NEW
Q3288,L004,L023,Security,3,2026-10-21T12:10,2026-10-21T14:22,DONE
Q3289,L008,L037,Medical,1,2026-10-21T13:14,2026-10-21T23:02,NEW
Q3290,L007,L043,Maintenance,1,2026-10-21T13:24,2026-10-21T22:36,NEW
Q3291,L024,L015,Security,5,2026-10-21T14:41,2026-10-21T15:16,NEW
Q3292,L013,L003,Maintenance,1,2026-10-21T15:26,2026-10-22T00:22,NEW
Q3293,L001,L031,Medical,4,2026-10-21T15:42,2026-10-21T17:38,CANCELLED
Q3294,L033,L037,IT_Support,3,2026-10-21T16:24,2026-10-21T18:54,NEW
Q3295,L042,L010,IT_Support,3,2026-10-21T17:40,2026-10-21T20:54,NEW
Q3296,L014,L027,Medical,3,2026-10-21T18:45,2026-10-21T22:24,NEW
Q3297,L008,L027,IT_Support,1,2026-10-21T19:55,2026-10-22T02:33,DONE
Q3298,L031,L013,IT_Support,4,2026-10-21T20:09,2026-10-21T21:11,NEW
Q3299,L017,L022,Maintenance,2,2026-10-21T21:32,2026-10-22T03:17,DONE
Q3300,L015,L044,Maintenance,3,2026-10-21T22:23,2026-10-22T01:20,NEW
Q3301,L017,L034,IT_Support,4,2026-10-21T22:47,2026-10-22T00:13,NEW
Q3302,L034,L004,Medical,2,2026-10-21T22:56,2026-10-22T06:08,DONE
Q3303,L028,L029,Maintenance,3,2026-10-21T23:33,2026-10-22T03:28,CANCELLED
Q3304,L020,L035,Document,3,2026-10-22T00:18,2026-10-22T04:01,CANCELLED
Q3305,L015,L025,Security,4,2026-10-22T01:01,2026-10-22T02:26,DONE
Q3306,L009,L035,Maintenance,2,2026-10-22T02:02,2026-10-22T07:14,NEW
Q3307,L046,L004,Medical,3,2026-10-22T02:17,2026-10-22T05:04,NEW
Q3308,L026,L011,Maintenance,1,2026-10-22T03:38,2026-10-22T09:48,IN_PROGRESS
Q3309,L035,L022,Security,2,2026-10-22T05:03,2026-10-22T12:04,NEW
Q3310,L020,L047,Maintenance,5,2026-10-22T05:37,2026-10-22T06:11,NEW
Q3311,L006,L007,Document,3,2026-10-22T06:58,2026-10-22T10:26,NEW
Q3312,L002,L010,Medical,2,2026-10-22T07:52,2026-10-22T12:07,IN_PROGRESS
Q3313,L044,L045,Maintenance,3,2026-10-22T09:16,2026-10-22T12:04,NEW
Q3314,L015,L021,IT_Support,5,2026-10-22T09:31,2026-10-22T10:23,DONE
Q3315,L012,L001,Security,4,2026-10-22T10:16,2026-10-22T12:06,NEW
Q3316,L037,L023,IT_Support,1,2026-10-22T11:14,2026-10-22T20:30,NEW
Q3317,L045,L004,Maintenance,1,2026-10-22T11:42,2026-10-22T21:36,NEW
Q3318,L023,L042,Delivery,3,2026-10-22T13:06,2026-10-22T15:50,NEW
Q3319,L003,L029,Medical,5,2026-10-22T14:07,2026-10-22T15:00,NEW
Q3320,L013,L009,Document,3,2026-10-22T15:27,2026-10-22T18:54,IN_PROGRESS
Q3321,L024,L042,Maintenance,2,2026-10-22T15:40,2026-10-22T19:54,DONE
Q3322,L001,L026,Medical,4,2026-10-22T16:23,2026-10-22T18:12,NEW
Q3323,L047,L001,Maintenance,5,2026-10-22T17:03,2026-10-22T17:45,NEW
Q3324,L009,L003,Security,2,2026-10-22T17:44,2026-10-22T22:02,NEW
Q3325,L005,L035,Medical,3,2026-10-22T18:17,2026-10-22T21:41,NEW
Q3326,L022,L040,Delivery,1,2026-10-22T19:06,2026-10-23T04:22,DONE
Q3327,L016,L024,Delivery,2,2026-10-22T20:00,2026-10-23T00:20,NEW
Q3328,L003,L004,Medical,3,2026-10-22T20:06,2026-10-22T23:29,IN_PROGRESS
Q3329,L002,L026,Document,5,2026-10-22T21:21,2026-10-22T21:53,IN_PROGRESS
Q3330,L005,L035,Medical,2,2026-10-22T21:56,2026-10-23T04:00,NEW
Q3331,L033,L018,Delivery,1,2026-10-22T22:28,2026-10-23T07:19,IN_PROGRESS
Q3332,L013,L037,IT_Support,2,2026-10-22T23:20,2026-10-23T07:02,DONE
Q3333,L015,L002,Maintenance,3,2026-10-22T23:45,2026-10-23T02:28,NEW
Q3334,L021,L001,Medical,3,2026-10-22T23:59,2026-10-23T03:03,IN_PROGRESS
Q3335,L014,L025,Medical,1,2026-10-23T00:40,2026-10-23T07:09,NEW
Q3336,L030,L035,Medical,3,2026-10-23T02:09,2026-10-23T05:23,DONE
Q3337,L045,L010,Medical,2,2026-10-23T02:26,2026-10-23T06:45,NEW
Q3338,L001,L048,IT_Support,3,2026-10-23T03:24,2026-10-23T07:12,DONE
Q3339,L044,L003,Medical,1,2026-10-23T04:38,2026-10-23T13:02,DONE
Q3340,L027,L033,Medical,1,2026-10-23T04:57,2026-10-23T11:21,IN_PROGRESS
Q3341,L025,L026,Document,4,2026-10-23T05:02,2026-10-23T06:20,DONE
Q3342,L044,L022,Catering,5,2026-10-23T06:19,2026-10-23T07:07,NEW
Q3343,L035,L029,Medical,3,2026-10-23T06:45,2026-10-23T10:01,NEW
Q3344,L048,L038,IT_Support,2,2026-10-23T07:19,2026-10-23T14:56,NEW
Q3345,L016,L027,Delivery,5,2026-10-23T07:42,2026-10-23T08:27,IN_PROGRESS
Q3346,L024,L023,Document,1,2026-10-23T08:46,2026-10-23T18:35,NEW
Q3347,L002,L045,Delivery,1,2026-10-23T09:02,2026-10-23T18:29,NEW
Q3348,L023,L011,Medical,4,2026-10-23T09:31,2026-10-23T10:58,NEW
Q3349,L045,L011,Maintenance,4,2026-10-23T09:57,2026-10-23T11:01,DONE
Q3350,L023,L034,IT_Support,3,2026-10-23T10:02,2026-10-23T13:30,IN_PROGRESS
Q3351,L024,L037,Maintenance,1,2026-10-23T11:02,2026-10-23T17:58,NEW
Q3352,L035,L024,Medical,3,2026-10-23T11:47,2026-10-23T15:00,DONE
Q3353,L048,L030,Delivery,3,2026-10-23T12:04,2026-10-23T14:53,DONE
Q3354,L036,L034,Maintenance,1,2026-10-23T12:52,2026-10-23T19:54,CANCELLED
Q3355,L031,L035,IT_Support,4,2026-10-23T13:05,2026-10-23T14:40,IN_PROGRESS
Q3356,L025,L039,Security,3,2026-10-23T13:32,2026-10-23T17:15,DONE
Q3357,L033,L018,Medical,5,2026-10-23T15:01,2026-10-23T15:35,IN_PROGRESS
Q3358,L033,L009,Maintenance,4,2026-10-23T15:12,2026-10-23T16:23,NEW
Q3359,L036,L014,Delivery,3,2026-10-23T15:46,2026-10-23T18:04,DONE
Q3360,L043,L010,Maintenance,1,2026-10-23T16:26,2026-10-24T01:15,NEW
Q3361,L014,L047,Maintenance,4,2026-10-23T16:45,2026-10-23T17:49,DONE
Q3362,L027,L024,Document,4,2026-10-23T17:06,2026-10-23T18:53,DONE
Q3363,L041,L048,Maintenance,1,2026-10-23T17:17,2026-10-24T00:29,NEW
Q3364,L046,L045,Maintenance,5,2026-10-23T18:18,2026-10-23T19:04,NEW
Q3365,L023,L009,Delivery,1,2026-10-23T18:47,2026-10-24T00:59,NEW
Q3366,L009,L033,Maintenance,2,2026-10-23T19:24,2026-10-24T01:07,NEW
Q3367,L013,L001,Delivery,4,2026-10-23T20:45,2026-10-23T21:59,NEW
Q3368,L029,L030,Document,2,2026-10-23T22:08,2026-10-24T04:27,DONE
Q3369,L015,L009,IT_Support,4,2026-10-23T23:29,2026-10-24T00:34,DONE
Q3370,L027,L044,Security,4,2026-10-24T00:34,2026-10-24T01:53,DONE
Q3371,L025,L039,Maintenance,5,2026-10-24T01:46,2026-10-24T02:23,DONE
Q3372,L008,L002,Medical,4,2026-10-24T02:26,2026-10-24T03:30,DONE
Q3373,L040,L025,Medical,1,2026-10-24T02:56,2026-10-24T09:28,NEW
Q3374,L027,L032,Maintenance,1,2026-10-24T03:48,2026-10-24T13:25,NEW
Q3375,L027,L026,Document,4,2026-10-24T04:42,2026-10-24T05:56,IN_PROGRESS
Q3376,L045,L026,Security,1,2026-10-24T05:37,2026-10-24T13:11,NEW
Q3377,L024,L004,Medical,2,2026-10-24T06:14,2026-10-24T11:32,DONE
Q3378,L042,L003,Document,2,2026-10-24T06:58,2026-10-24T13:34,CANCELLED
Q3379,L013,L046,Medical,2,2026-10-24T08:25,2026-10-24T15:01,NEW
Q3380,L025,L011,Document,1,2026-10-24T08:47,2026-10-24T16:40,NEW
Q3381,L008,L006,Medical,1,2026-10-24T09:44,2026-10-24T18:36,NEW
Q3382,L009,L048,Medical,3,2026-10-24T10:23,2026-10-24T13:50,DONE
Q3383,L010,L007,Delivery,5,2026-10-24T10:33,2026-10-24T11:21,DONE
Q3384,L048,L032,Security,3,2026-10-24T10:50,2026-10-24T14:25,DONE
Q3385,L040,L027,Maintenance,2,2026-10-24T11:05,2026-10-24T17:55,NEW
Q3386,L039,L037,Delivery,2,2026-10-24T11:53,2026-10-24T19:21,NEW
Q3387,L016,L009,Delivery,5,2026-10-24T12:56,2026-10-24T13:32,NEW
Q3388,L024,L043,Maintenance,3,2026-10-24T13:34,2026-10-24T16:00,NEW
Q3389,L003,L045,Medical,1,2026-10-24T15:04,2026-10-24T23:21,IN_PROGRESS
Q3390,L032,L026,Maintenance,5,2026-10-24T16:08,2026-10-24T17:03,NEW
Q3391,L047,L025,Security,3,2026-10-24T16:55,2026-10-24T20:37,NEW
Q3392,L030,L026,Document,5,2026-10-24T17:34,2026-10-24T18:28,IN_PROGRESS
Q3393,L041,L022,Security,2,2026-10-24T18:26,2026-10-25T00:52,NEW
Q3394,L031,L018,Medical,5,2026-10-24T19:35,2026-10-24T20:18,DONE
Q3395,L005,L028,Maintenance,2,2026-10-24T20:23,2026-10-25T01:38,NEW
Q3396,L024,L002,Document,5,2026-10-24T21:47,2026-10-24T22:47,DONE
Q3397,L020,L033,Maintenance,2,2026-10-24T23:08,2026-10-25T03:46,DONE
Q3398,L021,L024,Document,2,2026-10-24T23:36,2026-10-25T04:06,IN_PROGRESS
Q3399,L016,L001,Document,5,2026-10-25T00:28,2026-10-25T01:23,NEW
Q3400,L046,L038,Catering,2,2026-10-25T01:09,2026-10-25T05:24,NEW
Q3401,L043,L017,Delivery,3,2026-10-25T01:34,2026-10-25T04:28,NEW
Q3402,L008,L020,IT_Support,5,2026-10-25T01:46,2026-10-25T02:31,NEW
Q3403,L037,L027,Medical,4,2026-10-25T01:53,2026-10-25T02:54,NEW
Q3404,L035,L042,Delivery,1,2026-10-25T02:43,2026-10-25T09:27,IN_PROGRESS
Q3405,L010,L008,Maintenance,4,2026-10-25T03:59,2026-10-25T05:16,NEW
Q3406,L021,L011,Maintenance,4,2026-10-25T04:26,2026-10-25T05:53,DONE
Q3407,L033,L030,Medical,4,2026-10-25T05:34,2026-10-25T06:37,DONE
Q3408,L008,L032,Maintenance,5,2026-10-25T05:42,2026-10-25T06:35,IN_PROGRESS
Q3409,L034,L027,IT_Support,5,2026-10-25T06:15,2026-10-25T07:14,IN_PROGRESS
Q3410,L029,L030,Document,3,2026-10-25T07:01,2026-10-25T09:54,NEW
Q3411,L013,L030,Maintenance,2,2026-10-25T07:11,2026-10-25T14:28,NEW
Q3412,L041,L045,Medical,1,2026-10-25T08:24,2026-10-25T14:42,NEW
Q3413,L002,L024,Medical,3,2026-10-25T08:33,2026-10-25T10:37,CANCELLED
Q3414,L010,L031,IT_Support,1,2026-10-25T09:17,2026-10-25T16:06,NEW
Q3415,L021,L030,Delivery,5,2026-10-25T09:25,2026-10-25T10:15,NEW
Q3416,L020,L015,Catering,4,2026-10-25T09:57,2026-10-25T11:45,NEW
Q3417,L026,L034,IT_Support,4,2026-10-25T10:23,2026-10-25T12:21,NEW
Q3418,L003,L013,Maintenance,2,2026-10-25T10:47,2026-10-25T17:01,NEW
Q3419,L026,L012,Security,1,2026-10-25T12:05,2026-10-25T21:12,DONE
Q3420,L041,L032,IT_Support,2,2026-10-25T13:28,2026-10-25T19:00,DONE
Q3421,L043,L044,Maintenance,2,2026-10-25T14:54,2026-10-25T21:53,NEW
Q3422,L029,L015,Delivery,2,2026-10-25T16:16,2026-10-25T21:02,DONE
Q3423,L001,L019,Medical,3,2026-10-25T16:49,2026-10-25T20:30,DONE
Q3424,L023,L015,Maintenance,2,2026-10-25T17:38,2026-10-25T21:48,NEW
Q3425,L031,L026,Maintenance,1,2026-10-25T17:48,2026-10-26T02:00,CANCELLED
Q3426,L012,L025,Delivery,4,2026-10-25T18:57,2026-10-25T20:48,NEW
Q3427,L011,L013,Medical,1,2026-10-25T19:21,2026-10-26T03:04,NEW
Q3428,L007,L023,Delivery,5,2026-10-25T19:54,2026-10-25T20:53,CANCELLED
Q3429,L036,L044,Document,5,2026-10-25T21:02,2026-10-25T21:54,DONE
Q3430,L041,L028,Security,4,2026-10-25T21:40,2026-10-25T23:29,DONE
Q3431,L026,L031,Maintenance,2,2026-10-25T22:03,2026-10-26T02:58,NEW
Q3432,L014,L045,Catering,1,2026-10-25T23:13,2026-10-26T05:19,NEW
Q3433,L041,L007,IT_Support,2,2026-10-26T00:02,2026-10-26T06:27,CANCELLED
Q3434,L043,L048,Document,4,2026-10-26T01:27,2026-10-26T03:22,DONE
Q3435,L012,L047,Catering,2,2026-10-26T02:51,2026-10-26T08:19,NEW
Q3436,L014,L024,Delivery,5,2026-10-26T04:17,2026-10-26T05:13,NEW
Q3437,L047,L031,IT_Support,2,2026-10-26T04:36,2026-10-26T10:54,IN_PROGRESS
Q3438,L004,L018,Medical,4,2026-10-26T05:11,2026-10-26T06:11,NEW
Q3439,L032,L043,Medical,5,2026-10-26T05:31,2026-10-26T06:22,IN_PROGRESS
Q3440,L036,L021,Maintenance,5,2026-10-26T06:25,2026-10-26T07:01,NEW
Q3441,L026,L043,Maintenance,4,2026-10-26T06:59,2026-10-26T08:35,DONE
Q3442,L047,L031,Delivery,2,2026-10-26T07:39,2026-10-26T15:03,NEW
Q3443,L031,L003,Medical,2,2026-10-26T08:06,2026-10-26T14:48,NEW
Q3444,L043,L005,Medical,2,2026-10-26T08:20,2026-10-26T12:41,DONE
Q3445,L037,L044,Medical,2,2026-10-26T09:50,2026-10-26T14:15,NEW
Q3446,L037,L047,Medical,5,2026-10-26T10:52,2026-10-26T11:40,DONE
Q3447,L032,L023,IT_Support,1,2026-10-26T11:14,2026-10-26T17:20,IN_PROGRESS
Q3448,L017,L011,Document,1,2026-10-26T12:38,2026-10-26T22:21,NEW
Q3449,L042,L032,Maintenance,4,2026-10-26T13:22,2026-10-26T14:26,NEW
Q3450,L013,L037,Medical,4,2026-10-26T14:46,2026-10-26T16:11,IN_PROGRESS
Q3451,L030,L035,Document,3,2026-10-26T15:57,2026-10-26T18:58,NEW
Q3452,L014,L005,Maintenance,3,2026-10-26T16:12,2026-10-26T19:55,NEW
Q3453,L039,L012,Maintenance,3,2026-10-26T16:20,2026-10-26T19:19,DONE
Q3454,L022,L045,Document,3,2026-10-26T17:48,2026-10-26T20:58,DONE
Q3455,L027,L023,Medical,3,2026-10-26T19:13,2026-10-26T22:41,NEW
Q3456,L037,L045,Delivery,2,2026-10-26T20:38,2026-10-27T03:57,DONE
Q3457,L025,L022,Medical,1,2026-10-26T21:57,2026-10-27T06:42,NEW
Q3458,L022,L012,Medical,1,2026-10-26T23:17,2026-10-27T05:36,NEW
Q3459,L023,L002,IT_Support,3,2026-10-26T23:58,2026-10-27T03:11,NEW
Q3460,L041,L030,IT_Support,2,2026-10-27T00:09,2026-10-27T04:11,NEW
Q3461,L009,L027,Catering,3,2026-10-27T01:23,2026-10-27T04:49,NEW
Q3462,L028,L032,Medical,3,2026-10-27T02:07,2026-10-27T06:01,DONE
Q3463,L006,L027,IT_Support,2,2026-10-27T02:16,2026-10-27T07:23,NEW
Q3464,L022,L003,Maintenance,2,2026-10-27T02:49,2026-10-27T08:51,NEW
Q3465,L013,L003,Document,2,2026-10-27T03:48,2026-10-27T10:27,NEW
Q3466,L012,L030,Document,1,2026-10-27T05:16,2026-10-27T12:49,DONE
Q3467,L009,L037,Delivery,2,2026-10-27T06:08,2026-10-27T12:41,NEW
Q3468,L030,L047,Maintenance,2,2026-10-27T07:20,2026-10-27T12:03,NEW
Q3469,L030,L027,Delivery,2,2026-10-27T07:35,2026-10-27T15:15,NEW
Q3470,L021,L040,Medical,3,2026-10-27T08:52,2026-10-27T12:30,IN_PROGRESS
Q3471,L022,L040,Medical,5,2026-10-27T09:52,2026-10-27T10:30,NEW
Q3472,L020,L022,IT_Support,5,2026-10-27T10:34,2026-10-27T11:28,IN_PROGRESS
Q3473,L015,L020,Delivery,4,2026-10-27T11:18,2026-10-27T12:57,IN_PROGRESS
Q3474,L008,L026,Document,3,2026-10-27T12:40,2026-10-27T15:12,NEW
Q3475,L046,L017,Medical,3,2026-10-27T13:19,2026-10-27T17:12,NEW
Q3476,L027,L017,Maintenance,4,2026-10-27T14:35,2026-10-27T15:45,IN_PROGRESS
Q3477,L010,L015,Maintenance,2,2026-10-27T15:57,2026-10-27T23:04,NEW
Q3478,L031,L047,Security,5,2026-10-27T17:10,2026-10-27T18:01,DONE
Q3479,L034,L038,IT_Support,2,2026-10-27T17:28,2026-10-27T21:32,NEW
Q3480,L037,L029,Maintenance,4,2026-10-27T18:34,2026-10-27T20:22,NEW
Q3481,L003,L031,Medical,5,2026-10-27T19:03,2026-10-27T19:43,DONE
Q3482,L041,L046,IT_Support,2,2026-10-27T20:22,2026-10-28T00:57,NEW
Q3483,L009,L003,Medical,1,2026-10-27T21:22,2026-10-28T07:01,NEW
Q3484,L020,L025,Security,1,2026-10-27T22:39,2026-10-28T04:54,DONE
Q3485,L002,L010,Security,5,2026-10-27T22:58,2026-10-27T23:35,NEW
Q3486,L047,L030,Medical,2,2026-10-28T00:19,2026-10-28T06:01,NEW
Q3487,L013,L022,Document,3,2026-10-28T00:24,2026-10-28T03:36,IN_PROGRESS
Q3488,L028,L006,Security,3,2026-10-28T01:02,2026-10-28T04:33,IN_PROGRESS
Q3489,L024,L036,Medical,2,2026-10-28T01:56,2026-10-28T06:54,NEW
Q3490,L006,L005,Medical,3,2026-10-28T02:27,2026-10-28T05:05,NEW
Q3491,L012,L013,IT_Support,1,2026-10-28T02:49,2026-10-28T08:59,DONE
Q3492,L016,L013,Medical,2,2026-10-28T03:20,2026-10-28T10:09,NEW
Q3493,L007,L002,Medical,4,2026-10-28T04:18,2026-10-28T05:50,DONE
Q3494,L048,L045,Delivery,3,2026-10-28T05:32,2026-10-28T09:19,IN_PROGRESS
Q3495,L002,L003,Document,5,2026-10-28T06:17,2026-10-28T07:10,IN_PROGRESS
Q3496,L046,L010,Document,2,2026-10-28T06:28,2026-10-28T11:09,DONE
Q3497,L042,L006,Delivery,5,2026-10-28T07:09,2026-10-28T07:42,NEW
Q3498,L030,L017,Maintenance,1,2026-10-28T07:54,2026-10-28T14:10,NEW
Q3499,L010,L015,Document,4,2026-10-28T08:05,2026-10-28T09:15,NEW
Q3500,L011,L036,Delivery,2,2026-10-28T08:33,2026-10-28T14:29,NEW
Q3501,L022,L047,IT_Support,5,2026-10-28T09:03,2026-10-28T09:38,NEW
Q3502,L034,L010,Delivery,2,2026-10-28T09:25,2026-10-28T14:51,NEW
Q3503,L026,L037,Catering,2,2026-10-28T09:59,2026-10-28T14:06,IN_PROGRESS
Q3504,L015,L013,Medical,3,2026-10-28T10:19,2026-10-28T13:45,NEW
Q3505,L028,L030,Medical,4,2026-10-28T11:18,2026-10-28T12:27,NEW
Q3506,L031,L040,Delivery,4,2026-10-28T11:30,2026-10-28T12:41,NEW
Q3507,L018,L042,Medical,1,2026-10-28T11:57,2026-10-28T18:58,IN_PROGRESS
Q3508,L048,L038,Document,2,2026-10-28T12:32,2026-10-28T16:41,NEW
Q3509,L014,L018,Delivery,5,2026-10-28T12:53,2026-10-28T13:41,NEW
Q3510,L019,L030,Maintenance,5,2026-10-28T13:00,2026-10-28T13:33,DONE
Q3511,L030,L046,Maintenance,1,2026-10-28T13:42,2026-10-28T19:57,IN_PROGRESS
Q3512,L024,L004,Document,5,2026-10-28T14:20,2026-10-28T15:12,NEW
Q3513,L035,L030,Delivery,5,2026-10-28T15:25,2026-10-28T16:16,IN_PROGRESS
Q3514,L041,L045,Document,4,2026-10-28T16:49,2026-10-28T18:39,NEW
Q3515,L039,L012,Security,1,2026-10-28T18:03,2026-10-29T01:03,NEW
Q3516,L035,L029,Maintenance,4,2026-10-28T18:51,2026-10-28T20:23,DONE
Q3517,L005,L012,Maintenance,3,2026-10-28T20:10,2026-10-28T23:51,IN_PROGRESS
Q3518,L045,L022,Medical,4,2026-10-28T20:47,2026-10-28T22:45,NEW
Q3519,L033,L047,IT_Support,5,2026-10-28T22:12,2026-10-28T22:49,NEW
Q3520,L029,L037,IT_Support,1,2026-10-28T22:33,2026-10-29T04:56,NEW
Q3521,L006,L004,Maintenance,3,2026-10-28T23:08,2026-10-29T02:38,DONE
Q3522,L023,L045,Document,4,2026-10-28T23:19,2026-10-29T01:01,DONE
Q3523,L005,L030,IT_Support,5,2026-10-28T23:28,2026-10-29T00:24,NEW
Q3524,L041,L015,Delivery,2,2026-10-29T00:52,2026-10-29T07:32,DONE
Q3525,L017,L045,Medical,3,2026-10-29T01:11,2026-10-29T04:15,DONE
Q3526,L007,L012,Maintenance,5,2026-10-29T01:48,2026-10-29T02:26,IN_PROGRESS
Q3527,L015,L036,Document,1,2026-10-29T02:30,2026-10-29T09:10,NEW
Q3528,L010,L008,Medical,2,2026-10-29T03:08,2026-10-29T09:41,NEW
Q3529,L042,L025,IT_Support,2,2026-10-29T03:13,2026-10-29T10:12,NEW
Q3530,L035,L013,Maintenance,2,2026-10-29T03:20,2026-10-29T08:40,NEW
Q3531,L033,L034,Document,3,2026-10-29T03:26,2026-10-29T06:01,IN_PROGRESS
Q3532,L030,L002,IT_Support,1,2026-10-29T04:19,2026-10-29T13:37,NEW
Q3533,L033,L044,Medical,3,2026-10-29T04:48,2026-10-29T08:29,IN_PROGRESS
Q3534,L044,L029,Document,3,2026-10-29T05:43,2026-10-29T08:38,IN_PROGRESS
Q3535,L041,L043,Maintenance,5,2026-10-29T06:28,2026-10-29T07:12,DONE
Q3536,L015,L018,Maintenance,5,2026-10-29T06:54,2026-10-29T07:30,NEW
Q3537,L023,L037,Maintenance,2,2026-10-29T07:43,2026-10-29T14:03,IN_PROGRESS
Q3538,L006,L010,IT_Support,1,2026-10-29T09:01,2026-10-29T18:08,DONE
Q3539,L011,L010,Document,1,2026-10-29T09:58,2026-10-29T16:55,NEW
Q3540,L003,L010,Document,2,2026-10-29T11:17,2026-10-29T17:01,DONE
Q3541,L015,L028,Medical,4,2026-10-29T12:44,2026-10-29T14:10,IN_PROGRESS
Q3542,L012,L040,Delivery,4,2026-10-29T12:54,2026-10-29T14:21,IN_PROGRESS
Q3543,L025,L005,Medical,2,2026-10-29T14:21,2026-10-29T21:14,DONE
Q3544,L036,L022,Maintenance,2,2026-10-29T15:49,2026-10-29T22:08,NEW
Q3545,L003,L018,Document,5,2026-10-29T16:14,2026-10-29T16:47,NEW
Q3546,L042,L006,Maintenance,1,2026-10-29T16:41,2026-10-30T02:03,IN_PROGRESS
Q3547,L005,L024,IT_Support,3,2026-10-29T17:00,2026-10-29T20:32,IN_PROGRESS
Q3548,L024,L035,Maintenance,2,2026-10-29T18:08,2026-10-29T23:52,NEW
Q3549,L020,L001,Maintenance,3,2026-10-29T18:46,2026-10-29T21:58,DONE
Q3550,L035,L004,Medical,5,2026-10-29T18:51,2026-10-29T19:23,DONE
Q3551,L025,L012,Document,3,2026-10-29T19:52,2026-10-29T23:14,IN_PROGRESS
Q3552,L034,L031,Medical,2,2026-10-29T20:46,2026-10-30T03:31,NEW
Q3553,L026,L019,Security,2,2026-10-29T21:06,2026-10-30T03:40,NEW
Q3554,L028,L047,Maintenance,2,2026-10-29T22:29,2026-10-30T03:07,NEW
Q3555,L046,L028,IT_Support,1,2026-10-29T22:36,2026-10-30T05:56,NEW
Q3556,L045,L005,Maintenance,1,2026-10-29T23:08,2026-10-30T08:33,NEW
Q3557,L008,L019,Delivery,5,2026-10-30T00:25,2026-10-30T01:20,IN_PROGRESS
Q3558,L045,L008,Maintenance,5,2026-10-30T01:22,2026-10-30T02:11,NEW
Q3559,L040,L039,Catering,2,2026-10-30T01:39,2026-10-30T08:27,DONE
Q3560,L011,L033,Delivery,1,2026-10-30T01:51,2026-10-30T08:49,DONE
Q3561,L028,L027,Maintenance,4,2026-10-30T01:56,2026-10-30T02:59,NEW
Q3562,L001,L023,Security,4,2026-10-30T02:25,2026-10-30T03:59,DONE
Q3563,L026,L013,IT_Support,1,2026-10-30T03:11,2026-10-30T12:40,DONE
Q3564,L012,L018,Medical,3,2026-10-30T03:16,2026-10-30T07:16,NEW
Q3565,L023,L036,Delivery,5,2026-10-30T04:39,2026-10-30T05:15,IN_PROGRESS
Q3566,L043,L037,IT_Support,1,2026-10-30T05:52,2026-10-30T14:52,NEW
Q3567,L028,L011,IT_Support,4,2026-10-30T06:26,2026-10-30T07:37,IN_PROGRESS
Q3568,L036,L014,Security,3,2026-10-30T06:57,2026-10-30T09:25,IN_PROGRESS
Q3569,L031,L027,Security,1,2026-10-30T07:16,2026-10-30T17:04,NEW
Q3570,L041,L035,Security,4,2026-10-30T07:43,2026-10-30T09:08,DONE
Q3571,L030,L007,Medical,3,2026-10-30T08:01,2026-10-30T10:02,CANCELLED
Q3572,L005,L013,Maintenance,3,2026-10-30T08:34,2026-10-30T12:06,NEW
Q3573,L039,L010,Maintenance,3,2026-10-30T09:07,2026-10-30T11:52,NEW
Q3574,L012,L030,IT_Support,4,2026-10-30T10:13,2026-10-30T11:33,NEW
Q3575,L046,L048,Security,1,2026-10-30T11:19,2026-10-30T19:27,IN_PROGRESS
Q3576,L025,L007,Delivery,2,2026-10-30T12:11,2026-10-30T19:44,DONE
Q3577,L038,L011,Maintenance,5,2026-10-30T12:28,2026-10-30T13:26,DONE
Q3578,L042,L018,Medical,1,2026-10-30T13:50,2026-10-30T21:45,NEW
Q3579,L027,L008,Document,3,2026-10-30T15:10,2026-10-30T18:04,NEW
Q3580,L038,L035,Delivery,3,2026-10-30T16:39,2026-10-30T19:43,NEW
Q3581,L012,L048,Delivery,5,2026-10-30T17:03,2026-10-30T17:56,IN_PROGRESS
Q3582,L026,L025,Medical,5,2026-10-30T17:57,2026-10-30T18:52,NEW
Q3583,L011,L040,IT_Support,3,2026-10-30T18:43,2026-10-30T21:41,NEW
Q3584,L014,L020,Delivery,3,2026-10-30T19:08,2026-10-30T21:52,IN_PROGRESS
Q3585,L021,L015,Delivery,4,2026-10-30T19:14,2026-10-30T21:02,DONE
Q3586,L029,L048,Medical,1,2026-10-30T19:21,2026-10-31T03:16,IN_PROGRESS
Q3587,L018,L041,Document,4,2026-10-30T20:41,2026-10-30T22:00,NEW
Q3588,L005,L029,Document,2,2026-10-30T20:46,2026-10-31T03:09,NEW
Q3589,L039,L030,Medical,4,2026-10-30T21:36,2026-10-30T23:19,NEW
Q3590,L040,L037,Medical,2,2026-10-30T22:05,2026-10-31T05:32,IN_PROGRESS
Q3591,L039,L033,IT_Support,1,2026-10-30T22:46,2026-10-31T08:22,NEW
Q3592,L030,L034,Security,2,2026-10-31T00:05,2026-10-31T06:24,NEW
Q3593,L035,L007,Catering,2,2026-10-31T00:13,2026-10-31T05:22,DONE
Q3594,L019,L021,Maintenance,3,2026-10-31T01:23,2026-10-31T05:07,DONE
Q3595,L026,L001,Medical,1,2026-10-31T01:32,2026-10-31T08:15,IN_PROGRESS
Q3596,L026,L009,Catering,1,2026-10-31T02:47,2026-10-31T11:23,NEW
Q3597,L004,L002,IT_Support,1,2026-10-31T03:24,2026-10-31T10:57,DONE
Q3598,L034,L007,IT_Support,1,2026-10-31T04:42,2026-10-31T13:06,IN_PROGRESS
Q3599,L013,L043,IT_Support,2,2026-10-31T05:56,2026-10-31T12:19,NEW
Q3600,L016,L040,Delivery,3,2026-10-31T06:14,2026-10-31T09:25,IN_PROGRESS
Q3601,L023,L027,Catering,2,2026-10-31T07:16,2026-10-31T14:39,NEW
Q3602,L024,L001,Maintenance,2,2026-10-31T08:10,2026-10-31T15:26,DONE
Q3603,L044,L026,Maintenance,5,2026-10-31T09:00,2026-10-31T09:51,DONE
Q3604,L014,L002,Security,5,2026-10-31T09:17,2026-10-31T10:05,NEW
Q3605,L017,L037,Maintenance,2,2026-10-31T09:59,2026-10-31T15:51,DONE
Q3606,L029,L037,Maintenance,4,2026-10-31T10:06,2026-10-31T11:47,IN_PROGRESS
Q3607,L008,L034,Document,2,2026-10-31T10:15,2026-10-31T14:24,DONE
Q3608,L008,L041,IT_Support,2,2026-10-31T10:35,2026-10-31T14:49,IN_PROGRESS
Q3609,L015,L018,Security,2,2026-10-31T10:56,2026-10-31T17:31,CANCELLED
Q3610,L039,L003,Medical,2,2026-10-31T11:55,2026-10-31T18:20,NEW
Q3611,L026,L024,Maintenance,5,2026-10-31T12:16,2026-10-31T12:50,NEW
Q3612,L021,L023,Delivery,2,2026-10-31T13:01,2026-10-31T18:51,NEW
Q3613,L012,L008,Delivery,2,2026-10-31T14:27,2026-10-31T21:14,NEW
Q3614,L043,L019,Document,1,2026-10-31T15:33,2026-11-01T01:25,NEW
Q3615,L025,L020,Document,4,2026-10-31T16:54,2026-10-31T18:08,NEW
Q3616,L039,L028,Medical,1,2026-10-31T17:28,2026-11-01T01:46,IN_PROGRESS
Q3617,L015,L021,Maintenance,4,2026-10-31T18:09,2026-10-31T19:30,CANCELLED
Q3618,L047,L023,Medical,1,2026-10-31T19:30,2026-11-01T01:46,IN_PROGRESS
Q3619,L001,L048,Medical,1,2026-10-31T19:46,2026-11-01T05:30,NEW
Q3620,L005,L046,IT_Support,2,2026-10-31T20:09,2026-11-01T02:53,DONE
Q3621,L030,L032,Maintenance,4,2026-10-31T21:23,2026-10-31T23:09,DONE
Q3622,L016,L040,Medical,2,2026-10-31T22:38,2026-11-01T04:03,DONE
Q3623,L011,L012,Document,2,2026-10-31T23:27,2026-11-01T04:04,DONE
Q3624,L046,L021,Maintenance,1,2026-11-01T00:34,2026-11-01T08:10,NEW
Q3625,L040,L006,Document,1,2026-11-01T01:46,2026-11-01T11:26,IN_PROGRESS
Q3626,L041,L004,Medical,3,2026-11-01T02:49,2026-11-01T05:29,NEW
Q3627,L018,L031,Medical,2,2026-11-01T03:12,2026-11-01T08:30,NEW
Q3628,L029,L034,Delivery,5,2026-11-01T04:16,2026-11-01T04:50,NEW
Q3629,L023,L038,Medical,4,2026-11-01T04:46,2026-11-01T06:02,DONE
Q3630,L019,L039,Maintenance,2,2026-11-01T05:59,2026-11-01T10:08,NEW
Q3631,L015,L013,Maintenance,2,2026-11-01T06:12,2026-11-01T13:10,NEW
Q3632,L013,L016,IT_Support,3,2026-11-01T06:40,2026-11-01T09:35,DONE
Q3633,L003,L033,Document,3,2026-11-01T07:56,2026-11-01T10:05,NEW
Q3634,L023,L012,Document,3,2026-11-01T09:12,2026-11-01T12:08,NEW
Q3635,L012,L021,Delivery,2,2026-11-01T09:56,2026-11-01T15:42,NEW
Q3636,L021,L043,Maintenance,2,2026-11-01T11:06,2026-11-01T15:20,NEW
Q3637,L007,L033,Document,1,2026-11-01T12:12,2026-11-01T19:02,NEW
Q3638,L019,L018,IT_Support,3,2026-11-01T13:13,2026-11-01T16:49,DONE
Q3639,L025,L011,Document,2,2026-11-01T13:57,2026-11-01T18:56,IN_PROGRESS
Q3640,L014,L026,Maintenance,3,2026-11-01T14:50,2026-11-01T18:11,NEW
Q3641,L028,L017,Catering,2,2026-11-01T16:08,2026-11-01T22:39,DONE
Q3642,L002,L045,Maintenance,1,2026-11-01T16:56,2026-11-02T01:00,DONE
Q3643,L015,L037,Maintenance,5,2026-11-01T17:44,2026-11-01T18:20,IN_PROGRESS
Q3644,L007,L046,Maintenance,3,2026-11-01T18:26,2026-11-01T22:22,DONE
Q3645,L019,L011,Delivery,2,2026-11-01T19:36,2026-11-02T02:56,DONE
Q3646,L034,L020,Delivery,5,2026-11-01T20:59,2026-11-01T21:53,IN_PROGRESS
Q3647,L030,L038,Medical,1,2026-11-01T21:51,2026-11-02T07:23,IN_PROGRESS
Q3648,L032,L022,Delivery,3,2026-11-01T22:12,2026-11-02T01:19,DONE
Q3649,L048,L008,IT_Support,1,2026-11-01T23:13,2026-11-02T08:25,NEW
Q3650,L038,L030,Delivery,3,2026-11-02T00:38,2026-11-02T04:26,IN_PROGRESS
Q3651,L005,L009,Medical,3,2026-11-02T01:40,2026-11-02T05:36,DONE
Q3652,L006,L030,Maintenance,2,2026-11-02T02:23,2026-11-02T07:32,DONE
Q3653,L022,L007,IT_Support,4,2026-11-02T03:31,2026-11-02T05:19,NEW
Q3654,L011,L034,Catering,5,2026-11-02T03:59,2026-11-02T04:53,NEW
Q3655,L014,L041,Maintenance,3,2026-11-02T04:59,2026-11-02T08:48,NEW
Q3656,L035,L008,IT_Support,3,2026-11-02T06:06,2026-11-02T09:53,DONE
Q3657,L035,L006,Medical,5,2026-11-02T06:13,2026-11-02T07:07,DONE
Q3658,L040,L043,Security,5,2026-11-02T07:38,2026-11-02T08:36,DONE
Q3659,L011,L007,Document,3,2026-11-02T08:01,2026-11-02T11:13,NEW
Q3660,L028,L038,Maintenance,4,2026-11-02T09:26,2026-11-02T11:19,NEW
Q3661,L043,L021,IT_Support,3,2026-11-02T10:30,2026-11-02T14:06,NEW
Q3662,L001,L043,Medical,1,2026-11-02T10:50,2026-11-02T17:23,NEW
Q3663,L037,L016,IT_Support,1,2026-11-02T12:03,2026-11-02T18:37,NEW
Q3664,L037,L031,Medical,3,2026-11-02T12:23,2026-11-02T14:55,NEW
Q3665,L047,L028,Maintenance,1,2026-11-02T13:36,2026-11-02T23:02,DONE
Q3666,L007,L033,Delivery,1,2026-11-02T13:58,2026-11-02T21:16,NEW
Q3667,L014,L046,Document,2,2026-11-02T15:10,2026-11-02T21:19,IN_PROGRESS
Q3668,L014,L025,IT_Support,1,2026-11-02T15:42,2026-11-03T00:40,NEW
Q3669,L023,L033,Delivery,2,2026-11-02T16:32,2026-11-02T21:35,NEW
Q3670,L040,L004,Delivery,3,2026-11-02T17:32,2026-11-02T19:44,DONE
Q3671,L024,L041,Catering,3,2026-11-02T19:00,2026-11-02T21:43,NEW
Q3672,L025,L016,Document,3,2026-11-02T19:19,2026-11-02T21:32,NEW
Q3673,L025,L019,Medical,5,2026-11-02T20:48,2026-11-02T21:23,DONE
Q3674,L033,L016,Document,1,2026-11-02T21:13,2026-11-03T05:34,NEW
Q3675,L039,L027,Catering,3,2026-11-02T22:01,2026-11-03T01:59,NEW
Q3676,L016,L019,Maintenance,1,2026-11-02T22:38,2026-11-03T04:57,IN_PROGRESS
Q3677,L046,L044,Medical,1,2026-11-02T23:42,2026-11-03T07:06,NEW
Q3678,L041,L014,Medical,5,2026-11-03T00:25,2026-11-03T01:09,DONE
Q3679,L017,L003,Catering,5,2026-11-03T01:55,2026-11-03T02:43,NEW
Q3680,L035,L001,Maintenance,5,2026-11-03T02:18,2026-11-03T03:04,NEW
Q3681,L027,L014,Medical,5,2026-11-03T02:36,2026-11-03T03:15,NEW
Q3682,L041,L017,Delivery,3,2026-11-03T03:55,2026-11-03T06:25,DONE
Q3683,L038,L021,IT_Support,5,2026-11-03T05:13,2026-11-03T06:09,DONE
Q3684,L003,L027,Document,2,2026-11-03T06:42,2026-11-03T14:24,DONE
Q3685,L039,L041,Catering,5,2026-11-03T07:09,2026-11-03T07:56,DONE
Q3686,L035,L018,Security,3,2026-11-03T07:54,2026-11-03T11:31,DONE
Q3687,L023,L008,IT_Support,2,2026-11-03T08:41,2026-11-03T15:00,IN_PROGRESS
Q3688,L048,L030,Maintenance,3,2026-11-03T09:11,2026-11-03T11:14,NEW
Q3689,L042,L028,IT_Support,5,2026-11-03T09:29,2026-11-03T10:24,CANCELLED
Q3690,L025,L018,IT_Support,4,2026-11-03T10:13,2026-11-03T12:13,NEW
Q3691,L014,L038,Document,3,2026-11-03T11:21,2026-11-03T13:48,NEW
Q3692,L036,L031,Document,4,2026-11-03T11:54,2026-11-03T13:40,CANCELLED
Q3693,L015,L014,Medical,4,2026-11-03T12:31,2026-11-03T13:37,NEW
Q3694,L015,L046,Maintenance,1,2026-11-03T13:20,2026-11-03T20:11,IN_PROGRESS
Q3695,L033,L041,Security,5,2026-11-03T13:41,2026-11-03T14:24,NEW
Q3696,L009,L023,Medical,1,2026-11-03T14:19,2026-11-03T20:38,NEW
Q3697,L042,L011,IT_Support,2,2026-11-03T14:28,2026-11-03T21:35,NEW
Q3698,L042,L023,Document,1,2026-11-03T15:08,2026-11-03T21:26,NEW
Q3699,L002,L004,Delivery,3,2026-11-03T15:47,2026-11-03T18:00,DONE
Q3700,L037,L014,Maintenance,2,2026-11-03T17:02,2026-11-03T23:48,IN_PROGRESS
Q3701,L005,L004,Delivery,4,2026-11-03T18:28,2026-11-03T20:27,NEW
Q3702,L010,L018,Document,3,2026-11-03T19:44,2026-11-03T22:45,DONE
Q3703,L010,L048,Medical,2,2026-11-03T20:41,2026-11-04T01:35,IN_PROGRESS
Q3704,L012,L024,Maintenance,3,2026-11-03T21:04,2026-11-03T23:28,NEW
Q3705,L019,L001,Medical,5,2026-11-03T21:36,2026-11-03T22:12,DONE
Q3706,L027,L007,Maintenance,4,2026-11-03T22:05,2026-11-03T23:24,NEW
Q3707,L025,L034,Medical,4,2026-11-03T23:10,2026-11-04T00:10,NEW
Q3708,L010,L035,Medical,4,2026-11-03T23:34,2026-11-04T01:23,NEW
Q3709,L003,L039,Medical,4,2026-11-04T00:32,2026-11-04T02:18,NEW
Q3710,L009,L005,Document,2,2026-11-04T01:51,2026-11-04T06:00,CANCELLED
Q3711,L001,L022,Document,3,2026-11-04T02:08,2026-11-04T05:12,NEW
Q3712,L016,L009,Medical,4,2026-11-04T02:16,2026-11-04T04:07,CANCELLED
Q3713,L030,L014,Delivery,1,2026-11-04T02:25,2026-11-04T11:14,DONE
Q3714,L029,L011,Maintenance,1,2026-11-04T03:18,2026-11-04T11:44,DONE
Q3715,L003,L048,Document,5,2026-11-04T04:26,2026-11-04T05:01,DONE
Q3716,L012,L008,Maintenance,4,2026-11-04T05:06,2026-11-04T06:53,NEW
Q3717,L027,L008,Catering,1,2026-11-04T05:19,2026-11-04T13:22,NEW
Q3718,L001,L030,Medical,2,2026-11-04T05:42,2026-11-04T13:15,NEW
Q3719,L015,L020,Medical,4,2026-11-04T06:10,2026-11-04T07:33,IN_PROGRESS
Q3720,L010,L006,Delivery,1,2026-11-04T06:42,2026-11-04T15:14,NEW
Q3721,L018,L006,Maintenance,4,2026-11-04T06:49,2026-11-04T08:26,IN_PROGRESS
Q3722,L018,L020,IT_Support,2,2026-11-04T07:17,2026-11-04T12:55,IN_PROGRESS
Q3723,L040,L002,Maintenance,1,2026-11-04T08:07,2026-11-04T15:29,DONE
Q3724,L007,L015,Security,3,2026-11-04T09:11,2026-11-04T12:29,NEW
Q3725,L020,L047,Document,5,2026-11-04T09:50,2026-11-04T10:32,DONE
Q3726,L045,L023,Document,2,2026-11-04T10:11,2026-11-04T14:40,NEW
Q3727,L007,L037,Delivery,2,2026-11-04T11:30,2026-11-04T19:07,IN_PROGRESS
Q3728,L006,L011,IT_Support,3,2026-11-04T12:11,2026-11-04T15:45,NEW
Q3729,L039,L035,Security,2,2026-11-04T13:21,2026-11-04T20:15,DONE
Q3730,L027,L009,Maintenance,2,2026-11-04T13:27,2026-11-04T19:37,NEW
Q3731,L034,L018,Medical,2,2026-11-04T14:01,2026-11-04T19:55,NEW
Q3732,L043,L036,Catering,5,2026-11-04T14:10,2026-11-04T14:56,NEW
Q3733,L019,L040,IT_Support,1,2026-11-04T14:20,2026-11-04T20:34,NEW
Q3734,L026,L037,IT_Support,4,2026-11-04T14:50,2026-11-04T16:15,IN_PROGRESS
Q3735,L039,L047,Delivery,4,2026-11-04T15:24,2026-11-04T16:41,IN_PROGRESS
Q3736,L035,L018,Document,2,2026-11-04T15:34,2026-11-04T21:45,IN_PROGRESS
Q3737,L011,L008,Medical,5,2026-11-04T16:14,2026-11-04T16:58,NEW
Q3738,L012,L010,Delivery,1,2026-11-04T16:40,2026-11-04T23:33,NEW
Q3739,L048,L047,Document,5,2026-11-04T16:46,2026-11-04T17:28,NEW
Q3740,L022,L001,Security,4,2026-11-04T16:53,2026-11-04T17:54,NEW
Q3741,L036,L034,Medical,4,2026-11-04T17:49,2026-11-04T19:18,DONE
Q3742,L016,L038,Maintenance,1,2026-11-04T19:07,2026-11-05T04:25,DONE
Q3743,L037,L006,Maintenance,1,2026-11-04T19:14,2026-11-05T03:44,IN_PROGRESS
Q3744,L006,L025,Document,4,2026-11-04T19:49,2026-11-04T20:57,NEW
Q3745,L044,L032,Maintenance,3,2026-11-04T21:02,2026-11-05T00:41,IN_PROGRESS
Q3746,L037,L047,Document,4,2026-11-04T21:08,2026-11-04T22:42,NEW
Q3747,L047,L022,Medical,5,2026-11-04T22:23,2026-11-04T23:07,IN_PROGRESS
Q3748,L031,L017,Medical,1,2026-11-04T23:44,2026-11-05T09:14,NEW
Q3749,L038,L033,Medical,2,2026-11-05T00:01,2026-11-05T07:08,NEW
Q3750,L016,L029,Maintenance,1,2026-11-05T00:46,2026-11-05T07:11,IN_PROGRESS
Q3751,L043,L039,Document,2,2026-11-05T01:55,2026-11-05T06:33,NEW
Q3752,L037,L020,Maintenance,1,2026-11-05T03:25,2026-11-05T09:30,DONE
Q3753,L005,L024,Maintenance,4,2026-11-05T04:22,2026-11-05T05:23,NEW
Q3754,L029,L021,Medical,3,2026-11-05T05:03,2026-11-05T08:18,DONE
Q3755,L046,L018,IT_Support,2,2026-11-05T05:14,2026-11-05T09:40,NEW
Q3756,L004,L036,Maintenance,5,2026-11-05T05:36,2026-11-05T06:29,DONE
Q3757,L035,L006,Delivery,1,2026-11-05T06:09,2026-11-05T14:22,NEW
Q3758,L029,L039,Security,2,2026-11-05T07:04,2026-11-05T11:42,NEW
Q3759,L003,L034,Medical,5,2026-11-05T07:50,2026-11-05T08:49,NEW
Q3760,L009,L030,Medical,5,2026-11-05T08:19,2026-11-05T09:03,DONE
Q3761,L020,L011,Catering,2,2026-11-05T08:26,2026-11-05T12:30,CANCELLED
Q3762,L019,L006,Maintenance,1,2026-11-05T08:48,2026-11-05T17:11,DONE
Q3763,L045,L022,Maintenance,1,2026-11-05T09:01,2026-11-05T17:43,NEW
Q3764,L012,L041,Catering,2,2026-11-05T10:31,2026-11-05T18:14,NEW
Q3765,L026,L008,Security,1,2026-11-05T11:04,2026-11-05T17:20,DONE
Q3766,L017,L028,Medical,1,2026-11-05T11:40,2026-11-05T19:55,NEW
Q3767,L010,L030,Maintenance,1,2026-11-05T12:07,2026-11-05T19:00,IN_PROGRESS
Q3768,L009,L037,IT_Support,5,2026-11-05T12:56,2026-11-05T13:29,NEW
Q3769,L009,L002,Delivery,2,2026-11-05T13:48,2026-11-05T17:52,DONE
Q3770,L032,L048,Medical,4,2026-11-05T14:26,2026-11-05T15:45,NEW
Q3771,L025,L047,Maintenance,5,2026-11-05T14:49,2026-11-05T15:34,DONE
Q3772,L027,L015,IT_Support,2,2026-11-05T14:57,2026-11-05T19:26,IN_PROGRESS
Q3773,L040,L006,Medical,1,2026-11-05T16:22,2026-11-05T23:16,NEW
Q3774,L047,L020,Document,1,2026-11-05T17:38,2026-11-06T01:27,NEW
Q3775,L006,L032,Catering,3,2026-11-05T18:23,2026-11-05T22:00,NEW
Q3776,L007,L048,Delivery,4,2026-11-05T18:51,2026-11-05T20:16,DONE
Q3777,L029,L001,Document,4,2026-11-05T19:45,2026-11-05T21:44,DONE
Q3778,L023,L045,IT_Support,5,2026-11-05T20:25,2026-11-05T20:58,IN_PROGRESS
Q3779,L040,L029,Security,2,2026-11-05T21:35,2026-11-06T05:16,DONE
Q3780,L018,L040,Medical,3,2026-11-05T22:00,2026-11-06T01:15,NEW
Q3781,L004,L041,Maintenance,1,2026-11-05T22:18,2026-11-06T07:46,NEW
Q3782,L033,L020,Document,3,2026-11-05T22:41,2026-11-06T00:58,NEW
Q3783,L016,L021,IT_Support,4,2026-11-05T23:25,2026-11-06T01:11,NEW
Q3784,L027,L048,IT_Support,3,2026-11-05T23:49,2026-11-06T02:01,IN_PROGRESS
Q3785,L022,L041,Medical,2,2026-11-06T00:39,2026-11-06T05:22,DONE
Q3786,L023,L017,Document,1,2026-11-06T02:08,2026-11-06T11:06,CANCELLED
Q3787,L018,L019,Delivery,1,2026-11-06T03:38,2026-11-06T12:41,NEW
Q3788,L040,L032,IT_Support,3,2026-11-06T04:01,2026-11-06T07:01,NEW
Q3789,L016,L001,IT_Support,2,2026-11-06T04:49,2026-11-06T11:44,NEW
Q3790,L038,L019,Document,5,2026-11-06T05:02,2026-11-06T05:49,IN_PROGRESS
Q3791,L034,L018,Document,2,2026-11-06T05:58,2026-11-06T11:43,NEW
Q3792,L017,L002,Medical,1,2026-11-06T06:08,2026-11-06T12:56,NEW
Q3793,L006,L011,IT_Support,2,2026-11-06T06:48,2026-11-06T11:11,NEW
Q3794,L047,L012,Medical,1,2026-11-06T06:59,2026-11-06T14:20,DONE
Q3795,L040,L048,Catering,2,2026-11-06T07:34,2026-11-06T13:43,IN_PROGRESS
Q3796,L010,L007,Delivery,3,2026-11-06T07:45,2026-11-06T09:53,NEW
Q3797,L013,L011,Maintenance,4,2026-11-06T08:47,2026-11-06T10:22,NEW
Q3798,L038,L040,Delivery,5,2026-11-06T09:27,2026-11-06T09:59,NEW
Q3799,L001,L014,Medical,5,2026-11-06T10:02,2026-11-06T10:36,IN_PROGRESS
Q3800,L045,L032,IT_Support,3,2026-11-06T11:30,2026-11-06T14:42,NEW
Q3801,L027,L003,IT_Support,1,2026-11-06T12:24,2026-11-06T22:12,DONE
Q3802,L010,L023,Delivery,3,2026-11-06T12:35,2026-11-06T16:08,DONE
Q3803,L033,L017,Maintenance,3,2026-11-06T14:01,2026-11-06T17:01,IN_PROGRESS
Q3804,L034,L022,IT_Support,5,2026-11-06T14:15,2026-11-06T14:52,DONE
Q3805,L029,L022,Medical,3,2026-11-06T14:22,2026-11-06T17:23,DONE
Q3806,L011,L036,Document,5,2026-11-06T14:27,2026-11-06T15:13,NEW
Q3807,L009,L030,Delivery,1,2026-11-06T14:46,2026-11-06T22:34,NEW
Q3808,L007,L028,Maintenance,4,2026-11-06T16:09,2026-11-06T17:39,NEW
Q3809,L010,L009,Security,4,2026-11-06T17:29,2026-11-06T19:09,IN_PROGRESS
Q3810,L025,L017,Document,4,2026-11-06T18:36,2026-11-06T19:57,DONE
Q3811,L015,L003,Document,2,2026-11-06T18:41,2026-11-06T23:29,IN_PROGRESS
Q3812,L019,L036,Maintenance,4,2026-11-06T19:31,2026-11-06T21:00,DONE
Q3813,L033,L003,Maintenance,3,2026-11-06T20:13,2026-11-06T22:38,DONE
Q3814,L009,L014,Security,5,2026-11-06T20:33,2026-11-06T21:16,NEW
Q3815,L038,L003,IT_Support,2,2026-11-06T21:26,2026-11-07T03:49,DONE
Q3816,L023,L030,Medical,4,2026-11-06T22:27,2026-11-07T00:10,NEW
Q3817,L044,L023,Maintenance,3,2026-11-06T23:45,2026-11-07T03:34,NEW
Q3818,L024,L045,IT_Support,5,2026-11-07T00:31,2026-11-07T01:03,NEW
Q3819,L048,L008,IT_Support,5,2026-11-07T01:25,2026-11-07T01:58,IN_PROGRESS
Q3820,L001,L031,Security,2,2026-11-07T02:53,2026-11-07T09:08,NEW
Q3821,L017,L011,Medical,2,2026-11-07T03:12,2026-11-07T09:52,DONE
Q3822,L035,L015,Document,2,2026-11-07T04:21,2026-11-07T08:39,IN_PROGRESS
Q3823,L015,L002,Maintenance,5,2026-11-07T05:42,2026-11-07T06:38,DONE
Q3824,L005,L001,Medical,2,2026-11-07T06:34,2026-11-07T14:29,NEW
Q3825,L005,L025,Document,2,2026-11-07T07:49,2026-11-07T13:30,IN_PROGRESS
Q3826,L045,L019,Medical,4,2026-11-07T09:12,2026-11-07T11:07,NEW
Q3827,L022,L015,Medical,1,2026-11-07T09:19,2026-11-07T18:50,NEW
Q3828,L008,L018,Security,2,2026-11-07T09:43,2026-11-07T15:50,DONE
Q3829,L033,L038,IT_Support,5,2026-11-07T10:48,2026-11-07T11:26,NEW
Q3830,L036,L022,Medical,4,2026-11-07T11:10,2026-11-07T12:44,IN_PROGRESS
Q3831,L005,L029,Security,2,2026-11-07T11:44,2026-11-07T18:17,NEW
Q3832,L024,L037,Document,1,2026-11-07T12:08,2026-11-07T19:46,NEW
Q3833,L041,L003,IT_Support,4,2026-11-07T12:42,2026-11-07T14:28,NEW
Q3834,L025,L002,Maintenance,4,2026-11-07T13:34,2026-11-07T15:23,NEW
Q3835,L018,L028,IT_Support,3,2026-11-07T13:47,2026-11-07T16:44,NEW
Q3836,L007,L002,Document,1,2026-11-07T14:07,2026-11-07T21:41,NEW
Q3837,L025,L017,IT_Support,3,2026-11-07T14:41,2026-11-07T17:43,CANCELLED
Q3838,L043,L047,Maintenance,1,2026-11-07T15:15,2026-11-07T23:32,NEW
Q3839,L002,L012,Security,2,2026-11-07T15:58,2026-11-07T22:08,NEW
Q3840,L021,L046,Document,1,2026-11-07T17:15,2026-11-08T00:01,NEW
Q3841,L022,L017,IT_Support,2,2026-11-07T17:38,2026-11-08T01:28,DONE
Q3842,L029,L012,Document,4,2026-11-07T18:40,2026-11-07T20:06,CANCELLED
Q3843,L028,L017,Maintenance,2,2026-11-07T19:11,2026-11-07T23:49,IN_PROGRESS
Q3844,L031,L005,IT_Support,4,2026-11-07T19:42,2026-11-07T21:28,IN_PROGRESS
Q3845,L036,L026,Document,4,2026-11-07T20:03,2026-11-07T21:16,NEW
Q3846,L034,L028,Delivery,4,2026-11-07T21:00,2026-11-07T22:57,DONE
Q3847,L043,L045,Maintenance,2,2026-11-07T22:11,2026-11-08T03:53,IN_PROGRESS
Q3848,L038,L044,Medical,1,2026-11-07T23:03,2026-11-08T08:24,NEW
Q3849,L016,L017,Maintenance,4,2026-11-08T00:25,2026-11-08T02:14,DONE
Q3850,L010,L031,Maintenance,2,2026-11-08T01:11,2026-11-08T07:45,NEW
Q3851,L029,L028,Catering,4,2026-11-08T02:39,2026-11-08T04:26,NEW
Q3852,L021,L027,Document,4,2026-11-08T03:43,2026-11-08T05:14,NEW
Q3853,L046,L022,Medical,1,2026-11-08T05:03,2026-11-08T14:05,IN_PROGRESS
Q3854,L002,L016,IT_Support,3,2026-11-08T05:31,2026-11-08T08:33,NEW
Q3855,L014,L026,IT_Support,1,2026-11-08T05:59,2026-11-08T12:16,DONE
Q3856,L046,L012,Maintenance,3,2026-11-08T06:17,2026-11-08T09:55,NEW
Q3857,L005,L030,IT_Support,3,2026-11-08T07:39,2026-11-08T09:55,NEW
Q3858,L032,L007,Medical,1,2026-11-08T09:02,2026-11-08T18:50,NEW
Q3859,L035,L024,Maintenance,2,2026-11-08T10:20,2026-11-08T16:43,DONE
Q3860,L015,L003,Medical,5,2026-11-08T11:39,2026-11-08T12:10,IN_PROGRESS
Q3861,L014,L038,IT_Support,1,2026-11-08T12:07,2026-11-08T21:20,NEW
Q3862,L027,L037,IT_Support,1,2026-11-08T12:46,2026-11-08T19:35,CANCELLED
Q3863,L044,L026,Medical,4,2026-11-08T14:00,2026-11-08T15:01,NEW
Q3864,L005,L029,Document,5,2026-11-08T14:32,2026-11-08T15:28,NEW
Q3865,L006,L026,Security,2,2026-11-08T15:20,2026-11-08T22:17,DONE
Q3866,L001,L003,Medical,2,2026-11-08T16:23,2026-11-08T21:11,NEW
Q3867,L017,L018,Medical,2,2026-11-08T17:24,2026-11-08T22:06,NEW
Q3868,L037,L018,IT_Support,2,2026-11-08T18:40,2026-11-08T22:43,NEW
Q3869,L035,L015,Catering,1,2026-11-08T19:26,2026-11-09T02:34,NEW
Q3870,L004,L011,Security,3,2026-11-08T20:41,2026-11-08T23:23,DONE
Q3871,L007,L045,Delivery,4,2026-11-08T21:45,2026-11-08T23:29,NEW
Q3872,L011,L032,Maintenance,5,2026-11-08T23:03,2026-11-08T23:37,NEW
Q3873,L025,L015,Medical,1,2026-11-09T00:20,2026-11-09T09:51,CANCELLED
Q3874,L028,L004,Maintenance,2,2026-11-09T01:15,2026-11-09T08:02,NEW
Q3875,L022,L011,Document,1,2026-11-09T02:05,2026-11-09T08:59,DONE
Q3876,L038,L032,Medical,4,2026-11-09T02:12,2026-11-09T03:40,DONE
Q3877,L047,L001,Document,3,2026-11-09T02:17,2026-11-09T05:11,NEW
Q3878,L048,L032,Catering,4,2026-11-09T02:24,2026-11-09T03:34,IN_PROGRESS
Q3879,L003,L035,Maintenance,4,2026-11-09T02:50,2026-11-09T04:28,NEW
Q3880,L003,L011,Maintenance,1,2026-11-09T03:33,2026-11-09T13:20,NEW
Q3881,L016,L040,Maintenance,2,2026-11-09T03:42,2026-11-09T10:13,DONE
Q3882,L015,L012,Security,2,2026-11-09T04:13,2026-11-09T08:59,NEW
Q3883,L001,L011,Medical,1,2026-11-09T05:05,2026-11-09T14:58,NEW
Q3884,L042,L022,Medical,5,2026-11-09T05:38,2026-11-09T06:19,NEW
Q3885,L019,L022,IT_Support,4,2026-11-09T06:34,2026-11-09T08:11,NEW
Q3886,L033,L036,IT_Support,2,2026-11-09T07:58,2026-11-09T12:49,IN_PROGRESS
Q3887,L016,L013,Security,2,2026-11-09T08:23,2026-11-09T14:56,NEW
Q3888,L028,L009,Maintenance,3,2026-11-09T09:36,2026-11-09T12:59,NEW
Q3889,L015,L008,Maintenance,5,2026-11-09T10:15,2026-11-09T10:48,NEW
Q3890,L011,L038,Maintenance,4,2026-11-09T11:10,2026-11-09T12:30,DONE
Q3891,L040,L039,Delivery,5,2026-11-09T11:46,2026-11-09T12:32,NEW
Q3892,L026,L013,Maintenance,3,2026-11-09T12:26,2026-11-09T14:47,DONE
Q3893,L005,L001,Medical,3,2026-11-09T13:53,2026-11-09T16:05,IN_PROGRESS
Q3894,L037,L014,Security,2,2026-11-09T14:10,2026-11-09T20:42,CANCELLED
Q3895,L009,L012,Medical,1,2026-11-09T15:16,2026-11-09T22:53,NEW
Q3896,L015,L047,Medical,5,2026-11-09T15:56,2026-11-09T16:42,IN_PROGRESS
Q3897,L021,L010,Delivery,3,2026-11-09T16:33,2026-11-09T19:23,IN_PROGRESS
Q3898,L007,L010,Delivery,5,2026-11-09T17:35,2026-11-09T18:31,NEW
Q3899,L015,L002,Maintenance,3,2026-11-09T18:48,2026-11-09T22:44,DONE
Q3900,L018,L021,Security,2,2026-11-09T19:06,2026-11-09T23:24,NEW
Q3901,L023,L045,Medical,2,2026-11-09T19:23,2026-11-10T00:34,NEW
Q3902,L014,L047,IT_Support,1,2026-11-09T20:06,2026-11-10T03:08,DONE
Q3903,L043,L004,Document,2,2026-11-09T21:10,2026-11-10T03:55,IN_PROGRESS
Q3904,L009,L017,Document,5,2026-11-09T21:47,2026-11-09T22:45,NEW
Q3905,L009,L010,Catering,3,2026-11-09T22:24,2026-11-10T01:45,NEW
Q3906,L044,L021,Delivery,3,2026-11-09T22:52,2026-11-10T02:27,NEW
Q3907,L001,L020,IT_Support,3,2026-11-10T00:00,2026-11-10T03:22,NEW
Q3908,L025,L037,Maintenance,2,2026-11-10T00:26,2026-11-10T06:58,NEW
Q3909,L038,L036,Medical,1,2026-11-10T00:38,2026-11-10T07:22,IN_PROGRESS
Q3910,L022,L030,Delivery,4,2026-11-10T01:18,2026-11-10T02:21,CANCELLED
Q3911,L034,L022,Delivery,4,2026-11-10T02:30,2026-11-10T04:03,NEW
Q3912,L013,L048,Document,5,2026-11-10T03:30,2026-11-10T04:23,NEW
Q3913,L031,L009,Medical,1,2026-11-10T04:09,2026-11-10T11:52,DONE
Q3914,L031,L009,Delivery,4,2026-11-10T04:41,2026-11-10T06:36,NEW
Q3915,L041,L021,IT_Support,1,2026-11-10T05:07,2026-11-10T13:31,DONE
Q3916,L011,L012,Maintenance,2,2026-11-10T06:20,2026-11-10T11:08,DONE
Q3917,L023,L047,IT_Support,5,2026-11-10T07:03,2026-11-10T07:48,NEW
Q3918,L012,L036,Medical,3,2026-11-10T07:31,2026-11-10T10:54,NEW
Q3919,L001,L006,IT_Support,1,2026-11-10T08:11,2026-11-10T14:35,NEW
Q3920,L019,L037,Document,3,2026-11-10T09:33,2026-11-10T13:03,IN_PROGRESS
Q3921,L042,L027,Medical,4,2026-11-10T09:55,2026-11-10T11:21,NEW
Q3922,L026,L001,Medical,4,2026-11-10T10:06,2026-11-10T11:43,NEW
Q3923,L024,L028,Maintenance,1,2026-11-10T11:33,2026-11-10T17:45,IN_PROGRESS
Q3924,L002,L046,Medical,1,2026-11-10T11:48,2026-11-10T20:17,DONE
Q3925,L015,L016,Medical,2,2026-11-10T12:10,2026-11-10T16:53,DONE
Q3926,L020,L030,Maintenance,5,2026-11-10T12:15,2026-11-10T13:08,NEW
Q3927,L003,L027,Catering,5,2026-11-10T13:22,2026-11-10T14:14,NEW
Q3928,L003,L021,Medical,2,2026-11-10T14:20,2026-11-10T21:54,IN_PROGRESS
Q3929,L004,L031,Catering,5,2026-11-10T14:52,2026-11-10T15:45,NEW
Q3930,L034,L046,Security,1,2026-11-10T15:26,2026-11-10T23:26,DONE
Q3931,L012,L013,Medical,1,2026-11-10T16:55,2026-11-10T23:34,IN_PROGRESS
Q3932,L015,L044,Maintenance,5,2026-11-10T17:52,2026-11-10T18:26,IN_PROGRESS
Q3933,L001,L042,Security,3,2026-11-10T18:08,2026-11-10T21:04,NEW
Q3934,L020,L009,Security,4,2026-11-10T18:48,2026-11-10T20:45,NEW
Q3935,L019,L008,Security,2,2026-11-10T19:53,2026-11-11T02:43,NEW
Q3936,L025,L034,Medical,5,2026-11-10T20:02,2026-11-10T20:46,IN_PROGRESS
Q3937,L045,L014,IT_Support,3,2026-11-10T20:12,2026-11-10T23:57,NEW
Q3938,L018,L028,IT_Support,3,2026-11-10T20:29,2026-11-10T23:35,IN_PROGRESS
Q3939,L036,L029,Maintenance,1,2026-11-10T21:53,2026-11-11T06:32,IN_PROGRESS
Q3940,L037,L013,Maintenance,4,2026-11-10T22:19,2026-11-10T23:37,NEW
Q3941,L036,L015,Document,2,2026-11-10T23:27,2026-11-11T04:12,NEW
Q3942,L015,L018,Medical,4,2026-11-11T00:36,2026-11-11T02:28,IN_PROGRESS
Q3943,L025,L037,Medical,3,2026-11-11T01:02,2026-11-11T03:48,CANCELLED
Q3944,L019,L035,Medical,2,2026-11-11T01:24,2026-11-11T07:13,IN_PROGRESS
Q3945,L036,L037,Maintenance,4,2026-11-11T02:35,2026-11-11T04:02,NEW
Q3946,L047,L046,Medical,3,2026-11-11T02:40,2026-11-11T05:57,CANCELLED
Q3947,L022,L015,Document,2,2026-11-11T03:46,2026-11-11T10:57,IN_PROGRESS
Q3948,L018,L012,Maintenance,4,2026-11-11T05:06,2026-11-11T06:44,NEW
Q3949,L002,L003,Document,2,2026-11-11T05:44,2026-11-11T12:38,DONE
Q3950,L028,L004,Medical,4,2026-11-11T06:01,2026-11-11T07:19,DONE
Q3951,L015,L030,Document,5,2026-11-11T06:33,2026-11-11T07:18,NEW
Q3952,L004,L026,Delivery,1,2026-11-11T08:01,2026-11-11T17:42,DONE
Q3953,L023,L027,Medical,2,2026-11-11T08:55,2026-11-11T16:10,NEW
Q3954,L015,L026,Document,4,2026-11-11T09:08,2026-11-11T10:31,CANCELLED
Q3955,L043,L020,Security,1,2026-11-11T10:19,2026-11-11T19:32,NEW
Q3956,L039,L037,Maintenance,1,2026-11-11T10:45,2026-11-11T19:14,NEW
Q3957,L008,L001,IT_Support,2,2026-11-11T11:48,2026-11-11T18:36,NEW
Q3958,L036,L025,Maintenance,5,2026-11-11T12:47,2026-11-11T13:19,NEW
Q3959,L022,L003,Medical,2,2026-11-11T13:46,2026-11-11T20:19,NEW
Q3960,L033,L016,Maintenance,2,2026-11-11T15:16,2026-11-11T20:12,DONE
Q3961,L002,L026,Document,4,2026-11-11T16:31,2026-11-11T18:30,IN_PROGRESS
Q3962,L009,L012,IT_Support,2,2026-11-11T17:36,2026-11-12T01:31,IN_PROGRESS
Q3963,L037,L042,Medical,1,2026-11-11T18:46,2026-11-12T02:43,NEW
Q3964,L033,L042,Document,2,2026-11-11T19:33,2026-11-12T02:28,NEW
Q3965,L039,L003,Medical,4,2026-11-11T20:04,2026-11-11T21:23,DONE
Q3966,L044,L011,Delivery,4,2026-11-11T21:13,2026-11-11T23:01,IN_PROGRESS
Q3967,L031,L026,Maintenance,4,2026-11-11T22:39,2026-11-11T23:59,IN_PROGRESS
Q3968,L002,L043,Delivery,3,2026-11-11T22:59,2026-11-12T02:28,NEW
Q3969,L030,L004,Medical,5,2026-11-11T23:13,2026-11-12T00:01,NEW
Q3970,L026,L044,Delivery,1,2026-11-11T23:41,2026-11-12T09:17,NEW
Q3971,L004,L005,Medical,1,2026-11-11T23:47,2026-11-12T07:50,IN_PROGRESS
Q3972,L013,L038,Document,4,2026-11-12T01:10,2026-11-12T02:15,NEW
Q3973,L044,L037,IT_Support,5,2026-11-12T02:26,2026-11-12T03:01,NEW
Q3974,L027,L045,Medical,5,2026-11-12T03:00,2026-11-12T03:45,NEW
Q3975,L006,L030,IT_Support,5,2026-11-12T03:44,2026-11-12T04:34,DONE
Q3976,L017,L011,Medical,2,2026-11-12T05:04,2026-11-12T11:23,NEW
Q3977,L044,L043,Medical,5,2026-11-12T05:39,2026-11-12T06:20,DONE
Q3978,L020,L044,Catering,3,2026-11-12T06:20,2026-11-12T09:06,NEW
Q3979,L037,L040,Catering,3,2026-11-12T07:41,2026-11-12T10:04,CANCELLED
Q3980,L005,L040,Medical,3,2026-11-12T08:33,2026-11-12T11:07,NEW
Q3981,L039,L034,Maintenance,5,2026-11-12T09:43,2026-11-12T10:37,NEW
Q3982,L018,L043,IT_Support,4,2026-11-12T09:57,2026-11-12T11:26,DONE
Q3983,L047,L035,Maintenance,3,2026-11-12T10:02,2026-11-12T12:52,IN_PROGRESS
Q3984,L041,L025,Catering,2,2026-11-12T10:21,2026-11-12T15:50,NEW
Q3985,L042,L034,Document,4,2026-11-12T10:32,2026-11-12T11:38,IN_PROGRESS
Q3986,L025,L042,IT_Support,5,2026-11-12T12:01,2026-11-12T12:36,DONE
Q3987,L042,L033,Maintenance,1,2026-11-12T12:11,2026-11-12T18:42,IN_PROGRESS
Q3988,L031,L004,Security,5,2026-11-12T12:54,2026-11-12T13:26,NEW
Q3989,L029,L004,Maintenance,3,2026-11-12T14:05,2026-11-12T17:27,DONE
Q3990,L005,L030,Maintenance,1,2026-11-12T15:03,2026-11-12T23:25,NEW
Q3991,L012,L042,IT_Support,2,2026-11-12T16:15,2026-11-12T21:40,NEW
Q3992,L002,L043,IT_Support,3,2026-11-12T17:44,2026-11-12T20:59,DONE
Q3993,L022,L037,Maintenance,3,2026-11-12T18:00,2026-11-12T20:10,DONE
Q3994,L027,L035,Maintenance,5,2026-11-12T19:21,2026-11-12T20:20,DONE
Q3995,L025,L008,Maintenance,3,2026-11-12T19:27,2026-11-12T22:39,NEW
Q3996,L003,L034,Maintenance,1,2026-11-12T20:30,2026-11-13T02:46,DONE
Q3997,L041,L012,Catering,2,2026-11-12T21:08,2026-11-13T02:21,DONE
Q3998,L018,L014,Medical,3,2026-11-12T21:36,2026-11-13T00:59,DONE
Q3999,L017,L022,Catering,4,2026-11-12T21:41,2026-11-12T22:46,IN_PROGRESS
Q4000,L012,L001,IT_Support,2,2026-11-12T23:10,2026-11-13T03:48,DONE
Q4001,L020,L011,Delivery,2,2026-11-12T23:17,2026-11-13T05:48,NEW
Q4002,L006,L010,Catering,3,2026-11-12T23:45,2026-11-13T02:56,NEW
Q4003,L018,L037,Document,4,2026-11-12T23:57,2026-11-13T01:12,IN_PROGRESS
Q4004,L040,L025,Delivery,3,2026-11-13T00:39,2026-11-13T03:11,NEW
Q4005,L025,L021,Maintenance,4,2026-11-13T00:49,2026-11-13T02:11,DONE
Q4006,L023,L015,Delivery,2,2026-11-13T01:04,2026-11-13T08:05,NEW
Q4007,L035,L029,IT_Support,4,2026-11-13T01:11,2026-11-13T02:26,NEW
Q4008,L026,L045,Medical,5,2026-11-13T01:34,2026-11-13T02:08,NEW
Q4009,L023,L046,Document,5,2026-11-13T02:26,2026-11-13T03:05,NEW
Q4010,L046,L026,Medical,5,2026-11-13T03:00,2026-11-13T03:44,CANCELLED
Q4011,L003,L025,Medical,3,2026-11-13T04:12,2026-11-13T07:05,DONE
Q4012,L019,L038,Maintenance,2,2026-11-13T05:19,2026-11-13T13:14,NEW
Q4013,L043,L012,Maintenance,1,2026-11-13T06:41,2026-11-13T14:57,NEW
Q4014,L025,L012,Maintenance,2,2026-11-13T06:47,2026-11-13T12:27,DONE
Q4015,L027,L026,Maintenance,3,2026-11-13T08:06,2026-11-13T10:59,IN_PROGRESS
Q4016,L012,L013,Security,2,2026-11-13T09:27,2026-11-13T16:17,CANCELLED
Q4017,L010,L038,Security,3,2026-11-13T10:42,2026-11-13T13:14,IN_PROGRESS
Q4018,L014,L021,IT_Support,4,2026-11-13T11:38,2026-11-13T13:13,IN_PROGRESS
Q4019,L033,L030,Delivery,3,2026-11-13T12:38,2026-11-13T14:40,NEW
Q4020,L020,L008,Medical,3,2026-11-13T13:15,2026-11-13T17:10,NEW
Q4021,L039,L016,Maintenance,2,2026-11-13T13:44,2026-11-13T21:01,DONE
Q4022,L039,L006,Maintenance,1,2026-11-13T13:49,2026-11-13T23:40,NEW
Q4023,L005,L019,Medical,3,2026-11-13T14:53,2026-11-13T18:53,DONE
Q4024,L026,L010,IT_Support,4,2026-11-13T15:37,2026-11-13T17:24,IN_PROGRESS
Q4025,L042,L043,Medical,1,2026-11-13T16:54,2026-11-13T23:14,NEW
Q4026,L014,L020,Maintenance,2,2026-11-13T18:02,2026-11-13T23:26,IN_PROGRESS
Q4027,L010,L041,IT_Support,3,2026-11-13T19:25,2026-11-13T22:35,NEW
Q4028,L028,L042,Medical,4,2026-11-13T20:55,2026-11-13T22:55,NEW
Q4029,L045,L009,Medical,1,2026-11-13T22:23,2026-11-14T05:03,DONE
Q4030,L004,L034,Maintenance,2,2026-11-13T23:40,2026-11-14T05:46,NEW
Q4031,L028,L039,Security,1,2026-11-14T00:56,2026-11-14T10:49,IN_PROGRESS
Q4032,L040,L026,Maintenance,5,2026-11-14T02:10,2026-11-14T03:10,IN_PROGRESS
Q4033,L003,L042,Catering,2,2026-11-14T02:15,2026-11-14T06:38,DONE
Q4034,L031,L043,Medical,3,2026-11-14T03:38,2026-11-14T06:31,NEW
Q4035,L027,L007,Security,2,2026-11-14T04:44,2026-11-14T09:25,NEW
Q4036,L042,L047,Delivery,4,2026-11-14T04:49,2026-11-14T06:08,IN_PROGRESS
Q4037,L016,L020,Document,1,2026-11-14T05:22,2026-11-14T11:42,NEW
Q4038,L043,L013,Document,3,2026-11-14T05:39,2026-11-14T07:41,IN_PROGRESS
Q4039,L004,L032,Document,2,2026-11-14T06:47,2026-11-14T12:18,NEW
Q4040,L004,L015,Medical,4,2026-11-14T07:14,2026-11-14T08:16,DONE
Q4041,L010,L045,Medical,3,2026-11-14T08:35,2026-11-14T12:08,IN_PROGRESS
Q4042,L005,L038,Maintenance,3,2026-11-14T08:45,2026-11-14T11:10,NEW
Q4043,L020,L047,Maintenance,2,2026-11-14T09:25,2026-11-14T17:03,CANCELLED
Q4044,L029,L019,Document,1,2026-11-14T10:25,2026-11-14T16:33,NEW
Q4045,L029,L048,Catering,2,2026-11-14T10:58,2026-11-14T16:20,NEW
Q4046,L005,L001,Delivery,3,2026-11-14T12:20,2026-11-14T14:30,NEW
Q4047,L031,L041,Maintenance,5,2026-11-14T13:10,2026-11-14T13:43,DONE
Q4048,L031,L045,Medical,3,2026-11-14T14:30,2026-11-14T17:15,IN_PROGRESS
Q4049,L006,L018,Medical,2,2026-11-14T15:52,2026-11-14T23:22,NEW
Q4050,L005,L036,IT_Support,3,2026-11-14T17:06,2026-11-14T20:41,NEW
Q4051,L006,L047,IT_Support,1,2026-11-14T18:08,2026-11-15T01:16,IN_PROGRESS
Q4052,L018,L046,IT_Support,2,2026-11-14T19:30,2026-11-15T02:22,NEW
Q4053,L008,L026,Maintenance,3,2026-11-14T19:41,2026-11-14T22:18,NEW
Q4054,L001,L038,Medical,4,2026-11-14T20:25,2026-11-14T21:45,NEW
Q4055,L020,L008,Document,5,2026-11-14T21:01,2026-11-14T21:51,CANCELLED
Q4056,L046,L035,Maintenance,1,2026-11-14T21:32,2026-11-15T06:04,DONE
Q4057,L025,L026,IT_Support,4,2026-11-14T21:42,2026-11-14T22:57,DONE
Q4058,L033,L024,Security,3,2026-11-14T22:22,2026-11-15T01:43,NEW
Q4059,L045,L048,Maintenance,2,2026-11-14T22:46,2026-11-15T04:28,DONE
Q4060,L021,L011,Delivery,2,2026-11-14T23:39,2026-11-15T04:53,CANCELLED
Q4061,L045,L028,Delivery,2,2026-11-15T00:14,2026-11-15T05:43,NEW
Q4062,L047,L027,Maintenance,1,2026-11-15T01:18,2026-11-15T08:36,NEW
Q4063,L017,L002,Document,3,2026-11-15T02:18,2026-11-15T05:21,NEW
Q4064,L003,L033,Delivery,3,2026-11-15T02:28,2026-11-15T05:45,NEW
Q4065,L011,L003,Catering,4,2026-11-15T03:51,2026-11-15T04:56,DONE
Q4066,L035,L047,IT_Support,3,2026-11-15T04:24,2026-11-15T06:35,CANCELLED
Q4067,L006,L013,Delivery,5,2026-11-15T05:17,2026-11-15T05:51,IN_PROGRESS
Q4068,L007,L022,Document,3,2026-11-15T06:05,2026-11-15T08:26,DONE
Q4069,L026,L016,Maintenance,1,2026-11-15T07:01,2026-11-15T13:11,DONE
Q4070,L019,L030,IT_Support,4,2026-11-15T07:08,2026-11-15T08:28,NEW
Q4071,L015,L039,Security,4,2026-11-15T07:47,2026-11-15T09:10,NEW
Q4072,L046,L018,Medical,4,2026-11-15T07:59,2026-11-15T09:54,CANCELLED
Q4073,L035,L044,Security,4,2026-11-15T08:29,2026-11-15T09:34,IN_PROGRESS
Q4074,L029,L005,Medical,4,2026-11-15T09:47,2026-11-15T11:08,IN_PROGRESS
Q4075,L047,L016,Document,2,2026-11-15T10:41,2026-11-15T16:27,IN_PROGRESS
Q4076,L009,L027,Maintenance,2,2026-11-15T11:34,2026-11-15T15:36,DONE
Q4077,L024,L015,Catering,1,2026-11-15T12:47,2026-11-15T20:06,NEW
Q4078,L002,L009,Medical,4,2026-11-15T12:52,2026-11-15T14:05,IN_PROGRESS
Q4079,L025,L034,Medical,2,2026-11-15T13:47,2026-11-15T18:49,IN_PROGRESS
Q4080,L003,L026,Medical,2,2026-11-15T13:57,2026-11-15T18:32,NEW
Q4081,L047,L034,Security,1,2026-11-15T14:36,2026-11-16T00:12,DONE
Q4082,L001,L040,Document,1,2026-11-15T15:56,2026-11-15T22:09,IN_PROGRESS
Q4083,L038,L008,Catering,1,2026-11-15T17:22,2026-11-15T23:31,DONE
Q4084,L010,L024,Maintenance,3,2026-11-15T17:52,2026-11-15T21:31,NEW
Q4085,L030,L024,Document,4,2026-11-15T18:11,2026-11-15T19:47,NEW
Q4086,L042,L012,Catering,1,2026-11-15T19:24,2026-11-16T03:16,DONE
Q4087,L003,L009,IT_Support,3,2026-11-15T20:32,2026-11-16T00:32,IN_PROGRESS
Q4088,L019,L043,Medical,4,2026-11-15T21:52,2026-11-15T23:52,CANCELLED
Q4089,L009,L003,Medical,4,2026-11-15T22:33,2026-11-16T00:17,CANCELLED
Q4090,L019,L022,Medical,1,2026-11-15T23:58,2026-11-16T08:23,DONE
Q4091,L008,L046,Document,2,2026-11-16T01:10,2026-11-16T06:06,DONE
Q4092,L019,L022,Medical,2,2026-11-16T02:31,2026-11-16T09:56,IN_PROGRESS
Q4093,L044,L024,Maintenance,3,2026-11-16T03:16,2026-11-16T06:46,NEW
Q4094,L027,L025,Maintenance,5,2026-11-16T04:14,2026-11-16T05:11,NEW
Q4095,L009,L020,Document,1,2026-11-16T05:16,2026-11-16T14:59,NEW
Q4096,L041,L010,IT_Support,5,2026-11-16T05:37,2026-11-16T06:14,NEW
Q4097,L023,L005,Medical,2,2026-11-16T06:07,2026-11-16T13:03,NEW
Q4098,L001,L005,Document,4,2026-11-16T06:23,2026-11-16T07:50,DONE
Q4099,L032,L007,Medical,1,2026-11-16T07:41,2026-11-16T13:58,DONE
Q4100,L024,L009,Maintenance,2,2026-11-16T09:01,2026-11-16T14:26,NEW
Q4101,L020,L029,Document,1,2026-11-16T09:39,2026-11-16T18:48,NEW
Q4102,L048,L024,Maintenance,4,2026-11-16T10:43,2026-11-16T12:20,NEW
Q4103,L004,L021,Delivery,1,2026-11-16T10:58,2026-11-16T20:14,IN_PROGRESS
Q4104,L042,L034,Delivery,3,2026-11-16T11:41,2026-11-16T15:30,NEW
Q4105,L046,L026,Document,2,2026-11-16T12:01,2026-11-16T18:24,NEW
Q4106,L016,L013,Security,4,2026-11-16T13:26,2026-11-16T15:08,NEW
Q4107,L036,L030,Medical,5,2026-11-16T14:30,2026-11-16T15:02,NEW
Q4108,L012,L016,Catering,4,2026-11-16T14:46,2026-11-16T16:20,IN_PROGRESS
Q4109,L017,L016,IT_Support,4,2026-11-16T15:14,2026-11-16T16:24,NEW
Q4110,L002,L039,Medical,3,2026-11-16T15:37,2026-11-16T19:06,NEW
Q4111,L046,L039,Delivery,2,2026-11-16T16:08,2026-11-16T22:34,DONE
Q4112,L026,L019,Medical,1,2026-11-16T16:30,2026-11-16T23:54,DONE
Q4113,L016,L011,IT_Support,5,2026-11-16T17:33,2026-11-16T18:16,IN_PROGRESS
Q4114,L040,L038,Delivery,2,2026-11-16T18:08,2026-11-17T00:49,NEW
Q4115,L046,L011,Medical,3,2026-11-16T18:31,2026-11-16T20:37,NEW
Q4116,L009,L016,Delivery,1,2026-11-16T18:36,2026-11-17T00:54,NEW
Q4117,L028,L040,Maintenance,4,2026-11-16T19:16,2026-11-16T20:34,NEW
Q4118,L009,L014,Catering,3,2026-11-16T20:36,2026-11-16T23:44,NEW
Q4119,L010,L039,Maintenance,4,2026-11-16T21:22,2026-11-16T23:17,NEW
Q4120,L006,L022,IT_Support,4,2026-11-16T22:16,2026-11-16T23:19,NEW
Q4121,L029,L021,Document,4,2026-11-16T22:46,2026-11-17T00:21,DONE
Q4122,L015,L008,Maintenance,4,2026-11-16T23:27,2026-11-17T00:42,NEW
Q4123,L014,L044,Maintenance,4,2026-11-17T00:52,2026-11-17T02:38,NEW
Q4124,L010,L009,Document,3,2026-11-17T01:06,2026-11-17T04:00,NEW
Q4125,L047,L033,Delivery,1,2026-11-17T01:49,2026-11-17T10:57,NEW
Q4126,L031,L002,Security,2,2026-11-17T02:40,2026-11-17T06:55,NEW
Q4127,L016,L025,IT_Support,2,2026-11-17T04:04,2026-11-17T10:14,NEW
Q4128,L020,L009,Delivery,1,2026-11-17T05:30,2026-11-17T13:33,IN_PROGRESS
Q4129,L046,L020,Delivery,1,2026-11-17T05:37,2026-11-17T14:31,NEW
Q4130,L042,L028,Document,4,2026-11-17T06:36,2026-11-17T08:05,NEW
Q4131,L027,L009,Medical,5,2026-11-17T07:36,2026-11-17T08:33,IN_PROGRESS
Q4132,L011,L001,IT_Support,2,2026-11-17T08:46,2026-11-17T15:37,NEW
Q4133,L023,L041,IT_Support,4,2026-11-17T09:24,2026-11-17T11:24,NEW
Q4134,L027,L047,Maintenance,3,2026-11-17T10:45,2026-11-17T13:48,NEW
Q4135,L042,L038,Maintenance,3,2026-11-17T12:05,2026-11-17T15:35,NEW
Q4136,L037,L044,Document,3,2026-11-17T12:45,2026-11-17T16:33,DONE
Q4137,L039,L005,Medical,5,2026-11-17T12:54,2026-11-17T13:43,NEW
Q4138,L048,L040,Security,4,2026-11-17T13:35,2026-11-17T15:13,NEW
Q4139,L045,L043,Maintenance,4,2026-11-17T14:35,2026-11-17T15:53,DONE
Q4140,L014,L009,Maintenance,2,2026-11-17T15:28,2026-11-17T19:55,DONE
Q4141,L009,L007,Maintenance,3,2026-11-17T16:41,2026-11-17T20:25,DONE
Q4142,L042,L005,Delivery,5,2026-11-17T17:22,2026-11-17T18:10,NEW
Q4143,L022,L015,Medical,1,2026-11-17T18:24,2026-11-18T02:17,NEW
Q4144,L048,L045,Catering,5,2026-11-17T18:53,2026-11-17T19:50,NEW
Q4145,L038,L034,Delivery,2,2026-11-17T19:20,2026-11-18T02:53,NEW
Q4146,L041,L011,Medical,4,2026-11-17T20:27,2026-11-17T21:31,DONE
Q4147,L033,L034,Maintenance,5,2026-11-17T21:39,2026-11-17T22:30,NEW
Q4148,L035,L042,Document,2,2026-11-17T22:21,2026-11-18T02:40,DONE
Q4149,L025,L034,Maintenance,4,2026-11-17T22:51,2026-11-18T00:35,CANCELLED
Q4150,L047,L017,Document,2,2026-11-18T00:09,2026-11-18T06:44,NEW
Q4151,L035,L018,Medical,4,2026-11-18T01:08,2026-11-18T02:51,NEW
Q4152,L029,L040,Medical,4,2026-11-18T02:22,2026-11-18T03:37,NEW
Q4153,L001,L040,IT_Support,2,2026-11-18T02:42,2026-11-18T06:56,NEW
Q4154,L035,L004,Document,1,2026-11-18T03:38,2026-11-18T10:13,NEW
Q4155,L001,L007,Medical,2,2026-11-18T04:40,2026-11-18T11:37,NEW
Q4156,L033,L027,Catering,2,2026-11-18T05:51,2026-11-18T11:35,DONE
Q4157,L021,L023,Security,2,2026-11-18T06:18,2026-11-18T11:25,CANCELLED
Q4158,L031,L028,Medical,1,2026-11-18T07:20,2026-11-18T14:48,NEW
Q4159,L034,L027,IT_Support,5,2026-11-18T07:32,2026-11-18T08:14,NEW
Q4160,L005,L027,Medical,2,2026-11-18T07:59,2026-11-18T15:49,NEW
Q4161,L017,L020,Medical,4,2026-11-18T09:04,2026-11-18T11:03,DONE
Q4162,L019,L001,Maintenance,4,2026-11-18T10:16,2026-11-18T11:42,NEW
Q4163,L035,L028,Maintenance,4,2026-11-18T11:21,2026-11-18T13:16,IN_PROGRESS
Q4164,L003,L047,Maintenance,1,2026-11-18T11:50,2026-11-18T18:03,NEW
Q4165,L040,L020,IT_Support,2,2026-11-18T13:00,2026-11-18T19:46,IN_PROGRESS
Q4166,L027,L004,Maintenance,4,2026-11-18T13:11,2026-11-18T14:45,NEW
Q4167,L040,L048,Document,1,2026-11-18T13:51,2026-11-18T23:04,DONE
Q4168,L005,L014,Medical,3,2026-11-18T14:51,2026-11-18T18:13,DONE
Q4169,L005,L039,Document,3,2026-11-18T16:09,2026-11-18T20:02,IN_PROGRESS
Q4170,L032,L009,IT_Support,2,2026-11-18T16:48,2026-11-18T21:18,NEW
Q4171,L014,L024,Medical,2,2026-11-18T17:33,2026-11-18T21:45,NEW
Q4172,L030,L014,Medical,4,2026-11-18T18:40,2026-11-18T19:59,DONE
Q4173,L033,L001,Document,3,2026-11-18T19:13,2026-11-18T22:27,DONE
Q4174,L017,L044,Maintenance,2,2026-11-18T20:28,2026-11-19T00:41,IN_PROGRESS
Q4175,L009,L043,Catering,1,2026-11-18T21:05,2026-11-19T04:16,DONE
Q4176,L010,L042,IT_Support,5,2026-11-18T21:21,2026-11-18T22:03,IN_PROGRESS
Q4177,L034,L039,Catering,1,2026-11-18T22:44,2026-11-19T08:21,DONE
Q4178,L002,L030,Maintenance,2,2026-11-18T23:01,2026-11-19T05:27,NEW
Q4179,L048,L029,Delivery,3,2026-11-19T00:04,2026-11-19T02:51,DONE
Q4180,L040,L024,Catering,1,2026-11-19T01:14,2026-11-19T11:06,NEW
Q4181,L028,L048,Medical,5,2026-11-19T01:39,2026-11-19T02:16,DONE
Q4182,L001,L033,Document,4,2026-11-19T02:24,2026-11-19T04:14,IN_PROGRESS
Q4183,L042,L034,Security,4,2026-11-19T03:04,2026-11-19T04:10,IN_PROGRESS
Q4184,L037,L027,Maintenance,3,2026-11-19T04:03,2026-11-19T06:07,NEW
Q4185,L048,L042,Medical,3,2026-11-19T04:43,2026-11-19T07:05,DONE
Q4186,L030,L027,IT_Support,2,2026-11-19T05:00,2026-11-19T12:39,DONE
Q4187,L029,L013,Delivery,2,2026-11-19T06:20,2026-11-19T11:16,NEW
Q4188,L043,L042,Security,1,2026-11-19T07:32,2026-11-19T17:22,NEW
Q4189,L006,L030,Document,1,2026-11-19T08:25,2026-11-19T17:57,DONE
Q4190,L024,L022,Document,2,2026-11-19T08:32,2026-11-19T14:21,DONE
Q4191,L010,L016,Maintenance,4,2026-11-19T09:37,2026-11-19T10:44,NEW
Q4192,L029,L040,Document,3,2026-11-19T10:03,2026-11-19T12:33,CANCELLED
Q4193,L031,L044,IT_Support,1,2026-11-19T11:02,2026-11-19T18:24,DONE
Q4194,L018,L046,Document,3,2026-11-19T12:17,2026-11-19T14:53,NEW
Q4195,L030,L029,Document,4,2026-11-19T13:18,2026-11-19T14:44,NEW
Q4196,L032,L021,Medical,3,2026-11-19T14:32,2026-11-19T17:42,NEW
Q4197,L040,L044,Maintenance,3,2026-11-19T15:42,2026-11-19T17:51,NEW
Q4198,L023,L038,Maintenance,3,2026-11-19T17:01,2026-11-19T19:40,NEW
Q4199,L024,L033,Catering,4,2026-11-19T17:27,2026-11-19T18:52,DONE
Q4200,L036,L014,Document,3,2026-11-19T17:58,2026-11-19T21:06,NEW
Q4201,L002,L010,Catering,4,2026-11-19T18:22,2026-11-19T19:37,NEW
Q4202,L038,L026,Delivery,1,2026-11-19T19:52,2026-11-20T04:28,IN_PROGRESS
Q4203,L002,L041,IT_Support,4,2026-11-19T21:06,2026-11-19T22:12,DONE
Q4204,L010,L037,Delivery,3,2026-11-19T22:34,2026-11-20T02:15,DONE
Q4205,L007,L033,IT_Support,4,2026-11-19T23:41,2026-11-20T00:41,NEW
Q4206,L026,L025,Delivery,4,2026-11-20T00:01,2026-11-20T01:04,DONE
Q4207,L030,L038,Maintenance,3,2026-11-20T01:17,2026-11-20T03:36,NEW
Q4208,L025,L036,Delivery,2,2026-11-20T02:27,2026-11-20T09:18,NEW
Q4209,L028,L043,Medical,5,2026-11-20T03:03,2026-11-20T03:56,IN_PROGRESS
Q4210,L021,L003,Medical,2,2026-11-20T04:00,2026-11-20T11:42,NEW
Q4211,L034,L047,IT_Support,5,2026-11-20T04:50,2026-11-20T05:43,NEW
Q4212,L029,L001,IT_Support,2,2026-11-20T05:16,2026-11-20T12:53,DONE
Q4213,L043,L014,Maintenance,2,2026-11-20T06:01,2026-11-20T11:55,DONE
Q4214,L044,L003,Medical,3,2026-11-20T07:25,2026-11-20T10:43,DONE
Q4215,L044,L048,Medical,2,2026-11-20T08:03,2026-11-20T12:16,IN_PROGRESS
Q4216,L020,L024,Catering,3,2026-11-20T08:17,2026-11-20T10:57,NEW
Q4217,L005,L020,Security,5,2026-11-20T08:35,2026-11-20T09:30,DONE
Q4218,L010,L015,Catering,4,2026-11-20T09:05,2026-11-20T10:30,IN_PROGRESS
Q4219,L035,L029,Maintenance,3,2026-11-20T10:18,2026-11-20T13:36,NEW
Q4220,L005,L048,Maintenance,3,2026-11-20T11:20,2026-11-20T14:40,IN_PROGRESS
Q4221,L029,L035,Maintenance,5,2026-11-20T12:03,2026-11-20T12:59,NEW
Q4222,L041,L018,Medical,3,2026-11-20T13:08,2026-11-20T16:22,NEW
Q4223,L019,L002,Security,5,2026-11-20T14:07,2026-11-20T15:01,IN_PROGRESS
Q4224,L028,L020,IT_Support,1,2026-11-20T14:29,2026-11-20T23:07,NEW
Q4225,L021,L031,Medical,3,2026-11-20T14:49,2026-11-20T17:35,DONE
Q4226,L038,L032,Medical,4,2026-11-20T16:19,2026-11-20T17:28,NEW
Q4227,L043,L029,Medical,3,2026-11-20T16:50,2026-11-20T20:21,CANCELLED
Q4228,L003,L009,Document,1,2026-11-20T18:19,2026-11-21T01:38,DONE
Q4229,L042,L011,Catering,2,2026-11-20T18:35,2026-11-21T00:13,NEW
Q4230,L048,L024,Maintenance,2,2026-11-20T19:48,2026-11-21T00:53,DONE
Q4231,L038,L028,IT_Support,1,2026-11-20T20:19,2026-11-21T03:37,NEW
Q4232,L019,L025,IT_Support,4,2026-11-20T20:39,2026-11-20T22:01,NEW
Q4233,L048,L041,Document,3,2026-11-20T22:04,2026-11-21T01:07,DONE
Q4234,L018,L048,Security,5,2026-11-20T22:17,2026-11-20T23:02,NEW
Q4235,L001,L022,Maintenance,1,2026-11-20T23:27,2026-11-21T08:19,NEW
Q4236,L007,L026,Document,1,2026-11-21T00:08,2026-11-21T09:58,IN_PROGRESS
Q4237,L007,L015,IT_Support,2,2026-11-21T01:14,2026-11-21T06:54,NEW
Q4238,L045,L004,Delivery,2,2026-11-21T02:21,2026-11-21T09:50,DONE
Q4239,L029,L019,Maintenance,5,2026-11-21T02:42,2026-11-21T03:30,DONE
Q4240,L026,L019,Delivery,5,2026-11-21T02:50,2026-11-21T03:46,CANCELLED
Q4241,L010,L028,Catering,3,2026-11-21T02:58,2026-11-21T06:12,CANCELLED
Q4242,L047,L042,Document,4,2026-11-21T04:14,2026-11-21T06:11,NEW
Q4243,L013,L027,Medical,3,2026-11-21T05:07,2026-11-21T08:01,DONE
Q4244,L027,L028,Catering,1,2026-11-21T06:02,2026-11-21T13:05,CANCELLED
Q4245,L018,L012,IT_Support,5,2026-11-21T06:23,2026-11-21T06:58,NEW
Q4246,L044,L045,Catering,2,2026-11-21T06:33,2026-11-21T10:53,DONE
Q4247,L014,L047,Document,2,2026-11-21T07:31,2026-11-21T13:37,NEW
Q4248,L023,L040,IT_Support,1,2026-11-21T08:54,2026-11-21T15:14,IN_PROGRESS
Q4249,L021,L010,Delivery,2,2026-11-21T09:34,2026-11-21T14:51,NEW
Q4250,L002,L040,Maintenance,2,2026-11-21T09:47,2026-11-21T15:46,IN_PROGRESS
Q4251,L020,L026,Security,2,2026-11-21T10:40,2026-11-21T18:10,NEW
Q4252,L004,L008,Document,2,2026-11-21T11:33,2026-11-21T16:30,DONE
Q4253,L005,L037,Document,4,2026-11-21T13:00,2026-11-21T14:24,DONE
Q4254,L040,L041,Medical,3,2026-11-21T13:28,2026-11-21T16:31,NEW
Q4255,L044,L029,Medical,5,2026-11-21T14:11,2026-11-21T15:01,IN_PROGRESS
Q4256,L003,L002,Maintenance,5,2026-11-21T15:26,2026-11-21T16:07,IN_PROGRESS
Q4257,L001,L012,IT_Support,2,2026-11-21T15:57,2026-11-21T23:31,NEW
Q4258,L018,L019,Security,2,2026-11-21T17:03,2026-11-21T21:41,DONE
Q4259,L012,L035,Security,2,2026-11-21T18:08,2026-11-22T01:23,NEW
Q4260,L016,L015,Maintenance,5,2026-11-21T18:23,2026-11-21T19:05,NEW
Q4261,L044,L031,Medical,4,2026-11-21T18:39,2026-11-21T19:46,NEW
Q4262,L017,L045,IT_Support,3,2026-11-21T19:59,2026-11-21T23:45,DONE
Q4263,L021,L014,Maintenance,5,2026-11-21T20:05,2026-11-21T20:54,NEW
Q4264,L021,L019,Medical,3,2026-11-21T20:22,2026-11-21T23:28,NEW
Q4265,L013,L004,Delivery,4,2026-11-21T20:34,2026-11-21T21:40,NEW
Q4266,L047,L045,Document,5,2026-11-21T21:05,2026-11-21T21:54,NEW
Q4267,L006,L021,Maintenance,1,2026-11-21T22:11,2026-11-22T06:29,NEW
Q4268,L027,L011,Delivery,5,2026-11-21T23:26,2026-11-21T23:59,NEW
Q4269,L036,L030,Maintenance,3,2026-11-22T00:38,2026-11-22T03:19,NEW
Q4270,L028,L020,Maintenance,4,2026-11-22T01:35,2026-11-22T03:16,IN_PROGRESS
Q4271,L036,L042,IT_Support,1,2026-11-22T02:54,2026-11-22T11:44,NEW
Q4272,L013,L016,Security,4,2026-11-22T03:32,2026-11-22T04:43,NEW
Q4273,L046,L048,Maintenance,2,2026-11-22T04:01,2026-11-22T08:16,NEW
Q4274,L012,L033,Medical,2,2026-11-22T04:48,2026-11-22T12:42,DONE
Q4275,L045,L002,Delivery,5,2026-11-22T05:29,2026-11-22T06:23,NEW
Q4276,L007,L019,IT_Support,1,2026-11-22T05:38,2026-11-22T12:06,NEW
Q4277,L021,L005,Medical,4,2026-11-22T05:45,2026-11-22T06:51,DONE
Q4278,L026,L028,Security,2,2026-11-22T06:08,2026-11-22T10:42,DONE
Q4279,L009,L018,Maintenance,5,2026-11-22T07:28,2026-11-22T08:03,NEW
Q4280,L012,L043,Maintenance,2,2026-11-22T07:36,2026-11-22T12:02,NEW
Q4281,L043,L048,Delivery,1,2026-11-22T08:07,2026-11-22T15:14,NEW
Q4282,L035,L020,Maintenance,3,2026-11-22T09:34,2026-11-22T11:57,NEW
Q4283,L024,L012,Document,5,2026-11-22T10:06,2026-11-22T10:42,NEW
Q4284,L016,L047,Delivery,2,2026-11-22T10:47,2026-11-22T16:14,IN_PROGRESS
Q4285,L009,L014,Medical,3,2026-11-22T11:30,2026-11-22T14:49,NEW
Q4286,L029,L028,IT_Support,1,2026-11-22T12:30,2026-11-22T20:21,DONE
Q4287,L013,L018,Maintenance,1,2026-11-22T13:20,2026-11-22T20:25,IN_PROGRESS
Q4288,L028,L030,Delivery,3,2026-11-22T13:56,2026-11-22T16:32,IN_PROGRESS
Q4289,L043,L037,Document,3,2026-11-22T15:01,2026-11-22T18:48,NEW
Q4290,L015,L023,Medical,4,2026-11-22T15:28,2026-11-22T16:52,NEW
Q4291,L026,L024,IT_Support,3,2026-11-22T16:35,2026-11-22T20:13,NEW
Q4292,L025,L011,Medical,2,2026-11-22T16:47,2026-11-22T23:27,DONE
Q4293,L027,L020,Maintenance,3,2026-11-22T17:20,2026-11-22T19:52,CANCELLED
Q4294,L026,L038,Delivery,1,2026-11-22T17:59,2026-11-23T03:16,IN_PROGRESS
Q4295,L026,L028,Delivery,4,2026-11-22T19:15,2026-11-22T20:52,NEW
Q4296,L045,L027,Maintenance,3,2026-11-22T20:30,2026-11-23T00:24,DONE
Q4297,L022,L048,Medical,2,2026-11-22T21:24,2026-11-23T03:32,IN_PROGRESS
Q4298,L038,L010,Medical,2,2026-11-22T22:51,2026-11-23T04:50,NEW
Q4299,L042,L045,Security,5,2026-11-23T00:06,2026-11-23T01:06,DONE
Q4300,L015,L021,Medical,5,2026-11-23T01:21,2026-11-23T02:02,NEW
Q4301,L033,L048,Medical,4,2026-11-23T01:38,2026-11-23T03:03,NEW
Q4302,L047,L035,Maintenance,3,2026-11-23T02:13,2026-11-23T05:32,DONE
Q4303,L039,L035,IT_Support,1,2026-11-23T02:46,2026-11-23T11:40,NEW
Q4304,L033,L006,Maintenance,5,2026-11-23T03:16,2026-11-23T04:09,DONE
Q4305,L030,L006,Maintenance,1,2026-11-23T04:21,2026-11-23T10:56,IN_PROGRESS
Q4306,L025,L004,Document,1,2026-11-23T04:26,2026-11-23T10:52,IN_PROGRESS
Q4307,L018,L035,Delivery,4,2026-11-23T04:33,2026-11-23T06:08,CANCELLED
Q4308,L009,L025,Delivery,3,2026-11-23T04:53,2026-11-23T07:30,NEW
Q4309,L026,L013,Document,2,2026-11-23T05:48,2026-11-23T10:37,DONE
Q4310,L021,L042,Medical,1,2026-11-23T07:14,2026-11-23T13:58,DONE
Q4311,L025,L045,Medical,4,2026-11-23T07:43,2026-11-23T09:21,NEW
Q4312,L007,L030,Maintenance,5,2026-11-23T09:03,2026-11-23T09:54,IN_PROGRESS
Q4313,L020,L001,Maintenance,4,2026-11-23T10:33,2026-11-23T11:38,NEW
Q4314,L043,L008,Maintenance,2,2026-11-23T11:15,2026-11-23T17:42,IN_PROGRESS
Q4315,L030,L006,Delivery,3,2026-11-23T12:12,2026-11-23T15:40,DONE
Q4316,L036,L015,Medical,2,2026-11-23T12:30,2026-11-23T18:11,NEW
Q4317,L007,L011,Medical,4,2026-11-23T13:26,2026-11-23T15:15,NEW
Q4318,L046,L016,Document,2,2026-11-23T13:41,2026-11-23T18:32,DONE
Q4319,L015,L018,Catering,2,2026-11-23T14:39,2026-11-23T22:14,IN_PROGRESS
Q4320,L031,L043,IT_Support,5,2026-11-23T14:56,2026-11-23T15:36,NEW
Q4321,L003,L037,Document,4,2026-11-23T15:08,2026-11-23T16:12,NEW
Q4322,L028,L032,Delivery,1,2026-11-23T16:22,2026-11-23T22:47,CANCELLED
Q4323,L007,L026,Maintenance,2,2026-11-23T17:42,2026-11-24T00:33,DONE
Q4324,L043,L006,IT_Support,1,2026-11-23T18:07,2026-11-24T03:57,NEW
Q4325,L003,L010,Document,4,2026-11-23T19:05,2026-11-23T21:04,NEW
Q4326,L008,L026,Security,5,2026-11-23T19:19,2026-11-23T20:18,DONE
Q4327,L040,L039,Maintenance,2,2026-11-23T19:49,2026-11-24T00:57,NEW
Q4328,L033,L048,Security,2,2026-11-23T20:13,2026-11-24T00:30,NEW
Q4329,L014,L021,Maintenance,2,2026-11-23T21:30,2026-11-24T04:23,DONE
Q4330,L007,L032,IT_Support,5,2026-11-23T22:44,2026-11-23T23:27,NEW
Q4331,L004,L006,Medical,3,2026-11-23T23:00,2026-11-24T02:42,IN_PROGRESS
Q4332,L032,L008,Maintenance,1,2026-11-24T00:19,2026-11-24T09:15,DONE
Q4333,L020,L002,Catering,2,2026-11-24T00:24,2026-11-24T05:07,NEW
Q4334,L034,L036,IT_Support,1,2026-11-24T00:45,2026-11-24T10:22,NEW
Q4335,L035,L030,IT_Support,2,2026-11-24T01:52,2026-11-24T08:52,NEW
Q4336,L005,L039,Maintenance,2,2026-11-24T02:44,2026-11-24T08:51,IN_PROGRESS
Q4337,L025,L019,IT_Support,1,2026-11-24T03:59,2026-11-24T13:22,NEW
Q4338,L006,L003,Security,3,2026-11-24T04:18,2026-11-24T07:43,DONE
Q4339,L025,L008,IT_Support,5,2026-11-24T05:45,2026-11-24T06:20,NEW
Q4340,L008,L023,Medical,1,2026-11-24T06:00,2026-11-24T13:27,DONE
Q4341,L014,L022,Maintenance,3,2026-11-24T07:29,2026-11-24T09:53,NEW
Q4342,L025,L005,Medical,2,2026-11-24T07:55,2026-11-24T13:19,NEW
Q4343,L012,L042,Document,2,2026-11-24T08:17,2026-11-24T15:01,NEW
Q4344,L024,L019,Document,4,2026-11-24T09:21,2026-11-24T10:58,IN_PROGRESS
Q4345,L035,L039,Delivery,2,2026-11-24T10:11,2026-11-24T16:02,DONE
Q4346,L025,L039,Medical,3,2026-11-24T10:44,2026-11-24T12:52,IN_PROGRESS
Q4347,L002,L024,Maintenance,5,2026-11-24T11:32,2026-11-24T12:16,DONE
Q4348,L029,L023,Security,5,2026-11-24T12:23,2026-11-24T13:18,NEW
Q4349,L033,L019,Security,5,2026-11-24T13:49,2026-11-24T14:43,NEW
Q4350,L006,L030,Maintenance,2,2026-11-24T14:40,2026-11-24T20:25,DONE
Q4351,L024,L002,Medical,5,2026-11-24T16:09,2026-11-24T16:41,NEW
Q4352,L006,L019,IT_Support,3,2026-11-24T16:42,2026-11-24T18:43,NEW
Q4353,L025,L033,Delivery,5,2026-11-24T17:20,2026-11-24T17:52,IN_PROGRESS
Q4354,L045,L033,Document,4,2026-11-24T17:25,2026-11-24T19:05,IN_PROGRESS
Q4355,L027,L035,Delivery,4,2026-11-24T17:42,2026-11-24T19:13,CANCELLED
Q4356,L009,L035,Maintenance,3,2026-11-24T18:51,2026-11-24T22:24,NEW
Q4357,L008,L023,IT_Support,3,2026-11-24T19:14,2026-11-24T22:25,NEW
Q4358,L010,L012,Maintenance,1,2026-11-24T19:54,2026-11-25T03:56,NEW
Q4359,L021,L010,Document,2,2026-11-24T21:15,2026-11-25T02:33,DONE
Q4360,L003,L001,Medical,1,2026-11-24T21:54,2026-11-25T05:51,DONE
Q4361,L039,L008,Medical,5,2026-11-24T22:13,2026-11-24T23:13,NEW
Q4362,L016,L023,Delivery,4,2026-11-24T22:58,2026-11-25T00:10,IN_PROGRESS
Q4363,L021,L029,Security,1,2026-11-25T00:18,2026-11-25T06:53,DONE
Q4364,L001,L028,Medical,3,2026-11-25T01:09,2026-11-25T04:12,IN_PROGRESS
Q4365,L036,L003,Delivery,3,2026-11-25T01:30,2026-11-25T05:29,NEW
Q4366,L035,L002,IT_Support,1,2026-11-25T02:54,2026-11-25T10:09,NEW
Q4367,L046,L022,Medical,1,2026-11-25T03:15,2026-11-25T12:38,NEW
Q4368,L033,L007,Security,2,2026-11-25T04:12,2026-11-25T11:38,NEW
Q4369,L030,L019,Delivery,3,2026-11-25T04:39,2026-11-25T06:50,DONE
Q4370,L042,L033,Delivery,5,2026-11-25T05:33,2026-11-25T06:11,NEW
Q4371,L023,L032,Catering,3,2026-11-25T05:41,2026-11-25T09:08,DONE
Q4372,L015,L030,Document,4,2026-11-25T05:58,2026-11-25T07:12,DONE
Q4373,L043,L040,Delivery,4,2026-11-25T06:33,2026-11-25T08:25,NEW
Q4374,L047,L026,Delivery,1,2026-11-25T07:48,2026-11-25T15:12,IN_PROGRESS
Q4375,L023,L032,IT_Support,3,2026-11-25T07:55,2026-11-25T11:05,NEW
Q4376,L018,L012,Document,4,2026-11-25T09:17,2026-11-25T10:44,IN_PROGRESS
Q4377,L037,L041,Maintenance,2,2026-11-25T10:28,2026-11-25T17:05,IN_PROGRESS
Q4378,L035,L028,Maintenance,1,2026-11-25T11:15,2026-11-25T19:04,NEW
Q4379,L030,L016,Medical,4,2026-11-25T11:25,2026-11-25T12:30,NEW
Q4380,L026,L021,Maintenance,2,2026-11-25T12:23,2026-11-25T19:14,IN_PROGRESS
Q4381,L036,L005,Medical,5,2026-11-25T13:13,2026-11-25T13:51,NEW
Q4382,L041,L002,Document,2,2026-11-25T14:36,2026-11-25T21:15,DONE
Q4383,L011,L041,Delivery,2,2026-11-25T15:39,2026-11-25T22:59,NEW
Q4384,L032,L012,Medical,5,2026-11-25T16:20,2026-11-25T17:12,NEW
Q4385,L012,L016,IT_Support,5,2026-11-25T17:03,2026-11-25T17:50,NEW
Q4386,L001,L003,Medical,3,2026-11-25T17:22,2026-11-25T20:55,NEW
Q4387,L022,L016,Security,2,2026-11-25T18:35,2026-11-26T00:03,NEW
Q4388,L021,L030,Medical,5,2026-11-25T19:29,2026-11-25T20:05,IN_PROGRESS
Q4389,L032,L037,IT_Support,1,2026-11-25T20:21,2026-11-26T04:18,NEW
Q4390,L004,L016,Catering,2,2026-11-25T21:45,2026-11-26T05:10,DONE
Q4391,L022,L044,Delivery,2,2026-11-25T22:00,2026-11-26T03:24,IN_PROGRESS
Q4392,L041,L035,Security,1,2026-11-25T22:10,2026-11-26T05:23,NEW
Q4393,L002,L009,Delivery,2,2026-11-25T23:34,2026-11-26T06:09,IN_PROGRESS
Q4394,L006,L029,Maintenance,3,2026-11-26T00:55,2026-11-26T03:13,IN_PROGRESS
Q4395,L009,L002,Medical,2,2026-11-26T01:22,2026-11-26T09:15,DONE
Q4396,L008,L023,Delivery,3,2026-11-26T02:15,2026-11-26T05:33,IN_PROGRESS
Q4397,L014,L031,IT_Support,4,2026-11-26T02:36,2026-11-26T04:28,NEW
Q4398,L023,L003,Catering,1,2026-11-26T03:01,2026-11-26T11:11,NEW
Q4399,L003,L020,Document,5,2026-11-26T03:29,2026-11-26T04:04,NEW
Q4400,L003,L027,Maintenance,3,2026-11-26T04:04,2026-11-26T07:27,NEW
Q4401,L016,L014,Medical,2,2026-11-26T04:19,2026-11-26T10:55,DONE
Q4402,L004,L001,Maintenance,1,2026-11-26T05:46,2026-11-26T13:15,DONE
Q4403,L028,L007,Medical,1,2026-11-26T06:26,2026-11-26T15:27,NEW
Q4404,L032,L005,Document,2,2026-11-26T07:10,2026-11-26T11:12,CANCELLED
Q4405,L047,L029,Document,3,2026-11-26T07:44,2026-11-26T09:45,IN_PROGRESS
Q4406,L019,L023,Delivery,5,2026-11-26T08:18,2026-11-26T08:51,NEW
Q4407,L025,L042,Delivery,3,2026-11-26T08:32,2026-11-26T11:09,IN_PROGRESS
Q4408,L022,L025,Medical,4,2026-11-26T09:33,2026-11-26T10:33,IN_PROGRESS
Q4409,L048,L008,Delivery,5,2026-11-26T10:56,2026-11-26T11:49,NEW
Q4410,L007,L006,Delivery,5,2026-11-26T11:54,2026-11-26T12:47,NEW
Q4411,L028,L022,Maintenance,1,2026-11-26T12:52,2026-11-26T19:11,NEW
Q4412,L009,L002,IT_Support,1,2026-11-26T14:19,2026-11-26T21:43,NEW
Q4413,L031,L036,Maintenance,4,2026-11-26T15:43,2026-11-26T16:46,IN_PROGRESS
Q4414,L010,L009,Medical,4,2026-11-26T17:08,2026-11-26T18:43,NEW
Q4415,L044,L029,Maintenance,3,2026-11-26T18:07,2026-11-26T20:34,NEW
Q4416,L022,L016,Maintenance,2,2026-11-26T19:21,2026-11-27T00:54,NEW
Q4417,L038,L010,Maintenance,1,2026-11-26T20:32,2026-11-27T05:38,IN_PROGRESS
Q4418,L019,L042,Document,2,2026-11-26T20:47,2026-11-27T01:10,IN_PROGRESS
Q4419,L019,L010,Delivery,2,2026-11-26T21:23,2026-11-27T03:21,NEW
Q4420,L022,L016,Document,3,2026-11-26T21:47,2026-11-27T01:39,IN_PROGRESS
Q4421,L016,L045,Delivery,2,2026-11-26T22:36,2026-11-27T05:11,NEW
Q4422,L043,L041,Document,2,2026-11-26T22:57,2026-11-27T05:01,DONE
Q4423,L035,L046,Medical,3,2026-11-27T00:05,2026-11-27T02:58,DONE
Q4424,L022,L037,Maintenance,5,2026-11-27T01:17,2026-11-27T01:52,IN_PROGRESS
Q4425,L003,L007,Maintenance,2,2026-11-27T02:11,2026-11-27T09:38,IN_PROGRESS
Q4426,L023,L011,Delivery,2,2026-11-27T03:12,2026-11-27T10:55,NEW
Q4427,L015,L024,Maintenance,1,2026-11-27T03:52,2026-11-27T11:14,NEW
Q4428,L023,L015,Catering,5,2026-11-27T04:43,2026-11-27T05:35,NEW
Q4429,L026,L021,Security,2,2026-11-27T05:40,2026-11-27T10:48,NEW
Q4430,L034,L029,Document,3,2026-11-27T06:20,2026-11-27T10:05,NEW
Q4431,L037,L019,Delivery,4,2026-11-27T07:17,2026-11-27T08:57,NEW
Q4432,L009,L021,Maintenance,2,2026-11-27T08:34,2026-11-27T14:23,NEW
Q4433,L021,L025,Document,2,2026-11-27T08:45,2026-11-27T16:28,NEW
Q4434,L027,L009,IT_Support,5,2026-11-27T09:12,2026-11-27T10:02,DONE
Q4435,L015,L048,Medical,1,2026-11-27T09:44,2026-11-27T16:51,NEW
Q4436,L044,L018,IT_Support,1,2026-11-27T10:27,2026-11-27T18:20,DONE
Q4437,L043,L024,Security,1,2026-11-27T11:09,2026-11-27T20:59,IN_PROGRESS
Q4438,L032,L030,Document,5,2026-11-27T12:39,2026-11-27T13:33,IN_PROGRESS
Q4439,L045,L001,Medical,2,2026-11-27T13:56,2026-11-27T19:56,NEW
Q4440,L009,L024,Maintenance,3,2026-11-27T14:07,2026-11-27T17:06,DONE
Q4441,L002,L014,Medical,3,2026-11-27T14:49,2026-11-27T17:47,NEW
Q4442,L036,L044,IT_Support,5,2026-11-27T15:25,2026-11-27T16:02,IN_PROGRESS
Q4443,L029,L042,Delivery,1,2026-11-27T16:42,2026-11-28T01:42,NEW
Q4444,L046,L018,Medical,4,2026-11-27T17:38,2026-11-27T19:27,NEW
Q4445,L047,L029,Maintenance,2,2026-11-27T19:08,2026-11-27T23:45,DONE
Q4446,L034,L028,Maintenance,1,2026-11-27T19:32,2026-11-28T01:40,CANCELLED
Q4447,L004,L047,Delivery,2,2026-11-27T19:53,2026-11-28T01:34,IN_PROGRESS
Q4448,L017,L035,Maintenance,5,2026-11-27T20:55,2026-11-27T21:47,NEW
Q4449,L037,L025,Maintenance,4,2026-11-27T22:09,2026-11-27T23:47,NEW
Q4450,L026,L032,Delivery,3,2026-11-27T23:02,2026-11-28T01:04,DONE
Q4451,L022,L041,Delivery,3,2026-11-28T00:02,2026-11-28T03:55,NEW
Q4452,L039,L009,Maintenance,5,2026-11-28T00:42,2026-11-28T01:31,IN_PROGRESS
Q4453,L046,L004,Maintenance,1,2026-11-28T01:34,2026-11-28T10:51,NEW
Q4454,L006,L037,Security,2,2026-11-28T01:39,2026-11-28T06:00,IN_PROGRESS
Q4455,L007,L022,Medical,1,2026-11-28T02:51,2026-11-28T11:56,NEW
Q4456,L045,L046,Delivery,3,2026-11-28T04:03,2026-11-28T07:37,NEW
Q4457,L033,L037,Delivery,4,2026-11-28T04:40,2026-11-28T06:20,NEW
Q4458,L005,L004,Medical,2,2026-11-28T05:36,2026-11-28T11:16,NEW
Q4459,L033,L022,Maintenance,2,2026-11-28T06:47,2026-11-28T13:31,NEW
Q4460,L042,L007,Medical,3,2026-11-28T07:50,2026-11-28T10:31,NEW
Q4461,L023,L033,Maintenance,1,2026-11-28T08:08,2026-11-28T15:53,DONE
Q4462,L034,L021,Medical,3,2026-11-28T09:10,2026-11-28T12:21,NEW
Q4463,L017,L003,Maintenance,5,2026-11-28T10:14,2026-11-28T11:10,NEW
Q4464,L043,L007,Medical,3,2026-11-28T11:41,2026-11-28T15:12,DONE
Q4465,L014,L031,Delivery,2,2026-11-28T12:52,2026-11-28T18:33,NEW
Q4466,L028,L034,Catering,1,2026-11-28T13:57,2026-11-28T23:30,DONE
Q4467,L025,L029,Medical,4,2026-11-28T15:26,2026-11-28T16:38,DONE
Q4468,L011,L027,Maintenance,5,2026-11-28T15:34,2026-11-28T16:15,DONE
Q4469,L035,L014,Medical,2,2026-11-28T15:47,2026-11-28T22:19,DONE
Q4470,L023,L028,Medical,4,2026-11-28T16:23,2026-11-28T17:46,DONE
Q4471,L016,L038,Delivery,4,2026-11-28T17:04,2026-11-28T18:14,NEW
Q4472,L025,L026,Delivery,1,2026-11-28T18:10,2026-11-29T01:37,IN_PROGRESS
Q4473,L036,L003,Maintenance,2,2026-11-28T19:09,2026-11-29T01:00,IN_PROGRESS
Q4474,L036,L032,Delivery,2,2026-11-28T19:39,2026-11-28T23:42,IN_PROGRESS
Q4475,L010,L033,Medical,1,2026-11-28T20:06,2026-11-29T04:10,IN_PROGRESS
Q4476,L025,L028,Document,4,2026-11-28T20:51,2026-11-28T21:55,NEW
Q4477,L041,L024,IT_Support,4,2026-11-28T21:12,2026-11-28T23:07,NEW
Q4478,L034,L024,Security,2,2026-11-28T21:17,2026-11-29T04:44,CANCELLED
Q4479,L035,L030,IT_Support,5,2026-11-28T22:34,2026-11-28T23:34,NEW
Q4480,L031,L009,Security,4,2026-11-28T23:07,2026-11-29T00:42,DONE
Q4481,L046,L011,Catering,4,2026-11-28T23:26,2026-11-29T00:33,NEW
Q4482,L033,L019,Maintenance,1,2026-11-29T00:54,2026-11-29T09:05,DONE
Q4483,L025,L013,Maintenance,3,2026-11-29T01:09,2026-11-29T03:28,NEW
Q4484,L005,L004,IT_Support,4,2026-11-29T01:38,2026-11-29T02:56,NEW
Q4485,L044,L019,Document,5,2026-11-29T02:27,2026-11-29T03:21,CANCELLED
Q4486,L043,L031,IT_Support,4,2026-11-29T03:32,2026-11-29T04:38,NEW
Q4487,L040,L046,Security,5,2026-11-29T04:51,2026-11-29T05:42,DONE
Q4488,L031,L007,Medical,4,2026-11-29T05:47,2026-11-29T07:12,NEW
Q4489,L030,L027,Medical,3,2026-11-29T06:40,2026-11-29T09:48,DONE
Q4490,L016,L013,Medical,2,2026-11-29T07:31,2026-11-29T12:11,NEW
Q4491,L011,L019,Security,5,2026-11-29T08:22,2026-11-29T08:59,NEW
Q4492,L030,L040,Maintenance,4,2026-11-29T08:38,2026-11-29T10:15,NEW
Q4493,L005,L017,Medical,3,2026-11-29T08:45,2026-11-29T11:32,NEW
Q4494,L045,L019,Document,2,2026-11-29T09:04,2026-11-29T14:31,NEW
Q4495,L032,L041,Document,1,2026-11-29T09:13,2026-11-29T18:25,IN_PROGRESS
Q4496,L045,L007,Maintenance,2,2026-11-29T09:37,2026-11-29T15:26,IN_PROGRESS
Q4497,L001,L002,Document,1,2026-11-29T10:55,2026-11-29T20:00,NEW
Q4498,L014,L043,Medical,3,2026-11-29T11:58,2026-11-29T15:49,NEW
Q4499,L036,L014,Medical,2,2026-11-29T12:29,2026-11-29T18:02,NEW
Q4500,L032,L006,Delivery,1,2026-11-29T13:34,2026-11-29T22:01,DONE
Q4501,L006,L017,Medical,5,2026-11-29T14:31,2026-11-29T15:22,DONE
Q4502,L025,L019,Delivery,2,2026-11-29T15:02,2026-11-29T19:27,NEW
Q4503,L032,L045,Maintenance,3,2026-11-29T15:25,2026-11-29T19:05,NEW
Q4504,L034,L010,Medical,3,2026-11-29T16:45,2026-11-29T20:41,NEW
Q4505,L011,L047,Document,1,2026-11-29T16:54,2026-11-30T01:52,NEW
Q4506,L048,L044,Delivery,1,2026-11-29T17:05,2026-11-29T23:29,NEW
Q4507,L020,L043,IT_Support,4,2026-11-29T18:25,2026-11-29T19:26,NEW
Q4508,L036,L022,Medical,4,2026-11-29T18:44,2026-11-29T20:09,NEW
Q4509,L042,L013,Delivery,5,2026-11-29T19:14,2026-11-29T19:52,DONE
Q4510,L021,L027,IT_Support,5,2026-11-29T19:44,2026-11-29T20:40,NEW
Q4511,L001,L006,Security,1,2026-11-29T19:55,2026-11-30T04:11,NEW
Q4512,L039,L038,Medical,3,2026-11-29T20:00,2026-11-29T23:44,DONE
Q4513,L020,L035,Catering,1,2026-11-29T20:34,2026-11-30T04:01,DONE
Q4514,L045,L018,Maintenance,3,2026-11-29T21:02,2026-11-30T00:22,IN_PROGRESS
Q4515,L044,L004,Delivery,2,2026-11-29T21:35,2026-11-30T04:19,IN_PROGRESS
Q4516,L029,L027,Medical,2,2026-11-29T22:01,2026-11-30T04:19,NEW
Q4517,L042,L002,Document,4,2026-11-29T22:23,2026-11-30T00:06,NEW
Q4518,L041,L028,Document,2,2026-11-29T23:41,2026-11-30T05:00,CANCELLED
Q4519,L030,L045,Catering,4,2026-11-30T00:30,2026-11-30T02:28,IN_PROGRESS
Q4520,L046,L015,Maintenance,4,2026-11-30T00:39,2026-11-30T02:01,CANCELLED
Q4521,L044,L036,Security,4,2026-11-30T00:45,2026-11-30T02:40,DONE
Q4522,L040,L028,Document,2,2026-11-30T01:54,2026-11-30T07:10,NEW
Q4523,L009,L007,Document,5,2026-11-30T02:16,2026-11-30T03:08,DONE
Q4524,L028,L039,Medical,5,2026-11-30T03:06,2026-11-30T03:57,DONE
Q4525,L002,L047,Maintenance,4,2026-11-30T03:23,2026-11-30T04:55,NEW
Q4526,L032,L031,Medical,5,2026-11-30T04:37,2026-11-30T05:33,DONE
Q4527,L014,L027,Security,2,2026-11-30T06:07,2026-11-30T12:59,DONE
Q4528,L023,L002,Maintenance,3,2026-11-30T07:33,2026-11-30T09:54,IN_PROGRESS
Q4529,L030,L026,Maintenance,1,2026-11-30T08:33,2026-11-30T16:28,NEW
Q4530,L033,L045,Document,3,2026-11-30T09:35,2026-11-30T12:58,DONE
Q4531,L026,L006,Security,5,2026-11-30T10:03,2026-11-30T10:51,NEW
Q4532,L042,L039,Delivery,4,2026-11-30T10:08,2026-11-30T11:37,CANCELLED
Q4533,L019,L038,Document,4,2026-11-30T10:26,2026-11-30T11:34,DONE
Q4534,L021,L022,Delivery,3,2026-11-30T11:12,2026-11-30T14:30,NEW
Q4535,L032,L025,Medical,3,2026-11-30T12:28,2026-11-30T15:16,NEW
Q4536,L048,L035,Maintenance,1,2026-11-30T13:10,2026-11-30T19:43,NEW
Q4537,L029,L007,Security,4,2026-11-30T14:25,2026-11-30T16:02,NEW
Q4538,L013,L037,Maintenance,4,2026-11-30T15:15,2026-11-30T17:10,DONE
Q4539,L026,L023,IT_Support,3,2026-11-30T16:42,2026-11-30T18:57,NEW
Q4540,L020,L034,Medical,1,2026-11-30T16:52,2026-11-30T22:55,DONE
Q4541,L046,L039,Maintenance,2,2026-11-30T17:20,2026-11-30T23:35,DONE
Q4542,L029,L036,IT_Support,3,2026-11-30T17:31,2026-11-30T20:52,DONE
Q4543,L015,L042,Maintenance,1,2026-11-30T17:51,2026-12-01T00:19,NEW
Q4544,L047,L010,Medical,1,2026-11-30T18:46,2026-12-01T04:21,DONE
Q4545,L041,L003,Document,1,2026-11-30T18:53,2026-12-01T02:37,DONE
Q4546,L043,L042,Delivery,1,2026-11-30T19:27,2026-12-01T05:06,NEW
Q4547,L013,L027,Delivery,4,2026-11-30T19:34,2026-11-30T20:58,DONE
Q4548,L011,L003,Maintenance,5,2026-11-30T19:41,2026-11-30T20:16,DONE
Q4549,L017,L012,Security,3,2026-11-30T20:19,2026-11-30T23:49,NEW
Q4550,L037,L029,Medical,3,2026-11-30T21:45,2026-12-01T00:22,IN_PROGRESS
Q4551,L002,L045,IT_Support,3,2026-11-30T22:01,2026-12-01T01:45,IN_PROGRESS
Q4552,L042,L018,Medical,5,2026-11-30T22:53,2026-11-30T23:52,CANCELLED
Q4553,L027,L044,IT_Support,3,2026-11-30T23:46,2026-12-01T02:56,NEW
Q4554,L032,L014,Medical,2,2026-12-01T00:19,2026-12-01T05:26,IN_PROGRESS
Q4555,L022,L047,Maintenance,2,2026-12-01T01:34,2026-12-01T07:53,NEW
Q4556,L043,L027,Medical,5,2026-12-01T02:13,2026-12-01T03:00,NEW
Q4557,L013,L019,Document,5,2026-12-01T03:03,2026-12-01T03:54,DONE
Q4558,L036,L028,Delivery,5,2026-12-01T03:35,2026-12-01T04:19,IN_PROGRESS
Q4559,L026,L020,Document,2,2026-12-01T05:04,2026-12-01T12:33,NEW
Q4560,L030,L031,Medical,3,2026-12-01T06:26,2026-12-01T09:04,IN_PROGRESS
Q4561,L016,L011,IT_Support,3,2026-12-01T07:49,2026-12-01T11:01,DONE
Q4562,L014,L043,IT_Support,2,2026-12-01T08:49,2026-12-01T15:23,NEW
Q4563,L045,L022,IT_Support,1,2026-12-01T09:33,2026-12-01T16:56,NEW
Q4564,L004,L024,Catering,1,2026-12-01T10:12,2026-12-01T17:56,NEW
Q4565,L030,L011,Delivery,1,2026-12-01T10:52,2026-12-01T17:38,NEW
Q4566,L039,L013,Document,4,2026-12-01T11:59,2026-12-01T13:57,NEW
Q4567,L010,L038,Medical,3,2026-12-01T13:29,2026-12-01T16:50,IN_PROGRESS
Q4568,L044,L001,Medical,5,2026-12-01T13:51,2026-12-01T14:32,NEW
Q4569,L036,L023,Maintenance,1,2026-12-01T15:17,2026-12-01T21:20,NEW
Q4570,L020,L022,Maintenance,1,2026-12-01T16:01,2026-12-01T22:56,DONE
Q4571,L022,L015,Security,1,2026-12-01T16:39,2026-12-02T01:58,NEW
Q4572,L044,L015,IT_Support,4,2026-12-01T17:26,2026-12-01T18:38,DONE
Q4573,L006,L047,Delivery,1,2026-12-01T18:55,2026-12-02T02:27,NEW
Q4574,L037,L002,Medical,5,2026-12-01T19:23,2026-12-01T20:22,NEW
Q4575,L030,L017,Maintenance,2,2026-12-01T19:51,2026-12-02T03:19,DONE
Q4576,L043,L023,Maintenance,1,2026-12-01T20:24,2026-12-02T04:41,NEW
Q4577,L013,L036,Delivery,2,2026-12-01T20:39,2026-12-02T01:47,NEW
Q4578,L041,L028,Catering,4,2026-12-01T22:04,2026-12-01T23:09,IN_PROGRESS
Q4579,L038,L015,Medical,1,2026-12-01T22:47,2026-12-02T06:17,DONE
Q4580,L023,L021,IT_Support,2,2026-12-01T22:56,2026-12-02T06:13,NEW
Q4581,L027,L009,Document,3,2026-12-01T23:59,2026-12-02T02:25,NEW
Q4582,L016,L029,Medical,1,2026-12-02T00:15,2026-12-02T09:07,IN_PROGRESS
Q4583,L021,L031,Medical,2,2026-12-02T00:41,2026-12-02T07:57,DONE
Q4584,L028,L017,Security,1,2026-12-02T01:51,2026-12-02T08:58,NEW
Q4585,L034,L008,Document,4,2026-12-02T02:16,2026-12-02T03:16,NEW
Q4586,L038,L040,Security,2,2026-12-02T03:38,2026-12-02T11:13,NEW
Q4587,L028,L016,Maintenance,4,2026-12-02T04:59,2026-12-02T06:20,IN_PROGRESS
Q4588,L005,L028,IT_Support,5,2026-12-02T05:08,2026-12-02T06:01,NEW
Q4589,L022,L047,Delivery,3,2026-12-02T05:29,2026-12-02T09:27,NEW
Q4590,L044,L046,Delivery,2,2026-12-02T05:46,2026-12-02T10:32,DONE
Q4591,L014,L018,IT_Support,4,2026-12-02T07:02,2026-12-02T08:35,DONE
Q4592,L003,L020,Document,5,2026-12-02T07:44,2026-12-02T08:35,NEW
Q4593,L010,L004,Maintenance,3,2026-12-02T08:27,2026-12-02T11:14,NEW
Q4594,L003,L044,Maintenance,1,2026-12-02T08:45,2026-12-02T15:50,DONE
Q4595,L017,L009,Document,4,2026-12-02T09:49,2026-12-02T11:00,NEW
Q4596,L039,L040,Maintenance,4,2026-12-02T09:57,2026-12-02T11:44,NEW
Q4597,L019,L041,Medical,5,2026-12-02T10:27,2026-12-02T11:18,DONE
Q4598,L020,L016,Document,3,2026-12-02T10:42,2026-12-02T14:36,NEW
Q4599,L003,L044,Delivery,1,2026-12-02T11:48,2026-12-02T19:53,CANCELLED
Q4600,L008,L044,Delivery,2,2026-12-02T13:07,2026-12-02T17:38,NEW
Q4601,L044,L030,Delivery,2,2026-12-02T13:55,2026-12-02T21:24,IN_PROGRESS
Q4602,L005,L029,Maintenance,1,2026-12-02T14:54,2026-12-02T21:32,NEW
Q4603,L044,L040,Maintenance,1,2026-12-02T15:28,2026-12-03T00:59,NEW
Q4604,L040,L010,Maintenance,3,2026-12-02T16:45,2026-12-02T20:41,NEW
Q4605,L005,L021,Document,4,2026-12-02T17:51,2026-12-02T18:58,NEW
Q4606,L002,L023,Maintenance,3,2026-12-02T17:56,2026-12-02T20:53,NEW
Q4607,L042,L019,Medical,3,2026-12-02T18:11,2026-12-02T20:59,DONE
Q4608,L013,L004,Medical,2,2026-12-02T18:38,2026-12-02T22:41,NEW
Q4609,L009,L042,Medical,4,2026-12-02T19:46,2026-12-02T21:21,NEW
Q4610,L040,L003,Security,4,2026-12-02T20:35,2026-12-02T22:31,NEW
Q4611,L004,L011,Delivery,3,2026-12-02T21:30,2026-12-02T23:37,NEW
Q4612,L016,L042,IT_Support,2,2026-12-02T22:01,2026-12-03T03:12,DONE
Q4613,L027,L044,Delivery,4,2026-12-02T22:14,2026-12-02T23:48,NEW
Q4614,L046,L047,Maintenance,4,2026-12-02T22:31,2026-12-02T23:33,DONE
Q4615,L005,L016,IT_Support,4,2026-12-02T22:45,2026-12-02T23:48,NEW
Q4616,L021,L007,Medical,2,2026-12-02T23:59,2026-12-03T05:20,NEW
Q4617,L011,L010,Maintenance,2,2026-12-03T00:25,2026-12-03T05:59,DONE
Q4618,L016,L012,Maintenance,3,2026-12-03T00:39,2026-12-03T04:32,NEW
Q4619,L044,L025,Document,4,2026-12-03T01:12,2026-12-03T02:38,DONE
Q4620,L001,L016,Document,4,2026-12-03T02:40,2026-12-03T04:40,DONE
Q4621,L045,L031,Catering,4,2026-12-03T03:44,2026-12-03T05:31,DONE
Q4622,L033,L038,Delivery,3,2026-12-03T04:12,2026-12-03T06:18,NEW
Q4623,L003,L002,Medical,1,2026-12-03T04:29,2026-12-03T13:50,DONE
Q4624,L004,L031,Security,3,2026-12-03T05:08,2026-12-03T08:20,NEW
Q4625,L024,L002,IT_Support,4,2026-12-03T05:54,2026-12-03T07:00,IN_PROGRESS
Q4626,L012,L014,Document,3,2026-12-03T06:13,2026-12-03T10:06,NEW
Q4627,L038,L006,Delivery,4,2026-12-03T06:51,2026-12-03T08:50,NEW
Q4628,L024,L027,Delivery,1,2026-12-03T07:39,2026-12-03T15:20,NEW
Q4629,L008,L039,Maintenance,2,2026-12-03T08:40,2026-12-03T14:36,NEW
Q4630,L047,L044,IT_Support,4,2026-12-03T09:49,2026-12-03T11:15,DONE
Q4631,L010,L028,Medical,2,2026-12-03T10:45,2026-12-03T18:02,NEW
Q4632,L025,L029,Document,5,2026-12-03T11:53,2026-12-03T12:30,NEW
Q4633,L030,L007,Maintenance,4,2026-12-03T12:34,2026-12-03T14:26,DONE
Q4634,L003,L011,Delivery,2,2026-12-03T13:15,2026-12-03T20:07,DONE
Q4635,L025,L005,Medical,4,2026-12-03T13:42,2026-12-03T15:13,IN_PROGRESS
Q4636,L028,L014,Delivery,1,2026-12-03T14:01,2026-12-03T20:21,IN_PROGRESS
Q4637,L030,L027,IT_Support,4,2026-12-03T15:31,2026-12-03T16:37,NEW
Q4638,L024,L012,Medical,2,2026-12-03T16:44,2026-12-03T23:54,DONE
Q4639,L027,L014,Security,2,2026-12-03T17:21,2026-12-03T23:02,NEW
Q4640,L021,L025,Document,3,2026-12-03T18:27,2026-12-03T22:26,DONE
Q4641,L002,L014,Medical,3,2026-12-03T18:32,2026-12-03T20:36,CANCELLED
Q4642,L018,L035,Medical,4,2026-12-03T19:06,2026-12-03T20:31,IN_PROGRESS
Q4643,L047,L015,Delivery,1,2026-12-03T19:34,2026-12-04T04:47,NEW
Q4644,L010,L046,Catering,3,2026-12-03T20:00,2026-12-03T23:02,DONE
Q4645,L004,L025,Medical,2,2026-12-03T20:38,2026-12-04T00:52,NEW
Q4646,L025,L048,Security,1,2026-12-03T21:52,2026-12-04T05:49,NEW
Q4647,L011,L009,Document,2,2026-12-03T22:21,2026-12-04T02:28,NEW
Q4648,L006,L035,Maintenance,4,2026-12-03T23:17,2026-12-04T00:58,DONE
Q4649,L004,L031,Medical,3,2026-12-04T00:28,2026-12-04T03:52,DONE
Q4650,L017,L037,Document,2,2026-12-04T01:52,2026-12-04T08:27,DONE
Q4651,L004,L021,Maintenance,5,2026-12-04T02:12,2026-12-04T02:46,NEW
Q4652,L018,L035,IT_Support,4,2026-12-04T03:02,2026-12-04T04:35,CANCELLED
Q4653,L048,L007,Document,3,2026-12-04T03:08,2026-12-04T06:04,NEW
Q4654,L005,L032,Maintenance,4,2026-12-04T03:53,2026-12-04T05:19,IN_PROGRESS
Q4655,L016,L007,Catering,2,2026-12-04T05:14,2026-12-04T11:14,NEW
Q4656,L024,L023,Document,1,2026-12-04T06:12,2026-12-04T12:40,IN_PROGRESS
Q4657,L027,L039,Medical,2,2026-12-04T07:28,2026-12-04T13:39,NEW
Q4658,L005,L006,Document,5,2026-12-04T08:48,2026-12-04T09:39,DONE
Q4659,L038,L004,Medical,5,2026-12-04T08:59,2026-12-04T09:33,NEW
Q4660,L014,L042,IT_Support,3,2026-12-04T10:07,2026-12-04T12:52,NEW
Q4661,L013,L044,Delivery,1,2026-12-04T10:36,2026-12-04T18:25,NEW
Q4662,L008,L016,Maintenance,3,2026-12-04T11:15,2026-12-04T14:30,DONE
Q4663,L003,L020,Delivery,4,2026-12-04T11:40,2026-12-04T13:18,NEW
Q4664,L023,L048,Medical,3,2026-12-04T12:13,2026-12-04T14:57,NEW
Q4665,L045,L027,Security,4,2026-12-04T13:34,2026-12-04T15:32,NEW
Q4666,L038,L036,IT_Support,1,2026-12-04T14:14,2026-12-04T23:23,NEW
Q4667,L014,L039,Delivery,1,2026-12-04T15:02,2026-12-04T21:31,NEW
Q4668,L029,L018,Maintenance,3,2026-12-04T15:48,2026-12-04T19:00,DONE
Q4669,L005,L041,IT_Support,5,2026-12-04T16:25,2026-12-04T17:22,IN_PROGRESS
Q4670,L032,L027,Security,5,2026-12-04T16:53,2026-12-04T17:46,NEW
Q4671,L013,L026,IT_Support,1,2026-12-04T17:27,2026-12-05T01:55,DONE
Q4672,L039,L017,Medical,1,2026-12-04T18:43,2026-12-05T01:49,NEW
Q4673,L021,L015,Maintenance,2,2026-12-04T20:05,2026-12-05T01:09,DONE
Q4674,L001,L031,Delivery,3,2026-12-04T21:29,2026-12-04T23:35,DONE
Q4675,L042,L038,Medical,4,2026-12-04T22:48,2026-12-05T00:22,NEW
Q4676,L030,L009,Delivery,5,2026-12-05T00:11,2026-12-05T01:01,NEW
Q4677,L012,L045,Maintenance,3,2026-12-05T00:40,2026-12-05T03:23,DONE
Q4678,L042,L006,Medical,3,2026-12-05T01:11,2026-12-05T03:39,NEW
Q4679,L040,L031,Maintenance,2,2026-12-05T01:33,2026-12-05T06:05,NEW
Q4680,L031,L043,Medical,2,2026-12-05T02:01,2026-12-05T07:21,NEW
Q4681,L009,L042,Maintenance,1,2026-12-05T02:40,2026-12-05T09:06,IN_PROGRESS
Q4682,L045,L040,Document,4,2026-12-05T02:52,2026-12-05T04:18,DONE
Q4683,L044,L016,Maintenance,2,2026-12-05T02:58,2026-12-05T07:24,NEW
Q4684,L035,L007,Delivery,2,2026-12-05T03:40,2026-12-05T10:56,NEW
Q4685,L036,L018,Maintenance,5,2026-12-05T04:20,2026-12-05T04:58,NEW
Q4686,L024,L001,Delivery,2,2026-12-05T04:36,2026-12-05T09:08,NEW
Q4687,L043,L048,Document,3,2026-12-05T05:34,2026-12-05T08:10,CANCELLED
Q4688,L001,L040,IT_Support,2,2026-12-05T06:23,2026-12-05T11:14,NEW
Q4689,L040,L035,Delivery,1,2026-12-05T06:32,2026-12-05T13:55,NEW
Q4690,L020,L041,Maintenance,4,2026-12-05T07:58,2026-12-05T09:37,CANCELLED
Q4691,L004,L033,Security,1,2026-12-05T09:28,2026-12-05T19:20,IN_PROGRESS
Q4692,L005,L002,Delivery,2,2026-12-05T10:07,2026-12-05T14:55,NEW
Q4693,L048,L037,Delivery,1,2026-12-05T10:34,2026-12-05T17:37,DONE
Q4694,L031,L025,Delivery,2,2026-12-05T11:33,2026-12-05T18:08,DONE
Q4695,L012,L011,Document,2,2026-12-05T11:49,2026-12-05T18:16,DONE
Q4696,L017,L006,IT_Support,3,2026-12-05T12:18,2026-12-05T15:36,DONE
Q4697,L044,L002,IT_Support,4,2026-12-05T13:02,2026-12-05T14:10,IN_PROGRESS
Q4698,L018,L042,Delivery,1,2026-12-05T14:01,2026-12-05T22:55,NEW
Q4699,L012,L033,IT_Support,2,2026-12-05T14:44,2026-12-05T21:38,NEW
Q4700,L034,L035,Delivery,5,2026-12-05T15:49,2026-12-05T16:31,NEW
Q4701,L007,L048,Document,2,2026-12-05T15:58,2026-12-05T22:09,DONE
Q4702,L028,L024,IT_Support,1,2026-12-05T17:14,2026-12-06T00:01,NEW
Q4703,L025,L040,Security,3,2026-12-05T18:16,2026-12-05T20:51,NEW
Q4704,L014,L022,IT_Support,1,2026-12-05T18:41,2026-12-06T03:57,IN_PROGRESS
Q4705,L036,L041,Security,3,2026-12-05T19:33,2026-12-05T22:51,DONE
Q4706,L018,L031,IT_Support,5,2026-12-05T20:32,2026-12-05T21:28,NEW
Q4707,L039,L028,Medical,2,2026-12-05T21:37,2026-12-06T03:22,DONE
Q4708,L022,L003,Medical,1,2026-12-05T22:07,2026-12-06T04:10,DONE
Q4709,L003,L038,IT_Support,2,2026-12-05T23:17,2026-12-06T05:15,NEW
Q4710,L014,L018,Catering,4,2026-12-06T00:13,2026-12-06T01:55,DONE
Q4711,L025,L034,Catering,2,2026-12-06T01:36,2026-12-06T08:06,DONE
Q4712,L017,L030,Maintenance,4,2026-12-06T03:03,2026-12-06T04:04,NEW
Q4713,L028,L038,Maintenance,4,2026-12-06T03:18,2026-12-06T04:23,DONE
Q4714,L002,L014,IT_Support,2,2026-12-06T04:20,2026-12-06T08:48,IN_PROGRESS
Q4715,L022,L026,Document,2,2026-12-06T05:06,2026-12-06T09:08,NEW
Q4716,L042,L022,Maintenance,4,2026-12-06T05:13,2026-12-06T06:56,NEW
Q4717,L007,L025,Document,2,2026-12-06T05:41,2026-12-06T10:35,DONE
Q4718,L019,L045,Maintenance,5,2026-12-06T07:07,2026-12-06T07:51,DONE
Q4719,L037,L034,Medical,5,2026-12-06T07:47,2026-12-06T08:28,CANCELLED
Q4720,L002,L042,Medical,2,2026-12-06T09:05,2026-12-06T16:29,IN_PROGRESS
Q4721,L015,L032,Medical,1,2026-12-06T09:43,2026-12-06T19:35,IN_PROGRESS
Q4722,L012,L036,Document,3,2026-12-06T11:03,2026-12-06T13:25,DONE
Q4723,L022,L029,Maintenance,5,2026-12-06T11:50,2026-12-06T12:22,IN_PROGRESS
Q4724,L044,L016,Document,5,2026-12-06T12:49,2026-12-06T13:43,CANCELLED
Q4725,L012,L025,Security,2,2026-12-06T13:03,2026-12-06T19:46,CANCELLED
Q4726,L027,L016,Document,2,2026-12-06T14:00,2026-12-06T21:42,NEW
Q4727,L036,L004,Delivery,2,2026-12-06T14:33,2026-12-06T18:39,NEW
Q4728,L047,L006,Maintenance,1,2026-12-06T15:34,2026-12-06T23:56,DONE
Q4729,L037,L025,Delivery,1,2026-12-06T17:02,2026-12-06T23:57,IN_PROGRESS
Q4730,L001,L019,Delivery,3,2026-12-06T18:09,2026-12-06T21:08,NEW
Q4731,L023,L034,Medical,3,2026-12-06T19:03,2026-12-06T21:45,IN_PROGRESS
Q4732,L027,L010,Maintenance,2,2026-12-06T19:40,2026-12-07T00:59,NEW
Q4733,L044,L019,Maintenance,3,2026-12-06T21:01,2026-12-06T23:50,NEW
Q4734,L048,L046,Medical,1,2026-12-06T21:25,2026-12-07T04:17,NEW
Q4735,L015,L024,Document,2,2026-12-06T21:36,2026-12-07T03:32,NEW
Q4736,L015,L008,Security,2,2026-12-06T22:40,2026-12-07T04:40,IN_PROGRESS
Q4737,L028,L012,Delivery,5,2026-12-06T23:35,2026-12-07T00:20,NEW
Q4738,L035,L021,Delivery,3,2026-12-07T00:50,2026-12-07T04:48,IN_PROGRESS
Q4739,L039,L032,IT_Support,2,2026-12-07T01:42,2026-12-07T08:20,NEW
Q4740,L018,L044,Medical,2,2026-12-07T02:51,2026-12-07T09:55,NEW
Q4741,L022,L009,Document,4,2026-12-07T03:54,2026-12-07T05:44,NEW
Q4742,L017,L002,Catering,4,2026-12-07T04:58,2026-12-07T06:24,NEW
Q4743,L036,L031,Medical,2,2026-12-07T06:04,2026-12-07T11:53,NEW
Q4744,L030,L023,Maintenance,3,2026-12-07T06:47,2026-12-07T08:59,NEW
Q4745,L005,L021,IT_Support,4,2026-12-07T07:18,2026-12-07T08:21,DONE
Q4746,L040,L038,Maintenance,1,2026-12-07T08:36,2026-12-07T18:15,DONE
Q4747,L018,L048,Maintenance,2,2026-12-07T09:45,2026-12-07T14:25,NEW
Q4748,L016,L048,Medical,2,2026-12-07T10:32,2026-12-07T17:21,NEW
Q4749,L043,L028,Medical,2,2026-12-07T11:02,2026-12-07T18:45,NEW
Q4750,L044,L009,Security,2,2026-12-07T12:32,2026-12-07T19:49,NEW
Q4751,L001,L003,Medical,1,2026-12-07T12:47,2026-12-07T19:06,CANCELLED
Q4752,L004,L048,Medical,2,2026-12-07T14:17,2026-12-07T19:51,CANCELLED
Q4753,L027,L005,Maintenance,4,2026-12-07T15:34,2026-12-07T17:11,DONE
Q4754,L048,L026,IT_Support,5,2026-12-07T15:52,2026-12-07T16:44,NEW
Q4755,L021,L033,Maintenance,5,2026-12-07T16:32,2026-12-07T17:15,IN_PROGRESS
Q4756,L028,L005,Medical,2,2026-12-07T16:48,2026-12-07T23:00,NEW
Q4757,L042,L027,Document,4,2026-12-07T17:52,2026-12-07T19:38,NEW
Q4758,L038,L027,Medical,3,2026-12-07T18:46,2026-12-07T21:57,IN_PROGRESS
Q4759,L010,L046,Delivery,4,2026-12-07T19:38,2026-12-07T21:03,DONE
Q4760,L022,L039,Document,1,2026-12-07T19:51,2026-12-08T03:03,DONE
Q4761,L046,L011,Delivery,4,2026-12-07T20:19,2026-12-07T21:55,NEW
Q4762,L046,L012,Document,5,2026-12-07T21:04,2026-12-07T21:43,IN_PROGRESS
Q4763,L031,L044,Medical,3,2026-12-07T21:28,2026-12-07T23:37,NEW
Q4764,L017,L004,Medical,2,2026-12-07T22:22,2026-12-08T04:00,NEW
Q4765,L003,L020,Document,3,2026-12-07T23:37,2026-12-08T02:53,NEW
Q4766,L006,L017,Document,4,2026-12-08T00:15,2026-12-08T01:44,NEW
Q4767,L020,L009,Maintenance,2,2026-12-08T00:33,2026-12-08T04:39,NEW
Q4768,L048,L044,Maintenance,4,2026-12-08T01:39,2026-12-08T03:20,IN_PROGRESS
Q4769,L015,L023,Catering,3,2026-12-08T02:36,2026-12-08T05:29,DONE
Q4770,L020,L032,Document,1,2026-12-08T03:07,2026-12-08T10:42,NEW
Q4771,L005,L033,Delivery,1,2026-12-08T03:59,2026-12-08T10:51,NEW
Q4772,L018,L027,IT_Support,3,2026-12-08T04:30,2026-12-08T07:50,NEW
Q4773,L034,L035,Medical,1,2026-12-08T05:45,2026-12-08T14:21,NEW
Q4774,L021,L022,Security,4,2026-12-08T07:03,2026-12-08T08:36,NEW
Q4775,L020,L046,Security,4,2026-12-08T07:29,2026-12-08T09:04,NEW
Q4776,L025,L022,Medical,3,2026-12-08T07:48,2026-12-08T10:37,IN_PROGRESS
Q4777,L030,L023,IT_Support,1,2026-12-08T08:05,2026-12-08T16:37,DONE
Q4778,L015,L020,Document,5,2026-12-08T08:15,2026-12-08T09:09,NEW
Q4779,L004,L013,Catering,1,2026-12-08T09:09,2026-12-08T15:59,NEW
Q4780,L017,L009,Delivery,5,2026-12-08T09:34,2026-12-08T10:08,NEW
Q4781,L045,L039,Security,3,2026-12-08T10:09,2026-12-08T13:47,DONE
Q4782,L004,L038,IT_Support,1,2026-12-08T10:54,2026-12-08T17:35,NEW
Q4783,L031,L013,Medical,5,2026-12-08T11:50,2026-12-08T12:23,NEW
Q4784,L013,L016,Maintenance,5,2026-12-08T12:20,2026-12-08T13:18,NEW
Q4785,L004,L005,Medical,1,2026-12-08T13:04,2026-12-08T20:21,NEW
Q4786,L001,L029,Document,1,2026-12-08T13:15,2026-12-08T21:54,DONE
Q4787,L048,L027,Medical,3,2026-12-08T14:00,2026-12-08T16:41,DONE
Q4788,L030,L027,IT_Support,4,2026-12-08T14:44,2026-12-08T16:04,NEW
Q4789,L020,L008,IT_Support,4,2026-12-08T16:04,2026-12-08T17:10,NEW
Q4790,L010,L027,Security,5,2026-12-08T16:52,2026-12-08T17:27,DONE
Q4791,L004,L027,Medical,1,2026-12-08T17:10,2026-12-08T23:17,DONE
Q4792,L027,L007,Security,4,2026-12-08T18:03,2026-12-08T19:47,CANCELLED
Q4793,L040,L006,Maintenance,5,2026-12-08T19:15,2026-12-08T20:06,IN_PROGRESS
Q4794,L009,L011,Delivery,1,2026-12-08T20:11,2026-12-09T04:30,DONE
Q4795,L010,L027,IT_Support,5,2026-12-08T20:26,2026-12-08T21:17,NEW
Q4796,L032,L023,Security,2,2026-12-08T21:19,2026-12-09T04:54,DONE
Q4797,L040,L037,IT_Support,5,2026-12-08T21:48,2026-12-08T22:39,NEW
Q4798,L018,L032,Document,5,2026-12-08T21:53,2026-12-08T22:24,NEW
Q4799,L023,L037,Medical,4,2026-12-08T23:19,2026-12-09T00:41,DONE
Q4800,L032,L009,IT_Support,3,2026-12-08T23:49,2026-12-09T02:10,NEW
Q4801,L010,L002,Maintenance,3,2026-12-09T00:28,2026-12-09T03:40,NEW
Q4802,L022,L040,Document,1,2026-12-09T01:44,2026-12-09T09:44,IN_PROGRESS
Q4803,L008,L010,Delivery,1,2026-12-09T01:54,2026-12-09T09:20,NEW
Q4804,L044,L033,Security,4,2026-12-09T02:17,2026-12-09T04:15,NEW
Q4805,L041,L034,Medical,4,2026-12-09T03:32,2026-12-09T04:33,NEW
Q4806,L012,L017,Maintenance,4,2026-12-09T04:38,2026-12-09T05:54,IN_PROGRESS
Q4807,L029,L026,Delivery,3,2026-12-09T05:57,2026-12-09T08:00,NEW
Q4808,L017,L006,Delivery,5,2026-12-09T06:44,2026-12-09T07:28,DONE
Q4809,L026,L045,Medical,1,2026-12-09T07:31,2026-12-09T16:13,IN_PROGRESS
Q4810,L023,L028,IT_Support,2,2026-12-09T08:43,2026-12-09T14:55,DONE
Q4811,L033,L029,Delivery,2,2026-12-09T10:06,2026-12-09T16:47,NEW
Q4812,L016,L005,Maintenance,3,2026-12-09T11:33,2026-12-09T13:50,NEW
Q4813,L009,L038,Maintenance,1,2026-12-09T12:02,2026-12-09T20:26,NEW
Q4814,L025,L001,Security,3,2026-12-09T13:32,2026-12-09T17:09,DONE
Q4815,L029,L006,IT_Support,3,2026-12-09T13:39,2026-12-09T16:06,NEW
Q4816,L022,L008,IT_Support,4,2026-12-09T14:50,2026-12-09T16:27,IN_PROGRESS
Q4817,L021,L047,Medical,1,2026-12-09T15:32,2026-12-09T22:52,DONE
Q4818,L005,L038,Delivery,1,2026-12-09T16:49,2026-12-10T01:58,NEW
Q4819,L004,L024,Medical,2,2026-12-09T18:09,2026-12-09T23:42,DONE
Q4820,L006,L048,Medical,2,2026-12-09T19:26,2026-12-10T00:52,NEW
Q4821,L047,L015,Maintenance,4,2026-12-09T20:42,2026-12-09T21:58,NEW
Q4822,L033,L034,Medical,3,2026-12-09T21:39,2026-12-10T01:26,DONE
Q4823,L022,L025,Delivery,1,2026-12-09T22:31,2026-12-10T07:51,IN_PROGRESS
Q4824,L043,L035,Delivery,5,2026-12-09T22:57,2026-12-09T23:50,NEW
Q4825,L035,L001,IT_Support,1,2026-12-09T23:33,2026-12-10T07:10,NEW
Q4826,L014,L003,Document,3,2026-12-10T00:46,2026-12-10T04:20,NEW
Q4827,L020,L044,Security,2,2026-12-10T02:12,2026-12-10T08:20,IN_PROGRESS
Q4828,L033,L002,Delivery,2,2026-12-10T03:27,2026-12-10T08:25,NEW
Q4829,L031,L018,IT_Support,3,2026-12-10T04:32,2026-12-10T07:15,IN_PROGRESS
Q4830,L010,L006,Medical,3,2026-12-10T05:38,2026-12-10T08:20,NEW
Q4831,L023,L044,IT_Support,2,2026-12-10T06:47,2026-12-10T13:48,DONE
Q4832,L040,L032,Medical,4,2026-12-10T07:03,2026-12-10T08:46,CANCELLED
Q4833,L005,L046,Delivery,5,2026-12-10T07:28,2026-12-10T08:12,NEW
Q4834,L029,L021,IT_Support,4,2026-12-10T08:51,2026-12-10T10:30,DONE
Q4835,L032,L028,Medical,2,2026-12-10T09:41,2026-12-10T17:04,DONE
Q4836,L021,L005,IT_Support,4,2026-12-10T10:00,2026-12-10T11:39,NEW
Q4837,L026,L029,Document,2,2026-12-10T10:06,2026-12-10T18:01,IN_PROGRESS
Q4838,L004,L037,Catering,2,2026-12-10T10:34,2026-12-10T14:51,NEW
Q4839,L008,L026,IT_Support,4,2026-12-10T11:20,2026-12-10T12:56,NEW
Q4840,L031,L042,Delivery,1,2026-12-10T11:41,2026-12-10T19:57,NEW
Q4841,L018,L035,IT_Support,2,2026-12-10T13:02,2026-12-10T17:46,DONE
Q4842,L031,L025,Medical,1,2026-12-10T13:39,2026-12-10T21:32,DONE
Q4843,L042,L045,Maintenance,1,2026-12-10T14:48,2026-12-10T20:58,DONE
Q4844,L018,L001,IT_Support,2,2026-12-10T14:53,2026-12-10T19:13,NEW
Q4845,L022,L015,Document,2,2026-12-10T16:05,2026-12-10T21:49,IN_PROGRESS
Q4846,L026,L048,Document,5,2026-12-10T16:44,2026-12-10T17:28,NEW
Q4847,L002,L023,Medical,1,2026-12-10T18:07,2026-12-11T03:56,NEW
Q4848,L028,L032,IT_Support,5,2026-12-10T19:03,2026-12-10T19:54,IN_PROGRESS
Q4849,L045,L009,Document,1,2026-12-10T19:34,2026-12-11T03:17,NEW
Q4850,L045,L020,Delivery,1,2026-12-10T19:58,2026-12-11T05:01,DONE
Q4851,L034,L023,Medical,4,2026-12-10T20:22,2026-12-10T22:13,IN_PROGRESS
Q4852,L033,L024,IT_Support,1,2026-12-10T21:12,2026-12-11T04:36,NEW
Q4853,L047,L042,IT_Support,2,2026-12-10T21:19,2026-12-11T04:13,NEW
Q4854,L032,L030,Medical,2,2026-12-10T21:44,2026-12-11T03:24,NEW
Q4855,L012,L027,Medical,5,2026-12-10T22:50,2026-12-10T23:41,NEW
Q4856,L033,L018,Medical,2,2026-12-11T00:13,2026-12-11T07:33,NEW
Q4857,L002,L031,IT_Support,1,2026-12-11T01:30,2026-12-11T10:30,IN_PROGRESS
Q4858,L037,L007,Delivery,1,2026-12-11T02:22,2026-12-11T08:41,NEW
Q4859,L010,L037,Delivery,2,2026-12-11T03:06,2026-12-11T09:42,NEW
Q4860,L011,L022,Maintenance,1,2026-12-11T04:30,2026-12-11T12:50,IN_PROGRESS
Q4861,L012,L034,IT_Support,4,2026-12-11T05:57,2026-12-11T07:18,DONE
Q4862,L043,L037,Document,2,2026-12-11T06:50,2026-12-11T14:11,NEW
Q4863,L021,L038,Security,3,2026-12-11T07:33,2026-12-11T11:06,NEW
Q4864,L040,L017,Delivery,4,2026-12-11T08:17,2026-12-11T09:31,DONE
Q4865,L028,L035,Document,3,2026-12-11T09:14,2026-12-11T12:57,NEW
Q4866,L037,L012,Catering,4,2026-12-11T09:53,2026-12-11T11:42,IN_PROGRESS
Q4867,L040,L004,Document,5,2026-12-11T10:36,2026-12-11T11:34,DONE
Q4868,L008,L023,Maintenance,3,2026-12-11T10:47,2026-12-11T14:12,NEW
Q4869,L004,L008,Maintenance,2,2026-12-11T11:50,2026-12-11T19:31,NEW
Q4870,L015,L019,Delivery,2,2026-12-11T13:19,2026-12-11T18:28,DONE
Q4871,L045,L035,Document,1,2026-12-11T14:23,2026-12-11T22:33,IN_PROGRESS
Q4872,L022,L026,Medical,2,2026-12-11T15:49,2026-12-11T21:55,NEW
Q4873,L020,L007,Medical,2,2026-12-11T16:53,2026-12-11T21:49,DONE
Q4874,L040,L043,Medical,2,2026-12-11T17:44,2026-12-11T23:21,NEW
Q4875,L023,L036,Maintenance,4,2026-12-11T18:33,2026-12-11T20:04,DONE
Q4876,L048,L039,Medical,3,2026-12-11T18:50,2026-12-11T22:14,IN_PROGRESS
Q4877,L027,L026,Maintenance,4,2026-08-12T08:55,2026-08-12T10:35,IN_PROGRESS
Q4878,L008,L013,Medical,2,2026-08-12T10:23,2026-08-12T17:46,DONE
Q4879,L041,L020,Document,2,2026-08-12T11:00,2026-08-12T16:44,NEW
Q4880,L038,L029,Delivery,1,2026-08-12T12:08,2026-08-12T21:01,DONE
Q4881,L038,L032,Delivery,4,2026-08-12T12:50,2026-08-12T13:57,DONE
Q4882,L036,L023,Delivery,3,2026-08-12T14:01,2026-08-12T17:33,CANCELLED
Q4883,L014,L032,Security,2,2026-08-12T14:10,2026-08-12T18:43,DONE
Q4884,L030,L002,Maintenance,4,2026-08-12T14:24,2026-08-12T15:53,NEW
Q4885,L023,L040,Delivery,3,2026-08-12T14:42,2026-08-12T17:39,NEW
Q4886,L048,L003,Security,3,2026-08-12T15:21,2026-08-12T18:35,IN_PROGRESS
Q4887,L003,L032,Document,4,2026-08-12T16:33,2026-08-12T17:53,NEW
Q4888,L021,L044,Maintenance,5,2026-08-12T17:24,2026-08-12T18:13,NEW
Q4889,L016,L043,Document,4,2026-08-12T18:25,2026-08-12T19:50,DONE
Q4890,L044,L016,Medical,2,2026-08-12T19:00,2026-08-13T00:36,NEW
Q4891,L044,L023,Delivery,3,2026-08-12T19:12,2026-08-12T22:11,NEW
Q4892,L009,L035,Document,2,2026-08-12T19:44,2026-08-13T00:45,NEW
Q4893,L023,L007,IT_Support,3,2026-08-12T20:13,2026-08-12T22:20,NEW
Q4894,L039,L030,Security,2,2026-08-12T20:57,2026-08-13T03:36,NEW
Q4895,L015,L028,Medical,4,2026-08-12T22:03,2026-08-12T23:48,NEW
Q4896,L047,L037,Medical,4,2026-08-12T22:42,2026-08-13T00:15,IN_PROGRESS
Q4897,L002,L013,Delivery,5,2026-08-12T22:48,2026-08-12T23:40,IN_PROGRESS
Q4898,L004,L030,Delivery,2,2026-08-13T00:13,2026-08-13T06:06,NEW
Q4899,L024,L036,IT_Support,2,2026-08-13T00:40,2026-08-13T08:19,NEW
Q4900,L022,L012,Security,4,2026-08-13T01:45,2026-08-13T03:36,NEW
Q4901,L038,L017,Delivery,4,2026-08-13T02:54,2026-08-13T04:49,NEW
Q4902,L034,L025,Medical,3,2026-08-13T03:15,2026-08-13T06:42,NEW
Q4903,L009,L013,IT_Support,1,2026-08-13T04:44,2026-08-13T11:28,NEW
Q4904,L021,L011,IT_Support,1,2026-08-13T05:51,2026-08-13T15:15,NEW
Q4905,L042,L035,Document,5,2026-08-13T07:15,2026-08-13T08:13,IN_PROGRESS
Q4906,L020,L026,Catering,4,2026-08-13T07:53,2026-08-13T09:33,NEW
Q4907,L041,L018,Medical,2,2026-08-13T08:45,2026-08-13T15:42,NEW
Q4908,L021,L018,Medical,1,2026-08-13T09:58,2026-08-13T18:50,DONE
Q4909,L045,L022,Maintenance,2,2026-08-13T11:08,2026-08-13T15:14,NEW
Q4910,L044,L022,Maintenance,2,2026-08-13T12:35,2026-08-13T18:55,IN_PROGRESS
Q4911,L007,L045,Document,2,2026-08-13T13:34,2026-08-13T19:47,IN_PROGRESS
Q4912,L020,L007,Document,5,2026-08-13T13:49,2026-08-13T14:28,IN_PROGRESS
Q4913,L025,L043,Maintenance,1,2026-08-13T15:18,2026-08-13T23:33,NEW
Q4914,L016,L013,Medical,2,2026-08-13T15:35,2026-08-13T20:05,NEW
Q4915,L012,L029,Maintenance,2,2026-08-13T16:05,2026-08-13T20:07,NEW
Q4916,L033,L031,Security,2,2026-08-13T17:11,2026-08-13T21:24,NEW
Q4917,L047,L037,Maintenance,2,2026-08-13T18:11,2026-08-13T22:40,DONE
Q4918,L035,L016,IT_Support,2,2026-08-13T19:03,2026-08-13T23:05,DONE
Q4919,L031,L027,Delivery,4,2026-08-13T20:01,2026-08-13T21:12,NEW
Q4920,L007,L032,Maintenance,2,2026-08-13T21:12,2026-08-14T02:55,DONE
Q4921,L036,L004,Delivery,1,2026-08-13T22:30,2026-08-14T05:28,NEW
Q4922,L003,L015,Security,4,2026-08-13T23:13,2026-08-14T00:54,NEW
Q4923,L022,L026,Medical,2,2026-08-14T00:33,2026-08-14T07:11,NEW
Q4924,L006,L026,Maintenance,4,2026-08-14T01:07,2026-08-14T02:45,DONE
Q4925,L044,L002,Medical,5,2026-08-14T02:24,2026-08-14T02:56,IN_PROGRESS
Q4926,L037,L047,Delivery,3,2026-08-14T03:07,2026-08-14T05:24,NEW
Q4927,L022,L043,Catering,4,2026-08-14T03:18,2026-08-14T04:25,DONE
Q4928,L036,L005,IT_Support,2,2026-08-14T03:47,2026-08-14T09:30,DONE
Q4929,L035,L010,Document,3,2026-08-14T04:27,2026-08-14T06:50,NEW
Q4930,L008,L022,Security,1,2026-08-14T05:22,2026-08-14T14:30,NEW
Q4931,L009,L022,Catering,2,2026-08-14T05:49,2026-08-14T10:19,NEW
Q4932,L028,L037,IT_Support,4,2026-08-14T06:59,2026-08-14T08:28,DONE
Q4933,L024,L018,Document,1,2026-08-14T08:21,2026-08-14T15:22,IN_PROGRESS
Q4934,L013,L024,Document,4,2026-08-14T08:50,2026-08-14T10:33,IN_PROGRESS
Q4935,L040,L041,Maintenance,2,2026-08-14T09:36,2026-08-14T17:15,NEW
Q4936,L006,L031,Medical,5,2026-08-14T10:08,2026-08-14T11:03,NEW
Q4937,L045,L046,Medical,1,2026-08-14T10:23,2026-08-14T17:42,NEW
Q4938,L004,L006,Maintenance,3,2026-08-14T11:41,2026-08-14T14:24,NEW
Q4939,L024,L033,Catering,3,2026-08-14T13:00,2026-08-14T15:02,NEW
Q4940,L015,L022,IT_Support,5,2026-08-14T14:08,2026-08-14T15:08,NEW
Q4941,L032,L006,IT_Support,4,2026-08-14T14:57,2026-08-14T16:23,NEW
Q4942,L033,L029,Security,5,2026-08-14T15:18,2026-08-14T15:57,NEW
Q4943,L045,L025,Maintenance,1,2026-08-14T16:32,2026-08-15T02:01,NEW
Q4944,L015,L041,Delivery,3,2026-08-14T17:34,2026-08-14T20:24,NEW
Q4945,L036,L017,Maintenance,3,2026-08-14T18:30,2026-08-14T21:29,DONE
Q4946,L030,L043,Document,1,2026-08-14T19:03,2026-08-15T02:24,NEW
Q4947,L021,L042,IT_Support,5,2026-08-14T20:06,2026-08-14T20:58,IN_PROGRESS
Q4948,L041,L043,IT_Support,4,2026-08-14T21:11,2026-08-14T22:59,DONE
Q4949,L016,L003,Medical,1,2026-08-14T22:09,2026-08-15T07:22,DONE
Q4950,L047,L029,Medical,4,2026-08-14T22:47,2026-08-15T00:42,NEW
Q4951,L022,L008,IT_Support,2,2026-08-15T00:00,2026-08-15T07:41,NEW
Q4952,L003,L038,Medical,5,2026-08-15T00:32,2026-08-15T01:29,NEW
Q4953,L008,L035,Maintenance,2,2026-08-15T01:20,2026-08-15T08:58,NEW
Q4954,L019,L011,Document,3,2026-08-15T02:39,2026-08-15T06:34,DONE
Q4955,L024,L038,Delivery,2,2026-08-15T02:59,2026-08-15T07:27,NEW
Q4956,L007,L004,Document,5,2026-08-15T03:43,2026-08-15T04:42,NEW
Q4957,L029,L024,Medical,4,2026-08-15T04:47,2026-08-15T05:56,NEW
Q4958,L033,L037,IT_Support,1,2026-08-15T06:05,2026-08-15T13:00,NEW
Q4959,L019,L033,Medical,5,2026-08-15T06:36,2026-08-15T07:25,DONE
Q4960,L001,L039,Document,5,2026-08-15T07:25,2026-08-15T08:19,NEW
Q4961,L027,L001,IT_Support,2,2026-08-15T08:46,2026-08-15T13:34,DONE
Q4962,L042,L046,IT_Support,1,2026-08-15T09:43,2026-08-15T19:05,DONE
Q4963,L036,L031,Maintenance,4,2026-08-15T10:44,2026-08-15T12:40,NEW
Q4964,L030,L029,Delivery,3,2026-08-15T11:15,2026-08-15T14:28,DONE
Q4965,L037,L027,Maintenance,2,2026-08-15T11:43,2026-08-15T19:30,NEW
Q4966,L048,L029,Maintenance,4,2026-08-15T12:44,2026-08-15T14:32,NEW
Q4967,L016,L023,Maintenance,3,2026-08-15T13:12,2026-08-15T16:37,NEW
Q4968,L003,L027,Document,5,2026-08-15T13:53,2026-08-15T14:30,IN_PROGRESS
Q4969,L011,L015,Maintenance,5,2026-08-15T14:16,2026-08-15T14:53,NEW
Q4970,L040,L038,Security,2,2026-08-15T15:12,2026-08-15T22:42,NEW
Q4971,L046,L002,IT_Support,5,2026-08-15T15:50,2026-08-15T16:43,NEW
Q4972,L015,L044,Security,2,2026-08-15T16:11,2026-08-15T21:01,NEW
Q4973,L022,L029,Document,2,2026-08-15T17:32,2026-08-15T22:52,DONE
Q4974,L006,L009,Document,2,2026-08-15T17:43,2026-08-15T21:53,DONE
Q4975,L025,L017,Medical,5,2026-08-15T18:24,2026-08-15T19:12,DONE
Q4976,L031,L022,Medical,1,2026-08-15T19:35,2026-08-16T04:57,DONE
Q4977,L001,L017,Maintenance,2,2026-08-15T19:58,2026-08-16T02:15,NEW
Q4978,L001,L021,Medical,2,2026-08-15T20:41,2026-08-16T01:16,DONE
Q4979,L024,L022,IT_Support,3,2026-08-15T21:40,2026-08-16T00:51,IN_PROGRESS
Q4980,L034,L041,Catering,3,2026-08-15T22:08,2026-08-16T00:14,NEW
Q4981,L015,L047,Document,1,2026-08-15T22:22,2026-08-16T06:27,NEW
Q4982,L003,L006,Delivery,4,2026-08-15T23:18,2026-08-16T00:44,NEW
Q4983,L014,L038,IT_Support,4,2026-08-16T00:23,2026-08-16T01:59,DONE
Q4984,L034,L031,Maintenance,5,2026-08-16T00:37,2026-08-16T01:16,NEW
Q4985,L011,L020,Document,4,2026-08-16T00:56,2026-08-16T02:26,NEW
Q4986,L043,L037,Medical,2,2026-08-16T01:31,2026-08-16T06:22,NEW
Q4987,L012,L035,Document,1,2026-08-16T02:17,2026-08-16T08:39,NEW
Q4988,L045,L003,Maintenance,3,2026-08-16T02:32,2026-08-16T04:52,NEW
Q4989,L002,L010,Delivery,4,2026-08-16T02:37,2026-08-16T03:42,DONE
Q4990,L047,L032,Medical,2,2026-08-16T03:32,2026-08-16T08:44,NEW
Q4991,L034,L032,Delivery,3,2026-08-16T03:44,2026-08-16T07:36,DONE
Q4992,L018,L026,Medical,5,2026-08-16T03:51,2026-08-16T04:46,NEW
Q4993,L007,L023,Maintenance,4,2026-08-16T04:28,2026-08-16T05:45,DONE
Q4994,L011,L004,Medical,4,2026-08-16T05:41,2026-08-16T07:39,NEW
Q4995,L022,L019,IT_Support,5,2026-08-16T06:11,2026-08-16T06:42,IN_PROGRESS
Q4996,L037,L024,Document,3,2026-08-16T07:27,2026-08-16T09:55,IN_PROGRESS
Q4997,L026,L035,Delivery,1,2026-08-16T07:43,2026-08-16T17:26,NEW
Q4998,L017,L022,Document,3,2026-08-16T08:39,2026-08-16T11:42,NEW
Q4999,L005,L018,IT_Support,3,2026-08-16T08:56,2026-08-16T12:16,NEW
Q5000,L041,L030,Maintenance,2,2026-08-16T10:13,2026-08-16T16:05,DONE
Q5001,L008,L014,Maintenance,1,2026-08-17T08:00,2026-08-17T09:35,NEW
Q5002,L015,L027,IT_Support,2,2026-08-17T08:47,2026-08-17T10:57,IN_PROGRESS
Q5003,L022,L040,Security,3,2026-08-17T09:34,2026-08-17T12:19,DONE
Q5004,L029,L012,Medical,4,2026-08-17T10:21,2026-08-17T13:41,NEW
Q5005,L036,L025,Delivery,5,2026-08-17T11:08,2026-08-17T12:08,CANCELLED
Q5006,L002,L038,Document,1,2026-08-17T11:55,2026-08-17T13:30,NEW
Q5007,L009,L010,Catering,2,2026-08-17T12:42,2026-08-17T14:52,IN_PROGRESS
Q5008,L016,L023,Maintenance,3,2026-08-17T13:29,2026-08-17T16:14,DONE
Q5009,L023,L036,IT_Support,4,2026-08-17T14:16,2026-08-17T17:36,NEW
Q5010,L030,L008,Security,5,2026-08-17T15:03,2026-08-17T16:03,CANCELLED
Q5011,L037,L021,Medical,1,2026-08-17T15:50,2026-08-17T17:25,NEW
Q5012,L003,L034,Delivery,2,2026-08-17T16:37,2026-08-17T18:47,IN_PROGRESS
Q5013,L010,L006,Document,3,2026-08-17T17:24,2026-08-17T20:09,DONE
Q5014,L017,L019,Catering,4,2026-08-17T18:11,2026-08-17T21:31,NEW
Q5015,L024,L032,Maintenance,5,2026-08-17T18:58,2026-08-17T19:58,CANCELLED
Q5016,L031,L004,IT_Support,1,2026-08-17T19:45,2026-08-17T21:20,NEW
Q5017,L038,L017,Security,2,2026-08-17T20:32,2026-08-17T22:42,IN_PROGRESS
Q5018,L004,L030,Medical,3,2026-08-17T21:19,2026-08-18T00:04,DONE
Q5019,L011,L002,Delivery,4,2026-08-17T22:06,2026-08-18T01:26,NEW
Q5020,L018,L015,Document,5,2026-08-17T22:53,2026-08-17T23:53,CANCELLED
Q5021,L025,L028,Catering,1,2026-08-17T23:40,2026-08-18T01:15,NEW
Q5022,L032,L041,Maintenance,2,2026-08-18T00:27,2026-08-18T02:37,IN_PROGRESS
Q5023,L039,L013,IT_Support,3,2026-08-18T01:14,2026-08-18T03:59,DONE
Q5024,L005,L026,Security,4,2026-08-18T02:01,2026-08-18T05:21,NEW
Q5025,L012,L039,Medical,5,2026-08-18T02:48,2026-08-18T03:48,CANCELLED
Q5026,L019,L011,Delivery,1,2026-08-18T03:35,2026-08-18T05:10,NEW
Q5027,L026,L024,Document,2,2026-08-18T04:22,2026-08-18T06:32,IN_PROGRESS
Q5028,L033,L037,Catering,3,2026-08-18T05:09,2026-08-18T07:54,DONE
Q5029,L040,L009,Maintenance,4,2026-08-18T05:56,2026-08-18T09:16,NEW
Q5030,L006,L022,IT_Support,5,2026-08-18T06:43,2026-08-18T07:43,CANCELLED
Q5031,L013,L035,Security,1,2026-08-18T07:30,2026-08-18T09:05,NEW
Q5032,L020,L007,Medical,2,2026-08-18T08:17,2026-08-18T10:27,IN_PROGRESS
Q5033,L027,L020,Delivery,3,2026-08-18T09:04,2026-08-18T11:49,DONE
Q5034,L034,L033,Document,4,2026-08-18T09:51,2026-08-18T13:11,NEW
Q5035,L041,L005,Catering,5,2026-08-18T10:38,2026-08-18T11:38,CANCELLED
Q5036,L007,L018,Maintenance,1,2026-08-18T11:25,2026-08-18T13:00,NEW
Q5037,L014,L031,IT_Support,2,2026-08-18T12:12,2026-08-18T14:22,IN_PROGRESS
Q5038,L021,L003,Security,3,2026-08-18T12:59,2026-08-18T15:44,DONE
Q5039,L028,L016,Medical,4,2026-08-18T13:46,2026-08-18T17:06,NEW
Q5040,L035,L029,Delivery,5,2026-08-18T14:33,2026-08-18T15:33,CANCELLED
Q5041,L001,L002,Document,1,2026-08-18T15:20,2026-08-18T16:55,NEW
Q5042,L008,L014,Catering,2,2026-08-18T16:07,2026-08-18T18:17,IN_PROGRESS
Q5043,L015,L027,Maintenance,3,2026-08-18T16:54,2026-08-18T19:39,DONE
Q5044,L022,L040,IT_Support,4,2026-08-18T17:41,2026-08-18T21:01,NEW
Q5045,L029,L012,Security,5,2026-08-18T18:28,2026-08-18T19:28,CANCELLED
Q5046,L036,L025,Medical,1,2026-08-18T19:15,2026-08-18T20:50,NEW
Q5047,L002,L038,Delivery,2,2026-08-18T20:02,2026-08-18T22:12,IN_PROGRESS
Q5048,L009,L010,Document,3,2026-08-18T20:49,2026-08-18T23:34,DONE
Q5049,L016,L023,Catering,4,2026-08-18T21:36,2026-08-19T00:56,NEW
Q5050,L023,L036,Maintenance,5,2026-08-18T22:23,2026-08-18T23:23,CANCELLED
Q5051,L030,L008,IT_Support,1,2026-08-18T23:10,2026-08-19T00:45,NEW
Q5052,L037,L021,Security,2,2026-08-18T23:57,2026-08-19T02:07,IN_PROGRESS
Q5053,L003,L034,Medical,3,2026-08-19T00:44,2026-08-19T03:29,DONE
Q5054,L010,L006,Delivery,4,2026-08-19T01:31,2026-08-19T04:51,NEW
Q5055,L017,L019,Document,5,2026-08-19T02:18,2026-08-19T03:18,CANCELLED
Q5056,L024,L032,Catering,1,2026-08-19T03:05,2026-08-19T04:40,NEW
Q5057,L031,L004,Maintenance,2,2026-08-19T03:52,2026-08-19T06:02,IN_PROGRESS
Q5058,L038,L017,IT_Support,3,2026-08-19T04:39,2026-08-19T07:24,DONE
Q5059,L004,L030,Security,4,2026-08-19T05:26,2026-08-19T08:46,NEW
Q5060,L011,L002,Medical,5,2026-08-19T06:13,2026-08-19T07:13,CANCELLED
Q5061,L018,L015,Delivery,1,2026-08-19T07:00,2026-08-19T08:35,NEW
Q5062,L025,L028,Document,2,2026-08-19T07:47,2026-08-19T09:57,IN_PROGRESS
Q5063,L032,L041,Catering,3,2026-08-19T08:34,2026-08-19T11:19,DONE
Q5064,L039,L013,Maintenance,4,2026-08-19T09:21,2026-08-19T12:41,NEW
Q5065,L005,L026,IT_Support,5,2026-08-19T10:08,2026-08-19T11:08,CANCELLED
Q5066,L012,L039,Security,1,2026-08-19T10:55,2026-08-19T12:30,NEW
Q5067,L019,L011,Medical,2,2026-08-19T11:42,2026-08-19T13:52,IN_PROGRESS
Q5068,L026,L024,Delivery,3,2026-08-19T12:29,2026-08-19T15:14,DONE
Q5069,L033,L037,Document,4,2026-08-19T13:16,2026-08-19T16:36,NEW
Q5070,L040,L009,Catering,5,2026-08-19T14:03,2026-08-19T15:03,CANCELLED
Q5071,L006,L022,Maintenance,1,2026-08-19T14:50,2026-08-19T16:25,NEW
Q5072,L013,L035,IT_Support,2,2026-08-19T15:37,2026-08-19T17:47,IN_PROGRESS
Q5073,L020,L007,Security,3,2026-08-19T16:24,2026-08-19T19:09,DONE
Q5074,L027,L020,Medical,4,2026-08-19T17:11,2026-08-19T20:31,NEW
Q5075,L034,L033,Delivery,5,2026-08-19T17:58,2026-08-19T18:58,CANCELLED
Q5076,L041,L005,Document,1,2026-08-19T18:45,2026-08-19T20:20,NEW
Q5077,L007,L018,Catering,2,2026-08-19T19:32,2026-08-19T21:42,IN_PROGRESS
Q5078,L014,L031,Maintenance,3,2026-08-19T20:19,2026-08-19T23:04,DONE
Q5079,L021,L003,IT_Support,4,2026-08-19T21:06,2026-08-20T00:26,NEW
Q5080,L028,L016,Security,5,2026-08-19T21:53,2026-08-19T22:53,CANCELLED
Q5081,L035,L029,Medical,1,2026-08-19T22:40,2026-08-20T00:15,NEW
Q5082,L001,L002,Delivery,2,2026-08-19T23:27,2026-08-20T01:37,IN_PROGRESS
Q5083,L008,L014,Document,3,2026-08-20T00:14,2026-08-20T02:59,DONE
Q5084,L015,L027,Catering,4,2026-08-20T01:01,2026-08-20T04:21,NEW
Q5085,L022,L040,Maintenance,5,2026-08-20T01:48,2026-08-20T02:48,CANCELLED
Q5086,L029,L012,IT_Support,1,2026-08-20T02:35,2026-08-20T04:10,NEW
Q5087,L036,L025,Security,2,2026-08-20T03:22,2026-08-20T05:32,IN_PROGRESS
Q5088,L002,L038,Medical,3,2026-08-20T04:09,2026-08-20T06:54,DONE
Q5089,L009,L010,Delivery,4,2026-08-20T04:56,2026-08-20T08:16,NEW
Q5090,L016,L023,Document,5,2026-08-20T05:43,2026-08-20T06:43,CANCELLED
Q5091,L023,L036,Catering,1,2026-08-20T06:30,2026-08-20T08:05,NEW
Q5092,L030,L008,Maintenance,2,2026-08-20T07:17,2026-08-20T09:27,IN_PROGRESS
Q5093,L037,L021,IT_Support,3,2026-08-20T08:04,2026-08-20T10:49,DONE
Q5094,L003,L034,Security,4,2026-08-20T08:51,2026-08-20T12:11,NEW
Q5095,L010,L006,Medical,5,2026-08-20T09:38,2026-08-20T10:38,CANCELLED
Q5096,L017,L019,Delivery,1,2026-08-20T10:25,2026-08-20T12:00,NEW
Q5097,L024,L032,Document,2,2026-08-20T11:12,2026-08-20T13:22,IN_PROGRESS
Q5098,L031,L004,Catering,3,2026-08-20T11:59,2026-08-20T14:44,DONE
Q5099,L038,L017,Maintenance,4,2026-08-20T12:46,2026-08-20T16:06,NEW
Q5100,L004,L030,IT_Support,5,2026-08-20T13:33,2026-08-20T14:33,CANCELLED
